TimeQuest Timing Analyzer report for Proyecto
Wed Sep 23 06:15:49 2026
Quartus II 64-Bit Version 13.1.0 Build 162 10/23/2013 SJ Web Edition


---------------------
; Table of Contents ;
---------------------
  1. Legal Notice
  2. TimeQuest Timing Analyzer Summary
  3. Parallel Compilation
  4. Clocks
  5. Slow 1200mV 85C Model Fmax Summary
  6. Timing Closure Recommendations
  7. Slow 1200mV 85C Model Setup Summary
  8. Slow 1200mV 85C Model Hold Summary
  9. Slow 1200mV 85C Model Recovery Summary
 10. Slow 1200mV 85C Model Removal Summary
 11. Slow 1200mV 85C Model Minimum Pulse Width Summary
 12. Slow 1200mV 85C Model Setup: 'CLOCK_50'
 13. Slow 1200mV 85C Model Setup: 'divisor_frecuencia:INST_DIVISOR|reloj_1hz_reg'
 14. Slow 1200mV 85C Model Hold: 'CLOCK_50'
 15. Slow 1200mV 85C Model Hold: 'divisor_frecuencia:INST_DIVISOR|reloj_1hz_reg'
 16. Slow 1200mV 85C Model Recovery: 'divisor_frecuencia:INST_DIVISOR|reloj_1hz_reg'
 17. Slow 1200mV 85C Model Removal: 'divisor_frecuencia:INST_DIVISOR|reloj_1hz_reg'
 18. Slow 1200mV 85C Model Minimum Pulse Width: 'CLOCK_50'
 19. Slow 1200mV 85C Model Minimum Pulse Width: 'divisor_frecuencia:INST_DIVISOR|reloj_1hz_reg'
 20. Setup Times
 21. Hold Times
 22. Clock to Output Times
 23. Minimum Clock to Output Times
 24. Slow 1200mV 85C Model Metastability Report
 25. Slow 1200mV 0C Model Fmax Summary
 26. Slow 1200mV 0C Model Setup Summary
 27. Slow 1200mV 0C Model Hold Summary
 28. Slow 1200mV 0C Model Recovery Summary
 29. Slow 1200mV 0C Model Removal Summary
 30. Slow 1200mV 0C Model Minimum Pulse Width Summary
 31. Slow 1200mV 0C Model Setup: 'CLOCK_50'
 32. Slow 1200mV 0C Model Setup: 'divisor_frecuencia:INST_DIVISOR|reloj_1hz_reg'
 33. Slow 1200mV 0C Model Hold: 'CLOCK_50'
 34. Slow 1200mV 0C Model Hold: 'divisor_frecuencia:INST_DIVISOR|reloj_1hz_reg'
 35. Slow 1200mV 0C Model Recovery: 'divisor_frecuencia:INST_DIVISOR|reloj_1hz_reg'
 36. Slow 1200mV 0C Model Removal: 'divisor_frecuencia:INST_DIVISOR|reloj_1hz_reg'
 37. Slow 1200mV 0C Model Minimum Pulse Width: 'CLOCK_50'
 38. Slow 1200mV 0C Model Minimum Pulse Width: 'divisor_frecuencia:INST_DIVISOR|reloj_1hz_reg'
 39. Setup Times
 40. Hold Times
 41. Clock to Output Times
 42. Minimum Clock to Output Times
 43. Slow 1200mV 0C Model Metastability Report
 44. Fast 1200mV 0C Model Setup Summary
 45. Fast 1200mV 0C Model Hold Summary
 46. Fast 1200mV 0C Model Recovery Summary
 47. Fast 1200mV 0C Model Removal Summary
 48. Fast 1200mV 0C Model Minimum Pulse Width Summary
 49. Fast 1200mV 0C Model Setup: 'CLOCK_50'
 50. Fast 1200mV 0C Model Setup: 'divisor_frecuencia:INST_DIVISOR|reloj_1hz_reg'
 51. Fast 1200mV 0C Model Hold: 'CLOCK_50'
 52. Fast 1200mV 0C Model Hold: 'divisor_frecuencia:INST_DIVISOR|reloj_1hz_reg'
 53. Fast 1200mV 0C Model Recovery: 'divisor_frecuencia:INST_DIVISOR|reloj_1hz_reg'
 54. Fast 1200mV 0C Model Removal: 'divisor_frecuencia:INST_DIVISOR|reloj_1hz_reg'
 55. Fast 1200mV 0C Model Minimum Pulse Width: 'CLOCK_50'
 56. Fast 1200mV 0C Model Minimum Pulse Width: 'divisor_frecuencia:INST_DIVISOR|reloj_1hz_reg'
 57. Setup Times
 58. Hold Times
 59. Clock to Output Times
 60. Minimum Clock to Output Times
 61. Fast 1200mV 0C Model Metastability Report
 62. Multicorner Timing Analysis Summary
 63. Setup Times
 64. Hold Times
 65. Clock to Output Times
 66. Minimum Clock to Output Times
 67. Board Trace Model Assignments
 68. Input Transition Times
 69. Slow Corner Signal Integrity Metrics
 70. Fast Corner Signal Integrity Metrics
 71. Setup Transfers
 72. Hold Transfers
 73. Recovery Transfers
 74. Removal Transfers
 75. Report TCCS
 76. Report RSKM
 77. Unconstrained Paths
 78. TimeQuest Timing Analyzer Messages



----------------
; Legal Notice ;
----------------
Copyright (C) 1991-2013 Altera Corporation
Your use of Altera Corporation's design tools, logic functions 
and other software and tools, and its AMPP partner logic 
functions, and any output files from any of the foregoing 
(including device programming or simulation files), and any 
associated documentation or information are expressly subject 
to the terms and conditions of the Altera Program License 
Subscription Agreement, Altera MegaCore Function License 
Agreement, or other applicable license agreement, including, 
without limitation, that your use is for the sole purpose of 
programming logic devices manufactured by Altera and sold by 
Altera or its authorized distributors.  Please refer to the 
applicable agreement for further details.



+-------------------------------------------------------------------------+
; TimeQuest Timing Analyzer Summary                                       ;
+--------------------+----------------------------------------------------+
; Quartus II Version ; Version 13.1.0 Build 162 10/23/2013 SJ Web Edition ;
; Revision Name      ; Proyecto                                           ;
; Device Family      ; Cyclone III                                        ;
; Device Name        ; EP3C16F484C6                                       ;
; Timing Models      ; Final                                              ;
; Delay Model        ; Combined                                           ;
; Rise/Fall Delays   ; Enabled                                            ;
+--------------------+----------------------------------------------------+


Parallel compilation was disabled, but you have multiple processors available. Enable parallel compilation to reduce compilation time.
+-------------------------------------+
; Parallel Compilation                ;
+----------------------------+--------+
; Processors                 ; Number ;
+----------------------------+--------+
; Number detected on machine ; 4      ;
; Maximum allowed            ; 1      ;
+----------------------------+--------+


+--------------------------------------------------------------------------------------------------------------------------------------------------------------------------------------------------------------------------------------------------------------+
; Clocks                                                                                                                                                                                                                                                       ;
+-----------------------------------------------+------+--------+------------+-------+-------+------------+-----------+-------------+-------+--------+-----------+------------+----------+--------+--------+---------------------------------------------------+
; Clock Name                                    ; Type ; Period ; Frequency  ; Rise  ; Fall  ; Duty Cycle ; Divide by ; Multiply by ; Phase ; Offset ; Edge List ; Edge Shift ; Inverted ; Master ; Source ; Targets                                           ;
+-----------------------------------------------+------+--------+------------+-------+-------+------------+-----------+-------------+-------+--------+-----------+------------+----------+--------+--------+---------------------------------------------------+
; CLOCK_50                                      ; Base ; 1.000  ; 1000.0 MHz ; 0.000 ; 0.500 ;            ;           ;             ;       ;        ;           ;            ;          ;        ;        ; { CLOCK_50 }                                      ;
; divisor_frecuencia:INST_DIVISOR|reloj_1hz_reg ; Base ; 1.000  ; 1000.0 MHz ; 0.000 ; 0.500 ;            ;           ;             ;       ;        ;           ;            ;          ;        ;        ; { divisor_frecuencia:INST_DIVISOR|reloj_1hz_reg } ;
+-----------------------------------------------+------+--------+------------+-------+-------+------------+-----------+-------------+-------+--------+-----------+------------+----------+--------+--------+---------------------------------------------------+


+-------------------------------------------------------------------------------------+
; Slow 1200mV 85C Model Fmax Summary                                                  ;
+------------+-----------------+-----------------------------------------------+------+
; Fmax       ; Restricted Fmax ; Clock Name                                    ; Note ;
+------------+-----------------+-----------------------------------------------+------+
; 245.1 MHz  ; 245.1 MHz       ; CLOCK_50                                      ;      ;
; 436.68 MHz ; 436.68 MHz      ; divisor_frecuencia:INST_DIVISOR|reloj_1hz_reg ;      ;
+------------+-----------------+-----------------------------------------------+------+
This panel reports FMAX for every clock in the design, regardless of the user-specified clock periods.  FMAX is only computed for paths where the source and destination registers or ports are driven by the same clock.  Paths of different clocks, including generated clocks, are ignored.  For paths between a clock and its inversion, FMAX is computed as if the rising and falling edges are scaled along with FMAX, such that the duty cycle (in terms of a percentage) is maintained. Altera recommends that you always use clock constraints and other slack reports for sign-off analysis.


----------------------------------
; Timing Closure Recommendations ;
----------------------------------
HTML report is unavailable in plain text report export.


+------------------------------------------------------------------------+
; Slow 1200mV 85C Model Setup Summary                                    ;
+-----------------------------------------------+--------+---------------+
; Clock                                         ; Slack  ; End Point TNS ;
+-----------------------------------------------+--------+---------------+
; CLOCK_50                                      ; -3.080 ; -130.119      ;
; divisor_frecuencia:INST_DIVISOR|reloj_1hz_reg ; -1.290 ; -15.909       ;
+-----------------------------------------------+--------+---------------+


+------------------------------------------------------------------------+
; Slow 1200mV 85C Model Hold Summary                                     ;
+-----------------------------------------------+--------+---------------+
; Clock                                         ; Slack  ; End Point TNS ;
+-----------------------------------------------+--------+---------------+
; CLOCK_50                                      ; -0.040 ; -0.040        ;
; divisor_frecuencia:INST_DIVISOR|reloj_1hz_reg ; 0.325  ; 0.000         ;
+-----------------------------------------------+--------+---------------+


+------------------------------------------------------------------------+
; Slow 1200mV 85C Model Recovery Summary                                 ;
+-----------------------------------------------+--------+---------------+
; Clock                                         ; Slack  ; End Point TNS ;
+-----------------------------------------------+--------+---------------+
; divisor_frecuencia:INST_DIVISOR|reloj_1hz_reg ; -0.635 ; -4.680        ;
+-----------------------------------------------+--------+---------------+


+-----------------------------------------------------------------------+
; Slow 1200mV 85C Model Removal Summary                                 ;
+-----------------------------------------------+-------+---------------+
; Clock                                         ; Slack ; End Point TNS ;
+-----------------------------------------------+-------+---------------+
; divisor_frecuencia:INST_DIVISOR|reloj_1hz_reg ; 0.701 ; 0.000         ;
+-----------------------------------------------+-------+---------------+


+------------------------------------------------------------------------+
; Slow 1200mV 85C Model Minimum Pulse Width Summary                      ;
+-----------------------------------------------+--------+---------------+
; Clock                                         ; Slack  ; End Point TNS ;
+-----------------------------------------------+--------+---------------+
; CLOCK_50                                      ; -3.000 ; -68.000       ;
; divisor_frecuencia:INST_DIVISOR|reloj_1hz_reg ; -1.000 ; -15.000       ;
+-----------------------------------------------+--------+---------------+


+----------------------------------------------------------------------------------------------------------------------------------------------------------------------------------------------------------------------------+
; Slow 1200mV 85C Model Setup: 'CLOCK_50'                                                                                                                                                                                    ;
+--------+----------------------------------------------------------------------+----------------------------------------------------------------------+--------------+-------------+--------------+------------+------------+
; Slack  ; From Node                                                            ; To Node                                                              ; Launch Clock ; Latch Clock ; Relationship ; Clock Skew ; Data Delay ;
+--------+----------------------------------------------------------------------+----------------------------------------------------------------------+--------------+-------------+--------------+------------+------------+
; -3.080 ; divisor_frecuencia:INST_DIVISOR|contador_ciclos[20]                  ; divisor_frecuencia:INST_DIVISOR|reloj_1hz_reg                        ; CLOCK_50     ; CLOCK_50    ; 1.000        ; -0.062     ; 4.013      ;
; -3.022 ; divisor_frecuencia:INST_DIVISOR|contador_ciclos[18]                  ; divisor_frecuencia:INST_DIVISOR|reloj_1hz_reg                        ; CLOCK_50     ; CLOCK_50    ; 1.000        ; -0.062     ; 3.955      ;
; -3.014 ; divisor_frecuencia:INST_DIVISOR|contador_ciclos[19]                  ; divisor_frecuencia:INST_DIVISOR|reloj_1hz_reg                        ; CLOCK_50     ; CLOCK_50    ; 1.000        ; -0.062     ; 3.947      ;
; -2.972 ; detector_ocupacion:INST_DETECTOR_OCUPACION|contador_felicitacion[8]  ; detector_ocupacion:INST_DETECTOR_OCUPACION|contador_felicitacion[0]  ; CLOCK_50     ; CLOCK_50    ; 1.000        ; -0.062     ; 3.905      ;
; -2.972 ; detector_ocupacion:INST_DETECTOR_OCUPACION|contador_felicitacion[8]  ; detector_ocupacion:INST_DETECTOR_OCUPACION|contador_felicitacion[1]  ; CLOCK_50     ; CLOCK_50    ; 1.000        ; -0.062     ; 3.905      ;
; -2.972 ; detector_ocupacion:INST_DETECTOR_OCUPACION|contador_felicitacion[8]  ; detector_ocupacion:INST_DETECTOR_OCUPACION|contador_felicitacion[2]  ; CLOCK_50     ; CLOCK_50    ; 1.000        ; -0.062     ; 3.905      ;
; -2.972 ; detector_ocupacion:INST_DETECTOR_OCUPACION|contador_felicitacion[8]  ; detector_ocupacion:INST_DETECTOR_OCUPACION|contador_felicitacion[3]  ; CLOCK_50     ; CLOCK_50    ; 1.000        ; -0.062     ; 3.905      ;
; -2.972 ; detector_ocupacion:INST_DETECTOR_OCUPACION|contador_felicitacion[8]  ; detector_ocupacion:INST_DETECTOR_OCUPACION|contador_felicitacion[4]  ; CLOCK_50     ; CLOCK_50    ; 1.000        ; -0.062     ; 3.905      ;
; -2.972 ; detector_ocupacion:INST_DETECTOR_OCUPACION|contador_felicitacion[8]  ; detector_ocupacion:INST_DETECTOR_OCUPACION|contador_felicitacion[5]  ; CLOCK_50     ; CLOCK_50    ; 1.000        ; -0.062     ; 3.905      ;
; -2.972 ; detector_ocupacion:INST_DETECTOR_OCUPACION|contador_felicitacion[8]  ; detector_ocupacion:INST_DETECTOR_OCUPACION|contador_felicitacion[6]  ; CLOCK_50     ; CLOCK_50    ; 1.000        ; -0.062     ; 3.905      ;
; -2.972 ; detector_ocupacion:INST_DETECTOR_OCUPACION|contador_felicitacion[8]  ; detector_ocupacion:INST_DETECTOR_OCUPACION|contador_felicitacion[7]  ; CLOCK_50     ; CLOCK_50    ; 1.000        ; -0.062     ; 3.905      ;
; -2.972 ; detector_ocupacion:INST_DETECTOR_OCUPACION|contador_felicitacion[8]  ; detector_ocupacion:INST_DETECTOR_OCUPACION|contador_felicitacion[8]  ; CLOCK_50     ; CLOCK_50    ; 1.000        ; -0.062     ; 3.905      ;
; -2.972 ; detector_ocupacion:INST_DETECTOR_OCUPACION|contador_felicitacion[8]  ; detector_ocupacion:INST_DETECTOR_OCUPACION|contador_felicitacion[9]  ; CLOCK_50     ; CLOCK_50    ; 1.000        ; -0.062     ; 3.905      ;
; -2.972 ; detector_ocupacion:INST_DETECTOR_OCUPACION|contador_felicitacion[8]  ; detector_ocupacion:INST_DETECTOR_OCUPACION|contador_felicitacion[10] ; CLOCK_50     ; CLOCK_50    ; 1.000        ; -0.062     ; 3.905      ;
; -2.972 ; detector_ocupacion:INST_DETECTOR_OCUPACION|contador_felicitacion[8]  ; detector_ocupacion:INST_DETECTOR_OCUPACION|contador_felicitacion[11] ; CLOCK_50     ; CLOCK_50    ; 1.000        ; -0.062     ; 3.905      ;
; -2.972 ; detector_ocupacion:INST_DETECTOR_OCUPACION|contador_felicitacion[8]  ; detector_ocupacion:INST_DETECTOR_OCUPACION|contador_felicitacion[12] ; CLOCK_50     ; CLOCK_50    ; 1.000        ; -0.062     ; 3.905      ;
; -2.972 ; detector_ocupacion:INST_DETECTOR_OCUPACION|contador_felicitacion[8]  ; detector_ocupacion:INST_DETECTOR_OCUPACION|contador_felicitacion[13] ; CLOCK_50     ; CLOCK_50    ; 1.000        ; -0.062     ; 3.905      ;
; -2.915 ; divisor_frecuencia:INST_DIVISOR|contador_ciclos[21]                  ; divisor_frecuencia:INST_DIVISOR|reloj_1hz_reg                        ; CLOCK_50     ; CLOCK_50    ; 1.000        ; -0.062     ; 3.848      ;
; -2.889 ; divisor_frecuencia:INST_DIVISOR|contador_ciclos[25]                  ; divisor_frecuencia:INST_DIVISOR|reloj_1hz_reg                        ; CLOCK_50     ; CLOCK_50    ; 1.000        ; -0.062     ; 3.822      ;
; -2.850 ; divisor_frecuencia:INST_DIVISOR|contador_ciclos[10]                  ; divisor_frecuencia:INST_DIVISOR|reloj_1hz_reg                        ; CLOCK_50     ; CLOCK_50    ; 1.000        ; -0.053     ; 3.792      ;
; -2.847 ; divisor_frecuencia:INST_DIVISOR|contador_ciclos[15]                  ; divisor_frecuencia:INST_DIVISOR|reloj_1hz_reg                        ; CLOCK_50     ; CLOCK_50    ; 1.000        ; -0.062     ; 3.780      ;
; -2.838 ; detector_ocupacion:INST_DETECTOR_OCUPACION|contador_felicitacion[7]  ; detector_ocupacion:INST_DETECTOR_OCUPACION|contador_felicitacion[0]  ; CLOCK_50     ; CLOCK_50    ; 1.000        ; -0.062     ; 3.771      ;
; -2.838 ; detector_ocupacion:INST_DETECTOR_OCUPACION|contador_felicitacion[7]  ; detector_ocupacion:INST_DETECTOR_OCUPACION|contador_felicitacion[1]  ; CLOCK_50     ; CLOCK_50    ; 1.000        ; -0.062     ; 3.771      ;
; -2.838 ; detector_ocupacion:INST_DETECTOR_OCUPACION|contador_felicitacion[7]  ; detector_ocupacion:INST_DETECTOR_OCUPACION|contador_felicitacion[2]  ; CLOCK_50     ; CLOCK_50    ; 1.000        ; -0.062     ; 3.771      ;
; -2.838 ; detector_ocupacion:INST_DETECTOR_OCUPACION|contador_felicitacion[7]  ; detector_ocupacion:INST_DETECTOR_OCUPACION|contador_felicitacion[3]  ; CLOCK_50     ; CLOCK_50    ; 1.000        ; -0.062     ; 3.771      ;
; -2.838 ; detector_ocupacion:INST_DETECTOR_OCUPACION|contador_felicitacion[7]  ; detector_ocupacion:INST_DETECTOR_OCUPACION|contador_felicitacion[4]  ; CLOCK_50     ; CLOCK_50    ; 1.000        ; -0.062     ; 3.771      ;
; -2.838 ; detector_ocupacion:INST_DETECTOR_OCUPACION|contador_felicitacion[7]  ; detector_ocupacion:INST_DETECTOR_OCUPACION|contador_felicitacion[5]  ; CLOCK_50     ; CLOCK_50    ; 1.000        ; -0.062     ; 3.771      ;
; -2.838 ; detector_ocupacion:INST_DETECTOR_OCUPACION|contador_felicitacion[7]  ; detector_ocupacion:INST_DETECTOR_OCUPACION|contador_felicitacion[6]  ; CLOCK_50     ; CLOCK_50    ; 1.000        ; -0.062     ; 3.771      ;
; -2.838 ; detector_ocupacion:INST_DETECTOR_OCUPACION|contador_felicitacion[7]  ; detector_ocupacion:INST_DETECTOR_OCUPACION|contador_felicitacion[7]  ; CLOCK_50     ; CLOCK_50    ; 1.000        ; -0.062     ; 3.771      ;
; -2.838 ; detector_ocupacion:INST_DETECTOR_OCUPACION|contador_felicitacion[7]  ; detector_ocupacion:INST_DETECTOR_OCUPACION|contador_felicitacion[8]  ; CLOCK_50     ; CLOCK_50    ; 1.000        ; -0.062     ; 3.771      ;
; -2.838 ; detector_ocupacion:INST_DETECTOR_OCUPACION|contador_felicitacion[7]  ; detector_ocupacion:INST_DETECTOR_OCUPACION|contador_felicitacion[9]  ; CLOCK_50     ; CLOCK_50    ; 1.000        ; -0.062     ; 3.771      ;
; -2.838 ; detector_ocupacion:INST_DETECTOR_OCUPACION|contador_felicitacion[7]  ; detector_ocupacion:INST_DETECTOR_OCUPACION|contador_felicitacion[10] ; CLOCK_50     ; CLOCK_50    ; 1.000        ; -0.062     ; 3.771      ;
; -2.838 ; detector_ocupacion:INST_DETECTOR_OCUPACION|contador_felicitacion[7]  ; detector_ocupacion:INST_DETECTOR_OCUPACION|contador_felicitacion[11] ; CLOCK_50     ; CLOCK_50    ; 1.000        ; -0.062     ; 3.771      ;
; -2.838 ; detector_ocupacion:INST_DETECTOR_OCUPACION|contador_felicitacion[7]  ; detector_ocupacion:INST_DETECTOR_OCUPACION|contador_felicitacion[12] ; CLOCK_50     ; CLOCK_50    ; 1.000        ; -0.062     ; 3.771      ;
; -2.838 ; detector_ocupacion:INST_DETECTOR_OCUPACION|contador_felicitacion[7]  ; detector_ocupacion:INST_DETECTOR_OCUPACION|contador_felicitacion[13] ; CLOCK_50     ; CLOCK_50    ; 1.000        ; -0.062     ; 3.771      ;
; -2.781 ; divisor_frecuencia:INST_DIVISOR|contador_ciclos[22]                  ; divisor_frecuencia:INST_DIVISOR|reloj_1hz_reg                        ; CLOCK_50     ; CLOCK_50    ; 1.000        ; -0.062     ; 3.714      ;
; -2.769 ; divisor_frecuencia:INST_DIVISOR|contador_ciclos[11]                  ; divisor_frecuencia:INST_DIVISOR|reloj_1hz_reg                        ; CLOCK_50     ; CLOCK_50    ; 1.000        ; -0.053     ; 3.711      ;
; -2.756 ; divisor_frecuencia:INST_DIVISOR|contador_ciclos[24]                  ; divisor_frecuencia:INST_DIVISOR|reloj_1hz_reg                        ; CLOCK_50     ; CLOCK_50    ; 1.000        ; -0.062     ; 3.689      ;
; -2.754 ; detector_ocupacion:INST_DETECTOR_OCUPACION|contador_felicitacion[8]  ; detector_ocupacion:INST_DETECTOR_OCUPACION|contador_felicitacion[15] ; CLOCK_50     ; CLOCK_50    ; 1.000        ; -0.053     ; 3.696      ;
; -2.754 ; detector_ocupacion:INST_DETECTOR_OCUPACION|contador_felicitacion[8]  ; detector_ocupacion:INST_DETECTOR_OCUPACION|contador_felicitacion[14] ; CLOCK_50     ; CLOCK_50    ; 1.000        ; -0.053     ; 3.696      ;
; -2.754 ; detector_ocupacion:INST_DETECTOR_OCUPACION|contador_felicitacion[8]  ; detector_ocupacion:INST_DETECTOR_OCUPACION|contador_felicitacion[16] ; CLOCK_50     ; CLOCK_50    ; 1.000        ; -0.053     ; 3.696      ;
; -2.754 ; detector_ocupacion:INST_DETECTOR_OCUPACION|contador_felicitacion[8]  ; detector_ocupacion:INST_DETECTOR_OCUPACION|contador_felicitacion[19] ; CLOCK_50     ; CLOCK_50    ; 1.000        ; -0.053     ; 3.696      ;
; -2.754 ; detector_ocupacion:INST_DETECTOR_OCUPACION|contador_felicitacion[8]  ; detector_ocupacion:INST_DETECTOR_OCUPACION|contador_felicitacion[18] ; CLOCK_50     ; CLOCK_50    ; 1.000        ; -0.053     ; 3.696      ;
; -2.754 ; detector_ocupacion:INST_DETECTOR_OCUPACION|contador_felicitacion[8]  ; detector_ocupacion:INST_DETECTOR_OCUPACION|contador_felicitacion[25] ; CLOCK_50     ; CLOCK_50    ; 1.000        ; -0.053     ; 3.696      ;
; -2.754 ; detector_ocupacion:INST_DETECTOR_OCUPACION|contador_felicitacion[8]  ; detector_ocupacion:INST_DETECTOR_OCUPACION|contador_felicitacion[20] ; CLOCK_50     ; CLOCK_50    ; 1.000        ; -0.053     ; 3.696      ;
; -2.754 ; detector_ocupacion:INST_DETECTOR_OCUPACION|contador_felicitacion[8]  ; detector_ocupacion:INST_DETECTOR_OCUPACION|contador_felicitacion[21] ; CLOCK_50     ; CLOCK_50    ; 1.000        ; -0.053     ; 3.696      ;
; -2.754 ; detector_ocupacion:INST_DETECTOR_OCUPACION|contador_felicitacion[8]  ; detector_ocupacion:INST_DETECTOR_OCUPACION|contador_felicitacion[22] ; CLOCK_50     ; CLOCK_50    ; 1.000        ; -0.053     ; 3.696      ;
; -2.754 ; detector_ocupacion:INST_DETECTOR_OCUPACION|contador_felicitacion[8]  ; detector_ocupacion:INST_DETECTOR_OCUPACION|contador_felicitacion[23] ; CLOCK_50     ; CLOCK_50    ; 1.000        ; -0.053     ; 3.696      ;
; -2.754 ; detector_ocupacion:INST_DETECTOR_OCUPACION|contador_felicitacion[8]  ; detector_ocupacion:INST_DETECTOR_OCUPACION|contador_felicitacion[24] ; CLOCK_50     ; CLOCK_50    ; 1.000        ; -0.053     ; 3.696      ;
; -2.754 ; detector_ocupacion:INST_DETECTOR_OCUPACION|contador_felicitacion[8]  ; detector_ocupacion:INST_DETECTOR_OCUPACION|contador_felicitacion[26] ; CLOCK_50     ; CLOCK_50    ; 1.000        ; -0.053     ; 3.696      ;
; -2.754 ; detector_ocupacion:INST_DETECTOR_OCUPACION|contador_felicitacion[8]  ; detector_ocupacion:INST_DETECTOR_OCUPACION|contador_felicitacion[27] ; CLOCK_50     ; CLOCK_50    ; 1.000        ; -0.053     ; 3.696      ;
; -2.754 ; detector_ocupacion:INST_DETECTOR_OCUPACION|contador_felicitacion[8]  ; detector_ocupacion:INST_DETECTOR_OCUPACION|contador_felicitacion[17] ; CLOCK_50     ; CLOCK_50    ; 1.000        ; -0.053     ; 3.696      ;
; -2.748 ; divisor_frecuencia:INST_DIVISOR|contador_ciclos[14]                  ; divisor_frecuencia:INST_DIVISOR|reloj_1hz_reg                        ; CLOCK_50     ; CLOCK_50    ; 1.000        ; -0.062     ; 3.681      ;
; -2.735 ; detector_ocupacion:INST_DETECTOR_OCUPACION|contador_felicitacion[13] ; detector_ocupacion:INST_DETECTOR_OCUPACION|contador_felicitacion[0]  ; CLOCK_50     ; CLOCK_50    ; 1.000        ; -0.062     ; 3.668      ;
; -2.735 ; detector_ocupacion:INST_DETECTOR_OCUPACION|contador_felicitacion[13] ; detector_ocupacion:INST_DETECTOR_OCUPACION|contador_felicitacion[1]  ; CLOCK_50     ; CLOCK_50    ; 1.000        ; -0.062     ; 3.668      ;
; -2.735 ; detector_ocupacion:INST_DETECTOR_OCUPACION|contador_felicitacion[13] ; detector_ocupacion:INST_DETECTOR_OCUPACION|contador_felicitacion[2]  ; CLOCK_50     ; CLOCK_50    ; 1.000        ; -0.062     ; 3.668      ;
; -2.735 ; detector_ocupacion:INST_DETECTOR_OCUPACION|contador_felicitacion[13] ; detector_ocupacion:INST_DETECTOR_OCUPACION|contador_felicitacion[3]  ; CLOCK_50     ; CLOCK_50    ; 1.000        ; -0.062     ; 3.668      ;
; -2.735 ; detector_ocupacion:INST_DETECTOR_OCUPACION|contador_felicitacion[13] ; detector_ocupacion:INST_DETECTOR_OCUPACION|contador_felicitacion[4]  ; CLOCK_50     ; CLOCK_50    ; 1.000        ; -0.062     ; 3.668      ;
; -2.735 ; detector_ocupacion:INST_DETECTOR_OCUPACION|contador_felicitacion[13] ; detector_ocupacion:INST_DETECTOR_OCUPACION|contador_felicitacion[5]  ; CLOCK_50     ; CLOCK_50    ; 1.000        ; -0.062     ; 3.668      ;
; -2.735 ; detector_ocupacion:INST_DETECTOR_OCUPACION|contador_felicitacion[13] ; detector_ocupacion:INST_DETECTOR_OCUPACION|contador_felicitacion[6]  ; CLOCK_50     ; CLOCK_50    ; 1.000        ; -0.062     ; 3.668      ;
; -2.735 ; detector_ocupacion:INST_DETECTOR_OCUPACION|contador_felicitacion[13] ; detector_ocupacion:INST_DETECTOR_OCUPACION|contador_felicitacion[7]  ; CLOCK_50     ; CLOCK_50    ; 1.000        ; -0.062     ; 3.668      ;
; -2.735 ; detector_ocupacion:INST_DETECTOR_OCUPACION|contador_felicitacion[13] ; detector_ocupacion:INST_DETECTOR_OCUPACION|contador_felicitacion[8]  ; CLOCK_50     ; CLOCK_50    ; 1.000        ; -0.062     ; 3.668      ;
; -2.735 ; detector_ocupacion:INST_DETECTOR_OCUPACION|contador_felicitacion[13] ; detector_ocupacion:INST_DETECTOR_OCUPACION|contador_felicitacion[9]  ; CLOCK_50     ; CLOCK_50    ; 1.000        ; -0.062     ; 3.668      ;
; -2.735 ; detector_ocupacion:INST_DETECTOR_OCUPACION|contador_felicitacion[13] ; detector_ocupacion:INST_DETECTOR_OCUPACION|contador_felicitacion[10] ; CLOCK_50     ; CLOCK_50    ; 1.000        ; -0.062     ; 3.668      ;
; -2.735 ; detector_ocupacion:INST_DETECTOR_OCUPACION|contador_felicitacion[13] ; detector_ocupacion:INST_DETECTOR_OCUPACION|contador_felicitacion[11] ; CLOCK_50     ; CLOCK_50    ; 1.000        ; -0.062     ; 3.668      ;
; -2.735 ; detector_ocupacion:INST_DETECTOR_OCUPACION|contador_felicitacion[13] ; detector_ocupacion:INST_DETECTOR_OCUPACION|contador_felicitacion[12] ; CLOCK_50     ; CLOCK_50    ; 1.000        ; -0.062     ; 3.668      ;
; -2.735 ; detector_ocupacion:INST_DETECTOR_OCUPACION|contador_felicitacion[13] ; detector_ocupacion:INST_DETECTOR_OCUPACION|contador_felicitacion[13] ; CLOCK_50     ; CLOCK_50    ; 1.000        ; -0.062     ; 3.668      ;
; -2.733 ; divisor_frecuencia:INST_DIVISOR|contador_ciclos[2]                   ; divisor_frecuencia:INST_DIVISOR|reloj_1hz_reg                        ; CLOCK_50     ; CLOCK_50    ; 1.000        ; -0.053     ; 3.675      ;
; -2.654 ; detector_ocupacion:INST_DETECTOR_OCUPACION|contador_felicitacion[12] ; detector_ocupacion:INST_DETECTOR_OCUPACION|contador_felicitacion[0]  ; CLOCK_50     ; CLOCK_50    ; 1.000        ; -0.062     ; 3.587      ;
; -2.654 ; detector_ocupacion:INST_DETECTOR_OCUPACION|contador_felicitacion[12] ; detector_ocupacion:INST_DETECTOR_OCUPACION|contador_felicitacion[1]  ; CLOCK_50     ; CLOCK_50    ; 1.000        ; -0.062     ; 3.587      ;
; -2.654 ; detector_ocupacion:INST_DETECTOR_OCUPACION|contador_felicitacion[12] ; detector_ocupacion:INST_DETECTOR_OCUPACION|contador_felicitacion[2]  ; CLOCK_50     ; CLOCK_50    ; 1.000        ; -0.062     ; 3.587      ;
; -2.654 ; detector_ocupacion:INST_DETECTOR_OCUPACION|contador_felicitacion[12] ; detector_ocupacion:INST_DETECTOR_OCUPACION|contador_felicitacion[3]  ; CLOCK_50     ; CLOCK_50    ; 1.000        ; -0.062     ; 3.587      ;
; -2.654 ; detector_ocupacion:INST_DETECTOR_OCUPACION|contador_felicitacion[12] ; detector_ocupacion:INST_DETECTOR_OCUPACION|contador_felicitacion[4]  ; CLOCK_50     ; CLOCK_50    ; 1.000        ; -0.062     ; 3.587      ;
; -2.654 ; detector_ocupacion:INST_DETECTOR_OCUPACION|contador_felicitacion[12] ; detector_ocupacion:INST_DETECTOR_OCUPACION|contador_felicitacion[5]  ; CLOCK_50     ; CLOCK_50    ; 1.000        ; -0.062     ; 3.587      ;
; -2.654 ; detector_ocupacion:INST_DETECTOR_OCUPACION|contador_felicitacion[12] ; detector_ocupacion:INST_DETECTOR_OCUPACION|contador_felicitacion[6]  ; CLOCK_50     ; CLOCK_50    ; 1.000        ; -0.062     ; 3.587      ;
; -2.654 ; detector_ocupacion:INST_DETECTOR_OCUPACION|contador_felicitacion[12] ; detector_ocupacion:INST_DETECTOR_OCUPACION|contador_felicitacion[7]  ; CLOCK_50     ; CLOCK_50    ; 1.000        ; -0.062     ; 3.587      ;
; -2.654 ; detector_ocupacion:INST_DETECTOR_OCUPACION|contador_felicitacion[12] ; detector_ocupacion:INST_DETECTOR_OCUPACION|contador_felicitacion[8]  ; CLOCK_50     ; CLOCK_50    ; 1.000        ; -0.062     ; 3.587      ;
; -2.654 ; detector_ocupacion:INST_DETECTOR_OCUPACION|contador_felicitacion[12] ; detector_ocupacion:INST_DETECTOR_OCUPACION|contador_felicitacion[9]  ; CLOCK_50     ; CLOCK_50    ; 1.000        ; -0.062     ; 3.587      ;
; -2.654 ; detector_ocupacion:INST_DETECTOR_OCUPACION|contador_felicitacion[12] ; detector_ocupacion:INST_DETECTOR_OCUPACION|contador_felicitacion[10] ; CLOCK_50     ; CLOCK_50    ; 1.000        ; -0.062     ; 3.587      ;
; -2.654 ; detector_ocupacion:INST_DETECTOR_OCUPACION|contador_felicitacion[12] ; detector_ocupacion:INST_DETECTOR_OCUPACION|contador_felicitacion[11] ; CLOCK_50     ; CLOCK_50    ; 1.000        ; -0.062     ; 3.587      ;
; -2.654 ; detector_ocupacion:INST_DETECTOR_OCUPACION|contador_felicitacion[12] ; detector_ocupacion:INST_DETECTOR_OCUPACION|contador_felicitacion[12] ; CLOCK_50     ; CLOCK_50    ; 1.000        ; -0.062     ; 3.587      ;
; -2.654 ; detector_ocupacion:INST_DETECTOR_OCUPACION|contador_felicitacion[12] ; detector_ocupacion:INST_DETECTOR_OCUPACION|contador_felicitacion[13] ; CLOCK_50     ; CLOCK_50    ; 1.000        ; -0.062     ; 3.587      ;
; -2.651 ; detector_ocupacion:INST_DETECTOR_OCUPACION|contador_felicitacion[9]  ; detector_ocupacion:INST_DETECTOR_OCUPACION|contador_felicitacion[0]  ; CLOCK_50     ; CLOCK_50    ; 1.000        ; -0.062     ; 3.584      ;
; -2.651 ; detector_ocupacion:INST_DETECTOR_OCUPACION|contador_felicitacion[9]  ; detector_ocupacion:INST_DETECTOR_OCUPACION|contador_felicitacion[1]  ; CLOCK_50     ; CLOCK_50    ; 1.000        ; -0.062     ; 3.584      ;
; -2.651 ; detector_ocupacion:INST_DETECTOR_OCUPACION|contador_felicitacion[9]  ; detector_ocupacion:INST_DETECTOR_OCUPACION|contador_felicitacion[2]  ; CLOCK_50     ; CLOCK_50    ; 1.000        ; -0.062     ; 3.584      ;
; -2.651 ; detector_ocupacion:INST_DETECTOR_OCUPACION|contador_felicitacion[9]  ; detector_ocupacion:INST_DETECTOR_OCUPACION|contador_felicitacion[3]  ; CLOCK_50     ; CLOCK_50    ; 1.000        ; -0.062     ; 3.584      ;
; -2.651 ; detector_ocupacion:INST_DETECTOR_OCUPACION|contador_felicitacion[9]  ; detector_ocupacion:INST_DETECTOR_OCUPACION|contador_felicitacion[4]  ; CLOCK_50     ; CLOCK_50    ; 1.000        ; -0.062     ; 3.584      ;
; -2.651 ; detector_ocupacion:INST_DETECTOR_OCUPACION|contador_felicitacion[9]  ; detector_ocupacion:INST_DETECTOR_OCUPACION|contador_felicitacion[5]  ; CLOCK_50     ; CLOCK_50    ; 1.000        ; -0.062     ; 3.584      ;
; -2.651 ; detector_ocupacion:INST_DETECTOR_OCUPACION|contador_felicitacion[9]  ; detector_ocupacion:INST_DETECTOR_OCUPACION|contador_felicitacion[6]  ; CLOCK_50     ; CLOCK_50    ; 1.000        ; -0.062     ; 3.584      ;
; -2.651 ; detector_ocupacion:INST_DETECTOR_OCUPACION|contador_felicitacion[9]  ; detector_ocupacion:INST_DETECTOR_OCUPACION|contador_felicitacion[7]  ; CLOCK_50     ; CLOCK_50    ; 1.000        ; -0.062     ; 3.584      ;
; -2.651 ; detector_ocupacion:INST_DETECTOR_OCUPACION|contador_felicitacion[9]  ; detector_ocupacion:INST_DETECTOR_OCUPACION|contador_felicitacion[8]  ; CLOCK_50     ; CLOCK_50    ; 1.000        ; -0.062     ; 3.584      ;
; -2.651 ; detector_ocupacion:INST_DETECTOR_OCUPACION|contador_felicitacion[9]  ; detector_ocupacion:INST_DETECTOR_OCUPACION|contador_felicitacion[9]  ; CLOCK_50     ; CLOCK_50    ; 1.000        ; -0.062     ; 3.584      ;
; -2.651 ; detector_ocupacion:INST_DETECTOR_OCUPACION|contador_felicitacion[9]  ; detector_ocupacion:INST_DETECTOR_OCUPACION|contador_felicitacion[10] ; CLOCK_50     ; CLOCK_50    ; 1.000        ; -0.062     ; 3.584      ;
; -2.651 ; detector_ocupacion:INST_DETECTOR_OCUPACION|contador_felicitacion[9]  ; detector_ocupacion:INST_DETECTOR_OCUPACION|contador_felicitacion[11] ; CLOCK_50     ; CLOCK_50    ; 1.000        ; -0.062     ; 3.584      ;
; -2.651 ; detector_ocupacion:INST_DETECTOR_OCUPACION|contador_felicitacion[9]  ; detector_ocupacion:INST_DETECTOR_OCUPACION|contador_felicitacion[12] ; CLOCK_50     ; CLOCK_50    ; 1.000        ; -0.062     ; 3.584      ;
; -2.651 ; detector_ocupacion:INST_DETECTOR_OCUPACION|contador_felicitacion[9]  ; detector_ocupacion:INST_DETECTOR_OCUPACION|contador_felicitacion[13] ; CLOCK_50     ; CLOCK_50    ; 1.000        ; -0.062     ; 3.584      ;
; -2.632 ; divisor_frecuencia:INST_DIVISOR|contador_ciclos[16]                  ; divisor_frecuencia:INST_DIVISOR|reloj_1hz_reg                        ; CLOCK_50     ; CLOCK_50    ; 1.000        ; -0.062     ; 3.565      ;
; -2.629 ; detector_ocupacion:INST_DETECTOR_OCUPACION|contador_felicitacion[7]  ; detector_ocupacion:INST_DETECTOR_OCUPACION|contador_felicitacion[15] ; CLOCK_50     ; CLOCK_50    ; 1.000        ; -0.053     ; 3.571      ;
; -2.629 ; detector_ocupacion:INST_DETECTOR_OCUPACION|contador_felicitacion[7]  ; detector_ocupacion:INST_DETECTOR_OCUPACION|contador_felicitacion[14] ; CLOCK_50     ; CLOCK_50    ; 1.000        ; -0.053     ; 3.571      ;
; -2.629 ; detector_ocupacion:INST_DETECTOR_OCUPACION|contador_felicitacion[7]  ; detector_ocupacion:INST_DETECTOR_OCUPACION|contador_felicitacion[16] ; CLOCK_50     ; CLOCK_50    ; 1.000        ; -0.053     ; 3.571      ;
+--------+----------------------------------------------------------------------+----------------------------------------------------------------------+--------------+-------------+--------------+------------+------------+


+-----------------------------------------------------------------------------------------------------------------------------------------------------------------------------------------------------------------------------------------------------------------------------------+
; Slow 1200mV 85C Model Setup: 'divisor_frecuencia:INST_DIVISOR|reloj_1hz_reg'                                                                                                                                                                                                      ;
+--------+----------------------------------------------------------------+----------------------------------------------------------------+-----------------------------------------------+-----------------------------------------------+--------------+------------+------------+
; Slack  ; From Node                                                      ; To Node                                                        ; Launch Clock                                  ; Latch Clock                                   ; Relationship ; Clock Skew ; Data Delay ;
+--------+----------------------------------------------------------------+----------------------------------------------------------------+-----------------------------------------------+-----------------------------------------------+--------------+------------+------------+
; -1.290 ; contador_tiempo_extra:INST_CONTADOR_EXTRA|contador_unidades[2] ; contador_tiempo_extra:INST_CONTADOR_EXTRA|contador_unidades[3] ; divisor_frecuencia:INST_DIVISOR|reloj_1hz_reg ; divisor_frecuencia:INST_DIVISOR|reloj_1hz_reg ; 1.000        ; -0.061     ; 2.224      ;
; -1.284 ; contador_tiempo_extra:INST_CONTADOR_EXTRA|contador_unidades[2] ; contador_tiempo_extra:INST_CONTADOR_EXTRA|contador_unidades[0] ; divisor_frecuencia:INST_DIVISOR|reloj_1hz_reg ; divisor_frecuencia:INST_DIVISOR|reloj_1hz_reg ; 1.000        ; -0.061     ; 2.218      ;
; -1.282 ; contador_tiempo_extra:INST_CONTADOR_EXTRA|contador_unidades[2] ; contador_tiempo_extra:INST_CONTADOR_EXTRA|contador_unidades[1] ; divisor_frecuencia:INST_DIVISOR|reloj_1hz_reg ; divisor_frecuencia:INST_DIVISOR|reloj_1hz_reg ; 1.000        ; -0.061     ; 2.216      ;
; -1.248 ; contador_tiempo_extra:INST_CONTADOR_EXTRA|contador_unidades[3] ; contador_tiempo_extra:INST_CONTADOR_EXTRA|contador_unidades[0] ; divisor_frecuencia:INST_DIVISOR|reloj_1hz_reg ; divisor_frecuencia:INST_DIVISOR|reloj_1hz_reg ; 1.000        ; -0.061     ; 2.182      ;
; -1.247 ; contador_tiempo_extra:INST_CONTADOR_EXTRA|contador_unidades[3] ; contador_tiempo_extra:INST_CONTADOR_EXTRA|contador_unidades[3] ; divisor_frecuencia:INST_DIVISOR|reloj_1hz_reg ; divisor_frecuencia:INST_DIVISOR|reloj_1hz_reg ; 1.000        ; -0.061     ; 2.181      ;
; -1.247 ; contador_tiempo_extra:INST_CONTADOR_EXTRA|contador_unidades[3] ; contador_tiempo_extra:INST_CONTADOR_EXTRA|contador_unidades[1] ; divisor_frecuencia:INST_DIVISOR|reloj_1hz_reg ; divisor_frecuencia:INST_DIVISOR|reloj_1hz_reg ; 1.000        ; -0.061     ; 2.181      ;
; -1.207 ; contador_tiempo_extra:INST_CONTADOR_EXTRA|contador_unidades[2] ; contador_tiempo_extra:INST_CONTADOR_EXTRA|contador_decenas[0]  ; divisor_frecuencia:INST_DIVISOR|reloj_1hz_reg ; divisor_frecuencia:INST_DIVISOR|reloj_1hz_reg ; 1.000        ; -0.052     ; 2.150      ;
; -1.183 ; contador_tiempo_extra:INST_CONTADOR_EXTRA|contador_unidades[3] ; contador_tiempo_extra:INST_CONTADOR_EXTRA|contador_decenas[0]  ; divisor_frecuencia:INST_DIVISOR|reloj_1hz_reg ; divisor_frecuencia:INST_DIVISOR|reloj_1hz_reg ; 1.000        ; -0.052     ; 2.126      ;
; -1.172 ; contador_tiempo_extra:INST_CONTADOR_EXTRA|contador_unidades[2] ; contador_tiempo_extra:INST_CONTADOR_EXTRA|contador_unidades[2] ; divisor_frecuencia:INST_DIVISOR|reloj_1hz_reg ; divisor_frecuencia:INST_DIVISOR|reloj_1hz_reg ; 1.000        ; -0.061     ; 2.106      ;
; -1.165 ; contador_tiempo_extra:INST_CONTADOR_EXTRA|contador_unidades[0] ; contador_tiempo_extra:INST_CONTADOR_EXTRA|contador_unidades[0] ; divisor_frecuencia:INST_DIVISOR|reloj_1hz_reg ; divisor_frecuencia:INST_DIVISOR|reloj_1hz_reg ; 1.000        ; -0.061     ; 2.099      ;
; -1.164 ; contador_tiempo_extra:INST_CONTADOR_EXTRA|contador_unidades[0] ; contador_tiempo_extra:INST_CONTADOR_EXTRA|contador_unidades[3] ; divisor_frecuencia:INST_DIVISOR|reloj_1hz_reg ; divisor_frecuencia:INST_DIVISOR|reloj_1hz_reg ; 1.000        ; -0.061     ; 2.098      ;
; -1.164 ; contador_tiempo_extra:INST_CONTADOR_EXTRA|contador_unidades[0] ; contador_tiempo_extra:INST_CONTADOR_EXTRA|contador_unidades[1] ; divisor_frecuencia:INST_DIVISOR|reloj_1hz_reg ; divisor_frecuencia:INST_DIVISOR|reloj_1hz_reg ; 1.000        ; -0.061     ; 2.098      ;
; -1.150 ; contador_tiempo_extra:INST_CONTADOR_EXTRA|contador_unidades[3] ; contador_tiempo_extra:INST_CONTADOR_EXTRA|contador_unidades[2] ; divisor_frecuencia:INST_DIVISOR|reloj_1hz_reg ; divisor_frecuencia:INST_DIVISOR|reloj_1hz_reg ; 1.000        ; -0.061     ; 2.084      ;
; -1.122 ; contador_tiempo_extra:INST_CONTADOR_EXTRA|contador_decenas[1]  ; contador_tiempo_extra:INST_CONTADOR_EXTRA|contador_decenas[3]  ; divisor_frecuencia:INST_DIVISOR|reloj_1hz_reg ; divisor_frecuencia:INST_DIVISOR|reloj_1hz_reg ; 1.000        ; -0.061     ; 2.056      ;
; -1.121 ; contador_tiempo_extra:INST_CONTADOR_EXTRA|contador_decenas[1]  ; contador_tiempo_extra:INST_CONTADOR_EXTRA|contador_decenas[2]  ; divisor_frecuencia:INST_DIVISOR|reloj_1hz_reg ; divisor_frecuencia:INST_DIVISOR|reloj_1hz_reg ; 1.000        ; -0.061     ; 2.055      ;
; -1.118 ; contador_tiempo_extra:INST_CONTADOR_EXTRA|contador_decenas[1]  ; contador_tiempo_extra:INST_CONTADOR_EXTRA|contador_decenas[1]  ; divisor_frecuencia:INST_DIVISOR|reloj_1hz_reg ; divisor_frecuencia:INST_DIVISOR|reloj_1hz_reg ; 1.000        ; -0.061     ; 2.052      ;
; -1.100 ; contador_tiempo_extra:INST_CONTADOR_EXTRA|contador_unidades[0] ; contador_tiempo_extra:INST_CONTADOR_EXTRA|contador_decenas[0]  ; divisor_frecuencia:INST_DIVISOR|reloj_1hz_reg ; divisor_frecuencia:INST_DIVISOR|reloj_1hz_reg ; 1.000        ; -0.052     ; 2.043      ;
; -1.080 ; contador_35_segundos:INST_CONTADOR_35|contador_decenas[0]      ; contador_35_segundos:INST_CONTADOR_35|fin_conteo_reg           ; divisor_frecuencia:INST_DIVISOR|reloj_1hz_reg ; divisor_frecuencia:INST_DIVISOR|reloj_1hz_reg ; 1.000        ; -0.051     ; 2.024      ;
; -1.071 ; contador_35_segundos:INST_CONTADOR_35|contador_unidades[2]     ; contador_35_segundos:INST_CONTADOR_35|fin_conteo_reg           ; divisor_frecuencia:INST_DIVISOR|reloj_1hz_reg ; divisor_frecuencia:INST_DIVISOR|reloj_1hz_reg ; 1.000        ; -0.052     ; 2.014      ;
; -1.067 ; contador_tiempo_extra:INST_CONTADOR_EXTRA|contador_unidades[0] ; contador_tiempo_extra:INST_CONTADOR_EXTRA|contador_unidades[2] ; divisor_frecuencia:INST_DIVISOR|reloj_1hz_reg ; divisor_frecuencia:INST_DIVISOR|reloj_1hz_reg ; 1.000        ; -0.061     ; 2.001      ;
; -1.060 ; contador_35_segundos:INST_CONTADOR_35|contador_unidades[2]     ; contador_35_segundos:INST_CONTADOR_35|contador_unidades[2]     ; divisor_frecuencia:INST_DIVISOR|reloj_1hz_reg ; divisor_frecuencia:INST_DIVISOR|reloj_1hz_reg ; 1.000        ; -0.062     ; 1.993      ;
; -1.057 ; contador_35_segundos:INST_CONTADOR_35|contador_unidades[2]     ; contador_35_segundos:INST_CONTADOR_35|contador_unidades[1]     ; divisor_frecuencia:INST_DIVISOR|reloj_1hz_reg ; divisor_frecuencia:INST_DIVISOR|reloj_1hz_reg ; 1.000        ; -0.062     ; 1.990      ;
; -1.055 ; contador_35_segundos:INST_CONTADOR_35|contador_unidades[2]     ; contador_35_segundos:INST_CONTADOR_35|contador_unidades[3]     ; divisor_frecuencia:INST_DIVISOR|reloj_1hz_reg ; divisor_frecuencia:INST_DIVISOR|reloj_1hz_reg ; 1.000        ; -0.062     ; 1.988      ;
; -1.040 ; contador_tiempo_extra:INST_CONTADOR_EXTRA|contador_decenas[0]  ; contador_tiempo_extra:INST_CONTADOR_EXTRA|contador_unidades[3] ; divisor_frecuencia:INST_DIVISOR|reloj_1hz_reg ; divisor_frecuencia:INST_DIVISOR|reloj_1hz_reg ; 1.000        ; -0.071     ; 1.964      ;
; -1.040 ; contador_tiempo_extra:INST_CONTADOR_EXTRA|contador_decenas[0]  ; contador_tiempo_extra:INST_CONTADOR_EXTRA|contador_unidades[1] ; divisor_frecuencia:INST_DIVISOR|reloj_1hz_reg ; divisor_frecuencia:INST_DIVISOR|reloj_1hz_reg ; 1.000        ; -0.071     ; 1.964      ;
; -1.036 ; contador_tiempo_extra:INST_CONTADOR_EXTRA|contador_decenas[0]  ; contador_tiempo_extra:INST_CONTADOR_EXTRA|contador_unidades[2] ; divisor_frecuencia:INST_DIVISOR|reloj_1hz_reg ; divisor_frecuencia:INST_DIVISOR|reloj_1hz_reg ; 1.000        ; -0.071     ; 1.960      ;
; -1.021 ; contador_tiempo_extra:INST_CONTADOR_EXTRA|contador_unidades[1] ; contador_tiempo_extra:INST_CONTADOR_EXTRA|contador_unidades[3] ; divisor_frecuencia:INST_DIVISOR|reloj_1hz_reg ; divisor_frecuencia:INST_DIVISOR|reloj_1hz_reg ; 1.000        ; -0.061     ; 1.955      ;
; -1.015 ; contador_tiempo_extra:INST_CONTADOR_EXTRA|contador_unidades[1] ; contador_tiempo_extra:INST_CONTADOR_EXTRA|contador_unidades[0] ; divisor_frecuencia:INST_DIVISOR|reloj_1hz_reg ; divisor_frecuencia:INST_DIVISOR|reloj_1hz_reg ; 1.000        ; -0.061     ; 1.949      ;
; -1.014 ; contador_tiempo_extra:INST_CONTADOR_EXTRA|contador_decenas[1]  ; contador_tiempo_extra:INST_CONTADOR_EXTRA|contador_unidades[0] ; divisor_frecuencia:INST_DIVISOR|reloj_1hz_reg ; divisor_frecuencia:INST_DIVISOR|reloj_1hz_reg ; 1.000        ; -0.061     ; 1.948      ;
; -1.013 ; contador_tiempo_extra:INST_CONTADOR_EXTRA|contador_unidades[1] ; contador_tiempo_extra:INST_CONTADOR_EXTRA|contador_unidades[1] ; divisor_frecuencia:INST_DIVISOR|reloj_1hz_reg ; divisor_frecuencia:INST_DIVISOR|reloj_1hz_reg ; 1.000        ; -0.061     ; 1.947      ;
; -0.992 ; contador_35_segundos:INST_CONTADOR_35|fin_conteo_reg           ; contador_35_segundos:INST_CONTADOR_35|contador_unidades[2]     ; divisor_frecuencia:INST_DIVISOR|reloj_1hz_reg ; divisor_frecuencia:INST_DIVISOR|reloj_1hz_reg ; 1.000        ; -0.072     ; 1.915      ;
; -0.989 ; contador_35_segundos:INST_CONTADOR_35|fin_conteo_reg           ; contador_35_segundos:INST_CONTADOR_35|contador_unidades[1]     ; divisor_frecuencia:INST_DIVISOR|reloj_1hz_reg ; divisor_frecuencia:INST_DIVISOR|reloj_1hz_reg ; 1.000        ; -0.072     ; 1.912      ;
; -0.987 ; contador_35_segundos:INST_CONTADOR_35|fin_conteo_reg           ; contador_35_segundos:INST_CONTADOR_35|contador_unidades[3]     ; divisor_frecuencia:INST_DIVISOR|reloj_1hz_reg ; divisor_frecuencia:INST_DIVISOR|reloj_1hz_reg ; 1.000        ; -0.072     ; 1.910      ;
; -0.986 ; contador_35_segundos:INST_CONTADOR_35|contador_decenas[1]      ; contador_35_segundos:INST_CONTADOR_35|fin_conteo_reg           ; divisor_frecuencia:INST_DIVISOR|reloj_1hz_reg ; divisor_frecuencia:INST_DIVISOR|reloj_1hz_reg ; 1.000        ; -0.052     ; 1.929      ;
; -0.981 ; contador_tiempo_extra:INST_CONTADOR_EXTRA|contador_unidades[3] ; contador_tiempo_extra:INST_CONTADOR_EXTRA|contador_decenas[3]  ; divisor_frecuencia:INST_DIVISOR|reloj_1hz_reg ; divisor_frecuencia:INST_DIVISOR|reloj_1hz_reg ; 1.000        ; -0.061     ; 1.915      ;
; -0.980 ; contador_tiempo_extra:INST_CONTADOR_EXTRA|contador_unidades[3] ; contador_tiempo_extra:INST_CONTADOR_EXTRA|contador_decenas[2]  ; divisor_frecuencia:INST_DIVISOR|reloj_1hz_reg ; divisor_frecuencia:INST_DIVISOR|reloj_1hz_reg ; 1.000        ; -0.061     ; 1.914      ;
; -0.977 ; contador_tiempo_extra:INST_CONTADOR_EXTRA|contador_unidades[3] ; contador_tiempo_extra:INST_CONTADOR_EXTRA|contador_decenas[1]  ; divisor_frecuencia:INST_DIVISOR|reloj_1hz_reg ; divisor_frecuencia:INST_DIVISOR|reloj_1hz_reg ; 1.000        ; -0.061     ; 1.911      ;
; -0.975 ; contador_35_segundos:INST_CONTADOR_35|contador_decenas[1]      ; contador_35_segundos:INST_CONTADOR_35|contador_unidades[2]     ; divisor_frecuencia:INST_DIVISOR|reloj_1hz_reg ; divisor_frecuencia:INST_DIVISOR|reloj_1hz_reg ; 1.000        ; -0.062     ; 1.908      ;
; -0.972 ; contador_35_segundos:INST_CONTADOR_35|contador_decenas[1]      ; contador_35_segundos:INST_CONTADOR_35|contador_unidades[1]     ; divisor_frecuencia:INST_DIVISOR|reloj_1hz_reg ; divisor_frecuencia:INST_DIVISOR|reloj_1hz_reg ; 1.000        ; -0.062     ; 1.905      ;
; -0.970 ; contador_35_segundos:INST_CONTADOR_35|contador_decenas[1]      ; contador_35_segundos:INST_CONTADOR_35|contador_unidades[3]     ; divisor_frecuencia:INST_DIVISOR|reloj_1hz_reg ; divisor_frecuencia:INST_DIVISOR|reloj_1hz_reg ; 1.000        ; -0.062     ; 1.903      ;
; -0.969 ; contador_tiempo_extra:INST_CONTADOR_EXTRA|contador_decenas[2]  ; contador_tiempo_extra:INST_CONTADOR_EXTRA|contador_decenas[3]  ; divisor_frecuencia:INST_DIVISOR|reloj_1hz_reg ; divisor_frecuencia:INST_DIVISOR|reloj_1hz_reg ; 1.000        ; -0.061     ; 1.903      ;
; -0.968 ; contador_tiempo_extra:INST_CONTADOR_EXTRA|contador_decenas[2]  ; contador_tiempo_extra:INST_CONTADOR_EXTRA|contador_decenas[2]  ; divisor_frecuencia:INST_DIVISOR|reloj_1hz_reg ; divisor_frecuencia:INST_DIVISOR|reloj_1hz_reg ; 1.000        ; -0.061     ; 1.902      ;
; -0.965 ; contador_tiempo_extra:INST_CONTADOR_EXTRA|contador_decenas[2]  ; contador_tiempo_extra:INST_CONTADOR_EXTRA|contador_decenas[1]  ; divisor_frecuencia:INST_DIVISOR|reloj_1hz_reg ; divisor_frecuencia:INST_DIVISOR|reloj_1hz_reg ; 1.000        ; -0.061     ; 1.899      ;
; -0.944 ; contador_tiempo_extra:INST_CONTADOR_EXTRA|contador_unidades[2] ; contador_tiempo_extra:INST_CONTADOR_EXTRA|contador_decenas[3]  ; divisor_frecuencia:INST_DIVISOR|reloj_1hz_reg ; divisor_frecuencia:INST_DIVISOR|reloj_1hz_reg ; 1.000        ; -0.061     ; 1.878      ;
; -0.943 ; contador_tiempo_extra:INST_CONTADOR_EXTRA|contador_unidades[2] ; contador_tiempo_extra:INST_CONTADOR_EXTRA|contador_decenas[2]  ; divisor_frecuencia:INST_DIVISOR|reloj_1hz_reg ; divisor_frecuencia:INST_DIVISOR|reloj_1hz_reg ; 1.000        ; -0.061     ; 1.877      ;
; -0.941 ; contador_tiempo_extra:INST_CONTADOR_EXTRA|contador_unidades[2] ; contador_tiempo_extra:INST_CONTADOR_EXTRA|contador_decenas[1]  ; divisor_frecuencia:INST_DIVISOR|reloj_1hz_reg ; divisor_frecuencia:INST_DIVISOR|reloj_1hz_reg ; 1.000        ; -0.061     ; 1.875      ;
; -0.938 ; contador_tiempo_extra:INST_CONTADOR_EXTRA|contador_unidades[1] ; contador_tiempo_extra:INST_CONTADOR_EXTRA|contador_decenas[0]  ; divisor_frecuencia:INST_DIVISOR|reloj_1hz_reg ; divisor_frecuencia:INST_DIVISOR|reloj_1hz_reg ; 1.000        ; -0.052     ; 1.881      ;
; -0.927 ; contador_35_segundos:INST_CONTADOR_35|fin_conteo_reg           ; contador_tiempo_extra:INST_CONTADOR_EXTRA|contador_unidades[3] ; divisor_frecuencia:INST_DIVISOR|reloj_1hz_reg ; divisor_frecuencia:INST_DIVISOR|reloj_1hz_reg ; 1.000        ; -0.072     ; 1.850      ;
; -0.926 ; contador_35_segundos:INST_CONTADOR_35|fin_conteo_reg           ; contador_tiempo_extra:INST_CONTADOR_EXTRA|contador_unidades[1] ; divisor_frecuencia:INST_DIVISOR|reloj_1hz_reg ; divisor_frecuencia:INST_DIVISOR|reloj_1hz_reg ; 1.000        ; -0.072     ; 1.849      ;
; -0.926 ; contador_tiempo_extra:INST_CONTADOR_EXTRA|contador_decenas[0]  ; contador_tiempo_extra:INST_CONTADOR_EXTRA|contador_decenas[3]  ; divisor_frecuencia:INST_DIVISOR|reloj_1hz_reg ; divisor_frecuencia:INST_DIVISOR|reloj_1hz_reg ; 1.000        ; -0.071     ; 1.850      ;
; -0.925 ; contador_tiempo_extra:INST_CONTADOR_EXTRA|contador_decenas[0]  ; contador_tiempo_extra:INST_CONTADOR_EXTRA|contador_decenas[2]  ; divisor_frecuencia:INST_DIVISOR|reloj_1hz_reg ; divisor_frecuencia:INST_DIVISOR|reloj_1hz_reg ; 1.000        ; -0.071     ; 1.849      ;
; -0.923 ; contador_tiempo_extra:INST_CONTADOR_EXTRA|contador_decenas[0]  ; contador_tiempo_extra:INST_CONTADOR_EXTRA|contador_decenas[1]  ; divisor_frecuencia:INST_DIVISOR|reloj_1hz_reg ; divisor_frecuencia:INST_DIVISOR|reloj_1hz_reg ; 1.000        ; -0.071     ; 1.847      ;
; -0.921 ; contador_35_segundos:INST_CONTADOR_35|fin_conteo_reg           ; contador_tiempo_extra:INST_CONTADOR_EXTRA|contador_unidades[2] ; divisor_frecuencia:INST_DIVISOR|reloj_1hz_reg ; divisor_frecuencia:INST_DIVISOR|reloj_1hz_reg ; 1.000        ; -0.072     ; 1.844      ;
; -0.903 ; contador_tiempo_extra:INST_CONTADOR_EXTRA|contador_unidades[1] ; contador_tiempo_extra:INST_CONTADOR_EXTRA|contador_unidades[2] ; divisor_frecuencia:INST_DIVISOR|reloj_1hz_reg ; divisor_frecuencia:INST_DIVISOR|reloj_1hz_reg ; 1.000        ; -0.061     ; 1.837      ;
; -0.898 ; contador_tiempo_extra:INST_CONTADOR_EXTRA|contador_unidades[0] ; contador_tiempo_extra:INST_CONTADOR_EXTRA|contador_decenas[3]  ; divisor_frecuencia:INST_DIVISOR|reloj_1hz_reg ; divisor_frecuencia:INST_DIVISOR|reloj_1hz_reg ; 1.000        ; -0.061     ; 1.832      ;
; -0.897 ; contador_tiempo_extra:INST_CONTADOR_EXTRA|contador_unidades[0] ; contador_tiempo_extra:INST_CONTADOR_EXTRA|contador_decenas[2]  ; divisor_frecuencia:INST_DIVISOR|reloj_1hz_reg ; divisor_frecuencia:INST_DIVISOR|reloj_1hz_reg ; 1.000        ; -0.061     ; 1.831      ;
; -0.894 ; contador_tiempo_extra:INST_CONTADOR_EXTRA|contador_unidades[0] ; contador_tiempo_extra:INST_CONTADOR_EXTRA|contador_decenas[1]  ; divisor_frecuencia:INST_DIVISOR|reloj_1hz_reg ; divisor_frecuencia:INST_DIVISOR|reloj_1hz_reg ; 1.000        ; -0.061     ; 1.828      ;
; -0.861 ; contador_tiempo_extra:INST_CONTADOR_EXTRA|contador_decenas[2]  ; contador_tiempo_extra:INST_CONTADOR_EXTRA|contador_unidades[0] ; divisor_frecuencia:INST_DIVISOR|reloj_1hz_reg ; divisor_frecuencia:INST_DIVISOR|reloj_1hz_reg ; 1.000        ; -0.061     ; 1.795      ;
; -0.852 ; contador_tiempo_extra:INST_CONTADOR_EXTRA|contador_decenas[3]  ; contador_tiempo_extra:INST_CONTADOR_EXTRA|contador_decenas[3]  ; divisor_frecuencia:INST_DIVISOR|reloj_1hz_reg ; divisor_frecuencia:INST_DIVISOR|reloj_1hz_reg ; 1.000        ; -0.061     ; 1.786      ;
; -0.851 ; contador_tiempo_extra:INST_CONTADOR_EXTRA|contador_decenas[3]  ; contador_tiempo_extra:INST_CONTADOR_EXTRA|contador_decenas[2]  ; divisor_frecuencia:INST_DIVISOR|reloj_1hz_reg ; divisor_frecuencia:INST_DIVISOR|reloj_1hz_reg ; 1.000        ; -0.061     ; 1.785      ;
; -0.849 ; contador_tiempo_extra:INST_CONTADOR_EXTRA|contador_decenas[3]  ; contador_tiempo_extra:INST_CONTADOR_EXTRA|contador_decenas[1]  ; divisor_frecuencia:INST_DIVISOR|reloj_1hz_reg ; divisor_frecuencia:INST_DIVISOR|reloj_1hz_reg ; 1.000        ; -0.061     ; 1.783      ;
; -0.840 ; contador_tiempo_extra:INST_CONTADOR_EXTRA|contador_decenas[0]  ; contador_tiempo_extra:INST_CONTADOR_EXTRA|contador_unidades[0] ; divisor_frecuencia:INST_DIVISOR|reloj_1hz_reg ; divisor_frecuencia:INST_DIVISOR|reloj_1hz_reg ; 1.000        ; -0.071     ; 1.764      ;
; -0.837 ; contador_tiempo_extra:INST_CONTADOR_EXTRA|contador_decenas[1]  ; contador_tiempo_extra:INST_CONTADOR_EXTRA|contador_decenas[0]  ; divisor_frecuencia:INST_DIVISOR|reloj_1hz_reg ; divisor_frecuencia:INST_DIVISOR|reloj_1hz_reg ; 1.000        ; -0.052     ; 1.780      ;
; -0.830 ; contador_35_segundos:INST_CONTADOR_35|contador_unidades[2]     ; contador_35_segundos:INST_CONTADOR_35|contador_unidades[0]     ; divisor_frecuencia:INST_DIVISOR|reloj_1hz_reg ; divisor_frecuencia:INST_DIVISOR|reloj_1hz_reg ; 1.000        ; -0.062     ; 1.763      ;
; -0.823 ; contador_35_segundos:INST_CONTADOR_35|contador_unidades[3]     ; contador_35_segundos:INST_CONTADOR_35|contador_unidades[2]     ; divisor_frecuencia:INST_DIVISOR|reloj_1hz_reg ; divisor_frecuencia:INST_DIVISOR|reloj_1hz_reg ; 1.000        ; -0.062     ; 1.756      ;
; -0.822 ; contador_35_segundos:INST_CONTADOR_35|fin_conteo_reg           ; contador_tiempo_extra:INST_CONTADOR_EXTRA|contador_unidades[0] ; divisor_frecuencia:INST_DIVISOR|reloj_1hz_reg ; divisor_frecuencia:INST_DIVISOR|reloj_1hz_reg ; 1.000        ; -0.072     ; 1.745      ;
; -0.820 ; contador_35_segundos:INST_CONTADOR_35|contador_unidades[3]     ; contador_35_segundos:INST_CONTADOR_35|contador_unidades[1]     ; divisor_frecuencia:INST_DIVISOR|reloj_1hz_reg ; divisor_frecuencia:INST_DIVISOR|reloj_1hz_reg ; 1.000        ; -0.062     ; 1.753      ;
; -0.818 ; contador_35_segundos:INST_CONTADOR_35|contador_unidades[3]     ; contador_35_segundos:INST_CONTADOR_35|contador_unidades[3]     ; divisor_frecuencia:INST_DIVISOR|reloj_1hz_reg ; divisor_frecuencia:INST_DIVISOR|reloj_1hz_reg ; 1.000        ; -0.062     ; 1.751      ;
; -0.804 ; contador_35_segundos:INST_CONTADOR_35|fin_conteo_reg           ; contador_35_segundos:INST_CONTADOR_35|contador_unidades[0]     ; divisor_frecuencia:INST_DIVISOR|reloj_1hz_reg ; divisor_frecuencia:INST_DIVISOR|reloj_1hz_reg ; 1.000        ; -0.072     ; 1.727      ;
; -0.803 ; contador_35_segundos:INST_CONTADOR_35|fin_conteo_reg           ; contador_tiempo_extra:INST_CONTADOR_EXTRA|contador_decenas[3]  ; divisor_frecuencia:INST_DIVISOR|reloj_1hz_reg ; divisor_frecuencia:INST_DIVISOR|reloj_1hz_reg ; 1.000        ; -0.072     ; 1.726      ;
; -0.802 ; contador_35_segundos:INST_CONTADOR_35|fin_conteo_reg           ; contador_tiempo_extra:INST_CONTADOR_EXTRA|contador_decenas[2]  ; divisor_frecuencia:INST_DIVISOR|reloj_1hz_reg ; divisor_frecuencia:INST_DIVISOR|reloj_1hz_reg ; 1.000        ; -0.072     ; 1.725      ;
; -0.799 ; contador_35_segundos:INST_CONTADOR_35|fin_conteo_reg           ; contador_tiempo_extra:INST_CONTADOR_EXTRA|contador_decenas[1]  ; divisor_frecuencia:INST_DIVISOR|reloj_1hz_reg ; divisor_frecuencia:INST_DIVISOR|reloj_1hz_reg ; 1.000        ; -0.072     ; 1.722      ;
; -0.798 ; contador_tiempo_extra:INST_CONTADOR_EXTRA|contador_decenas[2]  ; contador_tiempo_extra:INST_CONTADOR_EXTRA|contador_unidades[3] ; divisor_frecuencia:INST_DIVISOR|reloj_1hz_reg ; divisor_frecuencia:INST_DIVISOR|reloj_1hz_reg ; 1.000        ; -0.061     ; 1.732      ;
; -0.797 ; contador_tiempo_extra:INST_CONTADOR_EXTRA|contador_decenas[2]  ; contador_tiempo_extra:INST_CONTADOR_EXTRA|contador_unidades[1] ; divisor_frecuencia:INST_DIVISOR|reloj_1hz_reg ; divisor_frecuencia:INST_DIVISOR|reloj_1hz_reg ; 1.000        ; -0.061     ; 1.731      ;
; -0.792 ; contador_tiempo_extra:INST_CONTADOR_EXTRA|contador_decenas[2]  ; contador_tiempo_extra:INST_CONTADOR_EXTRA|contador_unidades[2] ; divisor_frecuencia:INST_DIVISOR|reloj_1hz_reg ; divisor_frecuencia:INST_DIVISOR|reloj_1hz_reg ; 1.000        ; -0.061     ; 1.726      ;
; -0.782 ; contador_35_segundos:INST_CONTADOR_35|contador_unidades[1]     ; contador_35_segundos:INST_CONTADOR_35|contador_unidades[1]     ; divisor_frecuencia:INST_DIVISOR|reloj_1hz_reg ; divisor_frecuencia:INST_DIVISOR|reloj_1hz_reg ; 1.000        ; -0.062     ; 1.715      ;
; -0.774 ; contador_35_segundos:INST_CONTADOR_35|contador_unidades[1]     ; contador_35_segundos:INST_CONTADOR_35|contador_unidades[2]     ; divisor_frecuencia:INST_DIVISOR|reloj_1hz_reg ; divisor_frecuencia:INST_DIVISOR|reloj_1hz_reg ; 1.000        ; -0.062     ; 1.707      ;
; -0.769 ; contador_35_segundos:INST_CONTADOR_35|contador_unidades[1]     ; contador_35_segundos:INST_CONTADOR_35|contador_unidades[3]     ; divisor_frecuencia:INST_DIVISOR|reloj_1hz_reg ; divisor_frecuencia:INST_DIVISOR|reloj_1hz_reg ; 1.000        ; -0.062     ; 1.702      ;
; -0.767 ; contador_35_segundos:INST_CONTADOR_35|contador_unidades[3]     ; contador_35_segundos:INST_CONTADOR_35|fin_conteo_reg           ; divisor_frecuencia:INST_DIVISOR|reloj_1hz_reg ; divisor_frecuencia:INST_DIVISOR|reloj_1hz_reg ; 1.000        ; -0.052     ; 1.710      ;
; -0.766 ; contador_tiempo_extra:INST_CONTADOR_EXTRA|contador_decenas[3]  ; contador_tiempo_extra:INST_CONTADOR_EXTRA|contador_unidades[3] ; divisor_frecuencia:INST_DIVISOR|reloj_1hz_reg ; divisor_frecuencia:INST_DIVISOR|reloj_1hz_reg ; 1.000        ; -0.061     ; 1.700      ;
; -0.766 ; contador_tiempo_extra:INST_CONTADOR_EXTRA|contador_decenas[3]  ; contador_tiempo_extra:INST_CONTADOR_EXTRA|contador_unidades[1] ; divisor_frecuencia:INST_DIVISOR|reloj_1hz_reg ; divisor_frecuencia:INST_DIVISOR|reloj_1hz_reg ; 1.000        ; -0.061     ; 1.700      ;
; -0.766 ; contador_tiempo_extra:INST_CONTADOR_EXTRA|contador_decenas[3]  ; contador_tiempo_extra:INST_CONTADOR_EXTRA|contador_unidades[0] ; divisor_frecuencia:INST_DIVISOR|reloj_1hz_reg ; divisor_frecuencia:INST_DIVISOR|reloj_1hz_reg ; 1.000        ; -0.061     ; 1.700      ;
; -0.762 ; contador_tiempo_extra:INST_CONTADOR_EXTRA|contador_decenas[3]  ; contador_tiempo_extra:INST_CONTADOR_EXTRA|contador_unidades[2] ; divisor_frecuencia:INST_DIVISOR|reloj_1hz_reg ; divisor_frecuencia:INST_DIVISOR|reloj_1hz_reg ; 1.000        ; -0.061     ; 1.696      ;
; -0.745 ; contador_35_segundos:INST_CONTADOR_35|contador_decenas[1]      ; contador_35_segundos:INST_CONTADOR_35|contador_unidades[0]     ; divisor_frecuencia:INST_DIVISOR|reloj_1hz_reg ; divisor_frecuencia:INST_DIVISOR|reloj_1hz_reg ; 1.000        ; -0.062     ; 1.678      ;
; -0.718 ; contador_35_segundos:INST_CONTADOR_35|contador_unidades[0]     ; contador_35_segundos:INST_CONTADOR_35|contador_unidades[1]     ; divisor_frecuencia:INST_DIVISOR|reloj_1hz_reg ; divisor_frecuencia:INST_DIVISOR|reloj_1hz_reg ; 1.000        ; -0.061     ; 1.652      ;
; -0.718 ; contador_35_segundos:INST_CONTADOR_35|contador_unidades[1]     ; contador_35_segundos:INST_CONTADOR_35|fin_conteo_reg           ; divisor_frecuencia:INST_DIVISOR|reloj_1hz_reg ; divisor_frecuencia:INST_DIVISOR|reloj_1hz_reg ; 1.000        ; -0.052     ; 1.661      ;
; -0.684 ; contador_tiempo_extra:INST_CONTADOR_EXTRA|contador_decenas[2]  ; contador_tiempo_extra:INST_CONTADOR_EXTRA|contador_decenas[0]  ; divisor_frecuencia:INST_DIVISOR|reloj_1hz_reg ; divisor_frecuencia:INST_DIVISOR|reloj_1hz_reg ; 1.000        ; -0.052     ; 1.627      ;
; -0.675 ; contador_tiempo_extra:INST_CONTADOR_EXTRA|contador_unidades[1] ; contador_tiempo_extra:INST_CONTADOR_EXTRA|contador_decenas[3]  ; divisor_frecuencia:INST_DIVISOR|reloj_1hz_reg ; divisor_frecuencia:INST_DIVISOR|reloj_1hz_reg ; 1.000        ; -0.061     ; 1.609      ;
; -0.674 ; contador_tiempo_extra:INST_CONTADOR_EXTRA|contador_unidades[1] ; contador_tiempo_extra:INST_CONTADOR_EXTRA|contador_decenas[2]  ; divisor_frecuencia:INST_DIVISOR|reloj_1hz_reg ; divisor_frecuencia:INST_DIVISOR|reloj_1hz_reg ; 1.000        ; -0.061     ; 1.608      ;
; -0.672 ; contador_35_segundos:INST_CONTADOR_35|fin_conteo_reg           ; contador_35_segundos:INST_CONTADOR_35|contador_decenas[1]      ; divisor_frecuencia:INST_DIVISOR|reloj_1hz_reg ; divisor_frecuencia:INST_DIVISOR|reloj_1hz_reg ; 1.000        ; -0.072     ; 1.595      ;
; -0.672 ; contador_tiempo_extra:INST_CONTADOR_EXTRA|contador_unidades[1] ; contador_tiempo_extra:INST_CONTADOR_EXTRA|contador_decenas[1]  ; divisor_frecuencia:INST_DIVISOR|reloj_1hz_reg ; divisor_frecuencia:INST_DIVISOR|reloj_1hz_reg ; 1.000        ; -0.061     ; 1.606      ;
; -0.667 ; contador_35_segundos:INST_CONTADOR_35|contador_unidades[0]     ; contador_35_segundos:INST_CONTADOR_35|contador_unidades[3]     ; divisor_frecuencia:INST_DIVISOR|reloj_1hz_reg ; divisor_frecuencia:INST_DIVISOR|reloj_1hz_reg ; 1.000        ; -0.061     ; 1.601      ;
; -0.665 ; contador_tiempo_extra:INST_CONTADOR_EXTRA|contador_decenas[0]  ; contador_tiempo_extra:INST_CONTADOR_EXTRA|contador_decenas[0]  ; divisor_frecuencia:INST_DIVISOR|reloj_1hz_reg ; divisor_frecuencia:INST_DIVISOR|reloj_1hz_reg ; 1.000        ; -0.062     ; 1.598      ;
; -0.660 ; contador_35_segundos:INST_CONTADOR_35|contador_unidades[2]     ; contador_35_segundos:INST_CONTADOR_35|contador_decenas[1]      ; divisor_frecuencia:INST_DIVISOR|reloj_1hz_reg ; divisor_frecuencia:INST_DIVISOR|reloj_1hz_reg ; 1.000        ; -0.062     ; 1.593      ;
; -0.654 ; contador_35_segundos:INST_CONTADOR_35|contador_unidades[1]     ; contador_35_segundos:INST_CONTADOR_35|contador_decenas[1]      ; divisor_frecuencia:INST_DIVISOR|reloj_1hz_reg ; divisor_frecuencia:INST_DIVISOR|reloj_1hz_reg ; 1.000        ; -0.062     ; 1.587      ;
; -0.632 ; contador_35_segundos:INST_CONTADOR_35|fin_conteo_reg           ; contador_tiempo_extra:INST_CONTADOR_EXTRA|contador_decenas[0]  ; divisor_frecuencia:INST_DIVISOR|reloj_1hz_reg ; divisor_frecuencia:INST_DIVISOR|reloj_1hz_reg ; 1.000        ; -0.063     ; 1.564      ;
; -0.599 ; contador_35_segundos:INST_CONTADOR_35|contador_unidades[0]     ; contador_35_segundos:INST_CONTADOR_35|contador_decenas[1]      ; divisor_frecuencia:INST_DIVISOR|reloj_1hz_reg ; divisor_frecuencia:INST_DIVISOR|reloj_1hz_reg ; 1.000        ; -0.061     ; 1.533      ;
; -0.591 ; contador_tiempo_extra:INST_CONTADOR_EXTRA|contador_decenas[3]  ; contador_tiempo_extra:INST_CONTADOR_EXTRA|contador_decenas[0]  ; divisor_frecuencia:INST_DIVISOR|reloj_1hz_reg ; divisor_frecuencia:INST_DIVISOR|reloj_1hz_reg ; 1.000        ; -0.052     ; 1.534      ;
; -0.590 ; contador_35_segundos:INST_CONTADOR_35|contador_unidades[0]     ; contador_35_segundos:INST_CONTADOR_35|fin_conteo_reg           ; divisor_frecuencia:INST_DIVISOR|reloj_1hz_reg ; divisor_frecuencia:INST_DIVISOR|reloj_1hz_reg ; 1.000        ; -0.051     ; 1.534      ;
; -0.588 ; contador_35_segundos:INST_CONTADOR_35|contador_unidades[0]     ; contador_35_segundos:INST_CONTADOR_35|contador_unidades[2]     ; divisor_frecuencia:INST_DIVISOR|reloj_1hz_reg ; divisor_frecuencia:INST_DIVISOR|reloj_1hz_reg ; 1.000        ; -0.061     ; 1.522      ;
+--------+----------------------------------------------------------------+----------------------------------------------------------------+-----------------------------------------------+-----------------------------------------------+--------------+------------+------------+


+-------------------------------------------------------------------------------------------------------------------------------------------------------------------------------------------------------------------------------------------------------------+
; Slow 1200mV 85C Model Hold: 'CLOCK_50'                                                                                                                                                                                                                      ;
+--------+----------------------------------------------------------------------+----------------------------------------------------------------------+-----------------------------------------------+-------------+--------------+------------+------------+
; Slack  ; From Node                                                            ; To Node                                                              ; Launch Clock                                  ; Latch Clock ; Relationship ; Clock Skew ; Data Delay ;
+--------+----------------------------------------------------------------------+----------------------------------------------------------------------+-----------------------------------------------+-------------+--------------+------------+------------+
; -0.040 ; divisor_frecuencia:INST_DIVISOR|reloj_1hz_reg                        ; divisor_frecuencia:INST_DIVISOR|reloj_1hz_reg                        ; divisor_frecuencia:INST_DIVISOR|reloj_1hz_reg ; CLOCK_50    ; 0.000        ; 2.428      ; 2.774      ;
; 0.358  ; detector_ocupacion:INST_DETECTOR_OCUPACION|estado_felicitacion       ; detector_ocupacion:INST_DETECTOR_OCUPACION|estado_felicitacion       ; CLOCK_50                                      ; CLOCK_50    ; 0.000        ; 0.062      ; 0.577      ;
; 0.358  ; detector_ocupacion:INST_DETECTOR_OCUPACION|contando_felicitacion     ; detector_ocupacion:INST_DETECTOR_OCUPACION|contando_felicitacion     ; CLOCK_50                                      ; CLOCK_50    ; 0.000        ; 0.062      ; 0.577      ;
; 0.390  ; divisor_frecuencia:INST_DIVISOR|contador_ciclos[25]                  ; divisor_frecuencia:INST_DIVISOR|contador_ciclos[25]                  ; CLOCK_50                                      ; CLOCK_50    ; 0.000        ; 0.062      ; 0.609      ;
; 0.492  ; divisor_frecuencia:INST_DIVISOR|reloj_1hz_reg                        ; divisor_frecuencia:INST_DIVISOR|reloj_1hz_reg                        ; divisor_frecuencia:INST_DIVISOR|reloj_1hz_reg ; CLOCK_50    ; -0.500       ; 2.428      ; 2.806      ;
; 0.518  ; detector_ocupacion:INST_DETECTOR_OCUPACION|salida_sinc1              ; detector_ocupacion:INST_DETECTOR_OCUPACION|salida_sinc2              ; CLOCK_50                                      ; CLOCK_50    ; 0.000        ; 0.062      ; 0.737      ;
; 0.526  ; detector_ocupacion:INST_DETECTOR_OCUPACION|salida_sinc2              ; detector_ocupacion:INST_DETECTOR_OCUPACION|salida_anterior           ; CLOCK_50                                      ; CLOCK_50    ; 0.000        ; 0.062      ; 0.745      ;
; 0.548  ; detector_ocupacion:INST_DETECTOR_OCUPACION|contador_felicitacion[1]  ; detector_ocupacion:INST_DETECTOR_OCUPACION|contador_felicitacion[1]  ; CLOCK_50                                      ; CLOCK_50    ; 0.000        ; 0.062      ; 0.767      ;
; 0.549  ; detector_ocupacion:INST_DETECTOR_OCUPACION|contador_felicitacion[3]  ; detector_ocupacion:INST_DETECTOR_OCUPACION|contador_felicitacion[3]  ; CLOCK_50                                      ; CLOCK_50    ; 0.000        ; 0.062      ; 0.768      ;
; 0.550  ; detector_ocupacion:INST_DETECTOR_OCUPACION|contador_felicitacion[4]  ; detector_ocupacion:INST_DETECTOR_OCUPACION|contador_felicitacion[4]  ; CLOCK_50                                      ; CLOCK_50    ; 0.000        ; 0.062      ; 0.769      ;
; 0.552  ; detector_ocupacion:INST_DETECTOR_OCUPACION|contador_felicitacion[5]  ; detector_ocupacion:INST_DETECTOR_OCUPACION|contador_felicitacion[5]  ; CLOCK_50                                      ; CLOCK_50    ; 0.000        ; 0.062      ; 0.771      ;
; 0.553  ; detector_ocupacion:INST_DETECTOR_OCUPACION|contador_felicitacion[2]  ; detector_ocupacion:INST_DETECTOR_OCUPACION|contador_felicitacion[2]  ; CLOCK_50                                      ; CLOCK_50    ; 0.000        ; 0.062      ; 0.772      ;
; 0.554  ; detector_ocupacion:INST_DETECTOR_OCUPACION|contador_felicitacion[6]  ; detector_ocupacion:INST_DETECTOR_OCUPACION|contador_felicitacion[6]  ; CLOCK_50                                      ; CLOCK_50    ; 0.000        ; 0.062      ; 0.773      ;
; 0.556  ; detector_ocupacion:INST_DETECTOR_OCUPACION|contador_felicitacion[17] ; detector_ocupacion:INST_DETECTOR_OCUPACION|contador_felicitacion[17] ; CLOCK_50                                      ; CLOCK_50    ; 0.000        ; 0.062      ; 0.775      ;
; 0.557  ; detector_ocupacion:INST_DETECTOR_OCUPACION|contador_felicitacion[19] ; detector_ocupacion:INST_DETECTOR_OCUPACION|contador_felicitacion[19] ; CLOCK_50                                      ; CLOCK_50    ; 0.000        ; 0.062      ; 0.776      ;
; 0.557  ; divisor_frecuencia:INST_DIVISOR|contador_ciclos[9]                   ; divisor_frecuencia:INST_DIVISOR|contador_ciclos[9]                   ; CLOCK_50                                      ; CLOCK_50    ; 0.000        ; 0.062      ; 0.776      ;
; 0.557  ; divisor_frecuencia:INST_DIVISOR|contador_ciclos[8]                   ; divisor_frecuencia:INST_DIVISOR|contador_ciclos[8]                   ; CLOCK_50                                      ; CLOCK_50    ; 0.000        ; 0.062      ; 0.776      ;
; 0.559  ; detector_ocupacion:INST_DETECTOR_OCUPACION|contador_felicitacion[20] ; detector_ocupacion:INST_DETECTOR_OCUPACION|contador_felicitacion[20] ; CLOCK_50                                      ; CLOCK_50    ; 0.000        ; 0.062      ; 0.778      ;
; 0.560  ; detector_ocupacion:INST_DETECTOR_OCUPACION|contador_felicitacion[23] ; detector_ocupacion:INST_DETECTOR_OCUPACION|contador_felicitacion[23] ; CLOCK_50                                      ; CLOCK_50    ; 0.000        ; 0.062      ; 0.779      ;
; 0.561  ; detector_ocupacion:INST_DETECTOR_OCUPACION|contador_felicitacion[18] ; detector_ocupacion:INST_DETECTOR_OCUPACION|contador_felicitacion[18] ; CLOCK_50                                      ; CLOCK_50    ; 0.000        ; 0.062      ; 0.780      ;
; 0.561  ; detector_ocupacion:INST_DETECTOR_OCUPACION|contador_felicitacion[21] ; detector_ocupacion:INST_DETECTOR_OCUPACION|contador_felicitacion[21] ; CLOCK_50                                      ; CLOCK_50    ; 0.000        ; 0.062      ; 0.780      ;
; 0.563  ; detector_ocupacion:INST_DETECTOR_OCUPACION|contador_felicitacion[22] ; detector_ocupacion:INST_DETECTOR_OCUPACION|contador_felicitacion[22] ; CLOCK_50                                      ; CLOCK_50    ; 0.000        ; 0.062      ; 0.782      ;
; 0.568  ; detector_ocupacion:INST_DETECTOR_OCUPACION|contador_felicitacion[11] ; detector_ocupacion:INST_DETECTOR_OCUPACION|contador_felicitacion[11] ; CLOCK_50                                      ; CLOCK_50    ; 0.000        ; 0.062      ; 0.787      ;
; 0.568  ; detector_ocupacion:INST_DETECTOR_OCUPACION|contador_felicitacion[13] ; detector_ocupacion:INST_DETECTOR_OCUPACION|contador_felicitacion[13] ; CLOCK_50                                      ; CLOCK_50    ; 0.000        ; 0.062      ; 0.787      ;
; 0.569  ; divisor_frecuencia:INST_DIVISOR|contador_ciclos[10]                  ; divisor_frecuencia:INST_DIVISOR|contador_ciclos[10]                  ; CLOCK_50                                      ; CLOCK_50    ; 0.000        ; 0.062      ; 0.788      ;
; 0.569  ; divisor_frecuencia:INST_DIVISOR|contador_ciclos[3]                   ; divisor_frecuencia:INST_DIVISOR|contador_ciclos[3]                   ; CLOCK_50                                      ; CLOCK_50    ; 0.000        ; 0.062      ; 0.788      ;
; 0.570  ; detector_ocupacion:INST_DETECTOR_OCUPACION|contador_felicitacion[15] ; detector_ocupacion:INST_DETECTOR_OCUPACION|contador_felicitacion[15] ; CLOCK_50                                      ; CLOCK_50    ; 0.000        ; 0.062      ; 0.789      ;
; 0.570  ; detector_ocupacion:INST_DETECTOR_OCUPACION|contador_felicitacion[25] ; detector_ocupacion:INST_DETECTOR_OCUPACION|contador_felicitacion[25] ; CLOCK_50                                      ; CLOCK_50    ; 0.000        ; 0.062      ; 0.789      ;
; 0.570  ; detector_ocupacion:INST_DETECTOR_OCUPACION|contador_felicitacion[27] ; detector_ocupacion:INST_DETECTOR_OCUPACION|contador_felicitacion[27] ; CLOCK_50                                      ; CLOCK_50    ; 0.000        ; 0.062      ; 0.789      ;
; 0.570  ; divisor_frecuencia:INST_DIVISOR|contador_ciclos[15]                  ; divisor_frecuencia:INST_DIVISOR|contador_ciclos[15]                  ; CLOCK_50                                      ; CLOCK_50    ; 0.000        ; 0.062      ; 0.789      ;
; 0.570  ; divisor_frecuencia:INST_DIVISOR|contador_ciclos[2]                   ; divisor_frecuencia:INST_DIVISOR|contador_ciclos[2]                   ; CLOCK_50                                      ; CLOCK_50    ; 0.000        ; 0.062      ; 0.789      ;
; 0.571  ; detector_ocupacion:INST_DETECTOR_OCUPACION|contador_felicitacion[14] ; detector_ocupacion:INST_DETECTOR_OCUPACION|contador_felicitacion[14] ; CLOCK_50                                      ; CLOCK_50    ; 0.000        ; 0.062      ; 0.790      ;
; 0.571  ; divisor_frecuencia:INST_DIVISOR|contador_ciclos[17]                  ; divisor_frecuencia:INST_DIVISOR|contador_ciclos[17]                  ; CLOCK_50                                      ; CLOCK_50    ; 0.000        ; 0.062      ; 0.790      ;
; 0.571  ; divisor_frecuencia:INST_DIVISOR|contador_ciclos[7]                   ; divisor_frecuencia:INST_DIVISOR|contador_ciclos[7]                   ; CLOCK_50                                      ; CLOCK_50    ; 0.000        ; 0.062      ; 0.790      ;
; 0.571  ; divisor_frecuencia:INST_DIVISOR|contador_ciclos[5]                   ; divisor_frecuencia:INST_DIVISOR|contador_ciclos[5]                   ; CLOCK_50                                      ; CLOCK_50    ; 0.000        ; 0.062      ; 0.790      ;
; 0.571  ; divisor_frecuencia:INST_DIVISOR|contador_ciclos[1]                   ; divisor_frecuencia:INST_DIVISOR|contador_ciclos[1]                   ; CLOCK_50                                      ; CLOCK_50    ; 0.000        ; 0.062      ; 0.790      ;
; 0.572  ; detector_ocupacion:INST_DETECTOR_OCUPACION|contador_felicitacion[0]  ; detector_ocupacion:INST_DETECTOR_OCUPACION|contador_felicitacion[0]  ; CLOCK_50                                      ; CLOCK_50    ; 0.000        ; 0.062      ; 0.791      ;
; 0.572  ; detector_ocupacion:INST_DETECTOR_OCUPACION|contador_felicitacion[12] ; detector_ocupacion:INST_DETECTOR_OCUPACION|contador_felicitacion[12] ; CLOCK_50                                      ; CLOCK_50    ; 0.000        ; 0.062      ; 0.791      ;
; 0.572  ; divisor_frecuencia:INST_DIVISOR|contador_ciclos[23]                  ; divisor_frecuencia:INST_DIVISOR|contador_ciclos[23]                  ; CLOCK_50                                      ; CLOCK_50    ; 0.000        ; 0.062      ; 0.791      ;
; 0.573  ; detector_ocupacion:INST_DETECTOR_OCUPACION|contador_felicitacion[16] ; detector_ocupacion:INST_DETECTOR_OCUPACION|contador_felicitacion[16] ; CLOCK_50                                      ; CLOCK_50    ; 0.000        ; 0.062      ; 0.792      ;
; 0.573  ; divisor_frecuencia:INST_DIVISOR|contador_ciclos[4]                   ; divisor_frecuencia:INST_DIVISOR|contador_ciclos[4]                   ; CLOCK_50                                      ; CLOCK_50    ; 0.000        ; 0.062      ; 0.792      ;
; 0.574  ; detector_ocupacion:INST_DETECTOR_OCUPACION|contador_felicitacion[8]  ; detector_ocupacion:INST_DETECTOR_OCUPACION|contador_felicitacion[8]  ; CLOCK_50                                      ; CLOCK_50    ; 0.000        ; 0.062      ; 0.793      ;
; 0.574  ; detector_ocupacion:INST_DETECTOR_OCUPACION|contador_felicitacion[26] ; detector_ocupacion:INST_DETECTOR_OCUPACION|contador_felicitacion[26] ; CLOCK_50                                      ; CLOCK_50    ; 0.000        ; 0.062      ; 0.793      ;
; 0.575  ; detector_ocupacion:INST_DETECTOR_OCUPACION|contador_felicitacion[24] ; detector_ocupacion:INST_DETECTOR_OCUPACION|contador_felicitacion[24] ; CLOCK_50                                      ; CLOCK_50    ; 0.000        ; 0.062      ; 0.794      ;
; 0.587  ; divisor_frecuencia:INST_DIVISOR|contador_ciclos[0]                   ; divisor_frecuencia:INST_DIVISOR|contador_ciclos[0]                   ; CLOCK_50                                      ; CLOCK_50    ; 0.000        ; 0.062      ; 0.806      ;
; 0.664  ; detector_ocupacion:INST_DETECTOR_OCUPACION|entrada_anterior          ; detector_ocupacion:INST_DETECTOR_OCUPACION|contando_felicitacion     ; CLOCK_50                                      ; CLOCK_50    ; 0.000        ; 0.062      ; 0.883      ;
; 0.665  ; detector_ocupacion:INST_DETECTOR_OCUPACION|entrada_anterior          ; detector_ocupacion:INST_DETECTOR_OCUPACION|estado_felicitacion       ; CLOCK_50                                      ; CLOCK_50    ; 0.000        ; 0.062      ; 0.884      ;
; 0.703  ; detector_ocupacion:INST_DETECTOR_OCUPACION|contador_felicitacion[7]  ; detector_ocupacion:INST_DETECTOR_OCUPACION|contador_felicitacion[7]  ; CLOCK_50                                      ; CLOCK_50    ; 0.000        ; 0.062      ; 0.922      ;
; 0.703  ; detector_ocupacion:INST_DETECTOR_OCUPACION|contador_felicitacion[9]  ; detector_ocupacion:INST_DETECTOR_OCUPACION|contador_felicitacion[9]  ; CLOCK_50                                      ; CLOCK_50    ; 0.000        ; 0.062      ; 0.922      ;
; 0.707  ; detector_ocupacion:INST_DETECTOR_OCUPACION|contador_felicitacion[10] ; detector_ocupacion:INST_DETECTOR_OCUPACION|contador_felicitacion[10] ; CLOCK_50                                      ; CLOCK_50    ; 0.000        ; 0.062      ; 0.926      ;
; 0.823  ; detector_ocupacion:INST_DETECTOR_OCUPACION|contador_felicitacion[1]  ; detector_ocupacion:INST_DETECTOR_OCUPACION|contador_felicitacion[2]  ; CLOCK_50                                      ; CLOCK_50    ; 0.000        ; 0.062      ; 1.042      ;
; 0.824  ; detector_ocupacion:INST_DETECTOR_OCUPACION|contador_felicitacion[3]  ; detector_ocupacion:INST_DETECTOR_OCUPACION|contador_felicitacion[4]  ; CLOCK_50                                      ; CLOCK_50    ; 0.000        ; 0.062      ; 1.043      ;
; 0.826  ; detector_ocupacion:INST_DETECTOR_OCUPACION|contador_felicitacion[5]  ; detector_ocupacion:INST_DETECTOR_OCUPACION|contador_felicitacion[6]  ; CLOCK_50                                      ; CLOCK_50    ; 0.000        ; 0.062      ; 1.045      ;
; 0.831  ; detector_ocupacion:INST_DETECTOR_OCUPACION|contador_felicitacion[17] ; detector_ocupacion:INST_DETECTOR_OCUPACION|contador_felicitacion[18] ; CLOCK_50                                      ; CLOCK_50    ; 0.000        ; 0.062      ; 1.050      ;
; 0.831  ; divisor_frecuencia:INST_DIVISOR|contador_ciclos[9]                   ; divisor_frecuencia:INST_DIVISOR|contador_ciclos[10]                  ; CLOCK_50                                      ; CLOCK_50    ; 0.000        ; 0.062      ; 1.050      ;
; 0.832  ; detector_ocupacion:INST_DETECTOR_OCUPACION|contador_felicitacion[19] ; detector_ocupacion:INST_DETECTOR_OCUPACION|contador_felicitacion[20] ; CLOCK_50                                      ; CLOCK_50    ; 0.000        ; 0.062      ; 1.051      ;
; 0.834  ; detector_ocupacion:INST_DETECTOR_OCUPACION|contador_felicitacion[13] ; detector_ocupacion:INST_DETECTOR_OCUPACION|contador_felicitacion[14] ; CLOCK_50                                      ; CLOCK_50    ; 0.000        ; 0.071      ; 1.062      ;
; 0.834  ; detector_ocupacion:INST_DETECTOR_OCUPACION|contador_felicitacion[23] ; detector_ocupacion:INST_DETECTOR_OCUPACION|contador_felicitacion[24] ; CLOCK_50                                      ; CLOCK_50    ; 0.000        ; 0.062      ; 1.053      ;
; 0.835  ; detector_ocupacion:INST_DETECTOR_OCUPACION|contador_felicitacion[21] ; detector_ocupacion:INST_DETECTOR_OCUPACION|contador_felicitacion[22] ; CLOCK_50                                      ; CLOCK_50    ; 0.000        ; 0.062      ; 1.054      ;
; 0.838  ; detector_ocupacion:INST_DETECTOR_OCUPACION|contador_felicitacion[4]  ; detector_ocupacion:INST_DETECTOR_OCUPACION|contador_felicitacion[5]  ; CLOCK_50                                      ; CLOCK_50    ; 0.000        ; 0.062      ; 1.057      ;
; 0.839  ; detector_ocupacion:INST_DETECTOR_OCUPACION|contador_felicitacion[0]  ; detector_ocupacion:INST_DETECTOR_OCUPACION|contador_felicitacion[1]  ; CLOCK_50                                      ; CLOCK_50    ; 0.000        ; 0.062      ; 1.058      ;
; 0.840  ; detector_ocupacion:INST_DETECTOR_OCUPACION|contador_felicitacion[2]  ; detector_ocupacion:INST_DETECTOR_OCUPACION|contador_felicitacion[3]  ; CLOCK_50                                      ; CLOCK_50    ; 0.000        ; 0.062      ; 1.059      ;
; 0.840  ; detector_ocupacion:INST_DETECTOR_OCUPACION|contador_felicitacion[4]  ; detector_ocupacion:INST_DETECTOR_OCUPACION|contador_felicitacion[6]  ; CLOCK_50                                      ; CLOCK_50    ; 0.000        ; 0.062      ; 1.059      ;
; 0.841  ; detector_ocupacion:INST_DETECTOR_OCUPACION|contador_felicitacion[6]  ; detector_ocupacion:INST_DETECTOR_OCUPACION|contador_felicitacion[7]  ; CLOCK_50                                      ; CLOCK_50    ; 0.000        ; 0.062      ; 1.060      ;
; 0.841  ; detector_ocupacion:INST_DETECTOR_OCUPACION|contador_felicitacion[0]  ; detector_ocupacion:INST_DETECTOR_OCUPACION|contador_felicitacion[2]  ; CLOCK_50                                      ; CLOCK_50    ; 0.000        ; 0.062      ; 1.060      ;
; 0.842  ; detector_ocupacion:INST_DETECTOR_OCUPACION|contador_felicitacion[2]  ; detector_ocupacion:INST_DETECTOR_OCUPACION|contador_felicitacion[4]  ; CLOCK_50                                      ; CLOCK_50    ; 0.000        ; 0.062      ; 1.061      ;
; 0.843  ; detector_ocupacion:INST_DETECTOR_OCUPACION|contador_felicitacion[11] ; detector_ocupacion:INST_DETECTOR_OCUPACION|contador_felicitacion[12] ; CLOCK_50                                      ; CLOCK_50    ; 0.000        ; 0.062      ; 1.062      ;
; 0.843  ; detector_ocupacion:INST_DETECTOR_OCUPACION|contador_felicitacion[6]  ; detector_ocupacion:INST_DETECTOR_OCUPACION|contador_felicitacion[8]  ; CLOCK_50                                      ; CLOCK_50    ; 0.000        ; 0.062      ; 1.062      ;
; 0.844  ; detector_ocupacion:INST_DETECTOR_OCUPACION|contador_felicitacion[15] ; detector_ocupacion:INST_DETECTOR_OCUPACION|contador_felicitacion[16] ; CLOCK_50                                      ; CLOCK_50    ; 0.000        ; 0.062      ; 1.063      ;
; 0.844  ; divisor_frecuencia:INST_DIVISOR|contador_ciclos[3]                   ; divisor_frecuencia:INST_DIVISOR|contador_ciclos[4]                   ; CLOCK_50                                      ; CLOCK_50    ; 0.000        ; 0.062      ; 1.063      ;
; 0.845  ; divisor_frecuencia:INST_DIVISOR|contador_ciclos[7]                   ; divisor_frecuencia:INST_DIVISOR|contador_ciclos[8]                   ; CLOCK_50                                      ; CLOCK_50    ; 0.000        ; 0.062      ; 1.064      ;
; 0.845  ; divisor_frecuencia:INST_DIVISOR|contador_ciclos[1]                   ; divisor_frecuencia:INST_DIVISOR|contador_ciclos[2]                   ; CLOCK_50                                      ; CLOCK_50    ; 0.000        ; 0.062      ; 1.064      ;
; 0.845  ; detector_ocupacion:INST_DETECTOR_OCUPACION|contador_felicitacion[25] ; detector_ocupacion:INST_DETECTOR_OCUPACION|contador_felicitacion[26] ; CLOCK_50                                      ; CLOCK_50    ; 0.000        ; 0.062      ; 1.064      ;
; 0.845  ; divisor_frecuencia:INST_DIVISOR|contador_ciclos[8]                   ; divisor_frecuencia:INST_DIVISOR|contador_ciclos[9]                   ; CLOCK_50                                      ; CLOCK_50    ; 0.000        ; 0.062      ; 1.064      ;
; 0.847  ; detector_ocupacion:INST_DETECTOR_OCUPACION|contador_felicitacion[20] ; detector_ocupacion:INST_DETECTOR_OCUPACION|contador_felicitacion[21] ; CLOCK_50                                      ; CLOCK_50    ; 0.000        ; 0.062      ; 1.066      ;
; 0.847  ; divisor_frecuencia:INST_DIVISOR|contador_ciclos[8]                   ; divisor_frecuencia:INST_DIVISOR|contador_ciclos[10]                  ; CLOCK_50                                      ; CLOCK_50    ; 0.000        ; 0.062      ; 1.066      ;
; 0.848  ; detector_ocupacion:INST_DETECTOR_OCUPACION|contador_felicitacion[18] ; detector_ocupacion:INST_DETECTOR_OCUPACION|contador_felicitacion[19] ; CLOCK_50                                      ; CLOCK_50    ; 0.000        ; 0.062      ; 1.067      ;
; 0.849  ; detector_ocupacion:INST_DETECTOR_OCUPACION|contador_felicitacion[20] ; detector_ocupacion:INST_DETECTOR_OCUPACION|contador_felicitacion[22] ; CLOCK_50                                      ; CLOCK_50    ; 0.000        ; 0.062      ; 1.068      ;
; 0.850  ; detector_ocupacion:INST_DETECTOR_OCUPACION|contador_felicitacion[22] ; detector_ocupacion:INST_DETECTOR_OCUPACION|contador_felicitacion[23] ; CLOCK_50                                      ; CLOCK_50    ; 0.000        ; 0.062      ; 1.069      ;
; 0.850  ; divisor_frecuencia:INST_DIVISOR|contador_ciclos[6]                   ; divisor_frecuencia:INST_DIVISOR|contador_ciclos[7]                   ; CLOCK_50                                      ; CLOCK_50    ; 0.000        ; 0.062      ; 1.069      ;
; 0.850  ; detector_ocupacion:INST_DETECTOR_OCUPACION|contador_felicitacion[18] ; detector_ocupacion:INST_DETECTOR_OCUPACION|contador_felicitacion[20] ; CLOCK_50                                      ; CLOCK_50    ; 0.000        ; 0.062      ; 1.069      ;
; 0.852  ; detector_ocupacion:INST_DETECTOR_OCUPACION|contador_felicitacion[12] ; detector_ocupacion:INST_DETECTOR_OCUPACION|contador_felicitacion[14] ; CLOCK_50                                      ; CLOCK_50    ; 0.000        ; 0.071      ; 1.080      ;
; 0.852  ; detector_ocupacion:INST_DETECTOR_OCUPACION|contador_felicitacion[22] ; detector_ocupacion:INST_DETECTOR_OCUPACION|contador_felicitacion[24] ; CLOCK_50                                      ; CLOCK_50    ; 0.000        ; 0.062      ; 1.071      ;
; 0.852  ; divisor_frecuencia:INST_DIVISOR|contador_ciclos[6]                   ; divisor_frecuencia:INST_DIVISOR|contador_ciclos[8]                   ; CLOCK_50                                      ; CLOCK_50    ; 0.000        ; 0.062      ; 1.071      ;
; 0.856  ; divisor_frecuencia:INST_DIVISOR|contador_ciclos[6]                   ; divisor_frecuencia:INST_DIVISOR|contador_ciclos[6]                   ; CLOCK_50                                      ; CLOCK_50    ; 0.000        ; 0.062      ; 1.075      ;
; 0.857  ; divisor_frecuencia:INST_DIVISOR|contador_ciclos[0]                   ; divisor_frecuencia:INST_DIVISOR|contador_ciclos[1]                   ; CLOCK_50                                      ; CLOCK_50    ; 0.000        ; 0.062      ; 1.076      ;
; 0.858  ; divisor_frecuencia:INST_DIVISOR|contador_ciclos[2]                   ; divisor_frecuencia:INST_DIVISOR|contador_ciclos[3]                   ; CLOCK_50                                      ; CLOCK_50    ; 0.000        ; 0.062      ; 1.077      ;
; 0.858  ; detector_ocupacion:INST_DETECTOR_OCUPACION|contador_felicitacion[14] ; detector_ocupacion:INST_DETECTOR_OCUPACION|contador_felicitacion[15] ; CLOCK_50                                      ; CLOCK_50    ; 0.000        ; 0.062      ; 1.077      ;
; 0.858  ; divisor_frecuencia:INST_DIVISOR|contador_ciclos[22]                  ; divisor_frecuencia:INST_DIVISOR|contador_ciclos[23]                  ; CLOCK_50                                      ; CLOCK_50    ; 0.000        ; 0.062      ; 1.077      ;
; 0.859  ; detector_ocupacion:INST_DETECTOR_OCUPACION|contador_felicitacion[12] ; detector_ocupacion:INST_DETECTOR_OCUPACION|contador_felicitacion[13] ; CLOCK_50                                      ; CLOCK_50    ; 0.000        ; 0.062      ; 1.078      ;
; 0.859  ; divisor_frecuencia:INST_DIVISOR|contador_ciclos[0]                   ; divisor_frecuencia:INST_DIVISOR|contador_ciclos[2]                   ; CLOCK_50                                      ; CLOCK_50    ; 0.000        ; 0.062      ; 1.078      ;
; 0.860  ; detector_ocupacion:INST_DETECTOR_OCUPACION|contador_felicitacion[16] ; detector_ocupacion:INST_DETECTOR_OCUPACION|contador_felicitacion[17] ; CLOCK_50                                      ; CLOCK_50    ; 0.000        ; 0.062      ; 1.079      ;
; 0.860  ; divisor_frecuencia:INST_DIVISOR|contador_ciclos[4]                   ; divisor_frecuencia:INST_DIVISOR|contador_ciclos[5]                   ; CLOCK_50                                      ; CLOCK_50    ; 0.000        ; 0.062      ; 1.079      ;
; 0.860  ; detector_ocupacion:INST_DETECTOR_OCUPACION|contador_felicitacion[14] ; detector_ocupacion:INST_DETECTOR_OCUPACION|contador_felicitacion[16] ; CLOCK_50                                      ; CLOCK_50    ; 0.000        ; 0.062      ; 1.079      ;
; 0.860  ; divisor_frecuencia:INST_DIVISOR|contador_ciclos[2]                   ; divisor_frecuencia:INST_DIVISOR|contador_ciclos[4]                   ; CLOCK_50                                      ; CLOCK_50    ; 0.000        ; 0.062      ; 1.079      ;
; 0.861  ; divisor_frecuencia:INST_DIVISOR|contador_ciclos[22]                  ; divisor_frecuencia:INST_DIVISOR|contador_ciclos[22]                  ; CLOCK_50                                      ; CLOCK_50    ; 0.000        ; 0.062      ; 1.080      ;
; 0.861  ; detector_ocupacion:INST_DETECTOR_OCUPACION|contador_felicitacion[26] ; detector_ocupacion:INST_DETECTOR_OCUPACION|contador_felicitacion[27] ; CLOCK_50                                      ; CLOCK_50    ; 0.000        ; 0.062      ; 1.080      ;
; 0.861  ; detector_ocupacion:INST_DETECTOR_OCUPACION|contador_felicitacion[8]  ; detector_ocupacion:INST_DETECTOR_OCUPACION|contador_felicitacion[9]  ; CLOCK_50                                      ; CLOCK_50    ; 0.000        ; 0.062      ; 1.080      ;
; 0.862  ; detector_ocupacion:INST_DETECTOR_OCUPACION|contador_felicitacion[24] ; detector_ocupacion:INST_DETECTOR_OCUPACION|contador_felicitacion[25] ; CLOCK_50                                      ; CLOCK_50    ; 0.000        ; 0.062      ; 1.081      ;
; 0.862  ; detector_ocupacion:INST_DETECTOR_OCUPACION|contador_felicitacion[16] ; detector_ocupacion:INST_DETECTOR_OCUPACION|contador_felicitacion[18] ; CLOCK_50                                      ; CLOCK_50    ; 0.000        ; 0.062      ; 1.081      ;
+--------+----------------------------------------------------------------------+----------------------------------------------------------------------+-----------------------------------------------+-------------+--------------+------------+------------+


+----------------------------------------------------------------------------------------------------------------------------------------------------------------------------------------------------------------------------------------------------------------------------------+
; Slow 1200mV 85C Model Hold: 'divisor_frecuencia:INST_DIVISOR|reloj_1hz_reg'                                                                                                                                                                                                      ;
+-------+----------------------------------------------------------------+----------------------------------------------------------------+-----------------------------------------------+-----------------------------------------------+--------------+------------+------------+
; Slack ; From Node                                                      ; To Node                                                        ; Launch Clock                                  ; Latch Clock                                   ; Relationship ; Clock Skew ; Data Delay ;
+-------+----------------------------------------------------------------+----------------------------------------------------------------+-----------------------------------------------+-----------------------------------------------+--------------+------------+------------+
; 0.325 ; detector_ocupacion:INST_DETECTOR_OCUPACION|estado_ocupado      ; contador_35_segundos:INST_CONTADOR_35|contador_decenas[0]      ; CLOCK_50                                      ; divisor_frecuencia:INST_DIVISOR|reloj_1hz_reg ; 0.000        ; 0.485      ; 0.997      ;
; 0.341 ; detector_ocupacion:INST_DETECTOR_OCUPACION|estado_ocupado      ; contador_tiempo_extra:INST_CONTADOR_EXTRA|contador_unidades[2] ; CLOCK_50                                      ; divisor_frecuencia:INST_DIVISOR|reloj_1hz_reg ; 0.000        ; 0.485      ; 1.013      ;
; 0.345 ; detector_ocupacion:INST_DETECTOR_OCUPACION|estado_ocupado      ; contador_tiempo_extra:INST_CONTADOR_EXTRA|contador_unidades[1] ; CLOCK_50                                      ; divisor_frecuencia:INST_DIVISOR|reloj_1hz_reg ; 0.000        ; 0.485      ; 1.017      ;
; 0.346 ; detector_ocupacion:INST_DETECTOR_OCUPACION|estado_ocupado      ; contador_tiempo_extra:INST_CONTADOR_EXTRA|contador_unidades[3] ; CLOCK_50                                      ; divisor_frecuencia:INST_DIVISOR|reloj_1hz_reg ; 0.000        ; 0.485      ; 1.018      ;
; 0.358 ; contador_tiempo_extra:INST_CONTADOR_EXTRA|contador_decenas[0]  ; contador_tiempo_extra:INST_CONTADOR_EXTRA|contador_decenas[0]  ; divisor_frecuencia:INST_DIVISOR|reloj_1hz_reg ; divisor_frecuencia:INST_DIVISOR|reloj_1hz_reg ; 0.000        ; 0.062      ; 0.577      ;
; 0.358 ; contador_35_segundos:INST_CONTADOR_35|fin_conteo_reg           ; contador_35_segundos:INST_CONTADOR_35|fin_conteo_reg           ; divisor_frecuencia:INST_DIVISOR|reloj_1hz_reg ; divisor_frecuencia:INST_DIVISOR|reloj_1hz_reg ; 0.000        ; 0.062      ; 0.577      ;
; 0.358 ; contador_35_segundos:INST_CONTADOR_35|contador_unidades[1]     ; contador_35_segundos:INST_CONTADOR_35|contador_unidades[1]     ; divisor_frecuencia:INST_DIVISOR|reloj_1hz_reg ; divisor_frecuencia:INST_DIVISOR|reloj_1hz_reg ; 0.000        ; 0.062      ; 0.577      ;
; 0.358 ; contador_35_segundos:INST_CONTADOR_35|contador_unidades[3]     ; contador_35_segundos:INST_CONTADOR_35|contador_unidades[3]     ; divisor_frecuencia:INST_DIVISOR|reloj_1hz_reg ; divisor_frecuencia:INST_DIVISOR|reloj_1hz_reg ; 0.000        ; 0.062      ; 0.577      ;
; 0.358 ; contador_35_segundos:INST_CONTADOR_35|contador_unidades[2]     ; contador_35_segundos:INST_CONTADOR_35|contador_unidades[2]     ; divisor_frecuencia:INST_DIVISOR|reloj_1hz_reg ; divisor_frecuencia:INST_DIVISOR|reloj_1hz_reg ; 0.000        ; 0.062      ; 0.577      ;
; 0.358 ; contador_35_segundos:INST_CONTADOR_35|contador_decenas[1]      ; contador_35_segundos:INST_CONTADOR_35|contador_decenas[1]      ; divisor_frecuencia:INST_DIVISOR|reloj_1hz_reg ; divisor_frecuencia:INST_DIVISOR|reloj_1hz_reg ; 0.000        ; 0.062      ; 0.577      ;
; 0.359 ; contador_tiempo_extra:INST_CONTADOR_EXTRA|contador_unidades[2] ; contador_tiempo_extra:INST_CONTADOR_EXTRA|contador_unidades[2] ; divisor_frecuencia:INST_DIVISOR|reloj_1hz_reg ; divisor_frecuencia:INST_DIVISOR|reloj_1hz_reg ; 0.000        ; 0.061      ; 0.577      ;
; 0.359 ; contador_tiempo_extra:INST_CONTADOR_EXTRA|contador_unidades[3] ; contador_tiempo_extra:INST_CONTADOR_EXTRA|contador_unidades[3] ; divisor_frecuencia:INST_DIVISOR|reloj_1hz_reg ; divisor_frecuencia:INST_DIVISOR|reloj_1hz_reg ; 0.000        ; 0.061      ; 0.577      ;
; 0.359 ; contador_tiempo_extra:INST_CONTADOR_EXTRA|contador_unidades[0] ; contador_tiempo_extra:INST_CONTADOR_EXTRA|contador_unidades[0] ; divisor_frecuencia:INST_DIVISOR|reloj_1hz_reg ; divisor_frecuencia:INST_DIVISOR|reloj_1hz_reg ; 0.000        ; 0.061      ; 0.577      ;
; 0.359 ; contador_tiempo_extra:INST_CONTADOR_EXTRA|contador_unidades[1] ; contador_tiempo_extra:INST_CONTADOR_EXTRA|contador_unidades[1] ; divisor_frecuencia:INST_DIVISOR|reloj_1hz_reg ; divisor_frecuencia:INST_DIVISOR|reloj_1hz_reg ; 0.000        ; 0.061      ; 0.577      ;
; 0.359 ; contador_tiempo_extra:INST_CONTADOR_EXTRA|contador_decenas[3]  ; contador_tiempo_extra:INST_CONTADOR_EXTRA|contador_decenas[3]  ; divisor_frecuencia:INST_DIVISOR|reloj_1hz_reg ; divisor_frecuencia:INST_DIVISOR|reloj_1hz_reg ; 0.000        ; 0.061      ; 0.577      ;
; 0.359 ; contador_tiempo_extra:INST_CONTADOR_EXTRA|contador_decenas[2]  ; contador_tiempo_extra:INST_CONTADOR_EXTRA|contador_decenas[2]  ; divisor_frecuencia:INST_DIVISOR|reloj_1hz_reg ; divisor_frecuencia:INST_DIVISOR|reloj_1hz_reg ; 0.000        ; 0.061      ; 0.577      ;
; 0.359 ; contador_tiempo_extra:INST_CONTADOR_EXTRA|contador_decenas[1]  ; contador_tiempo_extra:INST_CONTADOR_EXTRA|contador_decenas[1]  ; divisor_frecuencia:INST_DIVISOR|reloj_1hz_reg ; divisor_frecuencia:INST_DIVISOR|reloj_1hz_reg ; 0.000        ; 0.061      ; 0.577      ;
; 0.359 ; contador_35_segundos:INST_CONTADOR_35|contador_decenas[0]      ; contador_35_segundos:INST_CONTADOR_35|contador_decenas[0]      ; divisor_frecuencia:INST_DIVISOR|reloj_1hz_reg ; divisor_frecuencia:INST_DIVISOR|reloj_1hz_reg ; 0.000        ; 0.061      ; 0.577      ;
; 0.359 ; contador_35_segundos:INST_CONTADOR_35|contador_unidades[0]     ; contador_35_segundos:INST_CONTADOR_35|contador_unidades[0]     ; divisor_frecuencia:INST_DIVISOR|reloj_1hz_reg ; divisor_frecuencia:INST_DIVISOR|reloj_1hz_reg ; 0.000        ; 0.061      ; 0.577      ;
; 0.466 ; detector_ocupacion:INST_DETECTOR_OCUPACION|estado_ocupado      ; contador_tiempo_extra:INST_CONTADOR_EXTRA|contador_decenas[0]  ; CLOCK_50                                      ; divisor_frecuencia:INST_DIVISOR|reloj_1hz_reg ; 0.000        ; 0.495      ; 1.148      ;
; 0.498 ; detector_ocupacion:INST_DETECTOR_OCUPACION|estado_ocupado      ; contador_35_segundos:INST_CONTADOR_35|contador_decenas[1]      ; CLOCK_50                                      ; divisor_frecuencia:INST_DIVISOR|reloj_1hz_reg ; 0.000        ; 0.486      ; 1.171      ;
; 0.541 ; detector_ocupacion:INST_DETECTOR_OCUPACION|estado_ocupado      ; contador_35_segundos:INST_CONTADOR_35|contador_unidades[0]     ; CLOCK_50                                      ; divisor_frecuencia:INST_DIVISOR|reloj_1hz_reg ; 0.000        ; 0.485      ; 1.213      ;
; 0.541 ; detector_ocupacion:INST_DETECTOR_OCUPACION|estado_ocupado      ; contador_tiempo_extra:INST_CONTADOR_EXTRA|contador_decenas[1]  ; CLOCK_50                                      ; divisor_frecuencia:INST_DIVISOR|reloj_1hz_reg ; 0.000        ; 0.485      ; 1.213      ;
; 0.543 ; detector_ocupacion:INST_DETECTOR_OCUPACION|estado_ocupado      ; contador_tiempo_extra:INST_CONTADOR_EXTRA|contador_decenas[2]  ; CLOCK_50                                      ; divisor_frecuencia:INST_DIVISOR|reloj_1hz_reg ; 0.000        ; 0.485      ; 1.215      ;
; 0.543 ; detector_ocupacion:INST_DETECTOR_OCUPACION|estado_ocupado      ; contador_tiempo_extra:INST_CONTADOR_EXTRA|contador_decenas[3]  ; CLOCK_50                                      ; divisor_frecuencia:INST_DIVISOR|reloj_1hz_reg ; 0.000        ; 0.485      ; 1.215      ;
; 0.581 ; contador_tiempo_extra:INST_CONTADOR_EXTRA|contador_decenas[1]  ; contador_tiempo_extra:INST_CONTADOR_EXTRA|contador_decenas[2]  ; divisor_frecuencia:INST_DIVISOR|reloj_1hz_reg ; divisor_frecuencia:INST_DIVISOR|reloj_1hz_reg ; 0.000        ; 0.061      ; 0.799      ;
; 0.583 ; contador_tiempo_extra:INST_CONTADOR_EXTRA|contador_decenas[2]  ; contador_tiempo_extra:INST_CONTADOR_EXTRA|contador_decenas[3]  ; divisor_frecuencia:INST_DIVISOR|reloj_1hz_reg ; divisor_frecuencia:INST_DIVISOR|reloj_1hz_reg ; 0.000        ; 0.061      ; 0.801      ;
; 0.597 ; contador_tiempo_extra:INST_CONTADOR_EXTRA|contador_unidades[0] ; contador_tiempo_extra:INST_CONTADOR_EXTRA|contador_unidades[2] ; divisor_frecuencia:INST_DIVISOR|reloj_1hz_reg ; divisor_frecuencia:INST_DIVISOR|reloj_1hz_reg ; 0.000        ; 0.061      ; 0.815      ;
; 0.609 ; contador_tiempo_extra:INST_CONTADOR_EXTRA|contador_unidades[0] ; contador_tiempo_extra:INST_CONTADOR_EXTRA|contador_unidades[1] ; divisor_frecuencia:INST_DIVISOR|reloj_1hz_reg ; divisor_frecuencia:INST_DIVISOR|reloj_1hz_reg ; 0.000        ; 0.061      ; 0.827      ;
; 0.623 ; contador_35_segundos:INST_CONTADOR_35|contador_unidades[1]     ; contador_35_segundos:INST_CONTADOR_35|contador_unidades[2]     ; divisor_frecuencia:INST_DIVISOR|reloj_1hz_reg ; divisor_frecuencia:INST_DIVISOR|reloj_1hz_reg ; 0.000        ; 0.062      ; 0.842      ;
; 0.654 ; detector_ocupacion:INST_DETECTOR_OCUPACION|estado_ocupado      ; contador_tiempo_extra:INST_CONTADOR_EXTRA|contador_unidades[0] ; CLOCK_50                                      ; divisor_frecuencia:INST_DIVISOR|reloj_1hz_reg ; 0.000        ; 0.485      ; 1.326      ;
; 0.721 ; contador_35_segundos:INST_CONTADOR_35|contador_decenas[0]      ; contador_35_segundos:INST_CONTADOR_35|contador_unidades[0]     ; divisor_frecuencia:INST_DIVISOR|reloj_1hz_reg ; divisor_frecuencia:INST_DIVISOR|reloj_1hz_reg ; 0.000        ; 0.061      ; 0.939      ;
; 0.723 ; contador_35_segundos:INST_CONTADOR_35|contador_decenas[0]      ; contador_35_segundos:INST_CONTADOR_35|contador_decenas[1]      ; divisor_frecuencia:INST_DIVISOR|reloj_1hz_reg ; divisor_frecuencia:INST_DIVISOR|reloj_1hz_reg ; 0.000        ; 0.062      ; 0.942      ;
; 0.801 ; detector_ocupacion:INST_DETECTOR_OCUPACION|estado_ocupado      ; contador_35_segundos:INST_CONTADOR_35|contador_unidades[3]     ; CLOCK_50                                      ; divisor_frecuencia:INST_DIVISOR|reloj_1hz_reg ; 0.000        ; 0.486      ; 1.474      ;
; 0.803 ; detector_ocupacion:INST_DETECTOR_OCUPACION|estado_ocupado      ; contador_35_segundos:INST_CONTADOR_35|contador_unidades[1]     ; CLOCK_50                                      ; divisor_frecuencia:INST_DIVISOR|reloj_1hz_reg ; 0.000        ; 0.486      ; 1.476      ;
; 0.805 ; detector_ocupacion:INST_DETECTOR_OCUPACION|estado_ocupado      ; contador_35_segundos:INST_CONTADOR_35|contador_unidades[2]     ; CLOCK_50                                      ; divisor_frecuencia:INST_DIVISOR|reloj_1hz_reg ; 0.000        ; 0.486      ; 1.478      ;
; 0.809 ; contador_35_segundos:INST_CONTADOR_35|contador_unidades[0]     ; contador_35_segundos:INST_CONTADOR_35|contador_unidades[1]     ; divisor_frecuencia:INST_DIVISOR|reloj_1hz_reg ; divisor_frecuencia:INST_DIVISOR|reloj_1hz_reg ; 0.000        ; 0.062      ; 1.028      ;
; 0.857 ; detector_ocupacion:INST_DETECTOR_OCUPACION|estado_ocupado      ; contador_35_segundos:INST_CONTADOR_35|fin_conteo_reg           ; CLOCK_50                                      ; divisor_frecuencia:INST_DIVISOR|reloj_1hz_reg ; 0.000        ; 0.496      ; 1.540      ;
; 0.945 ; contador_35_segundos:INST_CONTADOR_35|contador_unidades[0]     ; contador_35_segundos:INST_CONTADOR_35|contador_unidades[2]     ; divisor_frecuencia:INST_DIVISOR|reloj_1hz_reg ; divisor_frecuencia:INST_DIVISOR|reloj_1hz_reg ; 0.000        ; 0.062      ; 1.164      ;
; 0.965 ; contador_35_segundos:INST_CONTADOR_35|contador_unidades[3]     ; contador_35_segundos:INST_CONTADOR_35|contador_decenas[0]      ; divisor_frecuencia:INST_DIVISOR|reloj_1hz_reg ; divisor_frecuencia:INST_DIVISOR|reloj_1hz_reg ; 0.000        ; 0.061      ; 1.183      ;
; 0.978 ; contador_tiempo_extra:INST_CONTADOR_EXTRA|contador_decenas[0]  ; contador_tiempo_extra:INST_CONTADOR_EXTRA|contador_decenas[1]  ; divisor_frecuencia:INST_DIVISOR|reloj_1hz_reg ; divisor_frecuencia:INST_DIVISOR|reloj_1hz_reg ; 0.000        ; 0.052      ; 1.187      ;
; 0.980 ; contador_tiempo_extra:INST_CONTADOR_EXTRA|contador_decenas[0]  ; contador_tiempo_extra:INST_CONTADOR_EXTRA|contador_decenas[2]  ; divisor_frecuencia:INST_DIVISOR|reloj_1hz_reg ; divisor_frecuencia:INST_DIVISOR|reloj_1hz_reg ; 0.000        ; 0.052      ; 1.189      ;
; 0.992 ; contador_35_segundos:INST_CONTADOR_35|fin_conteo_reg           ; contador_35_segundos:INST_CONTADOR_35|contador_decenas[0]      ; divisor_frecuencia:INST_DIVISOR|reloj_1hz_reg ; divisor_frecuencia:INST_DIVISOR|reloj_1hz_reg ; 0.000        ; 0.051      ; 1.200      ;
; 1.011 ; contador_tiempo_extra:INST_CONTADOR_EXTRA|contador_unidades[0] ; contador_tiempo_extra:INST_CONTADOR_EXTRA|contador_unidades[3] ; divisor_frecuencia:INST_DIVISOR|reloj_1hz_reg ; divisor_frecuencia:INST_DIVISOR|reloj_1hz_reg ; 0.000        ; 0.061      ; 1.229      ;
; 1.015 ; contador_35_segundos:INST_CONTADOR_35|contador_unidades[3]     ; contador_35_segundos:INST_CONTADOR_35|contador_decenas[1]      ; divisor_frecuencia:INST_DIVISOR|reloj_1hz_reg ; divisor_frecuencia:INST_DIVISOR|reloj_1hz_reg ; 0.000        ; 0.062      ; 1.234      ;
; 1.052 ; contador_tiempo_extra:INST_CONTADOR_EXTRA|contador_decenas[1]  ; contador_tiempo_extra:INST_CONTADOR_EXTRA|contador_unidades[2] ; divisor_frecuencia:INST_DIVISOR|reloj_1hz_reg ; divisor_frecuencia:INST_DIVISOR|reloj_1hz_reg ; 0.000        ; 0.061      ; 1.270      ;
; 1.056 ; contador_tiempo_extra:INST_CONTADOR_EXTRA|contador_decenas[1]  ; contador_tiempo_extra:INST_CONTADOR_EXTRA|contador_unidades[1] ; divisor_frecuencia:INST_DIVISOR|reloj_1hz_reg ; divisor_frecuencia:INST_DIVISOR|reloj_1hz_reg ; 0.000        ; 0.061      ; 1.274      ;
; 1.057 ; contador_tiempo_extra:INST_CONTADOR_EXTRA|contador_decenas[1]  ; contador_tiempo_extra:INST_CONTADOR_EXTRA|contador_unidades[3] ; divisor_frecuencia:INST_DIVISOR|reloj_1hz_reg ; divisor_frecuencia:INST_DIVISOR|reloj_1hz_reg ; 0.000        ; 0.061      ; 1.275      ;
; 1.068 ; contador_35_segundos:INST_CONTADOR_35|contador_unidades[0]     ; contador_35_segundos:INST_CONTADOR_35|contador_decenas[0]      ; divisor_frecuencia:INST_DIVISOR|reloj_1hz_reg ; divisor_frecuencia:INST_DIVISOR|reloj_1hz_reg ; 0.000        ; 0.061      ; 1.286      ;
; 1.081 ; contador_35_segundos:INST_CONTADOR_35|contador_decenas[0]      ; contador_35_segundos:INST_CONTADOR_35|contador_unidades[3]     ; divisor_frecuencia:INST_DIVISOR|reloj_1hz_reg ; divisor_frecuencia:INST_DIVISOR|reloj_1hz_reg ; 0.000        ; 0.062      ; 1.300      ;
; 1.083 ; contador_35_segundos:INST_CONTADOR_35|contador_decenas[0]      ; contador_35_segundos:INST_CONTADOR_35|contador_unidades[1]     ; divisor_frecuencia:INST_DIVISOR|reloj_1hz_reg ; divisor_frecuencia:INST_DIVISOR|reloj_1hz_reg ; 0.000        ; 0.062      ; 1.302      ;
; 1.085 ; contador_35_segundos:INST_CONTADOR_35|contador_unidades[1]     ; contador_35_segundos:INST_CONTADOR_35|contador_unidades[0]     ; divisor_frecuencia:INST_DIVISOR|reloj_1hz_reg ; divisor_frecuencia:INST_DIVISOR|reloj_1hz_reg ; 0.000        ; 0.061      ; 1.303      ;
; 1.086 ; contador_35_segundos:INST_CONTADOR_35|contador_decenas[0]      ; contador_35_segundos:INST_CONTADOR_35|contador_unidades[2]     ; divisor_frecuencia:INST_DIVISOR|reloj_1hz_reg ; divisor_frecuencia:INST_DIVISOR|reloj_1hz_reg ; 0.000        ; 0.062      ; 1.305      ;
; 1.094 ; contador_35_segundos:INST_CONTADOR_35|contador_unidades[2]     ; contador_35_segundos:INST_CONTADOR_35|contador_decenas[0]      ; divisor_frecuencia:INST_DIVISOR|reloj_1hz_reg ; divisor_frecuencia:INST_DIVISOR|reloj_1hz_reg ; 0.000        ; 0.061      ; 1.312      ;
; 1.102 ; contador_tiempo_extra:INST_CONTADOR_EXTRA|contador_decenas[3]  ; contador_tiempo_extra:INST_CONTADOR_EXTRA|contador_decenas[0]  ; divisor_frecuencia:INST_DIVISOR|reloj_1hz_reg ; divisor_frecuencia:INST_DIVISOR|reloj_1hz_reg ; 0.000        ; 0.071      ; 1.330      ;
; 1.103 ; contador_tiempo_extra:INST_CONTADOR_EXTRA|contador_unidades[2] ; contador_tiempo_extra:INST_CONTADOR_EXTRA|contador_unidades[3] ; divisor_frecuencia:INST_DIVISOR|reloj_1hz_reg ; divisor_frecuencia:INST_DIVISOR|reloj_1hz_reg ; 0.000        ; 0.061      ; 1.321      ;
; 1.106 ; contador_tiempo_extra:INST_CONTADOR_EXTRA|contador_unidades[1] ; contador_tiempo_extra:INST_CONTADOR_EXTRA|contador_unidades[3] ; divisor_frecuencia:INST_DIVISOR|reloj_1hz_reg ; divisor_frecuencia:INST_DIVISOR|reloj_1hz_reg ; 0.000        ; 0.061      ; 1.324      ;
; 1.106 ; contador_35_segundos:INST_CONTADOR_35|contador_unidades[1]     ; contador_35_segundos:INST_CONTADOR_35|contador_decenas[0]      ; divisor_frecuencia:INST_DIVISOR|reloj_1hz_reg ; divisor_frecuencia:INST_DIVISOR|reloj_1hz_reg ; 0.000        ; 0.061      ; 1.324      ;
; 1.118 ; contador_35_segundos:INST_CONTADOR_35|contador_unidades[0]     ; contador_35_segundos:INST_CONTADOR_35|contador_decenas[1]      ; divisor_frecuencia:INST_DIVISOR|reloj_1hz_reg ; divisor_frecuencia:INST_DIVISOR|reloj_1hz_reg ; 0.000        ; 0.062      ; 1.337      ;
; 1.127 ; contador_tiempo_extra:INST_CONTADOR_EXTRA|contador_decenas[0]  ; contador_tiempo_extra:INST_CONTADOR_EXTRA|contador_decenas[3]  ; divisor_frecuencia:INST_DIVISOR|reloj_1hz_reg ; divisor_frecuencia:INST_DIVISOR|reloj_1hz_reg ; 0.000        ; 0.052      ; 1.336      ;
; 1.155 ; contador_35_segundos:INST_CONTADOR_35|contador_unidades[3]     ; contador_35_segundos:INST_CONTADOR_35|contador_unidades[0]     ; divisor_frecuencia:INST_DIVISOR|reloj_1hz_reg ; divisor_frecuencia:INST_DIVISOR|reloj_1hz_reg ; 0.000        ; 0.061      ; 1.373      ;
; 1.156 ; contador_35_segundos:INST_CONTADOR_35|contador_unidades[0]     ; contador_35_segundos:INST_CONTADOR_35|contador_unidades[3]     ; divisor_frecuencia:INST_DIVISOR|reloj_1hz_reg ; divisor_frecuencia:INST_DIVISOR|reloj_1hz_reg ; 0.000        ; 0.062      ; 1.375      ;
; 1.165 ; contador_35_segundos:INST_CONTADOR_35|contador_unidades[3]     ; contador_35_segundos:INST_CONTADOR_35|contador_unidades[1]     ; divisor_frecuencia:INST_DIVISOR|reloj_1hz_reg ; divisor_frecuencia:INST_DIVISOR|reloj_1hz_reg ; 0.000        ; 0.062      ; 1.384      ;
; 1.182 ; contador_35_segundos:INST_CONTADOR_35|contador_unidades[0]     ; contador_35_segundos:INST_CONTADOR_35|fin_conteo_reg           ; divisor_frecuencia:INST_DIVISOR|reloj_1hz_reg ; divisor_frecuencia:INST_DIVISOR|reloj_1hz_reg ; 0.000        ; 0.072      ; 1.411      ;
; 1.200 ; contador_35_segundos:INST_CONTADOR_35|contador_unidades[2]     ; contador_35_segundos:INST_CONTADOR_35|contador_decenas[1]      ; divisor_frecuencia:INST_DIVISOR|reloj_1hz_reg ; divisor_frecuencia:INST_DIVISOR|reloj_1hz_reg ; 0.000        ; 0.062      ; 1.419      ;
; 1.212 ; contador_35_segundos:INST_CONTADOR_35|fin_conteo_reg           ; contador_tiempo_extra:INST_CONTADOR_EXTRA|contador_decenas[0]  ; divisor_frecuencia:INST_DIVISOR|reloj_1hz_reg ; divisor_frecuencia:INST_DIVISOR|reloj_1hz_reg ; 0.000        ; 0.061      ; 1.430      ;
; 1.212 ; contador_35_segundos:INST_CONTADOR_35|contador_unidades[1]     ; contador_35_segundos:INST_CONTADOR_35|contador_decenas[1]      ; divisor_frecuencia:INST_DIVISOR|reloj_1hz_reg ; divisor_frecuencia:INST_DIVISOR|reloj_1hz_reg ; 0.000        ; 0.062      ; 1.431      ;
; 1.213 ; contador_35_segundos:INST_CONTADOR_35|contador_unidades[2]     ; contador_35_segundos:INST_CONTADOR_35|contador_unidades[3]     ; divisor_frecuencia:INST_DIVISOR|reloj_1hz_reg ; divisor_frecuencia:INST_DIVISOR|reloj_1hz_reg ; 0.000        ; 0.062      ; 1.432      ;
; 1.225 ; contador_35_segundos:INST_CONTADOR_35|contador_unidades[1]     ; contador_35_segundos:INST_CONTADOR_35|contador_unidades[3]     ; divisor_frecuencia:INST_DIVISOR|reloj_1hz_reg ; divisor_frecuencia:INST_DIVISOR|reloj_1hz_reg ; 0.000        ; 0.062      ; 1.444      ;
; 1.252 ; contador_tiempo_extra:INST_CONTADOR_EXTRA|contador_unidades[1] ; contador_tiempo_extra:INST_CONTADOR_EXTRA|contador_unidades[2] ; divisor_frecuencia:INST_DIVISOR|reloj_1hz_reg ; divisor_frecuencia:INST_DIVISOR|reloj_1hz_reg ; 0.000        ; 0.061      ; 1.470      ;
; 1.254 ; contador_35_segundos:INST_CONTADOR_35|fin_conteo_reg           ; contador_35_segundos:INST_CONTADOR_35|contador_decenas[1]      ; divisor_frecuencia:INST_DIVISOR|reloj_1hz_reg ; divisor_frecuencia:INST_DIVISOR|reloj_1hz_reg ; 0.000        ; 0.052      ; 1.463      ;
; 1.256 ; contador_tiempo_extra:INST_CONTADOR_EXTRA|contador_decenas[2]  ; contador_tiempo_extra:INST_CONTADOR_EXTRA|contador_decenas[0]  ; divisor_frecuencia:INST_DIVISOR|reloj_1hz_reg ; divisor_frecuencia:INST_DIVISOR|reloj_1hz_reg ; 0.000        ; 0.071      ; 1.484      ;
; 1.269 ; contador_35_segundos:INST_CONTADOR_35|contador_decenas[1]      ; contador_35_segundos:INST_CONTADOR_35|contador_unidades[0]     ; divisor_frecuencia:INST_DIVISOR|reloj_1hz_reg ; divisor_frecuencia:INST_DIVISOR|reloj_1hz_reg ; 0.000        ; 0.061      ; 1.487      ;
; 1.273 ; contador_tiempo_extra:INST_CONTADOR_EXTRA|contador_decenas[3]  ; contador_tiempo_extra:INST_CONTADOR_EXTRA|contador_unidades[0] ; divisor_frecuencia:INST_DIVISOR|reloj_1hz_reg ; divisor_frecuencia:INST_DIVISOR|reloj_1hz_reg ; 0.000        ; 0.061      ; 1.491      ;
; 1.302 ; contador_tiempo_extra:INST_CONTADOR_EXTRA|contador_unidades[1] ; contador_tiempo_extra:INST_CONTADOR_EXTRA|contador_decenas[1]  ; divisor_frecuencia:INST_DIVISOR|reloj_1hz_reg ; divisor_frecuencia:INST_DIVISOR|reloj_1hz_reg ; 0.000        ; 0.061      ; 1.520      ;
; 1.305 ; contador_tiempo_extra:INST_CONTADOR_EXTRA|contador_unidades[1] ; contador_tiempo_extra:INST_CONTADOR_EXTRA|contador_decenas[2]  ; divisor_frecuencia:INST_DIVISOR|reloj_1hz_reg ; divisor_frecuencia:INST_DIVISOR|reloj_1hz_reg ; 0.000        ; 0.061      ; 1.523      ;
; 1.306 ; contador_tiempo_extra:INST_CONTADOR_EXTRA|contador_unidades[1] ; contador_tiempo_extra:INST_CONTADOR_EXTRA|contador_decenas[3]  ; divisor_frecuencia:INST_DIVISOR|reloj_1hz_reg ; divisor_frecuencia:INST_DIVISOR|reloj_1hz_reg ; 0.000        ; 0.061      ; 1.524      ;
; 1.307 ; contador_35_segundos:INST_CONTADOR_35|contador_unidades[2]     ; contador_35_segundos:INST_CONTADOR_35|contador_unidades[1]     ; divisor_frecuencia:INST_DIVISOR|reloj_1hz_reg ; divisor_frecuencia:INST_DIVISOR|reloj_1hz_reg ; 0.000        ; 0.062      ; 1.526      ;
; 1.310 ; contador_tiempo_extra:INST_CONTADOR_EXTRA|contador_decenas[0]  ; contador_tiempo_extra:INST_CONTADOR_EXTRA|contador_unidades[0] ; divisor_frecuencia:INST_DIVISOR|reloj_1hz_reg ; divisor_frecuencia:INST_DIVISOR|reloj_1hz_reg ; 0.000        ; 0.052      ; 1.519      ;
; 1.311 ; contador_35_segundos:INST_CONTADOR_35|contador_unidades[2]     ; contador_35_segundos:INST_CONTADOR_35|contador_unidades[0]     ; divisor_frecuencia:INST_DIVISOR|reloj_1hz_reg ; divisor_frecuencia:INST_DIVISOR|reloj_1hz_reg ; 0.000        ; 0.061      ; 1.529      ;
; 1.312 ; contador_tiempo_extra:INST_CONTADOR_EXTRA|contador_decenas[2]  ; contador_tiempo_extra:INST_CONTADOR_EXTRA|contador_unidades[2] ; divisor_frecuencia:INST_DIVISOR|reloj_1hz_reg ; divisor_frecuencia:INST_DIVISOR|reloj_1hz_reg ; 0.000        ; 0.061      ; 1.530      ;
; 1.314 ; contador_35_segundos:INST_CONTADOR_35|contador_unidades[1]     ; contador_35_segundos:INST_CONTADOR_35|fin_conteo_reg           ; divisor_frecuencia:INST_DIVISOR|reloj_1hz_reg ; divisor_frecuencia:INST_DIVISOR|reloj_1hz_reg ; 0.000        ; 0.072      ; 1.543      ;
; 1.316 ; contador_tiempo_extra:INST_CONTADOR_EXTRA|contador_decenas[2]  ; contador_tiempo_extra:INST_CONTADOR_EXTRA|contador_unidades[1] ; divisor_frecuencia:INST_DIVISOR|reloj_1hz_reg ; divisor_frecuencia:INST_DIVISOR|reloj_1hz_reg ; 0.000        ; 0.061      ; 1.534      ;
; 1.317 ; contador_tiempo_extra:INST_CONTADOR_EXTRA|contador_decenas[2]  ; contador_tiempo_extra:INST_CONTADOR_EXTRA|contador_unidades[3] ; divisor_frecuencia:INST_DIVISOR|reloj_1hz_reg ; divisor_frecuencia:INST_DIVISOR|reloj_1hz_reg ; 0.000        ; 0.061      ; 1.535      ;
; 1.327 ; contador_tiempo_extra:INST_CONTADOR_EXTRA|contador_decenas[3]  ; contador_tiempo_extra:INST_CONTADOR_EXTRA|contador_unidades[2] ; divisor_frecuencia:INST_DIVISOR|reloj_1hz_reg ; divisor_frecuencia:INST_DIVISOR|reloj_1hz_reg ; 0.000        ; 0.061      ; 1.545      ;
; 1.331 ; contador_35_segundos:INST_CONTADOR_35|fin_conteo_reg           ; contador_tiempo_extra:INST_CONTADOR_EXTRA|contador_decenas[1]  ; divisor_frecuencia:INST_DIVISOR|reloj_1hz_reg ; divisor_frecuencia:INST_DIVISOR|reloj_1hz_reg ; 0.000        ; 0.051      ; 1.539      ;
; 1.332 ; contador_35_segundos:INST_CONTADOR_35|fin_conteo_reg           ; contador_35_segundos:INST_CONTADOR_35|contador_unidades[0]     ; divisor_frecuencia:INST_DIVISOR|reloj_1hz_reg ; divisor_frecuencia:INST_DIVISOR|reloj_1hz_reg ; 0.000        ; 0.051      ; 1.540      ;
; 1.332 ; contador_tiempo_extra:INST_CONTADOR_EXTRA|contador_decenas[3]  ; contador_tiempo_extra:INST_CONTADOR_EXTRA|contador_unidades[3] ; divisor_frecuencia:INST_DIVISOR|reloj_1hz_reg ; divisor_frecuencia:INST_DIVISOR|reloj_1hz_reg ; 0.000        ; 0.061      ; 1.550      ;
; 1.332 ; contador_tiempo_extra:INST_CONTADOR_EXTRA|contador_decenas[3]  ; contador_tiempo_extra:INST_CONTADOR_EXTRA|contador_unidades[1] ; divisor_frecuencia:INST_DIVISOR|reloj_1hz_reg ; divisor_frecuencia:INST_DIVISOR|reloj_1hz_reg ; 0.000        ; 0.061      ; 1.550      ;
; 1.333 ; contador_35_segundos:INST_CONTADOR_35|fin_conteo_reg           ; contador_tiempo_extra:INST_CONTADOR_EXTRA|contador_decenas[3]  ; divisor_frecuencia:INST_DIVISOR|reloj_1hz_reg ; divisor_frecuencia:INST_DIVISOR|reloj_1hz_reg ; 0.000        ; 0.051      ; 1.541      ;
; 1.333 ; contador_35_segundos:INST_CONTADOR_35|fin_conteo_reg           ; contador_tiempo_extra:INST_CONTADOR_EXTRA|contador_decenas[2]  ; divisor_frecuencia:INST_DIVISOR|reloj_1hz_reg ; divisor_frecuencia:INST_DIVISOR|reloj_1hz_reg ; 0.000        ; 0.051      ; 1.541      ;
; 1.365 ; contador_tiempo_extra:INST_CONTADOR_EXTRA|contador_unidades[0] ; contador_tiempo_extra:INST_CONTADOR_EXTRA|contador_decenas[1]  ; divisor_frecuencia:INST_DIVISOR|reloj_1hz_reg ; divisor_frecuencia:INST_DIVISOR|reloj_1hz_reg ; 0.000        ; 0.061      ; 1.583      ;
; 1.367 ; contador_tiempo_extra:INST_CONTADOR_EXTRA|contador_unidades[0] ; contador_tiempo_extra:INST_CONTADOR_EXTRA|contador_decenas[3]  ; divisor_frecuencia:INST_DIVISOR|reloj_1hz_reg ; divisor_frecuencia:INST_DIVISOR|reloj_1hz_reg ; 0.000        ; 0.061      ; 1.585      ;
; 1.367 ; contador_tiempo_extra:INST_CONTADOR_EXTRA|contador_unidades[0] ; contador_tiempo_extra:INST_CONTADOR_EXTRA|contador_decenas[2]  ; divisor_frecuencia:INST_DIVISOR|reloj_1hz_reg ; divisor_frecuencia:INST_DIVISOR|reloj_1hz_reg ; 0.000        ; 0.061      ; 1.585      ;
; 1.374 ; contador_35_segundos:INST_CONTADOR_35|contador_unidades[3]     ; contador_35_segundos:INST_CONTADOR_35|contador_unidades[2]     ; divisor_frecuencia:INST_DIVISOR|reloj_1hz_reg ; divisor_frecuencia:INST_DIVISOR|reloj_1hz_reg ; 0.000        ; 0.062      ; 1.593      ;
; 1.381 ; contador_tiempo_extra:INST_CONTADOR_EXTRA|contador_decenas[1]  ; contador_tiempo_extra:INST_CONTADOR_EXTRA|contador_decenas[0]  ; divisor_frecuencia:INST_DIVISOR|reloj_1hz_reg ; divisor_frecuencia:INST_DIVISOR|reloj_1hz_reg ; 0.000        ; 0.071      ; 1.609      ;
; 1.384 ; contador_35_segundos:INST_CONTADOR_35|contador_unidades[3]     ; contador_35_segundos:INST_CONTADOR_35|fin_conteo_reg           ; divisor_frecuencia:INST_DIVISOR|reloj_1hz_reg ; divisor_frecuencia:INST_DIVISOR|reloj_1hz_reg ; 0.000        ; 0.072      ; 1.613      ;
; 1.400 ; contador_35_segundos:INST_CONTADOR_35|fin_conteo_reg           ; contador_tiempo_extra:INST_CONTADOR_EXTRA|contador_unidades[0] ; divisor_frecuencia:INST_DIVISOR|reloj_1hz_reg ; divisor_frecuencia:INST_DIVISOR|reloj_1hz_reg ; 0.000        ; 0.051      ; 1.608      ;
; 1.401 ; contador_tiempo_extra:INST_CONTADOR_EXTRA|contador_decenas[1]  ; contador_tiempo_extra:INST_CONTADOR_EXTRA|contador_decenas[3]  ; divisor_frecuencia:INST_DIVISOR|reloj_1hz_reg ; divisor_frecuencia:INST_DIVISOR|reloj_1hz_reg ; 0.000        ; 0.061      ; 1.619      ;
; 1.407 ; contador_tiempo_extra:INST_CONTADOR_EXTRA|contador_decenas[3]  ; contador_tiempo_extra:INST_CONTADOR_EXTRA|contador_decenas[1]  ; divisor_frecuencia:INST_DIVISOR|reloj_1hz_reg ; divisor_frecuencia:INST_DIVISOR|reloj_1hz_reg ; 0.000        ; 0.061      ; 1.625      ;
+-------+----------------------------------------------------------------+----------------------------------------------------------------+-----------------------------------------------+-----------------------------------------------+--------------+------------+------------+


+--------------------------------------------------------------------------------------------------------------------------------------------------------------------------------------------------------------------------------------------------+
; Slow 1200mV 85C Model Recovery: 'divisor_frecuencia:INST_DIVISOR|reloj_1hz_reg'                                                                                                                                                                  ;
+--------+----------------------------------------------------------------+----------------------------------------------------------------+--------------+-----------------------------------------------+--------------+------------+------------+
; Slack  ; From Node                                                      ; To Node                                                        ; Launch Clock ; Latch Clock                                   ; Relationship ; Clock Skew ; Data Delay ;
+--------+----------------------------------------------------------------+----------------------------------------------------------------+--------------+-----------------------------------------------+--------------+------------+------------+
; -0.635 ; detector_ocupacion:INST_DETECTOR_OCUPACION|reinicio_contadores ; contador_35_segundos:INST_CONTADOR_35|fin_conteo_reg           ; CLOCK_50     ; divisor_frecuencia:INST_DIVISOR|reloj_1hz_reg ; 1.000        ; 0.282      ; 1.902      ;
; -0.428 ; detector_ocupacion:INST_DETECTOR_OCUPACION|reinicio_contadores ; contador_35_segundos:INST_CONTADOR_35|contador_unidades[2]     ; CLOCK_50     ; divisor_frecuencia:INST_DIVISOR|reloj_1hz_reg ; 1.000        ; 0.272      ; 1.685      ;
; -0.428 ; detector_ocupacion:INST_DETECTOR_OCUPACION|reinicio_contadores ; contador_35_segundos:INST_CONTADOR_35|contador_unidades[3]     ; CLOCK_50     ; divisor_frecuencia:INST_DIVISOR|reloj_1hz_reg ; 1.000        ; 0.272      ; 1.685      ;
; -0.428 ; detector_ocupacion:INST_DETECTOR_OCUPACION|reinicio_contadores ; contador_35_segundos:INST_CONTADOR_35|contador_unidades[1]     ; CLOCK_50     ; divisor_frecuencia:INST_DIVISOR|reloj_1hz_reg ; 1.000        ; 0.272      ; 1.685      ;
; -0.428 ; detector_ocupacion:INST_DETECTOR_OCUPACION|reinicio_contadores ; contador_35_segundos:INST_CONTADOR_35|contador_decenas[1]      ; CLOCK_50     ; divisor_frecuencia:INST_DIVISOR|reloj_1hz_reg ; 1.000        ; 0.272      ; 1.685      ;
; -0.416 ; detector_ocupacion:INST_DETECTOR_OCUPACION|reinicio_contadores ; contador_tiempo_extra:INST_CONTADOR_EXTRA|contador_decenas[0]  ; CLOCK_50     ; divisor_frecuencia:INST_DIVISOR|reloj_1hz_reg ; 1.000        ; 0.281      ; 1.682      ;
; -0.213 ; detector_ocupacion:INST_DETECTOR_OCUPACION|reinicio_contadores ; contador_35_segundos:INST_CONTADOR_35|contador_decenas[0]      ; CLOCK_50     ; divisor_frecuencia:INST_DIVISOR|reloj_1hz_reg ; 1.000        ; 0.272      ; 1.470      ;
; -0.213 ; detector_ocupacion:INST_DETECTOR_OCUPACION|reinicio_contadores ; contador_35_segundos:INST_CONTADOR_35|contador_unidades[0]     ; CLOCK_50     ; divisor_frecuencia:INST_DIVISOR|reloj_1hz_reg ; 1.000        ; 0.272      ; 1.470      ;
; -0.213 ; detector_ocupacion:INST_DETECTOR_OCUPACION|reinicio_contadores ; contador_tiempo_extra:INST_CONTADOR_EXTRA|contador_decenas[1]  ; CLOCK_50     ; divisor_frecuencia:INST_DIVISOR|reloj_1hz_reg ; 1.000        ; 0.272      ; 1.470      ;
; -0.213 ; detector_ocupacion:INST_DETECTOR_OCUPACION|reinicio_contadores ; contador_tiempo_extra:INST_CONTADOR_EXTRA|contador_decenas[2]  ; CLOCK_50     ; divisor_frecuencia:INST_DIVISOR|reloj_1hz_reg ; 1.000        ; 0.272      ; 1.470      ;
; -0.213 ; detector_ocupacion:INST_DETECTOR_OCUPACION|reinicio_contadores ; contador_tiempo_extra:INST_CONTADOR_EXTRA|contador_decenas[3]  ; CLOCK_50     ; divisor_frecuencia:INST_DIVISOR|reloj_1hz_reg ; 1.000        ; 0.272      ; 1.470      ;
; -0.213 ; detector_ocupacion:INST_DETECTOR_OCUPACION|reinicio_contadores ; contador_tiempo_extra:INST_CONTADOR_EXTRA|contador_unidades[1] ; CLOCK_50     ; divisor_frecuencia:INST_DIVISOR|reloj_1hz_reg ; 1.000        ; 0.272      ; 1.470      ;
; -0.213 ; detector_ocupacion:INST_DETECTOR_OCUPACION|reinicio_contadores ; contador_tiempo_extra:INST_CONTADOR_EXTRA|contador_unidades[2] ; CLOCK_50     ; divisor_frecuencia:INST_DIVISOR|reloj_1hz_reg ; 1.000        ; 0.272      ; 1.470      ;
; -0.213 ; detector_ocupacion:INST_DETECTOR_OCUPACION|reinicio_contadores ; contador_tiempo_extra:INST_CONTADOR_EXTRA|contador_unidades[3] ; CLOCK_50     ; divisor_frecuencia:INST_DIVISOR|reloj_1hz_reg ; 1.000        ; 0.272      ; 1.470      ;
; -0.213 ; detector_ocupacion:INST_DETECTOR_OCUPACION|reinicio_contadores ; contador_tiempo_extra:INST_CONTADOR_EXTRA|contador_unidades[0] ; CLOCK_50     ; divisor_frecuencia:INST_DIVISOR|reloj_1hz_reg ; 1.000        ; 0.272      ; 1.470      ;
+--------+----------------------------------------------------------------+----------------------------------------------------------------+--------------+-----------------------------------------------+--------------+------------+------------+


+-------------------------------------------------------------------------------------------------------------------------------------------------------------------------------------------------------------------------------------------------+
; Slow 1200mV 85C Model Removal: 'divisor_frecuencia:INST_DIVISOR|reloj_1hz_reg'                                                                                                                                                                  ;
+-------+----------------------------------------------------------------+----------------------------------------------------------------+--------------+-----------------------------------------------+--------------+------------+------------+
; Slack ; From Node                                                      ; To Node                                                        ; Launch Clock ; Latch Clock                                   ; Relationship ; Clock Skew ; Data Delay ;
+-------+----------------------------------------------------------------+----------------------------------------------------------------+--------------+-----------------------------------------------+--------------+------------+------------+
; 0.701 ; detector_ocupacion:INST_DETECTOR_OCUPACION|reinicio_contadores ; contador_35_segundos:INST_CONTADOR_35|contador_decenas[0]      ; CLOCK_50     ; divisor_frecuencia:INST_DIVISOR|reloj_1hz_reg ; 0.000        ; 0.485      ; 1.373      ;
; 0.701 ; detector_ocupacion:INST_DETECTOR_OCUPACION|reinicio_contadores ; contador_35_segundos:INST_CONTADOR_35|contador_unidades[0]     ; CLOCK_50     ; divisor_frecuencia:INST_DIVISOR|reloj_1hz_reg ; 0.000        ; 0.485      ; 1.373      ;
; 0.701 ; detector_ocupacion:INST_DETECTOR_OCUPACION|reinicio_contadores ; contador_tiempo_extra:INST_CONTADOR_EXTRA|contador_decenas[1]  ; CLOCK_50     ; divisor_frecuencia:INST_DIVISOR|reloj_1hz_reg ; 0.000        ; 0.485      ; 1.373      ;
; 0.701 ; detector_ocupacion:INST_DETECTOR_OCUPACION|reinicio_contadores ; contador_tiempo_extra:INST_CONTADOR_EXTRA|contador_decenas[2]  ; CLOCK_50     ; divisor_frecuencia:INST_DIVISOR|reloj_1hz_reg ; 0.000        ; 0.485      ; 1.373      ;
; 0.701 ; detector_ocupacion:INST_DETECTOR_OCUPACION|reinicio_contadores ; contador_tiempo_extra:INST_CONTADOR_EXTRA|contador_decenas[3]  ; CLOCK_50     ; divisor_frecuencia:INST_DIVISOR|reloj_1hz_reg ; 0.000        ; 0.485      ; 1.373      ;
; 0.701 ; detector_ocupacion:INST_DETECTOR_OCUPACION|reinicio_contadores ; contador_tiempo_extra:INST_CONTADOR_EXTRA|contador_unidades[1] ; CLOCK_50     ; divisor_frecuencia:INST_DIVISOR|reloj_1hz_reg ; 0.000        ; 0.485      ; 1.373      ;
; 0.701 ; detector_ocupacion:INST_DETECTOR_OCUPACION|reinicio_contadores ; contador_tiempo_extra:INST_CONTADOR_EXTRA|contador_unidades[2] ; CLOCK_50     ; divisor_frecuencia:INST_DIVISOR|reloj_1hz_reg ; 0.000        ; 0.485      ; 1.373      ;
; 0.701 ; detector_ocupacion:INST_DETECTOR_OCUPACION|reinicio_contadores ; contador_tiempo_extra:INST_CONTADOR_EXTRA|contador_unidades[3] ; CLOCK_50     ; divisor_frecuencia:INST_DIVISOR|reloj_1hz_reg ; 0.000        ; 0.485      ; 1.373      ;
; 0.701 ; detector_ocupacion:INST_DETECTOR_OCUPACION|reinicio_contadores ; contador_tiempo_extra:INST_CONTADOR_EXTRA|contador_unidades[0] ; CLOCK_50     ; divisor_frecuencia:INST_DIVISOR|reloj_1hz_reg ; 0.000        ; 0.485      ; 1.373      ;
; 0.883 ; detector_ocupacion:INST_DETECTOR_OCUPACION|reinicio_contadores ; contador_tiempo_extra:INST_CONTADOR_EXTRA|contador_decenas[0]  ; CLOCK_50     ; divisor_frecuencia:INST_DIVISOR|reloj_1hz_reg ; 0.000        ; 0.495      ; 1.565      ;
; 0.891 ; detector_ocupacion:INST_DETECTOR_OCUPACION|reinicio_contadores ; contador_35_segundos:INST_CONTADOR_35|contador_unidades[2]     ; CLOCK_50     ; divisor_frecuencia:INST_DIVISOR|reloj_1hz_reg ; 0.000        ; 0.486      ; 1.564      ;
; 0.891 ; detector_ocupacion:INST_DETECTOR_OCUPACION|reinicio_contadores ; contador_35_segundos:INST_CONTADOR_35|contador_unidades[3]     ; CLOCK_50     ; divisor_frecuencia:INST_DIVISOR|reloj_1hz_reg ; 0.000        ; 0.486      ; 1.564      ;
; 0.891 ; detector_ocupacion:INST_DETECTOR_OCUPACION|reinicio_contadores ; contador_35_segundos:INST_CONTADOR_35|contador_unidades[1]     ; CLOCK_50     ; divisor_frecuencia:INST_DIVISOR|reloj_1hz_reg ; 0.000        ; 0.486      ; 1.564      ;
; 0.891 ; detector_ocupacion:INST_DETECTOR_OCUPACION|reinicio_contadores ; contador_35_segundos:INST_CONTADOR_35|contador_decenas[1]      ; CLOCK_50     ; divisor_frecuencia:INST_DIVISOR|reloj_1hz_reg ; 0.000        ; 0.486      ; 1.564      ;
; 1.093 ; detector_ocupacion:INST_DETECTOR_OCUPACION|reinicio_contadores ; contador_35_segundos:INST_CONTADOR_35|fin_conteo_reg           ; CLOCK_50     ; divisor_frecuencia:INST_DIVISOR|reloj_1hz_reg ; 0.000        ; 0.496      ; 1.776      ;
+-------+----------------------------------------------------------------+----------------------------------------------------------------+--------------+-----------------------------------------------+--------------+------------+------------+


+---------------------------------------------------------------------------------------------------------------------------------------------------------+
; Slow 1200mV 85C Model Minimum Pulse Width: 'CLOCK_50'                                                                                                   ;
+--------+--------------+----------------+-----------------+----------+------------+----------------------------------------------------------------------+
; Slack  ; Actual Width ; Required Width ; Type            ; Clock    ; Clock Edge ; Target                                                               ;
+--------+--------------+----------------+-----------------+----------+------------+----------------------------------------------------------------------+
; -3.000 ; 1.000        ; 4.000          ; Port Rate       ; CLOCK_50 ; Rise       ; CLOCK_50                                                             ;
; -1.000 ; 1.000        ; 2.000          ; Min Period      ; CLOCK_50 ; Rise       ; detector_ocupacion:INST_DETECTOR_OCUPACION|contador_felicitacion[0]  ;
; -1.000 ; 1.000        ; 2.000          ; Min Period      ; CLOCK_50 ; Rise       ; detector_ocupacion:INST_DETECTOR_OCUPACION|contador_felicitacion[10] ;
; -1.000 ; 1.000        ; 2.000          ; Min Period      ; CLOCK_50 ; Rise       ; detector_ocupacion:INST_DETECTOR_OCUPACION|contador_felicitacion[11] ;
; -1.000 ; 1.000        ; 2.000          ; Min Period      ; CLOCK_50 ; Rise       ; detector_ocupacion:INST_DETECTOR_OCUPACION|contador_felicitacion[12] ;
; -1.000 ; 1.000        ; 2.000          ; Min Period      ; CLOCK_50 ; Rise       ; detector_ocupacion:INST_DETECTOR_OCUPACION|contador_felicitacion[13] ;
; -1.000 ; 1.000        ; 2.000          ; Min Period      ; CLOCK_50 ; Rise       ; detector_ocupacion:INST_DETECTOR_OCUPACION|contador_felicitacion[14] ;
; -1.000 ; 1.000        ; 2.000          ; Min Period      ; CLOCK_50 ; Rise       ; detector_ocupacion:INST_DETECTOR_OCUPACION|contador_felicitacion[15] ;
; -1.000 ; 1.000        ; 2.000          ; Min Period      ; CLOCK_50 ; Rise       ; detector_ocupacion:INST_DETECTOR_OCUPACION|contador_felicitacion[16] ;
; -1.000 ; 1.000        ; 2.000          ; Min Period      ; CLOCK_50 ; Rise       ; detector_ocupacion:INST_DETECTOR_OCUPACION|contador_felicitacion[17] ;
; -1.000 ; 1.000        ; 2.000          ; Min Period      ; CLOCK_50 ; Rise       ; detector_ocupacion:INST_DETECTOR_OCUPACION|contador_felicitacion[18] ;
; -1.000 ; 1.000        ; 2.000          ; Min Period      ; CLOCK_50 ; Rise       ; detector_ocupacion:INST_DETECTOR_OCUPACION|contador_felicitacion[19] ;
; -1.000 ; 1.000        ; 2.000          ; Min Period      ; CLOCK_50 ; Rise       ; detector_ocupacion:INST_DETECTOR_OCUPACION|contador_felicitacion[1]  ;
; -1.000 ; 1.000        ; 2.000          ; Min Period      ; CLOCK_50 ; Rise       ; detector_ocupacion:INST_DETECTOR_OCUPACION|contador_felicitacion[20] ;
; -1.000 ; 1.000        ; 2.000          ; Min Period      ; CLOCK_50 ; Rise       ; detector_ocupacion:INST_DETECTOR_OCUPACION|contador_felicitacion[21] ;
; -1.000 ; 1.000        ; 2.000          ; Min Period      ; CLOCK_50 ; Rise       ; detector_ocupacion:INST_DETECTOR_OCUPACION|contador_felicitacion[22] ;
; -1.000 ; 1.000        ; 2.000          ; Min Period      ; CLOCK_50 ; Rise       ; detector_ocupacion:INST_DETECTOR_OCUPACION|contador_felicitacion[23] ;
; -1.000 ; 1.000        ; 2.000          ; Min Period      ; CLOCK_50 ; Rise       ; detector_ocupacion:INST_DETECTOR_OCUPACION|contador_felicitacion[24] ;
; -1.000 ; 1.000        ; 2.000          ; Min Period      ; CLOCK_50 ; Rise       ; detector_ocupacion:INST_DETECTOR_OCUPACION|contador_felicitacion[25] ;
; -1.000 ; 1.000        ; 2.000          ; Min Period      ; CLOCK_50 ; Rise       ; detector_ocupacion:INST_DETECTOR_OCUPACION|contador_felicitacion[26] ;
; -1.000 ; 1.000        ; 2.000          ; Min Period      ; CLOCK_50 ; Rise       ; detector_ocupacion:INST_DETECTOR_OCUPACION|contador_felicitacion[27] ;
; -1.000 ; 1.000        ; 2.000          ; Min Period      ; CLOCK_50 ; Rise       ; detector_ocupacion:INST_DETECTOR_OCUPACION|contador_felicitacion[2]  ;
; -1.000 ; 1.000        ; 2.000          ; Min Period      ; CLOCK_50 ; Rise       ; detector_ocupacion:INST_DETECTOR_OCUPACION|contador_felicitacion[3]  ;
; -1.000 ; 1.000        ; 2.000          ; Min Period      ; CLOCK_50 ; Rise       ; detector_ocupacion:INST_DETECTOR_OCUPACION|contador_felicitacion[4]  ;
; -1.000 ; 1.000        ; 2.000          ; Min Period      ; CLOCK_50 ; Rise       ; detector_ocupacion:INST_DETECTOR_OCUPACION|contador_felicitacion[5]  ;
; -1.000 ; 1.000        ; 2.000          ; Min Period      ; CLOCK_50 ; Rise       ; detector_ocupacion:INST_DETECTOR_OCUPACION|contador_felicitacion[6]  ;
; -1.000 ; 1.000        ; 2.000          ; Min Period      ; CLOCK_50 ; Rise       ; detector_ocupacion:INST_DETECTOR_OCUPACION|contador_felicitacion[7]  ;
; -1.000 ; 1.000        ; 2.000          ; Min Period      ; CLOCK_50 ; Rise       ; detector_ocupacion:INST_DETECTOR_OCUPACION|contador_felicitacion[8]  ;
; -1.000 ; 1.000        ; 2.000          ; Min Period      ; CLOCK_50 ; Rise       ; detector_ocupacion:INST_DETECTOR_OCUPACION|contador_felicitacion[9]  ;
; -1.000 ; 1.000        ; 2.000          ; Min Period      ; CLOCK_50 ; Rise       ; detector_ocupacion:INST_DETECTOR_OCUPACION|contando_felicitacion     ;
; -1.000 ; 1.000        ; 2.000          ; Min Period      ; CLOCK_50 ; Rise       ; detector_ocupacion:INST_DETECTOR_OCUPACION|entrada_anterior          ;
; -1.000 ; 1.000        ; 2.000          ; Min Period      ; CLOCK_50 ; Rise       ; detector_ocupacion:INST_DETECTOR_OCUPACION|entrada_sinc1             ;
; -1.000 ; 1.000        ; 2.000          ; Min Period      ; CLOCK_50 ; Rise       ; detector_ocupacion:INST_DETECTOR_OCUPACION|entrada_sinc2             ;
; -1.000 ; 1.000        ; 2.000          ; Min Period      ; CLOCK_50 ; Rise       ; detector_ocupacion:INST_DETECTOR_OCUPACION|estado_felicitacion       ;
; -1.000 ; 1.000        ; 2.000          ; Min Period      ; CLOCK_50 ; Rise       ; detector_ocupacion:INST_DETECTOR_OCUPACION|estado_ocupado            ;
; -1.000 ; 1.000        ; 2.000          ; Min Period      ; CLOCK_50 ; Rise       ; detector_ocupacion:INST_DETECTOR_OCUPACION|reinicio_contadores       ;
; -1.000 ; 1.000        ; 2.000          ; Min Period      ; CLOCK_50 ; Rise       ; detector_ocupacion:INST_DETECTOR_OCUPACION|salida_anterior           ;
; -1.000 ; 1.000        ; 2.000          ; Min Period      ; CLOCK_50 ; Rise       ; detector_ocupacion:INST_DETECTOR_OCUPACION|salida_sinc1              ;
; -1.000 ; 1.000        ; 2.000          ; Min Period      ; CLOCK_50 ; Rise       ; detector_ocupacion:INST_DETECTOR_OCUPACION|salida_sinc2              ;
; -1.000 ; 1.000        ; 2.000          ; Min Period      ; CLOCK_50 ; Rise       ; divisor_frecuencia:INST_DIVISOR|contador_ciclos[0]                   ;
; -1.000 ; 1.000        ; 2.000          ; Min Period      ; CLOCK_50 ; Rise       ; divisor_frecuencia:INST_DIVISOR|contador_ciclos[10]                  ;
; -1.000 ; 1.000        ; 2.000          ; Min Period      ; CLOCK_50 ; Rise       ; divisor_frecuencia:INST_DIVISOR|contador_ciclos[11]                  ;
; -1.000 ; 1.000        ; 2.000          ; Min Period      ; CLOCK_50 ; Rise       ; divisor_frecuencia:INST_DIVISOR|contador_ciclos[12]                  ;
; -1.000 ; 1.000        ; 2.000          ; Min Period      ; CLOCK_50 ; Rise       ; divisor_frecuencia:INST_DIVISOR|contador_ciclos[13]                  ;
; -1.000 ; 1.000        ; 2.000          ; Min Period      ; CLOCK_50 ; Rise       ; divisor_frecuencia:INST_DIVISOR|contador_ciclos[14]                  ;
; -1.000 ; 1.000        ; 2.000          ; Min Period      ; CLOCK_50 ; Rise       ; divisor_frecuencia:INST_DIVISOR|contador_ciclos[15]                  ;
; -1.000 ; 1.000        ; 2.000          ; Min Period      ; CLOCK_50 ; Rise       ; divisor_frecuencia:INST_DIVISOR|contador_ciclos[16]                  ;
; -1.000 ; 1.000        ; 2.000          ; Min Period      ; CLOCK_50 ; Rise       ; divisor_frecuencia:INST_DIVISOR|contador_ciclos[17]                  ;
; -1.000 ; 1.000        ; 2.000          ; Min Period      ; CLOCK_50 ; Rise       ; divisor_frecuencia:INST_DIVISOR|contador_ciclos[18]                  ;
; -1.000 ; 1.000        ; 2.000          ; Min Period      ; CLOCK_50 ; Rise       ; divisor_frecuencia:INST_DIVISOR|contador_ciclos[19]                  ;
; -1.000 ; 1.000        ; 2.000          ; Min Period      ; CLOCK_50 ; Rise       ; divisor_frecuencia:INST_DIVISOR|contador_ciclos[1]                   ;
; -1.000 ; 1.000        ; 2.000          ; Min Period      ; CLOCK_50 ; Rise       ; divisor_frecuencia:INST_DIVISOR|contador_ciclos[20]                  ;
; -1.000 ; 1.000        ; 2.000          ; Min Period      ; CLOCK_50 ; Rise       ; divisor_frecuencia:INST_DIVISOR|contador_ciclos[21]                  ;
; -1.000 ; 1.000        ; 2.000          ; Min Period      ; CLOCK_50 ; Rise       ; divisor_frecuencia:INST_DIVISOR|contador_ciclos[22]                  ;
; -1.000 ; 1.000        ; 2.000          ; Min Period      ; CLOCK_50 ; Rise       ; divisor_frecuencia:INST_DIVISOR|contador_ciclos[23]                  ;
; -1.000 ; 1.000        ; 2.000          ; Min Period      ; CLOCK_50 ; Rise       ; divisor_frecuencia:INST_DIVISOR|contador_ciclos[24]                  ;
; -1.000 ; 1.000        ; 2.000          ; Min Period      ; CLOCK_50 ; Rise       ; divisor_frecuencia:INST_DIVISOR|contador_ciclos[25]                  ;
; -1.000 ; 1.000        ; 2.000          ; Min Period      ; CLOCK_50 ; Rise       ; divisor_frecuencia:INST_DIVISOR|contador_ciclos[2]                   ;
; -1.000 ; 1.000        ; 2.000          ; Min Period      ; CLOCK_50 ; Rise       ; divisor_frecuencia:INST_DIVISOR|contador_ciclos[3]                   ;
; -1.000 ; 1.000        ; 2.000          ; Min Period      ; CLOCK_50 ; Rise       ; divisor_frecuencia:INST_DIVISOR|contador_ciclos[4]                   ;
; -1.000 ; 1.000        ; 2.000          ; Min Period      ; CLOCK_50 ; Rise       ; divisor_frecuencia:INST_DIVISOR|contador_ciclos[5]                   ;
; -1.000 ; 1.000        ; 2.000          ; Min Period      ; CLOCK_50 ; Rise       ; divisor_frecuencia:INST_DIVISOR|contador_ciclos[6]                   ;
; -1.000 ; 1.000        ; 2.000          ; Min Period      ; CLOCK_50 ; Rise       ; divisor_frecuencia:INST_DIVISOR|contador_ciclos[7]                   ;
; -1.000 ; 1.000        ; 2.000          ; Min Period      ; CLOCK_50 ; Rise       ; divisor_frecuencia:INST_DIVISOR|contador_ciclos[8]                   ;
; -1.000 ; 1.000        ; 2.000          ; Min Period      ; CLOCK_50 ; Rise       ; divisor_frecuencia:INST_DIVISOR|contador_ciclos[9]                   ;
; -1.000 ; 1.000        ; 2.000          ; Min Period      ; CLOCK_50 ; Rise       ; divisor_frecuencia:INST_DIVISOR|reloj_1hz_reg                        ;
; 0.187  ; 0.371        ; 0.184          ; Low Pulse Width ; CLOCK_50 ; Rise       ; detector_ocupacion:INST_DETECTOR_OCUPACION|contador_felicitacion[14] ;
; 0.187  ; 0.371        ; 0.184          ; Low Pulse Width ; CLOCK_50 ; Rise       ; detector_ocupacion:INST_DETECTOR_OCUPACION|contador_felicitacion[15] ;
; 0.187  ; 0.371        ; 0.184          ; Low Pulse Width ; CLOCK_50 ; Rise       ; detector_ocupacion:INST_DETECTOR_OCUPACION|contador_felicitacion[16] ;
; 0.187  ; 0.371        ; 0.184          ; Low Pulse Width ; CLOCK_50 ; Rise       ; detector_ocupacion:INST_DETECTOR_OCUPACION|contador_felicitacion[17] ;
; 0.187  ; 0.371        ; 0.184          ; Low Pulse Width ; CLOCK_50 ; Rise       ; detector_ocupacion:INST_DETECTOR_OCUPACION|contador_felicitacion[18] ;
; 0.187  ; 0.371        ; 0.184          ; Low Pulse Width ; CLOCK_50 ; Rise       ; detector_ocupacion:INST_DETECTOR_OCUPACION|contador_felicitacion[19] ;
; 0.187  ; 0.371        ; 0.184          ; Low Pulse Width ; CLOCK_50 ; Rise       ; detector_ocupacion:INST_DETECTOR_OCUPACION|contador_felicitacion[20] ;
; 0.187  ; 0.371        ; 0.184          ; Low Pulse Width ; CLOCK_50 ; Rise       ; detector_ocupacion:INST_DETECTOR_OCUPACION|contador_felicitacion[21] ;
; 0.187  ; 0.371        ; 0.184          ; Low Pulse Width ; CLOCK_50 ; Rise       ; detector_ocupacion:INST_DETECTOR_OCUPACION|contador_felicitacion[22] ;
; 0.187  ; 0.371        ; 0.184          ; Low Pulse Width ; CLOCK_50 ; Rise       ; detector_ocupacion:INST_DETECTOR_OCUPACION|contador_felicitacion[23] ;
; 0.187  ; 0.371        ; 0.184          ; Low Pulse Width ; CLOCK_50 ; Rise       ; detector_ocupacion:INST_DETECTOR_OCUPACION|contador_felicitacion[24] ;
; 0.187  ; 0.371        ; 0.184          ; Low Pulse Width ; CLOCK_50 ; Rise       ; detector_ocupacion:INST_DETECTOR_OCUPACION|contador_felicitacion[25] ;
; 0.187  ; 0.371        ; 0.184          ; Low Pulse Width ; CLOCK_50 ; Rise       ; detector_ocupacion:INST_DETECTOR_OCUPACION|contador_felicitacion[26] ;
; 0.187  ; 0.371        ; 0.184          ; Low Pulse Width ; CLOCK_50 ; Rise       ; detector_ocupacion:INST_DETECTOR_OCUPACION|contador_felicitacion[27] ;
; 0.187  ; 0.371        ; 0.184          ; Low Pulse Width ; CLOCK_50 ; Rise       ; divisor_frecuencia:INST_DIVISOR|contador_ciclos[18]                  ;
; 0.187  ; 0.371        ; 0.184          ; Low Pulse Width ; CLOCK_50 ; Rise       ; divisor_frecuencia:INST_DIVISOR|contador_ciclos[19]                  ;
; 0.188  ; 0.372        ; 0.184          ; Low Pulse Width ; CLOCK_50 ; Rise       ; detector_ocupacion:INST_DETECTOR_OCUPACION|contador_felicitacion[0]  ;
; 0.188  ; 0.372        ; 0.184          ; Low Pulse Width ; CLOCK_50 ; Rise       ; detector_ocupacion:INST_DETECTOR_OCUPACION|contador_felicitacion[10] ;
; 0.188  ; 0.372        ; 0.184          ; Low Pulse Width ; CLOCK_50 ; Rise       ; detector_ocupacion:INST_DETECTOR_OCUPACION|contador_felicitacion[11] ;
; 0.188  ; 0.372        ; 0.184          ; Low Pulse Width ; CLOCK_50 ; Rise       ; detector_ocupacion:INST_DETECTOR_OCUPACION|contador_felicitacion[12] ;
; 0.188  ; 0.372        ; 0.184          ; Low Pulse Width ; CLOCK_50 ; Rise       ; detector_ocupacion:INST_DETECTOR_OCUPACION|contador_felicitacion[13] ;
; 0.188  ; 0.372        ; 0.184          ; Low Pulse Width ; CLOCK_50 ; Rise       ; detector_ocupacion:INST_DETECTOR_OCUPACION|contador_felicitacion[1]  ;
; 0.188  ; 0.372        ; 0.184          ; Low Pulse Width ; CLOCK_50 ; Rise       ; detector_ocupacion:INST_DETECTOR_OCUPACION|contador_felicitacion[2]  ;
; 0.188  ; 0.372        ; 0.184          ; Low Pulse Width ; CLOCK_50 ; Rise       ; detector_ocupacion:INST_DETECTOR_OCUPACION|contador_felicitacion[3]  ;
; 0.188  ; 0.372        ; 0.184          ; Low Pulse Width ; CLOCK_50 ; Rise       ; detector_ocupacion:INST_DETECTOR_OCUPACION|contador_felicitacion[4]  ;
; 0.188  ; 0.372        ; 0.184          ; Low Pulse Width ; CLOCK_50 ; Rise       ; detector_ocupacion:INST_DETECTOR_OCUPACION|contador_felicitacion[5]  ;
; 0.188  ; 0.372        ; 0.184          ; Low Pulse Width ; CLOCK_50 ; Rise       ; detector_ocupacion:INST_DETECTOR_OCUPACION|contador_felicitacion[6]  ;
; 0.188  ; 0.372        ; 0.184          ; Low Pulse Width ; CLOCK_50 ; Rise       ; detector_ocupacion:INST_DETECTOR_OCUPACION|contador_felicitacion[7]  ;
; 0.188  ; 0.372        ; 0.184          ; Low Pulse Width ; CLOCK_50 ; Rise       ; detector_ocupacion:INST_DETECTOR_OCUPACION|contador_felicitacion[8]  ;
; 0.188  ; 0.372        ; 0.184          ; Low Pulse Width ; CLOCK_50 ; Rise       ; detector_ocupacion:INST_DETECTOR_OCUPACION|contador_felicitacion[9]  ;
; 0.188  ; 0.372        ; 0.184          ; Low Pulse Width ; CLOCK_50 ; Rise       ; detector_ocupacion:INST_DETECTOR_OCUPACION|contando_felicitacion     ;
; 0.188  ; 0.372        ; 0.184          ; Low Pulse Width ; CLOCK_50 ; Rise       ; detector_ocupacion:INST_DETECTOR_OCUPACION|entrada_anterior          ;
; 0.188  ; 0.372        ; 0.184          ; Low Pulse Width ; CLOCK_50 ; Rise       ; detector_ocupacion:INST_DETECTOR_OCUPACION|entrada_sinc1             ;
; 0.188  ; 0.372        ; 0.184          ; Low Pulse Width ; CLOCK_50 ; Rise       ; detector_ocupacion:INST_DETECTOR_OCUPACION|entrada_sinc2             ;
+--------+--------------+----------------+-----------------+----------+------------+----------------------------------------------------------------------+


+-----------------------------------------------------------------------------------------------------------------------------------------------------------------------------------------+
; Slow 1200mV 85C Model Minimum Pulse Width: 'divisor_frecuencia:INST_DIVISOR|reloj_1hz_reg'                                                                                              ;
+--------+--------------+----------------+------------------+-----------------------------------------------+------------+----------------------------------------------------------------+
; Slack  ; Actual Width ; Required Width ; Type             ; Clock                                         ; Clock Edge ; Target                                                         ;
+--------+--------------+----------------+------------------+-----------------------------------------------+------------+----------------------------------------------------------------+
; -1.000 ; 1.000        ; 2.000          ; Min Period       ; divisor_frecuencia:INST_DIVISOR|reloj_1hz_reg ; Rise       ; contador_35_segundos:INST_CONTADOR_35|contador_decenas[0]      ;
; -1.000 ; 1.000        ; 2.000          ; Min Period       ; divisor_frecuencia:INST_DIVISOR|reloj_1hz_reg ; Rise       ; contador_35_segundos:INST_CONTADOR_35|contador_decenas[1]      ;
; -1.000 ; 1.000        ; 2.000          ; Min Period       ; divisor_frecuencia:INST_DIVISOR|reloj_1hz_reg ; Rise       ; contador_35_segundos:INST_CONTADOR_35|contador_unidades[0]     ;
; -1.000 ; 1.000        ; 2.000          ; Min Period       ; divisor_frecuencia:INST_DIVISOR|reloj_1hz_reg ; Rise       ; contador_35_segundos:INST_CONTADOR_35|contador_unidades[1]     ;
; -1.000 ; 1.000        ; 2.000          ; Min Period       ; divisor_frecuencia:INST_DIVISOR|reloj_1hz_reg ; Rise       ; contador_35_segundos:INST_CONTADOR_35|contador_unidades[2]     ;
; -1.000 ; 1.000        ; 2.000          ; Min Period       ; divisor_frecuencia:INST_DIVISOR|reloj_1hz_reg ; Rise       ; contador_35_segundos:INST_CONTADOR_35|contador_unidades[3]     ;
; -1.000 ; 1.000        ; 2.000          ; Min Period       ; divisor_frecuencia:INST_DIVISOR|reloj_1hz_reg ; Rise       ; contador_35_segundos:INST_CONTADOR_35|fin_conteo_reg           ;
; -1.000 ; 1.000        ; 2.000          ; Min Period       ; divisor_frecuencia:INST_DIVISOR|reloj_1hz_reg ; Rise       ; contador_tiempo_extra:INST_CONTADOR_EXTRA|contador_decenas[0]  ;
; -1.000 ; 1.000        ; 2.000          ; Min Period       ; divisor_frecuencia:INST_DIVISOR|reloj_1hz_reg ; Rise       ; contador_tiempo_extra:INST_CONTADOR_EXTRA|contador_decenas[1]  ;
; -1.000 ; 1.000        ; 2.000          ; Min Period       ; divisor_frecuencia:INST_DIVISOR|reloj_1hz_reg ; Rise       ; contador_tiempo_extra:INST_CONTADOR_EXTRA|contador_decenas[2]  ;
; -1.000 ; 1.000        ; 2.000          ; Min Period       ; divisor_frecuencia:INST_DIVISOR|reloj_1hz_reg ; Rise       ; contador_tiempo_extra:INST_CONTADOR_EXTRA|contador_decenas[3]  ;
; -1.000 ; 1.000        ; 2.000          ; Min Period       ; divisor_frecuencia:INST_DIVISOR|reloj_1hz_reg ; Rise       ; contador_tiempo_extra:INST_CONTADOR_EXTRA|contador_unidades[0] ;
; -1.000 ; 1.000        ; 2.000          ; Min Period       ; divisor_frecuencia:INST_DIVISOR|reloj_1hz_reg ; Rise       ; contador_tiempo_extra:INST_CONTADOR_EXTRA|contador_unidades[1] ;
; -1.000 ; 1.000        ; 2.000          ; Min Period       ; divisor_frecuencia:INST_DIVISOR|reloj_1hz_reg ; Rise       ; contador_tiempo_extra:INST_CONTADOR_EXTRA|contador_unidades[2] ;
; -1.000 ; 1.000        ; 2.000          ; Min Period       ; divisor_frecuencia:INST_DIVISOR|reloj_1hz_reg ; Rise       ; contador_tiempo_extra:INST_CONTADOR_EXTRA|contador_unidades[3] ;
; 0.284  ; 0.468        ; 0.184          ; Low Pulse Width  ; divisor_frecuencia:INST_DIVISOR|reloj_1hz_reg ; Rise       ; contador_35_segundos:INST_CONTADOR_35|contador_decenas[0]      ;
; 0.284  ; 0.468        ; 0.184          ; Low Pulse Width  ; divisor_frecuencia:INST_DIVISOR|reloj_1hz_reg ; Rise       ; contador_35_segundos:INST_CONTADOR_35|contador_decenas[1]      ;
; 0.284  ; 0.468        ; 0.184          ; Low Pulse Width  ; divisor_frecuencia:INST_DIVISOR|reloj_1hz_reg ; Rise       ; contador_35_segundos:INST_CONTADOR_35|contador_unidades[0]     ;
; 0.284  ; 0.468        ; 0.184          ; Low Pulse Width  ; divisor_frecuencia:INST_DIVISOR|reloj_1hz_reg ; Rise       ; contador_35_segundos:INST_CONTADOR_35|contador_unidades[1]     ;
; 0.284  ; 0.468        ; 0.184          ; Low Pulse Width  ; divisor_frecuencia:INST_DIVISOR|reloj_1hz_reg ; Rise       ; contador_35_segundos:INST_CONTADOR_35|contador_unidades[2]     ;
; 0.284  ; 0.468        ; 0.184          ; Low Pulse Width  ; divisor_frecuencia:INST_DIVISOR|reloj_1hz_reg ; Rise       ; contador_35_segundos:INST_CONTADOR_35|contador_unidades[3]     ;
; 0.284  ; 0.468        ; 0.184          ; Low Pulse Width  ; divisor_frecuencia:INST_DIVISOR|reloj_1hz_reg ; Rise       ; contador_35_segundos:INST_CONTADOR_35|fin_conteo_reg           ;
; 0.284  ; 0.468        ; 0.184          ; Low Pulse Width  ; divisor_frecuencia:INST_DIVISOR|reloj_1hz_reg ; Rise       ; contador_tiempo_extra:INST_CONTADOR_EXTRA|contador_decenas[1]  ;
; 0.284  ; 0.468        ; 0.184          ; Low Pulse Width  ; divisor_frecuencia:INST_DIVISOR|reloj_1hz_reg ; Rise       ; contador_tiempo_extra:INST_CONTADOR_EXTRA|contador_decenas[2]  ;
; 0.284  ; 0.468        ; 0.184          ; Low Pulse Width  ; divisor_frecuencia:INST_DIVISOR|reloj_1hz_reg ; Rise       ; contador_tiempo_extra:INST_CONTADOR_EXTRA|contador_decenas[3]  ;
; 0.284  ; 0.468        ; 0.184          ; Low Pulse Width  ; divisor_frecuencia:INST_DIVISOR|reloj_1hz_reg ; Rise       ; contador_tiempo_extra:INST_CONTADOR_EXTRA|contador_unidades[0] ;
; 0.284  ; 0.468        ; 0.184          ; Low Pulse Width  ; divisor_frecuencia:INST_DIVISOR|reloj_1hz_reg ; Rise       ; contador_tiempo_extra:INST_CONTADOR_EXTRA|contador_unidades[1] ;
; 0.284  ; 0.468        ; 0.184          ; Low Pulse Width  ; divisor_frecuencia:INST_DIVISOR|reloj_1hz_reg ; Rise       ; contador_tiempo_extra:INST_CONTADOR_EXTRA|contador_unidades[2] ;
; 0.284  ; 0.468        ; 0.184          ; Low Pulse Width  ; divisor_frecuencia:INST_DIVISOR|reloj_1hz_reg ; Rise       ; contador_tiempo_extra:INST_CONTADOR_EXTRA|contador_unidades[3] ;
; 0.285  ; 0.469        ; 0.184          ; Low Pulse Width  ; divisor_frecuencia:INST_DIVISOR|reloj_1hz_reg ; Rise       ; contador_tiempo_extra:INST_CONTADOR_EXTRA|contador_decenas[0]  ;
; 0.311  ; 0.527        ; 0.216          ; High Pulse Width ; divisor_frecuencia:INST_DIVISOR|reloj_1hz_reg ; Rise       ; contador_35_segundos:INST_CONTADOR_35|contador_decenas[0]      ;
; 0.311  ; 0.527        ; 0.216          ; High Pulse Width ; divisor_frecuencia:INST_DIVISOR|reloj_1hz_reg ; Rise       ; contador_35_segundos:INST_CONTADOR_35|contador_unidades[0]     ;
; 0.311  ; 0.527        ; 0.216          ; High Pulse Width ; divisor_frecuencia:INST_DIVISOR|reloj_1hz_reg ; Rise       ; contador_35_segundos:INST_CONTADOR_35|fin_conteo_reg           ;
; 0.311  ; 0.527        ; 0.216          ; High Pulse Width ; divisor_frecuencia:INST_DIVISOR|reloj_1hz_reg ; Rise       ; contador_tiempo_extra:INST_CONTADOR_EXTRA|contador_decenas[0]  ;
; 0.311  ; 0.527        ; 0.216          ; High Pulse Width ; divisor_frecuencia:INST_DIVISOR|reloj_1hz_reg ; Rise       ; contador_tiempo_extra:INST_CONTADOR_EXTRA|contador_decenas[1]  ;
; 0.311  ; 0.527        ; 0.216          ; High Pulse Width ; divisor_frecuencia:INST_DIVISOR|reloj_1hz_reg ; Rise       ; contador_tiempo_extra:INST_CONTADOR_EXTRA|contador_decenas[2]  ;
; 0.311  ; 0.527        ; 0.216          ; High Pulse Width ; divisor_frecuencia:INST_DIVISOR|reloj_1hz_reg ; Rise       ; contador_tiempo_extra:INST_CONTADOR_EXTRA|contador_decenas[3]  ;
; 0.311  ; 0.527        ; 0.216          ; High Pulse Width ; divisor_frecuencia:INST_DIVISOR|reloj_1hz_reg ; Rise       ; contador_tiempo_extra:INST_CONTADOR_EXTRA|contador_unidades[0] ;
; 0.311  ; 0.527        ; 0.216          ; High Pulse Width ; divisor_frecuencia:INST_DIVISOR|reloj_1hz_reg ; Rise       ; contador_tiempo_extra:INST_CONTADOR_EXTRA|contador_unidades[1] ;
; 0.311  ; 0.527        ; 0.216          ; High Pulse Width ; divisor_frecuencia:INST_DIVISOR|reloj_1hz_reg ; Rise       ; contador_tiempo_extra:INST_CONTADOR_EXTRA|contador_unidades[2] ;
; 0.311  ; 0.527        ; 0.216          ; High Pulse Width ; divisor_frecuencia:INST_DIVISOR|reloj_1hz_reg ; Rise       ; contador_tiempo_extra:INST_CONTADOR_EXTRA|contador_unidades[3] ;
; 0.312  ; 0.528        ; 0.216          ; High Pulse Width ; divisor_frecuencia:INST_DIVISOR|reloj_1hz_reg ; Rise       ; contador_35_segundos:INST_CONTADOR_35|contador_decenas[1]      ;
; 0.312  ; 0.528        ; 0.216          ; High Pulse Width ; divisor_frecuencia:INST_DIVISOR|reloj_1hz_reg ; Rise       ; contador_35_segundos:INST_CONTADOR_35|contador_unidades[1]     ;
; 0.312  ; 0.528        ; 0.216          ; High Pulse Width ; divisor_frecuencia:INST_DIVISOR|reloj_1hz_reg ; Rise       ; contador_35_segundos:INST_CONTADOR_35|contador_unidades[2]     ;
; 0.312  ; 0.528        ; 0.216          ; High Pulse Width ; divisor_frecuencia:INST_DIVISOR|reloj_1hz_reg ; Rise       ; contador_35_segundos:INST_CONTADOR_35|contador_unidades[3]     ;
; 0.446  ; 0.446        ; 0.000          ; Low Pulse Width  ; divisor_frecuencia:INST_DIVISOR|reloj_1hz_reg ; Rise       ; INST_CONTADOR_35|contador_decenas[0]|clk                       ;
; 0.446  ; 0.446        ; 0.000          ; Low Pulse Width  ; divisor_frecuencia:INST_DIVISOR|reloj_1hz_reg ; Rise       ; INST_CONTADOR_35|contador_decenas[1]|clk                       ;
; 0.446  ; 0.446        ; 0.000          ; Low Pulse Width  ; divisor_frecuencia:INST_DIVISOR|reloj_1hz_reg ; Rise       ; INST_CONTADOR_35|contador_unidades[0]|clk                      ;
; 0.446  ; 0.446        ; 0.000          ; Low Pulse Width  ; divisor_frecuencia:INST_DIVISOR|reloj_1hz_reg ; Rise       ; INST_CONTADOR_35|contador_unidades[1]|clk                      ;
; 0.446  ; 0.446        ; 0.000          ; Low Pulse Width  ; divisor_frecuencia:INST_DIVISOR|reloj_1hz_reg ; Rise       ; INST_CONTADOR_35|contador_unidades[2]|clk                      ;
; 0.446  ; 0.446        ; 0.000          ; Low Pulse Width  ; divisor_frecuencia:INST_DIVISOR|reloj_1hz_reg ; Rise       ; INST_CONTADOR_35|contador_unidades[3]|clk                      ;
; 0.446  ; 0.446        ; 0.000          ; Low Pulse Width  ; divisor_frecuencia:INST_DIVISOR|reloj_1hz_reg ; Rise       ; INST_CONTADOR_35|fin_conteo_reg|clk                            ;
; 0.446  ; 0.446        ; 0.000          ; Low Pulse Width  ; divisor_frecuencia:INST_DIVISOR|reloj_1hz_reg ; Rise       ; INST_CONTADOR_EXTRA|contador_decenas[1]|clk                    ;
; 0.446  ; 0.446        ; 0.000          ; Low Pulse Width  ; divisor_frecuencia:INST_DIVISOR|reloj_1hz_reg ; Rise       ; INST_CONTADOR_EXTRA|contador_decenas[2]|clk                    ;
; 0.446  ; 0.446        ; 0.000          ; Low Pulse Width  ; divisor_frecuencia:INST_DIVISOR|reloj_1hz_reg ; Rise       ; INST_CONTADOR_EXTRA|contador_decenas[3]|clk                    ;
; 0.446  ; 0.446        ; 0.000          ; Low Pulse Width  ; divisor_frecuencia:INST_DIVISOR|reloj_1hz_reg ; Rise       ; INST_CONTADOR_EXTRA|contador_unidades[0]|clk                   ;
; 0.446  ; 0.446        ; 0.000          ; Low Pulse Width  ; divisor_frecuencia:INST_DIVISOR|reloj_1hz_reg ; Rise       ; INST_CONTADOR_EXTRA|contador_unidades[1]|clk                   ;
; 0.446  ; 0.446        ; 0.000          ; Low Pulse Width  ; divisor_frecuencia:INST_DIVISOR|reloj_1hz_reg ; Rise       ; INST_CONTADOR_EXTRA|contador_unidades[2]|clk                   ;
; 0.446  ; 0.446        ; 0.000          ; Low Pulse Width  ; divisor_frecuencia:INST_DIVISOR|reloj_1hz_reg ; Rise       ; INST_CONTADOR_EXTRA|contador_unidades[3]|clk                   ;
; 0.447  ; 0.447        ; 0.000          ; Low Pulse Width  ; divisor_frecuencia:INST_DIVISOR|reloj_1hz_reg ; Rise       ; INST_CONTADOR_EXTRA|contador_decenas[0]|clk                    ;
; 0.455  ; 0.455        ; 0.000          ; Low Pulse Width  ; divisor_frecuencia:INST_DIVISOR|reloj_1hz_reg ; Rise       ; INST_DIVISOR|reloj_1hz_reg~clkctrl|inclk[0]                    ;
; 0.455  ; 0.455        ; 0.000          ; Low Pulse Width  ; divisor_frecuencia:INST_DIVISOR|reloj_1hz_reg ; Rise       ; INST_DIVISOR|reloj_1hz_reg~clkctrl|outclk                      ;
; 0.500  ; 0.500        ; 0.000          ; High Pulse Width ; divisor_frecuencia:INST_DIVISOR|reloj_1hz_reg ; Rise       ; INST_DIVISOR|reloj_1hz_reg|q                                   ;
; 0.500  ; 0.500        ; 0.000          ; Low Pulse Width  ; divisor_frecuencia:INST_DIVISOR|reloj_1hz_reg ; Rise       ; INST_DIVISOR|reloj_1hz_reg|q                                   ;
; 0.543  ; 0.543        ; 0.000          ; High Pulse Width ; divisor_frecuencia:INST_DIVISOR|reloj_1hz_reg ; Rise       ; INST_DIVISOR|reloj_1hz_reg~clkctrl|inclk[0]                    ;
; 0.543  ; 0.543        ; 0.000          ; High Pulse Width ; divisor_frecuencia:INST_DIVISOR|reloj_1hz_reg ; Rise       ; INST_DIVISOR|reloj_1hz_reg~clkctrl|outclk                      ;
; 0.551  ; 0.551        ; 0.000          ; High Pulse Width ; divisor_frecuencia:INST_DIVISOR|reloj_1hz_reg ; Rise       ; INST_CONTADOR_35|contador_decenas[0]|clk                       ;
; 0.551  ; 0.551        ; 0.000          ; High Pulse Width ; divisor_frecuencia:INST_DIVISOR|reloj_1hz_reg ; Rise       ; INST_CONTADOR_35|contador_unidades[0]|clk                      ;
; 0.551  ; 0.551        ; 0.000          ; High Pulse Width ; divisor_frecuencia:INST_DIVISOR|reloj_1hz_reg ; Rise       ; INST_CONTADOR_35|fin_conteo_reg|clk                            ;
; 0.551  ; 0.551        ; 0.000          ; High Pulse Width ; divisor_frecuencia:INST_DIVISOR|reloj_1hz_reg ; Rise       ; INST_CONTADOR_EXTRA|contador_decenas[0]|clk                    ;
; 0.551  ; 0.551        ; 0.000          ; High Pulse Width ; divisor_frecuencia:INST_DIVISOR|reloj_1hz_reg ; Rise       ; INST_CONTADOR_EXTRA|contador_decenas[1]|clk                    ;
; 0.551  ; 0.551        ; 0.000          ; High Pulse Width ; divisor_frecuencia:INST_DIVISOR|reloj_1hz_reg ; Rise       ; INST_CONTADOR_EXTRA|contador_decenas[2]|clk                    ;
; 0.551  ; 0.551        ; 0.000          ; High Pulse Width ; divisor_frecuencia:INST_DIVISOR|reloj_1hz_reg ; Rise       ; INST_CONTADOR_EXTRA|contador_decenas[3]|clk                    ;
; 0.551  ; 0.551        ; 0.000          ; High Pulse Width ; divisor_frecuencia:INST_DIVISOR|reloj_1hz_reg ; Rise       ; INST_CONTADOR_EXTRA|contador_unidades[0]|clk                   ;
; 0.551  ; 0.551        ; 0.000          ; High Pulse Width ; divisor_frecuencia:INST_DIVISOR|reloj_1hz_reg ; Rise       ; INST_CONTADOR_EXTRA|contador_unidades[1]|clk                   ;
; 0.551  ; 0.551        ; 0.000          ; High Pulse Width ; divisor_frecuencia:INST_DIVISOR|reloj_1hz_reg ; Rise       ; INST_CONTADOR_EXTRA|contador_unidades[2]|clk                   ;
; 0.551  ; 0.551        ; 0.000          ; High Pulse Width ; divisor_frecuencia:INST_DIVISOR|reloj_1hz_reg ; Rise       ; INST_CONTADOR_EXTRA|contador_unidades[3]|clk                   ;
; 0.552  ; 0.552        ; 0.000          ; High Pulse Width ; divisor_frecuencia:INST_DIVISOR|reloj_1hz_reg ; Rise       ; INST_CONTADOR_35|contador_decenas[1]|clk                       ;
; 0.552  ; 0.552        ; 0.000          ; High Pulse Width ; divisor_frecuencia:INST_DIVISOR|reloj_1hz_reg ; Rise       ; INST_CONTADOR_35|contador_unidades[1]|clk                      ;
; 0.552  ; 0.552        ; 0.000          ; High Pulse Width ; divisor_frecuencia:INST_DIVISOR|reloj_1hz_reg ; Rise       ; INST_CONTADOR_35|contador_unidades[2]|clk                      ;
; 0.552  ; 0.552        ; 0.000          ; High Pulse Width ; divisor_frecuencia:INST_DIVISOR|reloj_1hz_reg ; Rise       ; INST_CONTADOR_35|contador_unidades[3]|clk                      ;
+--------+--------------+----------------+------------------+-----------------------------------------------+------------+----------------------------------------------------------------+


+------------------------------------------------------------------------+
; Setup Times                                                            ;
+------------+------------+-------+-------+------------+-----------------+
; Data Port  ; Clock Port ; Rise  ; Fall  ; Clock Edge ; Clock Reference ;
+------------+------------+-------+-------+------------+-----------------+
; BUTTON[*]  ; CLOCK_50   ; 3.289 ; 3.717 ; Rise       ; CLOCK_50        ;
;  BUTTON[1] ; CLOCK_50   ; 2.745 ; 3.207 ; Rise       ; CLOCK_50        ;
;  BUTTON[2] ; CLOCK_50   ; 3.289 ; 3.717 ; Rise       ; CLOCK_50        ;
+------------+------------+-------+-------+------------+-----------------+


+--------------------------------------------------------------------------+
; Hold Times                                                               ;
+------------+------------+--------+--------+------------+-----------------+
; Data Port  ; Clock Port ; Rise   ; Fall   ; Clock Edge ; Clock Reference ;
+------------+------------+--------+--------+------------+-----------------+
; BUTTON[*]  ; CLOCK_50   ; -2.338 ; -2.787 ; Rise       ; CLOCK_50        ;
;  BUTTON[1] ; CLOCK_50   ; -2.338 ; -2.787 ; Rise       ; CLOCK_50        ;
;  BUTTON[2] ; CLOCK_50   ; -2.861 ; -3.277 ; Rise       ; CLOCK_50        ;
+------------+------------+--------+--------+------------+-----------------+


+-------------------------------------------------------------------------------------------------------------------------------------------+
; Clock to Output Times                                                                                                                     ;
+--------------+-----------------------------------------------+-------+-------+------------+-----------------------------------------------+
; Data Port    ; Clock Port                                    ; Rise  ; Fall  ; Clock Edge ; Clock Reference                               ;
+--------------+-----------------------------------------------+-------+-------+------------+-----------------------------------------------+
; alarma       ; CLOCK_50                                      ; 7.071 ; 7.170 ; Rise       ; CLOCK_50                                      ;
; felicitacion ; CLOCK_50                                      ; 6.946 ; 7.021 ; Rise       ; CLOCK_50                                      ;
; HEX0_D[*]    ; divisor_frecuencia:INST_DIVISOR|reloj_1hz_reg ; 7.611 ; 7.677 ; Rise       ; divisor_frecuencia:INST_DIVISOR|reloj_1hz_reg ;
;  HEX0_D[0]   ; divisor_frecuencia:INST_DIVISOR|reloj_1hz_reg ; 7.291 ; 7.212 ; Rise       ; divisor_frecuencia:INST_DIVISOR|reloj_1hz_reg ;
;  HEX0_D[1]   ; divisor_frecuencia:INST_DIVISOR|reloj_1hz_reg ; 7.611 ; 7.677 ; Rise       ; divisor_frecuencia:INST_DIVISOR|reloj_1hz_reg ;
;  HEX0_D[2]   ; divisor_frecuencia:INST_DIVISOR|reloj_1hz_reg ; 6.975 ; 6.853 ; Rise       ; divisor_frecuencia:INST_DIVISOR|reloj_1hz_reg ;
;  HEX0_D[3]   ; divisor_frecuencia:INST_DIVISOR|reloj_1hz_reg ; 6.713 ; 6.577 ; Rise       ; divisor_frecuencia:INST_DIVISOR|reloj_1hz_reg ;
;  HEX0_D[4]   ; divisor_frecuencia:INST_DIVISOR|reloj_1hz_reg ; 6.912 ; 6.940 ; Rise       ; divisor_frecuencia:INST_DIVISOR|reloj_1hz_reg ;
;  HEX0_D[5]   ; divisor_frecuencia:INST_DIVISOR|reloj_1hz_reg ; 6.919 ; 6.791 ; Rise       ; divisor_frecuencia:INST_DIVISOR|reloj_1hz_reg ;
;  HEX0_D[6]   ; divisor_frecuencia:INST_DIVISOR|reloj_1hz_reg ; 6.880 ; 6.841 ; Rise       ; divisor_frecuencia:INST_DIVISOR|reloj_1hz_reg ;
; HEX1_D[*]    ; divisor_frecuencia:INST_DIVISOR|reloj_1hz_reg ; 7.602 ; 7.611 ; Rise       ; divisor_frecuencia:INST_DIVISOR|reloj_1hz_reg ;
;  HEX1_D[0]   ; divisor_frecuencia:INST_DIVISOR|reloj_1hz_reg ; 7.602 ; 7.611 ; Rise       ; divisor_frecuencia:INST_DIVISOR|reloj_1hz_reg ;
;  HEX1_D[2]   ; divisor_frecuencia:INST_DIVISOR|reloj_1hz_reg ; 7.391 ; 7.255 ; Rise       ; divisor_frecuencia:INST_DIVISOR|reloj_1hz_reg ;
;  HEX1_D[3]   ; divisor_frecuencia:INST_DIVISOR|reloj_1hz_reg ; 7.598 ; 7.604 ; Rise       ; divisor_frecuencia:INST_DIVISOR|reloj_1hz_reg ;
;  HEX1_D[4]   ; divisor_frecuencia:INST_DIVISOR|reloj_1hz_reg ; 6.395 ; 6.398 ; Rise       ; divisor_frecuencia:INST_DIVISOR|reloj_1hz_reg ;
;  HEX1_D[5]   ; divisor_frecuencia:INST_DIVISOR|reloj_1hz_reg ; 7.072 ; 7.092 ; Rise       ; divisor_frecuencia:INST_DIVISOR|reloj_1hz_reg ;
;  HEX1_D[6]   ; divisor_frecuencia:INST_DIVISOR|reloj_1hz_reg ; 6.164 ; 6.162 ; Rise       ; divisor_frecuencia:INST_DIVISOR|reloj_1hz_reg ;
; HEX2_D[*]    ; divisor_frecuencia:INST_DIVISOR|reloj_1hz_reg ; 7.619 ; 7.637 ; Rise       ; divisor_frecuencia:INST_DIVISOR|reloj_1hz_reg ;
;  HEX2_D[0]   ; divisor_frecuencia:INST_DIVISOR|reloj_1hz_reg ; 7.261 ; 7.143 ; Rise       ; divisor_frecuencia:INST_DIVISOR|reloj_1hz_reg ;
;  HEX2_D[1]   ; divisor_frecuencia:INST_DIVISOR|reloj_1hz_reg ; 7.215 ; 7.180 ; Rise       ; divisor_frecuencia:INST_DIVISOR|reloj_1hz_reg ;
;  HEX2_D[2]   ; divisor_frecuencia:INST_DIVISOR|reloj_1hz_reg ; 7.189 ; 7.239 ; Rise       ; divisor_frecuencia:INST_DIVISOR|reloj_1hz_reg ;
;  HEX2_D[3]   ; divisor_frecuencia:INST_DIVISOR|reloj_1hz_reg ; 7.292 ; 7.183 ; Rise       ; divisor_frecuencia:INST_DIVISOR|reloj_1hz_reg ;
;  HEX2_D[4]   ; divisor_frecuencia:INST_DIVISOR|reloj_1hz_reg ; 7.067 ; 6.924 ; Rise       ; divisor_frecuencia:INST_DIVISOR|reloj_1hz_reg ;
;  HEX2_D[5]   ; divisor_frecuencia:INST_DIVISOR|reloj_1hz_reg ; 7.557 ; 7.418 ; Rise       ; divisor_frecuencia:INST_DIVISOR|reloj_1hz_reg ;
;  HEX2_D[6]   ; divisor_frecuencia:INST_DIVISOR|reloj_1hz_reg ; 7.619 ; 7.637 ; Rise       ; divisor_frecuencia:INST_DIVISOR|reloj_1hz_reg ;
; HEX3_D[*]    ; divisor_frecuencia:INST_DIVISOR|reloj_1hz_reg ; 7.322 ; 7.249 ; Rise       ; divisor_frecuencia:INST_DIVISOR|reloj_1hz_reg ;
;  HEX3_D[0]   ; divisor_frecuencia:INST_DIVISOR|reloj_1hz_reg ; 7.078 ; 7.014 ; Rise       ; divisor_frecuencia:INST_DIVISOR|reloj_1hz_reg ;
;  HEX3_D[1]   ; divisor_frecuencia:INST_DIVISOR|reloj_1hz_reg ; 7.322 ; 7.249 ; Rise       ; divisor_frecuencia:INST_DIVISOR|reloj_1hz_reg ;
;  HEX3_D[2]   ; divisor_frecuencia:INST_DIVISOR|reloj_1hz_reg ; 7.192 ; 7.228 ; Rise       ; divisor_frecuencia:INST_DIVISOR|reloj_1hz_reg ;
;  HEX3_D[3]   ; divisor_frecuencia:INST_DIVISOR|reloj_1hz_reg ; 7.190 ; 7.154 ; Rise       ; divisor_frecuencia:INST_DIVISOR|reloj_1hz_reg ;
;  HEX3_D[4]   ; divisor_frecuencia:INST_DIVISOR|reloj_1hz_reg ; 7.238 ; 7.103 ; Rise       ; divisor_frecuencia:INST_DIVISOR|reloj_1hz_reg ;
;  HEX3_D[5]   ; divisor_frecuencia:INST_DIVISOR|reloj_1hz_reg ; 7.242 ; 7.097 ; Rise       ; divisor_frecuencia:INST_DIVISOR|reloj_1hz_reg ;
;  HEX3_D[6]   ; divisor_frecuencia:INST_DIVISOR|reloj_1hz_reg ; 6.936 ; 6.946 ; Rise       ; divisor_frecuencia:INST_DIVISOR|reloj_1hz_reg ;
; alarma       ; divisor_frecuencia:INST_DIVISOR|reloj_1hz_reg ; 7.777 ; 7.863 ; Rise       ; divisor_frecuencia:INST_DIVISOR|reloj_1hz_reg ;
+--------------+-----------------------------------------------+-------+-------+------------+-----------------------------------------------+


+-------------------------------------------------------------------------------------------------------------------------------------------+
; Minimum Clock to Output Times                                                                                                             ;
+--------------+-----------------------------------------------+-------+-------+------------+-----------------------------------------------+
; Data Port    ; Clock Port                                    ; Rise  ; Fall  ; Clock Edge ; Clock Reference                               ;
+--------------+-----------------------------------------------+-------+-------+------------+-----------------------------------------------+
; alarma       ; CLOCK_50                                      ; 6.898 ; 6.992 ; Rise       ; CLOCK_50                                      ;
; felicitacion ; CLOCK_50                                      ; 6.778 ; 6.850 ; Rise       ; CLOCK_50                                      ;
; HEX0_D[*]    ; divisor_frecuencia:INST_DIVISOR|reloj_1hz_reg ; 6.204 ; 6.143 ; Rise       ; divisor_frecuencia:INST_DIVISOR|reloj_1hz_reg ;
;  HEX0_D[0]   ; divisor_frecuencia:INST_DIVISOR|reloj_1hz_reg ; 6.744 ; 6.737 ; Rise       ; divisor_frecuencia:INST_DIVISOR|reloj_1hz_reg ;
;  HEX0_D[1]   ; divisor_frecuencia:INST_DIVISOR|reloj_1hz_reg ; 6.911 ; 6.931 ; Rise       ; divisor_frecuencia:INST_DIVISOR|reloj_1hz_reg ;
;  HEX0_D[2]   ; divisor_frecuencia:INST_DIVISOR|reloj_1hz_reg ; 6.330 ; 6.350 ; Rise       ; divisor_frecuencia:INST_DIVISOR|reloj_1hz_reg ;
;  HEX0_D[3]   ; divisor_frecuencia:INST_DIVISOR|reloj_1hz_reg ; 6.204 ; 6.143 ; Rise       ; divisor_frecuencia:INST_DIVISOR|reloj_1hz_reg ;
;  HEX0_D[4]   ; divisor_frecuencia:INST_DIVISOR|reloj_1hz_reg ; 6.387 ; 6.240 ; Rise       ; divisor_frecuencia:INST_DIVISOR|reloj_1hz_reg ;
;  HEX0_D[5]   ; divisor_frecuencia:INST_DIVISOR|reloj_1hz_reg ; 6.446 ; 6.312 ; Rise       ; divisor_frecuencia:INST_DIVISOR|reloj_1hz_reg ;
;  HEX0_D[6]   ; divisor_frecuencia:INST_DIVISOR|reloj_1hz_reg ; 6.337 ; 6.388 ; Rise       ; divisor_frecuencia:INST_DIVISOR|reloj_1hz_reg ;
; HEX1_D[*]    ; divisor_frecuencia:INST_DIVISOR|reloj_1hz_reg ; 5.990 ; 5.989 ; Rise       ; divisor_frecuencia:INST_DIVISOR|reloj_1hz_reg ;
;  HEX1_D[0]   ; divisor_frecuencia:INST_DIVISOR|reloj_1hz_reg ; 7.349 ; 7.233 ; Rise       ; divisor_frecuencia:INST_DIVISOR|reloj_1hz_reg ;
;  HEX1_D[2]   ; divisor_frecuencia:INST_DIVISOR|reloj_1hz_reg ; 7.067 ; 7.006 ; Rise       ; divisor_frecuencia:INST_DIVISOR|reloj_1hz_reg ;
;  HEX1_D[3]   ; divisor_frecuencia:INST_DIVISOR|reloj_1hz_reg ; 7.345 ; 7.227 ; Rise       ; divisor_frecuencia:INST_DIVISOR|reloj_1hz_reg ;
;  HEX1_D[4]   ; divisor_frecuencia:INST_DIVISOR|reloj_1hz_reg ; 6.214 ; 6.215 ; Rise       ; divisor_frecuencia:INST_DIVISOR|reloj_1hz_reg ;
;  HEX1_D[5]   ; divisor_frecuencia:INST_DIVISOR|reloj_1hz_reg ; 6.806 ; 6.777 ; Rise       ; divisor_frecuencia:INST_DIVISOR|reloj_1hz_reg ;
;  HEX1_D[6]   ; divisor_frecuencia:INST_DIVISOR|reloj_1hz_reg ; 5.990 ; 5.989 ; Rise       ; divisor_frecuencia:INST_DIVISOR|reloj_1hz_reg ;
; HEX2_D[*]    ; divisor_frecuencia:INST_DIVISOR|reloj_1hz_reg ; 6.471 ; 6.403 ; Rise       ; divisor_frecuencia:INST_DIVISOR|reloj_1hz_reg ;
;  HEX2_D[0]   ; divisor_frecuencia:INST_DIVISOR|reloj_1hz_reg ; 6.471 ; 6.403 ; Rise       ; divisor_frecuencia:INST_DIVISOR|reloj_1hz_reg ;
;  HEX2_D[1]   ; divisor_frecuencia:INST_DIVISOR|reloj_1hz_reg ; 6.687 ; 6.619 ; Rise       ; divisor_frecuencia:INST_DIVISOR|reloj_1hz_reg ;
;  HEX2_D[2]   ; divisor_frecuencia:INST_DIVISOR|reloj_1hz_reg ; 6.785 ; 6.659 ; Rise       ; divisor_frecuencia:INST_DIVISOR|reloj_1hz_reg ;
;  HEX2_D[3]   ; divisor_frecuencia:INST_DIVISOR|reloj_1hz_reg ; 6.501 ; 6.441 ; Rise       ; divisor_frecuencia:INST_DIVISOR|reloj_1hz_reg ;
;  HEX2_D[4]   ; divisor_frecuencia:INST_DIVISOR|reloj_1hz_reg ; 6.513 ; 6.501 ; Rise       ; divisor_frecuencia:INST_DIVISOR|reloj_1hz_reg ;
;  HEX2_D[5]   ; divisor_frecuencia:INST_DIVISOR|reloj_1hz_reg ; 6.710 ; 6.684 ; Rise       ; divisor_frecuencia:INST_DIVISOR|reloj_1hz_reg ;
;  HEX2_D[6]   ; divisor_frecuencia:INST_DIVISOR|reloj_1hz_reg ; 6.789 ; 6.938 ; Rise       ; divisor_frecuencia:INST_DIVISOR|reloj_1hz_reg ;
; HEX3_D[*]    ; divisor_frecuencia:INST_DIVISOR|reloj_1hz_reg ; 6.222 ; 6.296 ; Rise       ; divisor_frecuencia:INST_DIVISOR|reloj_1hz_reg ;
;  HEX3_D[0]   ; divisor_frecuencia:INST_DIVISOR|reloj_1hz_reg ; 6.357 ; 6.296 ; Rise       ; divisor_frecuencia:INST_DIVISOR|reloj_1hz_reg ;
;  HEX3_D[1]   ; divisor_frecuencia:INST_DIVISOR|reloj_1hz_reg ; 6.783 ; 6.780 ; Rise       ; divisor_frecuencia:INST_DIVISOR|reloj_1hz_reg ;
;  HEX3_D[2]   ; divisor_frecuencia:INST_DIVISOR|reloj_1hz_reg ; 6.887 ; 6.723 ; Rise       ; divisor_frecuencia:INST_DIVISOR|reloj_1hz_reg ;
;  HEX3_D[3]   ; divisor_frecuencia:INST_DIVISOR|reloj_1hz_reg ; 6.468 ; 6.435 ; Rise       ; divisor_frecuencia:INST_DIVISOR|reloj_1hz_reg ;
;  HEX3_D[4]   ; divisor_frecuencia:INST_DIVISOR|reloj_1hz_reg ; 6.715 ; 6.766 ; Rise       ; divisor_frecuencia:INST_DIVISOR|reloj_1hz_reg ;
;  HEX3_D[5]   ; divisor_frecuencia:INST_DIVISOR|reloj_1hz_reg ; 6.542 ; 6.562 ; Rise       ; divisor_frecuencia:INST_DIVISOR|reloj_1hz_reg ;
;  HEX3_D[6]   ; divisor_frecuencia:INST_DIVISOR|reloj_1hz_reg ; 6.222 ; 6.377 ; Rise       ; divisor_frecuencia:INST_DIVISOR|reloj_1hz_reg ;
; alarma       ; divisor_frecuencia:INST_DIVISOR|reloj_1hz_reg ; 7.546 ; 7.628 ; Rise       ; divisor_frecuencia:INST_DIVISOR|reloj_1hz_reg ;
+--------------+-----------------------------------------------+-------+-------+------------+-----------------------------------------------+


----------------------------------------------
; Slow 1200mV 85C Model Metastability Report ;
----------------------------------------------
No synchronizer chains to report.


+----------------------------------------------------------------------------------------------------------------------------------------------+
; Slow 1200mV 0C Model Fmax Summary                                                                                                            ;
+------------+-----------------+-----------------------------------------------+---------------------------------------------------------------+
; Fmax       ; Restricted Fmax ; Clock Name                                    ; Note                                                          ;
+------------+-----------------+-----------------------------------------------+---------------------------------------------------------------+
; 273.52 MHz ; 250.0 MHz       ; CLOCK_50                                      ; limit due to minimum period restriction (max I/O toggle rate) ;
; 483.79 MHz ; 483.79 MHz      ; divisor_frecuencia:INST_DIVISOR|reloj_1hz_reg ;                                                               ;
+------------+-----------------+-----------------------------------------------+---------------------------------------------------------------+
This panel reports FMAX for every clock in the design, regardless of the user-specified clock periods.  FMAX is only computed for paths where the source and destination registers or ports are driven by the same clock.  Paths of different clocks, including generated clocks, are ignored.  For paths between a clock and its inversion, FMAX is computed as if the rising and falling edges are scaled along with FMAX, such that the duty cycle (in terms of a percentage) is maintained. Altera recommends that you always use clock constraints and other slack reports for sign-off analysis.


+------------------------------------------------------------------------+
; Slow 1200mV 0C Model Setup Summary                                     ;
+-----------------------------------------------+--------+---------------+
; Clock                                         ; Slack  ; End Point TNS ;
+-----------------------------------------------+--------+---------------+
; CLOCK_50                                      ; -2.656 ; -110.551      ;
; divisor_frecuencia:INST_DIVISOR|reloj_1hz_reg ; -1.067 ; -12.740       ;
+-----------------------------------------------+--------+---------------+


+------------------------------------------------------------------------+
; Slow 1200mV 0C Model Hold Summary                                      ;
+-----------------------------------------------+--------+---------------+
; Clock                                         ; Slack  ; End Point TNS ;
+-----------------------------------------------+--------+---------------+
; CLOCK_50                                      ; -0.081 ; -0.081        ;
; divisor_frecuencia:INST_DIVISOR|reloj_1hz_reg ; 0.313  ; 0.000         ;
+-----------------------------------------------+--------+---------------+


+------------------------------------------------------------------------+
; Slow 1200mV 0C Model Recovery Summary                                  ;
+-----------------------------------------------+--------+---------------+
; Clock                                         ; Slack  ; End Point TNS ;
+-----------------------------------------------+--------+---------------+
; divisor_frecuencia:INST_DIVISOR|reloj_1hz_reg ; -0.509 ; -3.356        ;
+-----------------------------------------------+--------+---------------+


+-----------------------------------------------------------------------+
; Slow 1200mV 0C Model Removal Summary                                  ;
+-----------------------------------------------+-------+---------------+
; Clock                                         ; Slack ; End Point TNS ;
+-----------------------------------------------+-------+---------------+
; divisor_frecuencia:INST_DIVISOR|reloj_1hz_reg ; 0.667 ; 0.000         ;
+-----------------------------------------------+-------+---------------+


+------------------------------------------------------------------------+
; Slow 1200mV 0C Model Minimum Pulse Width Summary                       ;
+-----------------------------------------------+--------+---------------+
; Clock                                         ; Slack  ; End Point TNS ;
+-----------------------------------------------+--------+---------------+
; CLOCK_50                                      ; -3.000 ; -68.000       ;
; divisor_frecuencia:INST_DIVISOR|reloj_1hz_reg ; -1.000 ; -15.000       ;
+-----------------------------------------------+--------+---------------+


+----------------------------------------------------------------------------------------------------------------------------------------------------------------------------------------------------------------------------+
; Slow 1200mV 0C Model Setup: 'CLOCK_50'                                                                                                                                                                                     ;
+--------+----------------------------------------------------------------------+----------------------------------------------------------------------+--------------+-------------+--------------+------------+------------+
; Slack  ; From Node                                                            ; To Node                                                              ; Launch Clock ; Latch Clock ; Relationship ; Clock Skew ; Data Delay ;
+--------+----------------------------------------------------------------------+----------------------------------------------------------------------+--------------+-------------+--------------+------------+------------+
; -2.656 ; divisor_frecuencia:INST_DIVISOR|contador_ciclos[20]                  ; divisor_frecuencia:INST_DIVISOR|reloj_1hz_reg                        ; CLOCK_50     ; CLOCK_50    ; 1.000        ; -0.055     ; 3.596      ;
; -2.607 ; divisor_frecuencia:INST_DIVISOR|contador_ciclos[18]                  ; divisor_frecuencia:INST_DIVISOR|reloj_1hz_reg                        ; CLOCK_50     ; CLOCK_50    ; 1.000        ; -0.056     ; 3.546      ;
; -2.600 ; divisor_frecuencia:INST_DIVISOR|contador_ciclos[19]                  ; divisor_frecuencia:INST_DIVISOR|reloj_1hz_reg                        ; CLOCK_50     ; CLOCK_50    ; 1.000        ; -0.056     ; 3.539      ;
; -2.592 ; detector_ocupacion:INST_DETECTOR_OCUPACION|contador_felicitacion[8]  ; detector_ocupacion:INST_DETECTOR_OCUPACION|contador_felicitacion[0]  ; CLOCK_50     ; CLOCK_50    ; 1.000        ; -0.054     ; 3.533      ;
; -2.592 ; detector_ocupacion:INST_DETECTOR_OCUPACION|contador_felicitacion[8]  ; detector_ocupacion:INST_DETECTOR_OCUPACION|contador_felicitacion[1]  ; CLOCK_50     ; CLOCK_50    ; 1.000        ; -0.054     ; 3.533      ;
; -2.592 ; detector_ocupacion:INST_DETECTOR_OCUPACION|contador_felicitacion[8]  ; detector_ocupacion:INST_DETECTOR_OCUPACION|contador_felicitacion[2]  ; CLOCK_50     ; CLOCK_50    ; 1.000        ; -0.054     ; 3.533      ;
; -2.592 ; detector_ocupacion:INST_DETECTOR_OCUPACION|contador_felicitacion[8]  ; detector_ocupacion:INST_DETECTOR_OCUPACION|contador_felicitacion[3]  ; CLOCK_50     ; CLOCK_50    ; 1.000        ; -0.054     ; 3.533      ;
; -2.592 ; detector_ocupacion:INST_DETECTOR_OCUPACION|contador_felicitacion[8]  ; detector_ocupacion:INST_DETECTOR_OCUPACION|contador_felicitacion[4]  ; CLOCK_50     ; CLOCK_50    ; 1.000        ; -0.054     ; 3.533      ;
; -2.592 ; detector_ocupacion:INST_DETECTOR_OCUPACION|contador_felicitacion[8]  ; detector_ocupacion:INST_DETECTOR_OCUPACION|contador_felicitacion[5]  ; CLOCK_50     ; CLOCK_50    ; 1.000        ; -0.054     ; 3.533      ;
; -2.592 ; detector_ocupacion:INST_DETECTOR_OCUPACION|contador_felicitacion[8]  ; detector_ocupacion:INST_DETECTOR_OCUPACION|contador_felicitacion[6]  ; CLOCK_50     ; CLOCK_50    ; 1.000        ; -0.054     ; 3.533      ;
; -2.592 ; detector_ocupacion:INST_DETECTOR_OCUPACION|contador_felicitacion[8]  ; detector_ocupacion:INST_DETECTOR_OCUPACION|contador_felicitacion[7]  ; CLOCK_50     ; CLOCK_50    ; 1.000        ; -0.054     ; 3.533      ;
; -2.592 ; detector_ocupacion:INST_DETECTOR_OCUPACION|contador_felicitacion[8]  ; detector_ocupacion:INST_DETECTOR_OCUPACION|contador_felicitacion[8]  ; CLOCK_50     ; CLOCK_50    ; 1.000        ; -0.054     ; 3.533      ;
; -2.592 ; detector_ocupacion:INST_DETECTOR_OCUPACION|contador_felicitacion[8]  ; detector_ocupacion:INST_DETECTOR_OCUPACION|contador_felicitacion[9]  ; CLOCK_50     ; CLOCK_50    ; 1.000        ; -0.054     ; 3.533      ;
; -2.592 ; detector_ocupacion:INST_DETECTOR_OCUPACION|contador_felicitacion[8]  ; detector_ocupacion:INST_DETECTOR_OCUPACION|contador_felicitacion[10] ; CLOCK_50     ; CLOCK_50    ; 1.000        ; -0.054     ; 3.533      ;
; -2.592 ; detector_ocupacion:INST_DETECTOR_OCUPACION|contador_felicitacion[8]  ; detector_ocupacion:INST_DETECTOR_OCUPACION|contador_felicitacion[11] ; CLOCK_50     ; CLOCK_50    ; 1.000        ; -0.054     ; 3.533      ;
; -2.592 ; detector_ocupacion:INST_DETECTOR_OCUPACION|contador_felicitacion[8]  ; detector_ocupacion:INST_DETECTOR_OCUPACION|contador_felicitacion[12] ; CLOCK_50     ; CLOCK_50    ; 1.000        ; -0.054     ; 3.533      ;
; -2.592 ; detector_ocupacion:INST_DETECTOR_OCUPACION|contador_felicitacion[8]  ; detector_ocupacion:INST_DETECTOR_OCUPACION|contador_felicitacion[13] ; CLOCK_50     ; CLOCK_50    ; 1.000        ; -0.054     ; 3.533      ;
; -2.506 ; divisor_frecuencia:INST_DIVISOR|contador_ciclos[21]                  ; divisor_frecuencia:INST_DIVISOR|reloj_1hz_reg                        ; CLOCK_50     ; CLOCK_50    ; 1.000        ; -0.055     ; 3.446      ;
; -2.505 ; divisor_frecuencia:INST_DIVISOR|contador_ciclos[25]                  ; divisor_frecuencia:INST_DIVISOR|reloj_1hz_reg                        ; CLOCK_50     ; CLOCK_50    ; 1.000        ; -0.055     ; 3.445      ;
; -2.478 ; detector_ocupacion:INST_DETECTOR_OCUPACION|contador_felicitacion[7]  ; detector_ocupacion:INST_DETECTOR_OCUPACION|contador_felicitacion[0]  ; CLOCK_50     ; CLOCK_50    ; 1.000        ; -0.054     ; 3.419      ;
; -2.478 ; detector_ocupacion:INST_DETECTOR_OCUPACION|contador_felicitacion[7]  ; detector_ocupacion:INST_DETECTOR_OCUPACION|contador_felicitacion[1]  ; CLOCK_50     ; CLOCK_50    ; 1.000        ; -0.054     ; 3.419      ;
; -2.478 ; detector_ocupacion:INST_DETECTOR_OCUPACION|contador_felicitacion[7]  ; detector_ocupacion:INST_DETECTOR_OCUPACION|contador_felicitacion[2]  ; CLOCK_50     ; CLOCK_50    ; 1.000        ; -0.054     ; 3.419      ;
; -2.478 ; detector_ocupacion:INST_DETECTOR_OCUPACION|contador_felicitacion[7]  ; detector_ocupacion:INST_DETECTOR_OCUPACION|contador_felicitacion[3]  ; CLOCK_50     ; CLOCK_50    ; 1.000        ; -0.054     ; 3.419      ;
; -2.478 ; detector_ocupacion:INST_DETECTOR_OCUPACION|contador_felicitacion[7]  ; detector_ocupacion:INST_DETECTOR_OCUPACION|contador_felicitacion[4]  ; CLOCK_50     ; CLOCK_50    ; 1.000        ; -0.054     ; 3.419      ;
; -2.478 ; detector_ocupacion:INST_DETECTOR_OCUPACION|contador_felicitacion[7]  ; detector_ocupacion:INST_DETECTOR_OCUPACION|contador_felicitacion[5]  ; CLOCK_50     ; CLOCK_50    ; 1.000        ; -0.054     ; 3.419      ;
; -2.478 ; detector_ocupacion:INST_DETECTOR_OCUPACION|contador_felicitacion[7]  ; detector_ocupacion:INST_DETECTOR_OCUPACION|contador_felicitacion[6]  ; CLOCK_50     ; CLOCK_50    ; 1.000        ; -0.054     ; 3.419      ;
; -2.478 ; detector_ocupacion:INST_DETECTOR_OCUPACION|contador_felicitacion[7]  ; detector_ocupacion:INST_DETECTOR_OCUPACION|contador_felicitacion[7]  ; CLOCK_50     ; CLOCK_50    ; 1.000        ; -0.054     ; 3.419      ;
; -2.478 ; detector_ocupacion:INST_DETECTOR_OCUPACION|contador_felicitacion[7]  ; detector_ocupacion:INST_DETECTOR_OCUPACION|contador_felicitacion[8]  ; CLOCK_50     ; CLOCK_50    ; 1.000        ; -0.054     ; 3.419      ;
; -2.478 ; detector_ocupacion:INST_DETECTOR_OCUPACION|contador_felicitacion[7]  ; detector_ocupacion:INST_DETECTOR_OCUPACION|contador_felicitacion[9]  ; CLOCK_50     ; CLOCK_50    ; 1.000        ; -0.054     ; 3.419      ;
; -2.478 ; detector_ocupacion:INST_DETECTOR_OCUPACION|contador_felicitacion[7]  ; detector_ocupacion:INST_DETECTOR_OCUPACION|contador_felicitacion[10] ; CLOCK_50     ; CLOCK_50    ; 1.000        ; -0.054     ; 3.419      ;
; -2.478 ; detector_ocupacion:INST_DETECTOR_OCUPACION|contador_felicitacion[7]  ; detector_ocupacion:INST_DETECTOR_OCUPACION|contador_felicitacion[11] ; CLOCK_50     ; CLOCK_50    ; 1.000        ; -0.054     ; 3.419      ;
; -2.478 ; detector_ocupacion:INST_DETECTOR_OCUPACION|contador_felicitacion[7]  ; detector_ocupacion:INST_DETECTOR_OCUPACION|contador_felicitacion[12] ; CLOCK_50     ; CLOCK_50    ; 1.000        ; -0.054     ; 3.419      ;
; -2.478 ; detector_ocupacion:INST_DETECTOR_OCUPACION|contador_felicitacion[7]  ; detector_ocupacion:INST_DETECTOR_OCUPACION|contador_felicitacion[13] ; CLOCK_50     ; CLOCK_50    ; 1.000        ; -0.054     ; 3.419      ;
; -2.472 ; divisor_frecuencia:INST_DIVISOR|contador_ciclos[10]                  ; divisor_frecuencia:INST_DIVISOR|reloj_1hz_reg                        ; CLOCK_50     ; CLOCK_50    ; 1.000        ; -0.046     ; 3.421      ;
; -2.466 ; divisor_frecuencia:INST_DIVISOR|contador_ciclos[15]                  ; divisor_frecuencia:INST_DIVISOR|reloj_1hz_reg                        ; CLOCK_50     ; CLOCK_50    ; 1.000        ; -0.055     ; 3.406      ;
; -2.397 ; detector_ocupacion:INST_DETECTOR_OCUPACION|contador_felicitacion[8]  ; detector_ocupacion:INST_DETECTOR_OCUPACION|contador_felicitacion[15] ; CLOCK_50     ; CLOCK_50    ; 1.000        ; -0.045     ; 3.347      ;
; -2.397 ; detector_ocupacion:INST_DETECTOR_OCUPACION|contador_felicitacion[8]  ; detector_ocupacion:INST_DETECTOR_OCUPACION|contador_felicitacion[14] ; CLOCK_50     ; CLOCK_50    ; 1.000        ; -0.045     ; 3.347      ;
; -2.397 ; detector_ocupacion:INST_DETECTOR_OCUPACION|contador_felicitacion[8]  ; detector_ocupacion:INST_DETECTOR_OCUPACION|contador_felicitacion[16] ; CLOCK_50     ; CLOCK_50    ; 1.000        ; -0.045     ; 3.347      ;
; -2.397 ; detector_ocupacion:INST_DETECTOR_OCUPACION|contador_felicitacion[8]  ; detector_ocupacion:INST_DETECTOR_OCUPACION|contador_felicitacion[19] ; CLOCK_50     ; CLOCK_50    ; 1.000        ; -0.045     ; 3.347      ;
; -2.397 ; detector_ocupacion:INST_DETECTOR_OCUPACION|contador_felicitacion[8]  ; detector_ocupacion:INST_DETECTOR_OCUPACION|contador_felicitacion[18] ; CLOCK_50     ; CLOCK_50    ; 1.000        ; -0.045     ; 3.347      ;
; -2.397 ; detector_ocupacion:INST_DETECTOR_OCUPACION|contador_felicitacion[8]  ; detector_ocupacion:INST_DETECTOR_OCUPACION|contador_felicitacion[25] ; CLOCK_50     ; CLOCK_50    ; 1.000        ; -0.045     ; 3.347      ;
; -2.397 ; detector_ocupacion:INST_DETECTOR_OCUPACION|contador_felicitacion[8]  ; detector_ocupacion:INST_DETECTOR_OCUPACION|contador_felicitacion[20] ; CLOCK_50     ; CLOCK_50    ; 1.000        ; -0.045     ; 3.347      ;
; -2.397 ; detector_ocupacion:INST_DETECTOR_OCUPACION|contador_felicitacion[8]  ; detector_ocupacion:INST_DETECTOR_OCUPACION|contador_felicitacion[21] ; CLOCK_50     ; CLOCK_50    ; 1.000        ; -0.045     ; 3.347      ;
; -2.397 ; detector_ocupacion:INST_DETECTOR_OCUPACION|contador_felicitacion[8]  ; detector_ocupacion:INST_DETECTOR_OCUPACION|contador_felicitacion[22] ; CLOCK_50     ; CLOCK_50    ; 1.000        ; -0.045     ; 3.347      ;
; -2.397 ; detector_ocupacion:INST_DETECTOR_OCUPACION|contador_felicitacion[8]  ; detector_ocupacion:INST_DETECTOR_OCUPACION|contador_felicitacion[23] ; CLOCK_50     ; CLOCK_50    ; 1.000        ; -0.045     ; 3.347      ;
; -2.397 ; detector_ocupacion:INST_DETECTOR_OCUPACION|contador_felicitacion[8]  ; detector_ocupacion:INST_DETECTOR_OCUPACION|contador_felicitacion[24] ; CLOCK_50     ; CLOCK_50    ; 1.000        ; -0.045     ; 3.347      ;
; -2.397 ; detector_ocupacion:INST_DETECTOR_OCUPACION|contador_felicitacion[8]  ; detector_ocupacion:INST_DETECTOR_OCUPACION|contador_felicitacion[26] ; CLOCK_50     ; CLOCK_50    ; 1.000        ; -0.045     ; 3.347      ;
; -2.397 ; detector_ocupacion:INST_DETECTOR_OCUPACION|contador_felicitacion[8]  ; detector_ocupacion:INST_DETECTOR_OCUPACION|contador_felicitacion[27] ; CLOCK_50     ; CLOCK_50    ; 1.000        ; -0.045     ; 3.347      ;
; -2.397 ; detector_ocupacion:INST_DETECTOR_OCUPACION|contador_felicitacion[8]  ; detector_ocupacion:INST_DETECTOR_OCUPACION|contador_felicitacion[17] ; CLOCK_50     ; CLOCK_50    ; 1.000        ; -0.045     ; 3.347      ;
; -2.395 ; divisor_frecuencia:INST_DIVISOR|contador_ciclos[22]                  ; divisor_frecuencia:INST_DIVISOR|reloj_1hz_reg                        ; CLOCK_50     ; CLOCK_50    ; 1.000        ; -0.055     ; 3.335      ;
; -2.386 ; divisor_frecuencia:INST_DIVISOR|contador_ciclos[11]                  ; divisor_frecuencia:INST_DIVISOR|reloj_1hz_reg                        ; CLOCK_50     ; CLOCK_50    ; 1.000        ; -0.046     ; 3.335      ;
; -2.373 ; detector_ocupacion:INST_DETECTOR_OCUPACION|contador_felicitacion[13] ; detector_ocupacion:INST_DETECTOR_OCUPACION|contador_felicitacion[0]  ; CLOCK_50     ; CLOCK_50    ; 1.000        ; -0.054     ; 3.314      ;
; -2.373 ; detector_ocupacion:INST_DETECTOR_OCUPACION|contador_felicitacion[13] ; detector_ocupacion:INST_DETECTOR_OCUPACION|contador_felicitacion[1]  ; CLOCK_50     ; CLOCK_50    ; 1.000        ; -0.054     ; 3.314      ;
; -2.373 ; detector_ocupacion:INST_DETECTOR_OCUPACION|contador_felicitacion[13] ; detector_ocupacion:INST_DETECTOR_OCUPACION|contador_felicitacion[2]  ; CLOCK_50     ; CLOCK_50    ; 1.000        ; -0.054     ; 3.314      ;
; -2.373 ; detector_ocupacion:INST_DETECTOR_OCUPACION|contador_felicitacion[13] ; detector_ocupacion:INST_DETECTOR_OCUPACION|contador_felicitacion[3]  ; CLOCK_50     ; CLOCK_50    ; 1.000        ; -0.054     ; 3.314      ;
; -2.373 ; detector_ocupacion:INST_DETECTOR_OCUPACION|contador_felicitacion[13] ; detector_ocupacion:INST_DETECTOR_OCUPACION|contador_felicitacion[4]  ; CLOCK_50     ; CLOCK_50    ; 1.000        ; -0.054     ; 3.314      ;
; -2.373 ; detector_ocupacion:INST_DETECTOR_OCUPACION|contador_felicitacion[13] ; detector_ocupacion:INST_DETECTOR_OCUPACION|contador_felicitacion[5]  ; CLOCK_50     ; CLOCK_50    ; 1.000        ; -0.054     ; 3.314      ;
; -2.373 ; detector_ocupacion:INST_DETECTOR_OCUPACION|contador_felicitacion[13] ; detector_ocupacion:INST_DETECTOR_OCUPACION|contador_felicitacion[6]  ; CLOCK_50     ; CLOCK_50    ; 1.000        ; -0.054     ; 3.314      ;
; -2.373 ; detector_ocupacion:INST_DETECTOR_OCUPACION|contador_felicitacion[13] ; detector_ocupacion:INST_DETECTOR_OCUPACION|contador_felicitacion[7]  ; CLOCK_50     ; CLOCK_50    ; 1.000        ; -0.054     ; 3.314      ;
; -2.373 ; detector_ocupacion:INST_DETECTOR_OCUPACION|contador_felicitacion[13] ; detector_ocupacion:INST_DETECTOR_OCUPACION|contador_felicitacion[8]  ; CLOCK_50     ; CLOCK_50    ; 1.000        ; -0.054     ; 3.314      ;
; -2.373 ; detector_ocupacion:INST_DETECTOR_OCUPACION|contador_felicitacion[13] ; detector_ocupacion:INST_DETECTOR_OCUPACION|contador_felicitacion[9]  ; CLOCK_50     ; CLOCK_50    ; 1.000        ; -0.054     ; 3.314      ;
; -2.373 ; detector_ocupacion:INST_DETECTOR_OCUPACION|contador_felicitacion[13] ; detector_ocupacion:INST_DETECTOR_OCUPACION|contador_felicitacion[10] ; CLOCK_50     ; CLOCK_50    ; 1.000        ; -0.054     ; 3.314      ;
; -2.373 ; detector_ocupacion:INST_DETECTOR_OCUPACION|contador_felicitacion[13] ; detector_ocupacion:INST_DETECTOR_OCUPACION|contador_felicitacion[11] ; CLOCK_50     ; CLOCK_50    ; 1.000        ; -0.054     ; 3.314      ;
; -2.373 ; detector_ocupacion:INST_DETECTOR_OCUPACION|contador_felicitacion[13] ; detector_ocupacion:INST_DETECTOR_OCUPACION|contador_felicitacion[12] ; CLOCK_50     ; CLOCK_50    ; 1.000        ; -0.054     ; 3.314      ;
; -2.373 ; detector_ocupacion:INST_DETECTOR_OCUPACION|contador_felicitacion[13] ; detector_ocupacion:INST_DETECTOR_OCUPACION|contador_felicitacion[13] ; CLOCK_50     ; CLOCK_50    ; 1.000        ; -0.054     ; 3.314      ;
; -2.368 ; divisor_frecuencia:INST_DIVISOR|contador_ciclos[24]                  ; divisor_frecuencia:INST_DIVISOR|reloj_1hz_reg                        ; CLOCK_50     ; CLOCK_50    ; 1.000        ; -0.055     ; 3.308      ;
; -2.361 ; divisor_frecuencia:INST_DIVISOR|contador_ciclos[14]                  ; divisor_frecuencia:INST_DIVISOR|reloj_1hz_reg                        ; CLOCK_50     ; CLOCK_50    ; 1.000        ; -0.055     ; 3.301      ;
; -2.347 ; divisor_frecuencia:INST_DIVISOR|contador_ciclos[2]                   ; divisor_frecuencia:INST_DIVISOR|reloj_1hz_reg                        ; CLOCK_50     ; CLOCK_50    ; 1.000        ; -0.046     ; 3.296      ;
; -2.316 ; detector_ocupacion:INST_DETECTOR_OCUPACION|contador_felicitacion[9]  ; detector_ocupacion:INST_DETECTOR_OCUPACION|contador_felicitacion[0]  ; CLOCK_50     ; CLOCK_50    ; 1.000        ; -0.054     ; 3.257      ;
; -2.316 ; detector_ocupacion:INST_DETECTOR_OCUPACION|contador_felicitacion[9]  ; detector_ocupacion:INST_DETECTOR_OCUPACION|contador_felicitacion[1]  ; CLOCK_50     ; CLOCK_50    ; 1.000        ; -0.054     ; 3.257      ;
; -2.316 ; detector_ocupacion:INST_DETECTOR_OCUPACION|contador_felicitacion[9]  ; detector_ocupacion:INST_DETECTOR_OCUPACION|contador_felicitacion[2]  ; CLOCK_50     ; CLOCK_50    ; 1.000        ; -0.054     ; 3.257      ;
; -2.316 ; detector_ocupacion:INST_DETECTOR_OCUPACION|contador_felicitacion[9]  ; detector_ocupacion:INST_DETECTOR_OCUPACION|contador_felicitacion[3]  ; CLOCK_50     ; CLOCK_50    ; 1.000        ; -0.054     ; 3.257      ;
; -2.316 ; detector_ocupacion:INST_DETECTOR_OCUPACION|contador_felicitacion[9]  ; detector_ocupacion:INST_DETECTOR_OCUPACION|contador_felicitacion[4]  ; CLOCK_50     ; CLOCK_50    ; 1.000        ; -0.054     ; 3.257      ;
; -2.316 ; detector_ocupacion:INST_DETECTOR_OCUPACION|contador_felicitacion[9]  ; detector_ocupacion:INST_DETECTOR_OCUPACION|contador_felicitacion[5]  ; CLOCK_50     ; CLOCK_50    ; 1.000        ; -0.054     ; 3.257      ;
; -2.316 ; detector_ocupacion:INST_DETECTOR_OCUPACION|contador_felicitacion[9]  ; detector_ocupacion:INST_DETECTOR_OCUPACION|contador_felicitacion[6]  ; CLOCK_50     ; CLOCK_50    ; 1.000        ; -0.054     ; 3.257      ;
; -2.316 ; detector_ocupacion:INST_DETECTOR_OCUPACION|contador_felicitacion[9]  ; detector_ocupacion:INST_DETECTOR_OCUPACION|contador_felicitacion[7]  ; CLOCK_50     ; CLOCK_50    ; 1.000        ; -0.054     ; 3.257      ;
; -2.316 ; detector_ocupacion:INST_DETECTOR_OCUPACION|contador_felicitacion[9]  ; detector_ocupacion:INST_DETECTOR_OCUPACION|contador_felicitacion[8]  ; CLOCK_50     ; CLOCK_50    ; 1.000        ; -0.054     ; 3.257      ;
; -2.316 ; detector_ocupacion:INST_DETECTOR_OCUPACION|contador_felicitacion[9]  ; detector_ocupacion:INST_DETECTOR_OCUPACION|contador_felicitacion[9]  ; CLOCK_50     ; CLOCK_50    ; 1.000        ; -0.054     ; 3.257      ;
; -2.316 ; detector_ocupacion:INST_DETECTOR_OCUPACION|contador_felicitacion[9]  ; detector_ocupacion:INST_DETECTOR_OCUPACION|contador_felicitacion[10] ; CLOCK_50     ; CLOCK_50    ; 1.000        ; -0.054     ; 3.257      ;
; -2.316 ; detector_ocupacion:INST_DETECTOR_OCUPACION|contador_felicitacion[9]  ; detector_ocupacion:INST_DETECTOR_OCUPACION|contador_felicitacion[11] ; CLOCK_50     ; CLOCK_50    ; 1.000        ; -0.054     ; 3.257      ;
; -2.316 ; detector_ocupacion:INST_DETECTOR_OCUPACION|contador_felicitacion[9]  ; detector_ocupacion:INST_DETECTOR_OCUPACION|contador_felicitacion[12] ; CLOCK_50     ; CLOCK_50    ; 1.000        ; -0.054     ; 3.257      ;
; -2.316 ; detector_ocupacion:INST_DETECTOR_OCUPACION|contador_felicitacion[9]  ; detector_ocupacion:INST_DETECTOR_OCUPACION|contador_felicitacion[13] ; CLOCK_50     ; CLOCK_50    ; 1.000        ; -0.054     ; 3.257      ;
; -2.308 ; detector_ocupacion:INST_DETECTOR_OCUPACION|contador_felicitacion[12] ; detector_ocupacion:INST_DETECTOR_OCUPACION|contador_felicitacion[0]  ; CLOCK_50     ; CLOCK_50    ; 1.000        ; -0.054     ; 3.249      ;
; -2.308 ; detector_ocupacion:INST_DETECTOR_OCUPACION|contador_felicitacion[12] ; detector_ocupacion:INST_DETECTOR_OCUPACION|contador_felicitacion[1]  ; CLOCK_50     ; CLOCK_50    ; 1.000        ; -0.054     ; 3.249      ;
; -2.308 ; detector_ocupacion:INST_DETECTOR_OCUPACION|contador_felicitacion[12] ; detector_ocupacion:INST_DETECTOR_OCUPACION|contador_felicitacion[2]  ; CLOCK_50     ; CLOCK_50    ; 1.000        ; -0.054     ; 3.249      ;
; -2.308 ; detector_ocupacion:INST_DETECTOR_OCUPACION|contador_felicitacion[12] ; detector_ocupacion:INST_DETECTOR_OCUPACION|contador_felicitacion[3]  ; CLOCK_50     ; CLOCK_50    ; 1.000        ; -0.054     ; 3.249      ;
; -2.308 ; detector_ocupacion:INST_DETECTOR_OCUPACION|contador_felicitacion[12] ; detector_ocupacion:INST_DETECTOR_OCUPACION|contador_felicitacion[4]  ; CLOCK_50     ; CLOCK_50    ; 1.000        ; -0.054     ; 3.249      ;
; -2.308 ; detector_ocupacion:INST_DETECTOR_OCUPACION|contador_felicitacion[12] ; detector_ocupacion:INST_DETECTOR_OCUPACION|contador_felicitacion[5]  ; CLOCK_50     ; CLOCK_50    ; 1.000        ; -0.054     ; 3.249      ;
; -2.308 ; detector_ocupacion:INST_DETECTOR_OCUPACION|contador_felicitacion[12] ; detector_ocupacion:INST_DETECTOR_OCUPACION|contador_felicitacion[6]  ; CLOCK_50     ; CLOCK_50    ; 1.000        ; -0.054     ; 3.249      ;
; -2.308 ; detector_ocupacion:INST_DETECTOR_OCUPACION|contador_felicitacion[12] ; detector_ocupacion:INST_DETECTOR_OCUPACION|contador_felicitacion[7]  ; CLOCK_50     ; CLOCK_50    ; 1.000        ; -0.054     ; 3.249      ;
; -2.308 ; detector_ocupacion:INST_DETECTOR_OCUPACION|contador_felicitacion[12] ; detector_ocupacion:INST_DETECTOR_OCUPACION|contador_felicitacion[8]  ; CLOCK_50     ; CLOCK_50    ; 1.000        ; -0.054     ; 3.249      ;
; -2.308 ; detector_ocupacion:INST_DETECTOR_OCUPACION|contador_felicitacion[12] ; detector_ocupacion:INST_DETECTOR_OCUPACION|contador_felicitacion[9]  ; CLOCK_50     ; CLOCK_50    ; 1.000        ; -0.054     ; 3.249      ;
; -2.308 ; detector_ocupacion:INST_DETECTOR_OCUPACION|contador_felicitacion[12] ; detector_ocupacion:INST_DETECTOR_OCUPACION|contador_felicitacion[10] ; CLOCK_50     ; CLOCK_50    ; 1.000        ; -0.054     ; 3.249      ;
; -2.308 ; detector_ocupacion:INST_DETECTOR_OCUPACION|contador_felicitacion[12] ; detector_ocupacion:INST_DETECTOR_OCUPACION|contador_felicitacion[11] ; CLOCK_50     ; CLOCK_50    ; 1.000        ; -0.054     ; 3.249      ;
; -2.308 ; detector_ocupacion:INST_DETECTOR_OCUPACION|contador_felicitacion[12] ; detector_ocupacion:INST_DETECTOR_OCUPACION|contador_felicitacion[12] ; CLOCK_50     ; CLOCK_50    ; 1.000        ; -0.054     ; 3.249      ;
; -2.308 ; detector_ocupacion:INST_DETECTOR_OCUPACION|contador_felicitacion[12] ; detector_ocupacion:INST_DETECTOR_OCUPACION|contador_felicitacion[13] ; CLOCK_50     ; CLOCK_50    ; 1.000        ; -0.054     ; 3.249      ;
; -2.290 ; detector_ocupacion:INST_DETECTOR_OCUPACION|contador_felicitacion[7]  ; detector_ocupacion:INST_DETECTOR_OCUPACION|contador_felicitacion[15] ; CLOCK_50     ; CLOCK_50    ; 1.000        ; -0.045     ; 3.240      ;
; -2.290 ; detector_ocupacion:INST_DETECTOR_OCUPACION|contador_felicitacion[7]  ; detector_ocupacion:INST_DETECTOR_OCUPACION|contador_felicitacion[14] ; CLOCK_50     ; CLOCK_50    ; 1.000        ; -0.045     ; 3.240      ;
; -2.290 ; detector_ocupacion:INST_DETECTOR_OCUPACION|contador_felicitacion[7]  ; detector_ocupacion:INST_DETECTOR_OCUPACION|contador_felicitacion[16] ; CLOCK_50     ; CLOCK_50    ; 1.000        ; -0.045     ; 3.240      ;
; -2.290 ; detector_ocupacion:INST_DETECTOR_OCUPACION|contador_felicitacion[7]  ; detector_ocupacion:INST_DETECTOR_OCUPACION|contador_felicitacion[19] ; CLOCK_50     ; CLOCK_50    ; 1.000        ; -0.045     ; 3.240      ;
+--------+----------------------------------------------------------------------+----------------------------------------------------------------------+--------------+-------------+--------------+------------+------------+


+-----------------------------------------------------------------------------------------------------------------------------------------------------------------------------------------------------------------------------------------------------------------------------------+
; Slow 1200mV 0C Model Setup: 'divisor_frecuencia:INST_DIVISOR|reloj_1hz_reg'                                                                                                                                                                                                       ;
+--------+----------------------------------------------------------------+----------------------------------------------------------------+-----------------------------------------------+-----------------------------------------------+--------------+------------+------------+
; Slack  ; From Node                                                      ; To Node                                                        ; Launch Clock                                  ; Latch Clock                                   ; Relationship ; Clock Skew ; Data Delay ;
+--------+----------------------------------------------------------------+----------------------------------------------------------------+-----------------------------------------------+-----------------------------------------------+--------------+------------+------------+
; -1.067 ; contador_tiempo_extra:INST_CONTADOR_EXTRA|contador_unidades[2] ; contador_tiempo_extra:INST_CONTADOR_EXTRA|contador_unidades[3] ; divisor_frecuencia:INST_DIVISOR|reloj_1hz_reg ; divisor_frecuencia:INST_DIVISOR|reloj_1hz_reg ; 1.000        ; -0.054     ; 2.008      ;
; -1.058 ; contador_tiempo_extra:INST_CONTADOR_EXTRA|contador_unidades[2] ; contador_tiempo_extra:INST_CONTADOR_EXTRA|contador_unidades[0] ; divisor_frecuencia:INST_DIVISOR|reloj_1hz_reg ; divisor_frecuencia:INST_DIVISOR|reloj_1hz_reg ; 1.000        ; -0.054     ; 1.999      ;
; -1.057 ; contador_tiempo_extra:INST_CONTADOR_EXTRA|contador_unidades[2] ; contador_tiempo_extra:INST_CONTADOR_EXTRA|contador_unidades[1] ; divisor_frecuencia:INST_DIVISOR|reloj_1hz_reg ; divisor_frecuencia:INST_DIVISOR|reloj_1hz_reg ; 1.000        ; -0.054     ; 1.998      ;
; -1.010 ; contador_tiempo_extra:INST_CONTADOR_EXTRA|contador_unidades[2] ; contador_tiempo_extra:INST_CONTADOR_EXTRA|contador_decenas[0]  ; divisor_frecuencia:INST_DIVISOR|reloj_1hz_reg ; divisor_frecuencia:INST_DIVISOR|reloj_1hz_reg ; 1.000        ; -0.046     ; 1.959      ;
; -1.005 ; contador_tiempo_extra:INST_CONTADOR_EXTRA|contador_unidades[3] ; contador_tiempo_extra:INST_CONTADOR_EXTRA|contador_unidades[0] ; divisor_frecuencia:INST_DIVISOR|reloj_1hz_reg ; divisor_frecuencia:INST_DIVISOR|reloj_1hz_reg ; 1.000        ; -0.054     ; 1.946      ;
; -1.004 ; contador_tiempo_extra:INST_CONTADOR_EXTRA|contador_unidades[3] ; contador_tiempo_extra:INST_CONTADOR_EXTRA|contador_unidades[3] ; divisor_frecuencia:INST_DIVISOR|reloj_1hz_reg ; divisor_frecuencia:INST_DIVISOR|reloj_1hz_reg ; 1.000        ; -0.054     ; 1.945      ;
; -1.004 ; contador_tiempo_extra:INST_CONTADOR_EXTRA|contador_unidades[3] ; contador_tiempo_extra:INST_CONTADOR_EXTRA|contador_unidades[1] ; divisor_frecuencia:INST_DIVISOR|reloj_1hz_reg ; divisor_frecuencia:INST_DIVISOR|reloj_1hz_reg ; 1.000        ; -0.054     ; 1.945      ;
; -0.947 ; contador_tiempo_extra:INST_CONTADOR_EXTRA|contador_unidades[3] ; contador_tiempo_extra:INST_CONTADOR_EXTRA|contador_unidades[2] ; divisor_frecuencia:INST_DIVISOR|reloj_1hz_reg ; divisor_frecuencia:INST_DIVISOR|reloj_1hz_reg ; 1.000        ; -0.054     ; 1.888      ;
; -0.944 ; contador_tiempo_extra:INST_CONTADOR_EXTRA|contador_unidades[3] ; contador_tiempo_extra:INST_CONTADOR_EXTRA|contador_decenas[0]  ; divisor_frecuencia:INST_DIVISOR|reloj_1hz_reg ; divisor_frecuencia:INST_DIVISOR|reloj_1hz_reg ; 1.000        ; -0.046     ; 1.893      ;
; -0.944 ; contador_tiempo_extra:INST_CONTADOR_EXTRA|contador_unidades[2] ; contador_tiempo_extra:INST_CONTADOR_EXTRA|contador_unidades[2] ; divisor_frecuencia:INST_DIVISOR|reloj_1hz_reg ; divisor_frecuencia:INST_DIVISOR|reloj_1hz_reg ; 1.000        ; -0.054     ; 1.885      ;
; -0.936 ; contador_tiempo_extra:INST_CONTADOR_EXTRA|contador_unidades[0] ; contador_tiempo_extra:INST_CONTADOR_EXTRA|contador_unidades[0] ; divisor_frecuencia:INST_DIVISOR|reloj_1hz_reg ; divisor_frecuencia:INST_DIVISOR|reloj_1hz_reg ; 1.000        ; -0.054     ; 1.877      ;
; -0.935 ; contador_tiempo_extra:INST_CONTADOR_EXTRA|contador_unidades[0] ; contador_tiempo_extra:INST_CONTADOR_EXTRA|contador_unidades[3] ; divisor_frecuencia:INST_DIVISOR|reloj_1hz_reg ; divisor_frecuencia:INST_DIVISOR|reloj_1hz_reg ; 1.000        ; -0.054     ; 1.876      ;
; -0.935 ; contador_tiempo_extra:INST_CONTADOR_EXTRA|contador_unidades[0] ; contador_tiempo_extra:INST_CONTADOR_EXTRA|contador_unidades[1] ; divisor_frecuencia:INST_DIVISOR|reloj_1hz_reg ; divisor_frecuencia:INST_DIVISOR|reloj_1hz_reg ; 1.000        ; -0.054     ; 1.876      ;
; -0.901 ; contador_tiempo_extra:INST_CONTADOR_EXTRA|contador_decenas[1]  ; contador_tiempo_extra:INST_CONTADOR_EXTRA|contador_decenas[3]  ; divisor_frecuencia:INST_DIVISOR|reloj_1hz_reg ; divisor_frecuencia:INST_DIVISOR|reloj_1hz_reg ; 1.000        ; -0.054     ; 1.842      ;
; -0.901 ; contador_tiempo_extra:INST_CONTADOR_EXTRA|contador_decenas[1]  ; contador_tiempo_extra:INST_CONTADOR_EXTRA|contador_decenas[2]  ; divisor_frecuencia:INST_DIVISOR|reloj_1hz_reg ; divisor_frecuencia:INST_DIVISOR|reloj_1hz_reg ; 1.000        ; -0.054     ; 1.842      ;
; -0.898 ; contador_tiempo_extra:INST_CONTADOR_EXTRA|contador_decenas[1]  ; contador_tiempo_extra:INST_CONTADOR_EXTRA|contador_decenas[1]  ; divisor_frecuencia:INST_DIVISOR|reloj_1hz_reg ; divisor_frecuencia:INST_DIVISOR|reloj_1hz_reg ; 1.000        ; -0.054     ; 1.839      ;
; -0.878 ; contador_tiempo_extra:INST_CONTADOR_EXTRA|contador_unidades[0] ; contador_tiempo_extra:INST_CONTADOR_EXTRA|contador_unidades[2] ; divisor_frecuencia:INST_DIVISOR|reloj_1hz_reg ; divisor_frecuencia:INST_DIVISOR|reloj_1hz_reg ; 1.000        ; -0.054     ; 1.819      ;
; -0.875 ; contador_tiempo_extra:INST_CONTADOR_EXTRA|contador_unidades[0] ; contador_tiempo_extra:INST_CONTADOR_EXTRA|contador_decenas[0]  ; divisor_frecuencia:INST_DIVISOR|reloj_1hz_reg ; divisor_frecuencia:INST_DIVISOR|reloj_1hz_reg ; 1.000        ; -0.046     ; 1.824      ;
; -0.852 ; contador_35_segundos:INST_CONTADOR_35|contador_decenas[0]      ; contador_35_segundos:INST_CONTADOR_35|fin_conteo_reg           ; divisor_frecuencia:INST_DIVISOR|reloj_1hz_reg ; divisor_frecuencia:INST_DIVISOR|reloj_1hz_reg ; 1.000        ; -0.044     ; 1.803      ;
; -0.848 ; contador_tiempo_extra:INST_CONTADOR_EXTRA|contador_decenas[0]  ; contador_tiempo_extra:INST_CONTADOR_EXTRA|contador_unidades[3] ; divisor_frecuencia:INST_DIVISOR|reloj_1hz_reg ; divisor_frecuencia:INST_DIVISOR|reloj_1hz_reg ; 1.000        ; -0.062     ; 1.781      ;
; -0.847 ; contador_tiempo_extra:INST_CONTADOR_EXTRA|contador_decenas[0]  ; contador_tiempo_extra:INST_CONTADOR_EXTRA|contador_unidades[1] ; divisor_frecuencia:INST_DIVISOR|reloj_1hz_reg ; divisor_frecuencia:INST_DIVISOR|reloj_1hz_reg ; 1.000        ; -0.062     ; 1.780      ;
; -0.843 ; contador_tiempo_extra:INST_CONTADOR_EXTRA|contador_decenas[0]  ; contador_tiempo_extra:INST_CONTADOR_EXTRA|contador_unidades[2] ; divisor_frecuencia:INST_DIVISOR|reloj_1hz_reg ; divisor_frecuencia:INST_DIVISOR|reloj_1hz_reg ; 1.000        ; -0.062     ; 1.776      ;
; -0.841 ; contador_35_segundos:INST_CONTADOR_35|contador_unidades[2]     ; contador_35_segundos:INST_CONTADOR_35|contador_unidades[2]     ; divisor_frecuencia:INST_DIVISOR|reloj_1hz_reg ; divisor_frecuencia:INST_DIVISOR|reloj_1hz_reg ; 1.000        ; -0.054     ; 1.782      ;
; -0.839 ; contador_35_segundos:INST_CONTADOR_35|contador_unidades[2]     ; contador_35_segundos:INST_CONTADOR_35|contador_unidades[1]     ; divisor_frecuencia:INST_DIVISOR|reloj_1hz_reg ; divisor_frecuencia:INST_DIVISOR|reloj_1hz_reg ; 1.000        ; -0.054     ; 1.780      ;
; -0.837 ; contador_35_segundos:INST_CONTADOR_35|contador_unidades[2]     ; contador_35_segundos:INST_CONTADOR_35|contador_unidades[3]     ; divisor_frecuencia:INST_DIVISOR|reloj_1hz_reg ; divisor_frecuencia:INST_DIVISOR|reloj_1hz_reg ; 1.000        ; -0.054     ; 1.778      ;
; -0.828 ; contador_35_segundos:INST_CONTADOR_35|contador_unidades[2]     ; contador_35_segundos:INST_CONTADOR_35|fin_conteo_reg           ; divisor_frecuencia:INST_DIVISOR|reloj_1hz_reg ; divisor_frecuencia:INST_DIVISOR|reloj_1hz_reg ; 1.000        ; -0.044     ; 1.779      ;
; -0.827 ; contador_tiempo_extra:INST_CONTADOR_EXTRA|contador_unidades[1] ; contador_tiempo_extra:INST_CONTADOR_EXTRA|contador_unidades[3] ; divisor_frecuencia:INST_DIVISOR|reloj_1hz_reg ; divisor_frecuencia:INST_DIVISOR|reloj_1hz_reg ; 1.000        ; -0.054     ; 1.768      ;
; -0.818 ; contador_tiempo_extra:INST_CONTADOR_EXTRA|contador_unidades[1] ; contador_tiempo_extra:INST_CONTADOR_EXTRA|contador_unidades[0] ; divisor_frecuencia:INST_DIVISOR|reloj_1hz_reg ; divisor_frecuencia:INST_DIVISOR|reloj_1hz_reg ; 1.000        ; -0.054     ; 1.759      ;
; -0.817 ; contador_tiempo_extra:INST_CONTADOR_EXTRA|contador_unidades[1] ; contador_tiempo_extra:INST_CONTADOR_EXTRA|contador_unidades[1] ; divisor_frecuencia:INST_DIVISOR|reloj_1hz_reg ; divisor_frecuencia:INST_DIVISOR|reloj_1hz_reg ; 1.000        ; -0.054     ; 1.758      ;
; -0.797 ; contador_35_segundos:INST_CONTADOR_35|fin_conteo_reg           ; contador_35_segundos:INST_CONTADOR_35|contador_unidades[2]     ; divisor_frecuencia:INST_DIVISOR|reloj_1hz_reg ; divisor_frecuencia:INST_DIVISOR|reloj_1hz_reg ; 1.000        ; -0.064     ; 1.728      ;
; -0.795 ; contador_35_segundos:INST_CONTADOR_35|fin_conteo_reg           ; contador_35_segundos:INST_CONTADOR_35|contador_unidades[1]     ; divisor_frecuencia:INST_DIVISOR|reloj_1hz_reg ; divisor_frecuencia:INST_DIVISOR|reloj_1hz_reg ; 1.000        ; -0.064     ; 1.726      ;
; -0.793 ; contador_35_segundos:INST_CONTADOR_35|fin_conteo_reg           ; contador_35_segundos:INST_CONTADOR_35|contador_unidades[3]     ; divisor_frecuencia:INST_DIVISOR|reloj_1hz_reg ; divisor_frecuencia:INST_DIVISOR|reloj_1hz_reg ; 1.000        ; -0.064     ; 1.724      ;
; -0.792 ; contador_tiempo_extra:INST_CONTADOR_EXTRA|contador_decenas[1]  ; contador_tiempo_extra:INST_CONTADOR_EXTRA|contador_unidades[0] ; divisor_frecuencia:INST_DIVISOR|reloj_1hz_reg ; divisor_frecuencia:INST_DIVISOR|reloj_1hz_reg ; 1.000        ; -0.054     ; 1.733      ;
; -0.778 ; contador_tiempo_extra:INST_CONTADOR_EXTRA|contador_decenas[2]  ; contador_tiempo_extra:INST_CONTADOR_EXTRA|contador_decenas[3]  ; divisor_frecuencia:INST_DIVISOR|reloj_1hz_reg ; divisor_frecuencia:INST_DIVISOR|reloj_1hz_reg ; 1.000        ; -0.054     ; 1.719      ;
; -0.778 ; contador_tiempo_extra:INST_CONTADOR_EXTRA|contador_decenas[2]  ; contador_tiempo_extra:INST_CONTADOR_EXTRA|contador_decenas[2]  ; divisor_frecuencia:INST_DIVISOR|reloj_1hz_reg ; divisor_frecuencia:INST_DIVISOR|reloj_1hz_reg ; 1.000        ; -0.054     ; 1.719      ;
; -0.775 ; contador_tiempo_extra:INST_CONTADOR_EXTRA|contador_decenas[2]  ; contador_tiempo_extra:INST_CONTADOR_EXTRA|contador_decenas[1]  ; divisor_frecuencia:INST_DIVISOR|reloj_1hz_reg ; divisor_frecuencia:INST_DIVISOR|reloj_1hz_reg ; 1.000        ; -0.054     ; 1.716      ;
; -0.770 ; contador_tiempo_extra:INST_CONTADOR_EXTRA|contador_unidades[1] ; contador_tiempo_extra:INST_CONTADOR_EXTRA|contador_decenas[0]  ; divisor_frecuencia:INST_DIVISOR|reloj_1hz_reg ; divisor_frecuencia:INST_DIVISOR|reloj_1hz_reg ; 1.000        ; -0.046     ; 1.719      ;
; -0.770 ; contador_tiempo_extra:INST_CONTADOR_EXTRA|contador_unidades[3] ; contador_tiempo_extra:INST_CONTADOR_EXTRA|contador_decenas[3]  ; divisor_frecuencia:INST_DIVISOR|reloj_1hz_reg ; divisor_frecuencia:INST_DIVISOR|reloj_1hz_reg ; 1.000        ; -0.054     ; 1.711      ;
; -0.770 ; contador_tiempo_extra:INST_CONTADOR_EXTRA|contador_unidades[3] ; contador_tiempo_extra:INST_CONTADOR_EXTRA|contador_decenas[2]  ; divisor_frecuencia:INST_DIVISOR|reloj_1hz_reg ; divisor_frecuencia:INST_DIVISOR|reloj_1hz_reg ; 1.000        ; -0.054     ; 1.711      ;
; -0.767 ; contador_tiempo_extra:INST_CONTADOR_EXTRA|contador_unidades[3] ; contador_tiempo_extra:INST_CONTADOR_EXTRA|contador_decenas[1]  ; divisor_frecuencia:INST_DIVISOR|reloj_1hz_reg ; divisor_frecuencia:INST_DIVISOR|reloj_1hz_reg ; 1.000        ; -0.054     ; 1.708      ;
; -0.767 ; contador_35_segundos:INST_CONTADOR_35|contador_decenas[1]      ; contador_35_segundos:INST_CONTADOR_35|contador_unidades[2]     ; divisor_frecuencia:INST_DIVISOR|reloj_1hz_reg ; divisor_frecuencia:INST_DIVISOR|reloj_1hz_reg ; 1.000        ; -0.054     ; 1.708      ;
; -0.765 ; contador_35_segundos:INST_CONTADOR_35|contador_decenas[1]      ; contador_35_segundos:INST_CONTADOR_35|contador_unidades[1]     ; divisor_frecuencia:INST_DIVISOR|reloj_1hz_reg ; divisor_frecuencia:INST_DIVISOR|reloj_1hz_reg ; 1.000        ; -0.054     ; 1.706      ;
; -0.763 ; contador_35_segundos:INST_CONTADOR_35|contador_decenas[1]      ; contador_35_segundos:INST_CONTADOR_35|contador_unidades[3]     ; divisor_frecuencia:INST_DIVISOR|reloj_1hz_reg ; divisor_frecuencia:INST_DIVISOR|reloj_1hz_reg ; 1.000        ; -0.054     ; 1.704      ;
; -0.754 ; contador_35_segundos:INST_CONTADOR_35|contador_decenas[1]      ; contador_35_segundos:INST_CONTADOR_35|fin_conteo_reg           ; divisor_frecuencia:INST_DIVISOR|reloj_1hz_reg ; divisor_frecuencia:INST_DIVISOR|reloj_1hz_reg ; 1.000        ; -0.044     ; 1.705      ;
; -0.745 ; contador_tiempo_extra:INST_CONTADOR_EXTRA|contador_unidades[2] ; contador_tiempo_extra:INST_CONTADOR_EXTRA|contador_decenas[3]  ; divisor_frecuencia:INST_DIVISOR|reloj_1hz_reg ; divisor_frecuencia:INST_DIVISOR|reloj_1hz_reg ; 1.000        ; -0.054     ; 1.686      ;
; -0.745 ; contador_tiempo_extra:INST_CONTADOR_EXTRA|contador_unidades[2] ; contador_tiempo_extra:INST_CONTADOR_EXTRA|contador_decenas[2]  ; divisor_frecuencia:INST_DIVISOR|reloj_1hz_reg ; divisor_frecuencia:INST_DIVISOR|reloj_1hz_reg ; 1.000        ; -0.054     ; 1.686      ;
; -0.743 ; contador_tiempo_extra:INST_CONTADOR_EXTRA|contador_unidades[2] ; contador_tiempo_extra:INST_CONTADOR_EXTRA|contador_decenas[1]  ; divisor_frecuencia:INST_DIVISOR|reloj_1hz_reg ; divisor_frecuencia:INST_DIVISOR|reloj_1hz_reg ; 1.000        ; -0.054     ; 1.684      ;
; -0.725 ; contador_tiempo_extra:INST_CONTADOR_EXTRA|contador_decenas[0]  ; contador_tiempo_extra:INST_CONTADOR_EXTRA|contador_decenas[3]  ; divisor_frecuencia:INST_DIVISOR|reloj_1hz_reg ; divisor_frecuencia:INST_DIVISOR|reloj_1hz_reg ; 1.000        ; -0.062     ; 1.658      ;
; -0.725 ; contador_tiempo_extra:INST_CONTADOR_EXTRA|contador_decenas[0]  ; contador_tiempo_extra:INST_CONTADOR_EXTRA|contador_decenas[2]  ; divisor_frecuencia:INST_DIVISOR|reloj_1hz_reg ; divisor_frecuencia:INST_DIVISOR|reloj_1hz_reg ; 1.000        ; -0.062     ; 1.658      ;
; -0.723 ; contador_tiempo_extra:INST_CONTADOR_EXTRA|contador_decenas[0]  ; contador_tiempo_extra:INST_CONTADOR_EXTRA|contador_decenas[1]  ; divisor_frecuencia:INST_DIVISOR|reloj_1hz_reg ; divisor_frecuencia:INST_DIVISOR|reloj_1hz_reg ; 1.000        ; -0.062     ; 1.656      ;
; -0.713 ; contador_35_segundos:INST_CONTADOR_35|fin_conteo_reg           ; contador_tiempo_extra:INST_CONTADOR_EXTRA|contador_unidades[3] ; divisor_frecuencia:INST_DIVISOR|reloj_1hz_reg ; divisor_frecuencia:INST_DIVISOR|reloj_1hz_reg ; 1.000        ; -0.064     ; 1.644      ;
; -0.712 ; contador_35_segundos:INST_CONTADOR_35|fin_conteo_reg           ; contador_tiempo_extra:INST_CONTADOR_EXTRA|contador_unidades[1] ; divisor_frecuencia:INST_DIVISOR|reloj_1hz_reg ; divisor_frecuencia:INST_DIVISOR|reloj_1hz_reg ; 1.000        ; -0.064     ; 1.643      ;
; -0.707 ; contador_35_segundos:INST_CONTADOR_35|fin_conteo_reg           ; contador_tiempo_extra:INST_CONTADOR_EXTRA|contador_unidades[2] ; divisor_frecuencia:INST_DIVISOR|reloj_1hz_reg ; divisor_frecuencia:INST_DIVISOR|reloj_1hz_reg ; 1.000        ; -0.064     ; 1.638      ;
; -0.704 ; contador_tiempo_extra:INST_CONTADOR_EXTRA|contador_unidades[1] ; contador_tiempo_extra:INST_CONTADOR_EXTRA|contador_unidades[2] ; divisor_frecuencia:INST_DIVISOR|reloj_1hz_reg ; divisor_frecuencia:INST_DIVISOR|reloj_1hz_reg ; 1.000        ; -0.054     ; 1.645      ;
; -0.701 ; contador_tiempo_extra:INST_CONTADOR_EXTRA|contador_unidades[0] ; contador_tiempo_extra:INST_CONTADOR_EXTRA|contador_decenas[3]  ; divisor_frecuencia:INST_DIVISOR|reloj_1hz_reg ; divisor_frecuencia:INST_DIVISOR|reloj_1hz_reg ; 1.000        ; -0.054     ; 1.642      ;
; -0.701 ; contador_tiempo_extra:INST_CONTADOR_EXTRA|contador_unidades[0] ; contador_tiempo_extra:INST_CONTADOR_EXTRA|contador_decenas[2]  ; divisor_frecuencia:INST_DIVISOR|reloj_1hz_reg ; divisor_frecuencia:INST_DIVISOR|reloj_1hz_reg ; 1.000        ; -0.054     ; 1.642      ;
; -0.698 ; contador_tiempo_extra:INST_CONTADOR_EXTRA|contador_unidades[0] ; contador_tiempo_extra:INST_CONTADOR_EXTRA|contador_decenas[1]  ; divisor_frecuencia:INST_DIVISOR|reloj_1hz_reg ; divisor_frecuencia:INST_DIVISOR|reloj_1hz_reg ; 1.000        ; -0.054     ; 1.639      ;
; -0.669 ; contador_tiempo_extra:INST_CONTADOR_EXTRA|contador_decenas[2]  ; contador_tiempo_extra:INST_CONTADOR_EXTRA|contador_unidades[0] ; divisor_frecuencia:INST_DIVISOR|reloj_1hz_reg ; divisor_frecuencia:INST_DIVISOR|reloj_1hz_reg ; 1.000        ; -0.054     ; 1.610      ;
; -0.653 ; contador_tiempo_extra:INST_CONTADOR_EXTRA|contador_decenas[3]  ; contador_tiempo_extra:INST_CONTADOR_EXTRA|contador_decenas[3]  ; divisor_frecuencia:INST_DIVISOR|reloj_1hz_reg ; divisor_frecuencia:INST_DIVISOR|reloj_1hz_reg ; 1.000        ; -0.054     ; 1.594      ;
; -0.653 ; contador_tiempo_extra:INST_CONTADOR_EXTRA|contador_decenas[3]  ; contador_tiempo_extra:INST_CONTADOR_EXTRA|contador_decenas[2]  ; divisor_frecuencia:INST_DIVISOR|reloj_1hz_reg ; divisor_frecuencia:INST_DIVISOR|reloj_1hz_reg ; 1.000        ; -0.054     ; 1.594      ;
; -0.653 ; contador_35_segundos:INST_CONTADOR_35|contador_unidades[3]     ; contador_35_segundos:INST_CONTADOR_35|contador_unidades[2]     ; divisor_frecuencia:INST_DIVISOR|reloj_1hz_reg ; divisor_frecuencia:INST_DIVISOR|reloj_1hz_reg ; 1.000        ; -0.054     ; 1.594      ;
; -0.651 ; contador_tiempo_extra:INST_CONTADOR_EXTRA|contador_decenas[3]  ; contador_tiempo_extra:INST_CONTADOR_EXTRA|contador_decenas[1]  ; divisor_frecuencia:INST_DIVISOR|reloj_1hz_reg ; divisor_frecuencia:INST_DIVISOR|reloj_1hz_reg ; 1.000        ; -0.054     ; 1.592      ;
; -0.650 ; contador_35_segundos:INST_CONTADOR_35|contador_unidades[3]     ; contador_35_segundos:INST_CONTADOR_35|contador_unidades[1]     ; divisor_frecuencia:INST_DIVISOR|reloj_1hz_reg ; divisor_frecuencia:INST_DIVISOR|reloj_1hz_reg ; 1.000        ; -0.054     ; 1.591      ;
; -0.648 ; contador_35_segundos:INST_CONTADOR_35|contador_unidades[3]     ; contador_35_segundos:INST_CONTADOR_35|contador_unidades[3]     ; divisor_frecuencia:INST_DIVISOR|reloj_1hz_reg ; divisor_frecuencia:INST_DIVISOR|reloj_1hz_reg ; 1.000        ; -0.054     ; 1.589      ;
; -0.642 ; contador_tiempo_extra:INST_CONTADOR_EXTRA|contador_decenas[0]  ; contador_tiempo_extra:INST_CONTADOR_EXTRA|contador_unidades[0] ; divisor_frecuencia:INST_DIVISOR|reloj_1hz_reg ; divisor_frecuencia:INST_DIVISOR|reloj_1hz_reg ; 1.000        ; -0.062     ; 1.575      ;
; -0.634 ; contador_35_segundos:INST_CONTADOR_35|fin_conteo_reg           ; contador_tiempo_extra:INST_CONTADOR_EXTRA|contador_unidades[0] ; divisor_frecuencia:INST_DIVISOR|reloj_1hz_reg ; divisor_frecuencia:INST_DIVISOR|reloj_1hz_reg ; 1.000        ; -0.064     ; 1.565      ;
; -0.625 ; contador_tiempo_extra:INST_CONTADOR_EXTRA|contador_decenas[1]  ; contador_tiempo_extra:INST_CONTADOR_EXTRA|contador_decenas[0]  ; divisor_frecuencia:INST_DIVISOR|reloj_1hz_reg ; divisor_frecuencia:INST_DIVISOR|reloj_1hz_reg ; 1.000        ; -0.046     ; 1.574      ;
; -0.619 ; contador_35_segundos:INST_CONTADOR_35|contador_unidades[2]     ; contador_35_segundos:INST_CONTADOR_35|contador_unidades[0]     ; divisor_frecuencia:INST_DIVISOR|reloj_1hz_reg ; divisor_frecuencia:INST_DIVISOR|reloj_1hz_reg ; 1.000        ; -0.054     ; 1.560      ;
; -0.609 ; contador_35_segundos:INST_CONTADOR_35|contador_unidades[1]     ; contador_35_segundos:INST_CONTADOR_35|contador_unidades[2]     ; divisor_frecuencia:INST_DIVISOR|reloj_1hz_reg ; divisor_frecuencia:INST_DIVISOR|reloj_1hz_reg ; 1.000        ; -0.054     ; 1.550      ;
; -0.609 ; contador_35_segundos:INST_CONTADOR_35|contador_unidades[3]     ; contador_35_segundos:INST_CONTADOR_35|fin_conteo_reg           ; divisor_frecuencia:INST_DIVISOR|reloj_1hz_reg ; divisor_frecuencia:INST_DIVISOR|reloj_1hz_reg ; 1.000        ; -0.044     ; 1.560      ;
; -0.607 ; contador_35_segundos:INST_CONTADOR_35|fin_conteo_reg           ; contador_35_segundos:INST_CONTADOR_35|contador_unidades[0]     ; divisor_frecuencia:INST_DIVISOR|reloj_1hz_reg ; divisor_frecuencia:INST_DIVISOR|reloj_1hz_reg ; 1.000        ; -0.064     ; 1.538      ;
; -0.606 ; contador_35_segundos:INST_CONTADOR_35|contador_unidades[1]     ; contador_35_segundos:INST_CONTADOR_35|contador_unidades[1]     ; divisor_frecuencia:INST_DIVISOR|reloj_1hz_reg ; divisor_frecuencia:INST_DIVISOR|reloj_1hz_reg ; 1.000        ; -0.054     ; 1.547      ;
; -0.605 ; contador_35_segundos:INST_CONTADOR_35|fin_conteo_reg           ; contador_tiempo_extra:INST_CONTADOR_EXTRA|contador_decenas[3]  ; divisor_frecuencia:INST_DIVISOR|reloj_1hz_reg ; divisor_frecuencia:INST_DIVISOR|reloj_1hz_reg ; 1.000        ; -0.064     ; 1.536      ;
; -0.605 ; contador_35_segundos:INST_CONTADOR_35|fin_conteo_reg           ; contador_tiempo_extra:INST_CONTADOR_EXTRA|contador_decenas[2]  ; divisor_frecuencia:INST_DIVISOR|reloj_1hz_reg ; divisor_frecuencia:INST_DIVISOR|reloj_1hz_reg ; 1.000        ; -0.064     ; 1.536      ;
; -0.604 ; contador_35_segundos:INST_CONTADOR_35|contador_unidades[1]     ; contador_35_segundos:INST_CONTADOR_35|contador_unidades[3]     ; divisor_frecuencia:INST_DIVISOR|reloj_1hz_reg ; divisor_frecuencia:INST_DIVISOR|reloj_1hz_reg ; 1.000        ; -0.054     ; 1.545      ;
; -0.603 ; contador_tiempo_extra:INST_CONTADOR_EXTRA|contador_decenas[2]  ; contador_tiempo_extra:INST_CONTADOR_EXTRA|contador_unidades[3] ; divisor_frecuencia:INST_DIVISOR|reloj_1hz_reg ; divisor_frecuencia:INST_DIVISOR|reloj_1hz_reg ; 1.000        ; -0.054     ; 1.544      ;
; -0.602 ; contador_tiempo_extra:INST_CONTADOR_EXTRA|contador_decenas[3]  ; contador_tiempo_extra:INST_CONTADOR_EXTRA|contador_unidades[3] ; divisor_frecuencia:INST_DIVISOR|reloj_1hz_reg ; divisor_frecuencia:INST_DIVISOR|reloj_1hz_reg ; 1.000        ; -0.054     ; 1.543      ;
; -0.602 ; contador_tiempo_extra:INST_CONTADOR_EXTRA|contador_decenas[2]  ; contador_tiempo_extra:INST_CONTADOR_EXTRA|contador_unidades[1] ; divisor_frecuencia:INST_DIVISOR|reloj_1hz_reg ; divisor_frecuencia:INST_DIVISOR|reloj_1hz_reg ; 1.000        ; -0.054     ; 1.543      ;
; -0.602 ; contador_35_segundos:INST_CONTADOR_35|fin_conteo_reg           ; contador_tiempo_extra:INST_CONTADOR_EXTRA|contador_decenas[1]  ; divisor_frecuencia:INST_DIVISOR|reloj_1hz_reg ; divisor_frecuencia:INST_DIVISOR|reloj_1hz_reg ; 1.000        ; -0.064     ; 1.533      ;
; -0.601 ; contador_tiempo_extra:INST_CONTADOR_EXTRA|contador_decenas[3]  ; contador_tiempo_extra:INST_CONTADOR_EXTRA|contador_unidades[1] ; divisor_frecuencia:INST_DIVISOR|reloj_1hz_reg ; divisor_frecuencia:INST_DIVISOR|reloj_1hz_reg ; 1.000        ; -0.054     ; 1.542      ;
; -0.597 ; contador_tiempo_extra:INST_CONTADOR_EXTRA|contador_decenas[3]  ; contador_tiempo_extra:INST_CONTADOR_EXTRA|contador_unidades[2] ; divisor_frecuencia:INST_DIVISOR|reloj_1hz_reg ; divisor_frecuencia:INST_DIVISOR|reloj_1hz_reg ; 1.000        ; -0.054     ; 1.538      ;
; -0.597 ; contador_tiempo_extra:INST_CONTADOR_EXTRA|contador_decenas[2]  ; contador_tiempo_extra:INST_CONTADOR_EXTRA|contador_unidades[2] ; divisor_frecuencia:INST_DIVISOR|reloj_1hz_reg ; divisor_frecuencia:INST_DIVISOR|reloj_1hz_reg ; 1.000        ; -0.054     ; 1.538      ;
; -0.570 ; contador_tiempo_extra:INST_CONTADOR_EXTRA|contador_decenas[3]  ; contador_tiempo_extra:INST_CONTADOR_EXTRA|contador_unidades[0] ; divisor_frecuencia:INST_DIVISOR|reloj_1hz_reg ; divisor_frecuencia:INST_DIVISOR|reloj_1hz_reg ; 1.000        ; -0.054     ; 1.511      ;
; -0.565 ; contador_35_segundos:INST_CONTADOR_35|contador_unidades[1]     ; contador_35_segundos:INST_CONTADOR_35|fin_conteo_reg           ; divisor_frecuencia:INST_DIVISOR|reloj_1hz_reg ; divisor_frecuencia:INST_DIVISOR|reloj_1hz_reg ; 1.000        ; -0.044     ; 1.516      ;
; -0.545 ; contador_35_segundos:INST_CONTADOR_35|contador_decenas[1]      ; contador_35_segundos:INST_CONTADOR_35|contador_unidades[0]     ; divisor_frecuencia:INST_DIVISOR|reloj_1hz_reg ; divisor_frecuencia:INST_DIVISOR|reloj_1hz_reg ; 1.000        ; -0.054     ; 1.486      ;
; -0.526 ; contador_35_segundos:INST_CONTADOR_35|contador_unidades[0]     ; contador_35_segundos:INST_CONTADOR_35|contador_unidades[1]     ; divisor_frecuencia:INST_DIVISOR|reloj_1hz_reg ; divisor_frecuencia:INST_DIVISOR|reloj_1hz_reg ; 1.000        ; -0.054     ; 1.467      ;
; -0.505 ; contador_35_segundos:INST_CONTADOR_35|fin_conteo_reg           ; contador_35_segundos:INST_CONTADOR_35|contador_decenas[1]      ; divisor_frecuencia:INST_DIVISOR|reloj_1hz_reg ; divisor_frecuencia:INST_DIVISOR|reloj_1hz_reg ; 1.000        ; -0.064     ; 1.436      ;
; -0.505 ; contador_tiempo_extra:INST_CONTADOR_EXTRA|contador_unidades[1] ; contador_tiempo_extra:INST_CONTADOR_EXTRA|contador_decenas[3]  ; divisor_frecuencia:INST_DIVISOR|reloj_1hz_reg ; divisor_frecuencia:INST_DIVISOR|reloj_1hz_reg ; 1.000        ; -0.054     ; 1.446      ;
; -0.505 ; contador_tiempo_extra:INST_CONTADOR_EXTRA|contador_unidades[1] ; contador_tiempo_extra:INST_CONTADOR_EXTRA|contador_decenas[2]  ; divisor_frecuencia:INST_DIVISOR|reloj_1hz_reg ; divisor_frecuencia:INST_DIVISOR|reloj_1hz_reg ; 1.000        ; -0.054     ; 1.446      ;
; -0.503 ; contador_tiempo_extra:INST_CONTADOR_EXTRA|contador_unidades[1] ; contador_tiempo_extra:INST_CONTADOR_EXTRA|contador_decenas[1]  ; divisor_frecuencia:INST_DIVISOR|reloj_1hz_reg ; divisor_frecuencia:INST_DIVISOR|reloj_1hz_reg ; 1.000        ; -0.054     ; 1.444      ;
; -0.502 ; contador_tiempo_extra:INST_CONTADOR_EXTRA|contador_decenas[2]  ; contador_tiempo_extra:INST_CONTADOR_EXTRA|contador_decenas[0]  ; divisor_frecuencia:INST_DIVISOR|reloj_1hz_reg ; divisor_frecuencia:INST_DIVISOR|reloj_1hz_reg ; 1.000        ; -0.046     ; 1.451      ;
; -0.496 ; contador_35_segundos:INST_CONTADOR_35|contador_unidades[0]     ; contador_35_segundos:INST_CONTADOR_35|contador_unidades[3]     ; divisor_frecuencia:INST_DIVISOR|reloj_1hz_reg ; divisor_frecuencia:INST_DIVISOR|reloj_1hz_reg ; 1.000        ; -0.054     ; 1.437      ;
; -0.484 ; contador_tiempo_extra:INST_CONTADOR_EXTRA|contador_decenas[0]  ; contador_tiempo_extra:INST_CONTADOR_EXTRA|contador_decenas[0]  ; divisor_frecuencia:INST_DIVISOR|reloj_1hz_reg ; divisor_frecuencia:INST_DIVISOR|reloj_1hz_reg ; 1.000        ; -0.054     ; 1.425      ;
; -0.480 ; contador_35_segundos:INST_CONTADOR_35|contador_unidades[2]     ; contador_35_segundos:INST_CONTADOR_35|contador_decenas[1]      ; divisor_frecuencia:INST_DIVISOR|reloj_1hz_reg ; divisor_frecuencia:INST_DIVISOR|reloj_1hz_reg ; 1.000        ; -0.054     ; 1.421      ;
; -0.474 ; contador_35_segundos:INST_CONTADOR_35|contador_unidades[1]     ; contador_35_segundos:INST_CONTADOR_35|contador_decenas[1]      ; divisor_frecuencia:INST_DIVISOR|reloj_1hz_reg ; divisor_frecuencia:INST_DIVISOR|reloj_1hz_reg ; 1.000        ; -0.054     ; 1.415      ;
; -0.464 ; contador_35_segundos:INST_CONTADOR_35|fin_conteo_reg           ; contador_tiempo_extra:INST_CONTADOR_EXTRA|contador_decenas[0]  ; divisor_frecuencia:INST_DIVISOR|reloj_1hz_reg ; divisor_frecuencia:INST_DIVISOR|reloj_1hz_reg ; 1.000        ; -0.056     ; 1.403      ;
; -0.437 ; contador_35_segundos:INST_CONTADOR_35|contador_unidades[3]     ; contador_35_segundos:INST_CONTADOR_35|contador_unidades[0]     ; divisor_frecuencia:INST_DIVISOR|reloj_1hz_reg ; divisor_frecuencia:INST_DIVISOR|reloj_1hz_reg ; 1.000        ; -0.054     ; 1.378      ;
; -0.427 ; contador_35_segundos:INST_CONTADOR_35|contador_unidades[0]     ; contador_35_segundos:INST_CONTADOR_35|contador_decenas[1]      ; divisor_frecuencia:INST_DIVISOR|reloj_1hz_reg ; divisor_frecuencia:INST_DIVISOR|reloj_1hz_reg ; 1.000        ; -0.054     ; 1.368      ;
; -0.426 ; contador_35_segundos:INST_CONTADOR_35|contador_unidades[0]     ; contador_35_segundos:INST_CONTADOR_35|fin_conteo_reg           ; divisor_frecuencia:INST_DIVISOR|reloj_1hz_reg ; divisor_frecuencia:INST_DIVISOR|reloj_1hz_reg ; 1.000        ; -0.044     ; 1.377      ;
; -0.417 ; contador_35_segundos:INST_CONTADOR_35|contador_unidades[0]     ; contador_35_segundos:INST_CONTADOR_35|contador_unidades[2]     ; divisor_frecuencia:INST_DIVISOR|reloj_1hz_reg ; divisor_frecuencia:INST_DIVISOR|reloj_1hz_reg ; 1.000        ; -0.054     ; 1.358      ;
+--------+----------------------------------------------------------------+----------------------------------------------------------------+-----------------------------------------------+-----------------------------------------------+--------------+------------+------------+


+-------------------------------------------------------------------------------------------------------------------------------------------------------------------------------------------------------------------------------------------------------------+
; Slow 1200mV 0C Model Hold: 'CLOCK_50'                                                                                                                                                                                                                       ;
+--------+----------------------------------------------------------------------+----------------------------------------------------------------------+-----------------------------------------------+-------------+--------------+------------+------------+
; Slack  ; From Node                                                            ; To Node                                                              ; Launch Clock                                  ; Latch Clock ; Relationship ; Clock Skew ; Data Delay ;
+--------+----------------------------------------------------------------------+----------------------------------------------------------------------+-----------------------------------------------+-------------+--------------+------------+------------+
; -0.081 ; divisor_frecuencia:INST_DIVISOR|reloj_1hz_reg                        ; divisor_frecuencia:INST_DIVISOR|reloj_1hz_reg                        ; divisor_frecuencia:INST_DIVISOR|reloj_1hz_reg ; CLOCK_50    ; 0.000        ; 2.237      ; 2.510      ;
; 0.312  ; detector_ocupacion:INST_DETECTOR_OCUPACION|estado_felicitacion       ; detector_ocupacion:INST_DETECTOR_OCUPACION|estado_felicitacion       ; CLOCK_50                                      ; CLOCK_50    ; 0.000        ; 0.055      ; 0.511      ;
; 0.312  ; detector_ocupacion:INST_DETECTOR_OCUPACION|contando_felicitacion     ; detector_ocupacion:INST_DETECTOR_OCUPACION|contando_felicitacion     ; CLOCK_50                                      ; CLOCK_50    ; 0.000        ; 0.055      ; 0.511      ;
; 0.347  ; divisor_frecuencia:INST_DIVISOR|contador_ciclos[25]                  ; divisor_frecuencia:INST_DIVISOR|contador_ciclos[25]                  ; CLOCK_50                                      ; CLOCK_50    ; 0.000        ; 0.055      ; 0.546      ;
; 0.468  ; detector_ocupacion:INST_DETECTOR_OCUPACION|salida_sinc1              ; detector_ocupacion:INST_DETECTOR_OCUPACION|salida_sinc2              ; CLOCK_50                                      ; CLOCK_50    ; 0.000        ; 0.055      ; 0.667      ;
; 0.471  ; divisor_frecuencia:INST_DIVISOR|reloj_1hz_reg                        ; divisor_frecuencia:INST_DIVISOR|reloj_1hz_reg                        ; divisor_frecuencia:INST_DIVISOR|reloj_1hz_reg ; CLOCK_50    ; -0.500       ; 2.237      ; 2.562      ;
; 0.475  ; detector_ocupacion:INST_DETECTOR_OCUPACION|salida_sinc2              ; detector_ocupacion:INST_DETECTOR_OCUPACION|salida_anterior           ; CLOCK_50                                      ; CLOCK_50    ; 0.000        ; 0.055      ; 0.674      ;
; 0.494  ; detector_ocupacion:INST_DETECTOR_OCUPACION|contador_felicitacion[1]  ; detector_ocupacion:INST_DETECTOR_OCUPACION|contador_felicitacion[1]  ; CLOCK_50                                      ; CLOCK_50    ; 0.000        ; 0.054      ; 0.692      ;
; 0.495  ; detector_ocupacion:INST_DETECTOR_OCUPACION|contador_felicitacion[3]  ; detector_ocupacion:INST_DETECTOR_OCUPACION|contador_felicitacion[3]  ; CLOCK_50                                      ; CLOCK_50    ; 0.000        ; 0.054      ; 0.693      ;
; 0.495  ; detector_ocupacion:INST_DETECTOR_OCUPACION|contador_felicitacion[4]  ; detector_ocupacion:INST_DETECTOR_OCUPACION|contador_felicitacion[4]  ; CLOCK_50                                      ; CLOCK_50    ; 0.000        ; 0.054      ; 0.693      ;
; 0.498  ; detector_ocupacion:INST_DETECTOR_OCUPACION|contador_felicitacion[5]  ; detector_ocupacion:INST_DETECTOR_OCUPACION|contador_felicitacion[5]  ; CLOCK_50                                      ; CLOCK_50    ; 0.000        ; 0.054      ; 0.696      ;
; 0.499  ; detector_ocupacion:INST_DETECTOR_OCUPACION|contador_felicitacion[2]  ; detector_ocupacion:INST_DETECTOR_OCUPACION|contador_felicitacion[2]  ; CLOCK_50                                      ; CLOCK_50    ; 0.000        ; 0.054      ; 0.697      ;
; 0.500  ; detector_ocupacion:INST_DETECTOR_OCUPACION|contador_felicitacion[6]  ; detector_ocupacion:INST_DETECTOR_OCUPACION|contador_felicitacion[6]  ; CLOCK_50                                      ; CLOCK_50    ; 0.000        ; 0.054      ; 0.698      ;
; 0.500  ; detector_ocupacion:INST_DETECTOR_OCUPACION|contador_felicitacion[17] ; detector_ocupacion:INST_DETECTOR_OCUPACION|contador_felicitacion[17] ; CLOCK_50                                      ; CLOCK_50    ; 0.000        ; 0.055      ; 0.699      ;
; 0.501  ; detector_ocupacion:INST_DETECTOR_OCUPACION|contador_felicitacion[19] ; detector_ocupacion:INST_DETECTOR_OCUPACION|contador_felicitacion[19] ; CLOCK_50                                      ; CLOCK_50    ; 0.000        ; 0.055      ; 0.700      ;
; 0.501  ; divisor_frecuencia:INST_DIVISOR|contador_ciclos[9]                   ; divisor_frecuencia:INST_DIVISOR|contador_ciclos[9]                   ; CLOCK_50                                      ; CLOCK_50    ; 0.000        ; 0.055      ; 0.700      ;
; 0.501  ; divisor_frecuencia:INST_DIVISOR|contador_ciclos[8]                   ; divisor_frecuencia:INST_DIVISOR|contador_ciclos[8]                   ; CLOCK_50                                      ; CLOCK_50    ; 0.000        ; 0.055      ; 0.700      ;
; 0.502  ; detector_ocupacion:INST_DETECTOR_OCUPACION|contador_felicitacion[20] ; detector_ocupacion:INST_DETECTOR_OCUPACION|contador_felicitacion[20] ; CLOCK_50                                      ; CLOCK_50    ; 0.000        ; 0.055      ; 0.701      ;
; 0.503  ; detector_ocupacion:INST_DETECTOR_OCUPACION|contador_felicitacion[21] ; detector_ocupacion:INST_DETECTOR_OCUPACION|contador_felicitacion[21] ; CLOCK_50                                      ; CLOCK_50    ; 0.000        ; 0.055      ; 0.702      ;
; 0.504  ; detector_ocupacion:INST_DETECTOR_OCUPACION|contador_felicitacion[18] ; detector_ocupacion:INST_DETECTOR_OCUPACION|contador_felicitacion[18] ; CLOCK_50                                      ; CLOCK_50    ; 0.000        ; 0.055      ; 0.703      ;
; 0.504  ; detector_ocupacion:INST_DETECTOR_OCUPACION|contador_felicitacion[23] ; detector_ocupacion:INST_DETECTOR_OCUPACION|contador_felicitacion[23] ; CLOCK_50                                      ; CLOCK_50    ; 0.000        ; 0.055      ; 0.703      ;
; 0.505  ; detector_ocupacion:INST_DETECTOR_OCUPACION|contador_felicitacion[22] ; detector_ocupacion:INST_DETECTOR_OCUPACION|contador_felicitacion[22] ; CLOCK_50                                      ; CLOCK_50    ; 0.000        ; 0.055      ; 0.704      ;
; 0.511  ; detector_ocupacion:INST_DETECTOR_OCUPACION|contador_felicitacion[11] ; detector_ocupacion:INST_DETECTOR_OCUPACION|contador_felicitacion[11] ; CLOCK_50                                      ; CLOCK_50    ; 0.000        ; 0.054      ; 0.709      ;
; 0.511  ; detector_ocupacion:INST_DETECTOR_OCUPACION|contador_felicitacion[13] ; detector_ocupacion:INST_DETECTOR_OCUPACION|contador_felicitacion[13] ; CLOCK_50                                      ; CLOCK_50    ; 0.000        ; 0.054      ; 0.709      ;
; 0.511  ; divisor_frecuencia:INST_DIVISOR|contador_ciclos[10]                  ; divisor_frecuencia:INST_DIVISOR|contador_ciclos[10]                  ; CLOCK_50                                      ; CLOCK_50    ; 0.000        ; 0.055      ; 0.710      ;
; 0.511  ; divisor_frecuencia:INST_DIVISOR|contador_ciclos[3]                   ; divisor_frecuencia:INST_DIVISOR|contador_ciclos[3]                   ; CLOCK_50                                      ; CLOCK_50    ; 0.000        ; 0.055      ; 0.710      ;
; 0.512  ; detector_ocupacion:INST_DETECTOR_OCUPACION|contador_felicitacion[15] ; detector_ocupacion:INST_DETECTOR_OCUPACION|contador_felicitacion[15] ; CLOCK_50                                      ; CLOCK_50    ; 0.000        ; 0.055      ; 0.711      ;
; 0.512  ; detector_ocupacion:INST_DETECTOR_OCUPACION|contador_felicitacion[25] ; detector_ocupacion:INST_DETECTOR_OCUPACION|contador_felicitacion[25] ; CLOCK_50                                      ; CLOCK_50    ; 0.000        ; 0.055      ; 0.711      ;
; 0.512  ; detector_ocupacion:INST_DETECTOR_OCUPACION|contador_felicitacion[27] ; detector_ocupacion:INST_DETECTOR_OCUPACION|contador_felicitacion[27] ; CLOCK_50                                      ; CLOCK_50    ; 0.000        ; 0.055      ; 0.711      ;
; 0.512  ; divisor_frecuencia:INST_DIVISOR|contador_ciclos[2]                   ; divisor_frecuencia:INST_DIVISOR|contador_ciclos[2]                   ; CLOCK_50                                      ; CLOCK_50    ; 0.000        ; 0.055      ; 0.711      ;
; 0.513  ; divisor_frecuencia:INST_DIVISOR|contador_ciclos[15]                  ; divisor_frecuencia:INST_DIVISOR|contador_ciclos[15]                  ; CLOCK_50                                      ; CLOCK_50    ; 0.000        ; 0.055      ; 0.712      ;
; 0.513  ; divisor_frecuencia:INST_DIVISOR|contador_ciclos[1]                   ; divisor_frecuencia:INST_DIVISOR|contador_ciclos[1]                   ; CLOCK_50                                      ; CLOCK_50    ; 0.000        ; 0.055      ; 0.712      ;
; 0.514  ; detector_ocupacion:INST_DETECTOR_OCUPACION|contador_felicitacion[0]  ; detector_ocupacion:INST_DETECTOR_OCUPACION|contador_felicitacion[0]  ; CLOCK_50                                      ; CLOCK_50    ; 0.000        ; 0.054      ; 0.712      ;
; 0.514  ; detector_ocupacion:INST_DETECTOR_OCUPACION|contador_felicitacion[14] ; detector_ocupacion:INST_DETECTOR_OCUPACION|contador_felicitacion[14] ; CLOCK_50                                      ; CLOCK_50    ; 0.000        ; 0.055      ; 0.713      ;
; 0.514  ; divisor_frecuencia:INST_DIVISOR|contador_ciclos[17]                  ; divisor_frecuencia:INST_DIVISOR|contador_ciclos[17]                  ; CLOCK_50                                      ; CLOCK_50    ; 0.000        ; 0.055      ; 0.713      ;
; 0.514  ; divisor_frecuencia:INST_DIVISOR|contador_ciclos[7]                   ; divisor_frecuencia:INST_DIVISOR|contador_ciclos[7]                   ; CLOCK_50                                      ; CLOCK_50    ; 0.000        ; 0.055      ; 0.713      ;
; 0.514  ; divisor_frecuencia:INST_DIVISOR|contador_ciclos[5]                   ; divisor_frecuencia:INST_DIVISOR|contador_ciclos[5]                   ; CLOCK_50                                      ; CLOCK_50    ; 0.000        ; 0.055      ; 0.713      ;
; 0.515  ; detector_ocupacion:INST_DETECTOR_OCUPACION|contador_felicitacion[16] ; detector_ocupacion:INST_DETECTOR_OCUPACION|contador_felicitacion[16] ; CLOCK_50                                      ; CLOCK_50    ; 0.000        ; 0.055      ; 0.714      ;
; 0.515  ; divisor_frecuencia:INST_DIVISOR|contador_ciclos[23]                  ; divisor_frecuencia:INST_DIVISOR|contador_ciclos[23]                  ; CLOCK_50                                      ; CLOCK_50    ; 0.000        ; 0.055      ; 0.714      ;
; 0.516  ; detector_ocupacion:INST_DETECTOR_OCUPACION|contador_felicitacion[12] ; detector_ocupacion:INST_DETECTOR_OCUPACION|contador_felicitacion[12] ; CLOCK_50                                      ; CLOCK_50    ; 0.000        ; 0.054      ; 0.714      ;
; 0.516  ; detector_ocupacion:INST_DETECTOR_OCUPACION|contador_felicitacion[26] ; detector_ocupacion:INST_DETECTOR_OCUPACION|contador_felicitacion[26] ; CLOCK_50                                      ; CLOCK_50    ; 0.000        ; 0.055      ; 0.715      ;
; 0.516  ; divisor_frecuencia:INST_DIVISOR|contador_ciclos[4]                   ; divisor_frecuencia:INST_DIVISOR|contador_ciclos[4]                   ; CLOCK_50                                      ; CLOCK_50    ; 0.000        ; 0.055      ; 0.715      ;
; 0.517  ; detector_ocupacion:INST_DETECTOR_OCUPACION|contador_felicitacion[8]  ; detector_ocupacion:INST_DETECTOR_OCUPACION|contador_felicitacion[8]  ; CLOCK_50                                      ; CLOCK_50    ; 0.000        ; 0.054      ; 0.715      ;
; 0.517  ; detector_ocupacion:INST_DETECTOR_OCUPACION|contador_felicitacion[24] ; detector_ocupacion:INST_DETECTOR_OCUPACION|contador_felicitacion[24] ; CLOCK_50                                      ; CLOCK_50    ; 0.000        ; 0.055      ; 0.716      ;
; 0.526  ; divisor_frecuencia:INST_DIVISOR|contador_ciclos[0]                   ; divisor_frecuencia:INST_DIVISOR|contador_ciclos[0]                   ; CLOCK_50                                      ; CLOCK_50    ; 0.000        ; 0.055      ; 0.725      ;
; 0.595  ; detector_ocupacion:INST_DETECTOR_OCUPACION|entrada_anterior          ; detector_ocupacion:INST_DETECTOR_OCUPACION|contando_felicitacion     ; CLOCK_50                                      ; CLOCK_50    ; 0.000        ; 0.055      ; 0.794      ;
; 0.596  ; detector_ocupacion:INST_DETECTOR_OCUPACION|entrada_anterior          ; detector_ocupacion:INST_DETECTOR_OCUPACION|estado_felicitacion       ; CLOCK_50                                      ; CLOCK_50    ; 0.000        ; 0.055      ; 0.795      ;
; 0.638  ; detector_ocupacion:INST_DETECTOR_OCUPACION|contador_felicitacion[9]  ; detector_ocupacion:INST_DETECTOR_OCUPACION|contador_felicitacion[9]  ; CLOCK_50                                      ; CLOCK_50    ; 0.000        ; 0.054      ; 0.836      ;
; 0.646  ; detector_ocupacion:INST_DETECTOR_OCUPACION|contador_felicitacion[7]  ; detector_ocupacion:INST_DETECTOR_OCUPACION|contador_felicitacion[7]  ; CLOCK_50                                      ; CLOCK_50    ; 0.000        ; 0.054      ; 0.844      ;
; 0.646  ; detector_ocupacion:INST_DETECTOR_OCUPACION|contador_felicitacion[10] ; detector_ocupacion:INST_DETECTOR_OCUPACION|contador_felicitacion[10] ; CLOCK_50                                      ; CLOCK_50    ; 0.000        ; 0.054      ; 0.844      ;
; 0.738  ; detector_ocupacion:INST_DETECTOR_OCUPACION|contador_felicitacion[1]  ; detector_ocupacion:INST_DETECTOR_OCUPACION|contador_felicitacion[2]  ; CLOCK_50                                      ; CLOCK_50    ; 0.000        ; 0.054      ; 0.936      ;
; 0.739  ; detector_ocupacion:INST_DETECTOR_OCUPACION|contador_felicitacion[3]  ; detector_ocupacion:INST_DETECTOR_OCUPACION|contador_felicitacion[4]  ; CLOCK_50                                      ; CLOCK_50    ; 0.000        ; 0.054      ; 0.937      ;
; 0.743  ; detector_ocupacion:INST_DETECTOR_OCUPACION|contador_felicitacion[5]  ; detector_ocupacion:INST_DETECTOR_OCUPACION|contador_felicitacion[6]  ; CLOCK_50                                      ; CLOCK_50    ; 0.000        ; 0.054      ; 0.941      ;
; 0.744  ; detector_ocupacion:INST_DETECTOR_OCUPACION|contador_felicitacion[17] ; detector_ocupacion:INST_DETECTOR_OCUPACION|contador_felicitacion[18] ; CLOCK_50                                      ; CLOCK_50    ; 0.000        ; 0.055      ; 0.943      ;
; 0.744  ; detector_ocupacion:INST_DETECTOR_OCUPACION|contador_felicitacion[4]  ; detector_ocupacion:INST_DETECTOR_OCUPACION|contador_felicitacion[5]  ; CLOCK_50                                      ; CLOCK_50    ; 0.000        ; 0.054      ; 0.942      ;
; 0.745  ; detector_ocupacion:INST_DETECTOR_OCUPACION|contador_felicitacion[19] ; detector_ocupacion:INST_DETECTOR_OCUPACION|contador_felicitacion[20] ; CLOCK_50                                      ; CLOCK_50    ; 0.000        ; 0.055      ; 0.944      ;
; 0.745  ; detector_ocupacion:INST_DETECTOR_OCUPACION|contador_felicitacion[13] ; detector_ocupacion:INST_DETECTOR_OCUPACION|contador_felicitacion[14] ; CLOCK_50                                      ; CLOCK_50    ; 0.000        ; 0.064      ; 0.953      ;
; 0.746  ; divisor_frecuencia:INST_DIVISOR|contador_ciclos[9]                   ; divisor_frecuencia:INST_DIVISOR|contador_ciclos[10]                  ; CLOCK_50                                      ; CLOCK_50    ; 0.000        ; 0.055      ; 0.945      ;
; 0.747  ; detector_ocupacion:INST_DETECTOR_OCUPACION|contador_felicitacion[0]  ; detector_ocupacion:INST_DETECTOR_OCUPACION|contador_felicitacion[1]  ; CLOCK_50                                      ; CLOCK_50    ; 0.000        ; 0.054      ; 0.945      ;
; 0.748  ; detector_ocupacion:INST_DETECTOR_OCUPACION|contador_felicitacion[21] ; detector_ocupacion:INST_DETECTOR_OCUPACION|contador_felicitacion[22] ; CLOCK_50                                      ; CLOCK_50    ; 0.000        ; 0.055      ; 0.947      ;
; 0.748  ; detector_ocupacion:INST_DETECTOR_OCUPACION|contador_felicitacion[2]  ; detector_ocupacion:INST_DETECTOR_OCUPACION|contador_felicitacion[3]  ; CLOCK_50                                      ; CLOCK_50    ; 0.000        ; 0.054      ; 0.946      ;
; 0.749  ; detector_ocupacion:INST_DETECTOR_OCUPACION|contador_felicitacion[23] ; detector_ocupacion:INST_DETECTOR_OCUPACION|contador_felicitacion[24] ; CLOCK_50                                      ; CLOCK_50    ; 0.000        ; 0.055      ; 0.948      ;
; 0.749  ; detector_ocupacion:INST_DETECTOR_OCUPACION|contador_felicitacion[6]  ; detector_ocupacion:INST_DETECTOR_OCUPACION|contador_felicitacion[7]  ; CLOCK_50                                      ; CLOCK_50    ; 0.000        ; 0.054      ; 0.947      ;
; 0.750  ; divisor_frecuencia:INST_DIVISOR|contador_ciclos[8]                   ; divisor_frecuencia:INST_DIVISOR|contador_ciclos[9]                   ; CLOCK_50                                      ; CLOCK_50    ; 0.000        ; 0.055      ; 0.949      ;
; 0.751  ; detector_ocupacion:INST_DETECTOR_OCUPACION|contador_felicitacion[20] ; detector_ocupacion:INST_DETECTOR_OCUPACION|contador_felicitacion[21] ; CLOCK_50                                      ; CLOCK_50    ; 0.000        ; 0.055      ; 0.950      ;
; 0.751  ; detector_ocupacion:INST_DETECTOR_OCUPACION|contador_felicitacion[4]  ; detector_ocupacion:INST_DETECTOR_OCUPACION|contador_felicitacion[6]  ; CLOCK_50                                      ; CLOCK_50    ; 0.000        ; 0.054      ; 0.949      ;
; 0.753  ; detector_ocupacion:INST_DETECTOR_OCUPACION|contador_felicitacion[18] ; detector_ocupacion:INST_DETECTOR_OCUPACION|contador_felicitacion[19] ; CLOCK_50                                      ; CLOCK_50    ; 0.000        ; 0.055      ; 0.952      ;
; 0.754  ; detector_ocupacion:INST_DETECTOR_OCUPACION|contador_felicitacion[22] ; detector_ocupacion:INST_DETECTOR_OCUPACION|contador_felicitacion[23] ; CLOCK_50                                      ; CLOCK_50    ; 0.000        ; 0.055      ; 0.953      ;
; 0.754  ; divisor_frecuencia:INST_DIVISOR|contador_ciclos[6]                   ; divisor_frecuencia:INST_DIVISOR|contador_ciclos[7]                   ; CLOCK_50                                      ; CLOCK_50    ; 0.000        ; 0.055      ; 0.953      ;
; 0.754  ; detector_ocupacion:INST_DETECTOR_OCUPACION|contador_felicitacion[0]  ; detector_ocupacion:INST_DETECTOR_OCUPACION|contador_felicitacion[2]  ; CLOCK_50                                      ; CLOCK_50    ; 0.000        ; 0.054      ; 0.952      ;
; 0.755  ; detector_ocupacion:INST_DETECTOR_OCUPACION|contador_felicitacion[11] ; detector_ocupacion:INST_DETECTOR_OCUPACION|contador_felicitacion[12] ; CLOCK_50                                      ; CLOCK_50    ; 0.000        ; 0.054      ; 0.953      ;
; 0.755  ; divisor_frecuencia:INST_DIVISOR|contador_ciclos[3]                   ; divisor_frecuencia:INST_DIVISOR|contador_ciclos[4]                   ; CLOCK_50                                      ; CLOCK_50    ; 0.000        ; 0.055      ; 0.954      ;
; 0.755  ; detector_ocupacion:INST_DETECTOR_OCUPACION|contador_felicitacion[2]  ; detector_ocupacion:INST_DETECTOR_OCUPACION|contador_felicitacion[4]  ; CLOCK_50                                      ; CLOCK_50    ; 0.000        ; 0.054      ; 0.953      ;
; 0.756  ; detector_ocupacion:INST_DETECTOR_OCUPACION|contador_felicitacion[25] ; detector_ocupacion:INST_DETECTOR_OCUPACION|contador_felicitacion[26] ; CLOCK_50                                      ; CLOCK_50    ; 0.000        ; 0.055      ; 0.955      ;
; 0.756  ; detector_ocupacion:INST_DETECTOR_OCUPACION|contador_felicitacion[6]  ; detector_ocupacion:INST_DETECTOR_OCUPACION|contador_felicitacion[8]  ; CLOCK_50                                      ; CLOCK_50    ; 0.000        ; 0.054      ; 0.954      ;
; 0.757  ; detector_ocupacion:INST_DETECTOR_OCUPACION|contador_felicitacion[15] ; detector_ocupacion:INST_DETECTOR_OCUPACION|contador_felicitacion[16] ; CLOCK_50                                      ; CLOCK_50    ; 0.000        ; 0.055      ; 0.956      ;
; 0.757  ; divisor_frecuencia:INST_DIVISOR|contador_ciclos[8]                   ; divisor_frecuencia:INST_DIVISOR|contador_ciclos[10]                  ; CLOCK_50                                      ; CLOCK_50    ; 0.000        ; 0.055      ; 0.956      ;
; 0.758  ; divisor_frecuencia:INST_DIVISOR|contador_ciclos[1]                   ; divisor_frecuencia:INST_DIVISOR|contador_ciclos[2]                   ; CLOCK_50                                      ; CLOCK_50    ; 0.000        ; 0.055      ; 0.957      ;
; 0.758  ; detector_ocupacion:INST_DETECTOR_OCUPACION|contador_felicitacion[20] ; detector_ocupacion:INST_DETECTOR_OCUPACION|contador_felicitacion[22] ; CLOCK_50                                      ; CLOCK_50    ; 0.000        ; 0.055      ; 0.957      ;
; 0.759  ; divisor_frecuencia:INST_DIVISOR|contador_ciclos[7]                   ; divisor_frecuencia:INST_DIVISOR|contador_ciclos[8]                   ; CLOCK_50                                      ; CLOCK_50    ; 0.000        ; 0.055      ; 0.958      ;
; 0.760  ; divisor_frecuencia:INST_DIVISOR|contador_ciclos[0]                   ; divisor_frecuencia:INST_DIVISOR|contador_ciclos[1]                   ; CLOCK_50                                      ; CLOCK_50    ; 0.000        ; 0.055      ; 0.959      ;
; 0.760  ; detector_ocupacion:INST_DETECTOR_OCUPACION|contador_felicitacion[18] ; detector_ocupacion:INST_DETECTOR_OCUPACION|contador_felicitacion[20] ; CLOCK_50                                      ; CLOCK_50    ; 0.000        ; 0.055      ; 0.959      ;
; 0.761  ; divisor_frecuencia:INST_DIVISOR|contador_ciclos[2]                   ; divisor_frecuencia:INST_DIVISOR|contador_ciclos[3]                   ; CLOCK_50                                      ; CLOCK_50    ; 0.000        ; 0.055      ; 0.960      ;
; 0.761  ; divisor_frecuencia:INST_DIVISOR|contador_ciclos[22]                  ; divisor_frecuencia:INST_DIVISOR|contador_ciclos[23]                  ; CLOCK_50                                      ; CLOCK_50    ; 0.000        ; 0.055      ; 0.960      ;
; 0.761  ; detector_ocupacion:INST_DETECTOR_OCUPACION|contador_felicitacion[22] ; detector_ocupacion:INST_DETECTOR_OCUPACION|contador_felicitacion[24] ; CLOCK_50                                      ; CLOCK_50    ; 0.000        ; 0.055      ; 0.960      ;
; 0.761  ; divisor_frecuencia:INST_DIVISOR|contador_ciclos[6]                   ; divisor_frecuencia:INST_DIVISOR|contador_ciclos[8]                   ; CLOCK_50                                      ; CLOCK_50    ; 0.000        ; 0.055      ; 0.960      ;
; 0.762  ; detector_ocupacion:INST_DETECTOR_OCUPACION|contador_felicitacion[12] ; detector_ocupacion:INST_DETECTOR_OCUPACION|contador_felicitacion[14] ; CLOCK_50                                      ; CLOCK_50    ; 0.000        ; 0.064      ; 0.970      ;
; 0.763  ; detector_ocupacion:INST_DETECTOR_OCUPACION|contador_felicitacion[14] ; detector_ocupacion:INST_DETECTOR_OCUPACION|contador_felicitacion[15] ; CLOCK_50                                      ; CLOCK_50    ; 0.000        ; 0.055      ; 0.962      ;
; 0.764  ; detector_ocupacion:INST_DETECTOR_OCUPACION|contador_felicitacion[16] ; detector_ocupacion:INST_DETECTOR_OCUPACION|contador_felicitacion[17] ; CLOCK_50                                      ; CLOCK_50    ; 0.000        ; 0.055      ; 0.963      ;
; 0.765  ; detector_ocupacion:INST_DETECTOR_OCUPACION|contador_felicitacion[12] ; detector_ocupacion:INST_DETECTOR_OCUPACION|contador_felicitacion[13] ; CLOCK_50                                      ; CLOCK_50    ; 0.000        ; 0.054      ; 0.963      ;
; 0.765  ; detector_ocupacion:INST_DETECTOR_OCUPACION|contador_felicitacion[26] ; detector_ocupacion:INST_DETECTOR_OCUPACION|contador_felicitacion[27] ; CLOCK_50                                      ; CLOCK_50    ; 0.000        ; 0.055      ; 0.964      ;
; 0.765  ; divisor_frecuencia:INST_DIVISOR|contador_ciclos[4]                   ; divisor_frecuencia:INST_DIVISOR|contador_ciclos[5]                   ; CLOCK_50                                      ; CLOCK_50    ; 0.000        ; 0.055      ; 0.964      ;
; 0.766  ; detector_ocupacion:INST_DETECTOR_OCUPACION|contador_felicitacion[24] ; detector_ocupacion:INST_DETECTOR_OCUPACION|contador_felicitacion[25] ; CLOCK_50                                      ; CLOCK_50    ; 0.000        ; 0.055      ; 0.965      ;
; 0.766  ; detector_ocupacion:INST_DETECTOR_OCUPACION|contador_felicitacion[8]  ; detector_ocupacion:INST_DETECTOR_OCUPACION|contador_felicitacion[9]  ; CLOCK_50                                      ; CLOCK_50    ; 0.000        ; 0.054      ; 0.964      ;
; 0.767  ; divisor_frecuencia:INST_DIVISOR|contador_ciclos[0]                   ; divisor_frecuencia:INST_DIVISOR|contador_ciclos[2]                   ; CLOCK_50                                      ; CLOCK_50    ; 0.000        ; 0.055      ; 0.966      ;
; 0.768  ; divisor_frecuencia:INST_DIVISOR|contador_ciclos[2]                   ; divisor_frecuencia:INST_DIVISOR|contador_ciclos[4]                   ; CLOCK_50                                      ; CLOCK_50    ; 0.000        ; 0.055      ; 0.967      ;
; 0.770  ; detector_ocupacion:INST_DETECTOR_OCUPACION|contador_felicitacion[14] ; detector_ocupacion:INST_DETECTOR_OCUPACION|contador_felicitacion[16] ; CLOCK_50                                      ; CLOCK_50    ; 0.000        ; 0.055      ; 0.969      ;
; 0.771  ; detector_ocupacion:INST_DETECTOR_OCUPACION|contador_felicitacion[16] ; detector_ocupacion:INST_DETECTOR_OCUPACION|contador_felicitacion[18] ; CLOCK_50                                      ; CLOCK_50    ; 0.000        ; 0.055      ; 0.970      ;
; 0.773  ; divisor_frecuencia:INST_DIVISOR|contador_ciclos[6]                   ; divisor_frecuencia:INST_DIVISOR|contador_ciclos[6]                   ; CLOCK_50                                      ; CLOCK_50    ; 0.000        ; 0.055      ; 0.972      ;
; 0.773  ; detector_ocupacion:INST_DETECTOR_OCUPACION|contador_felicitacion[8]  ; detector_ocupacion:INST_DETECTOR_OCUPACION|contador_felicitacion[10] ; CLOCK_50                                      ; CLOCK_50    ; 0.000        ; 0.054      ; 0.971      ;
+--------+----------------------------------------------------------------------+----------------------------------------------------------------------+-----------------------------------------------+-------------+--------------+------------+------------+


+----------------------------------------------------------------------------------------------------------------------------------------------------------------------------------------------------------------------------------------------------------------------------------+
; Slow 1200mV 0C Model Hold: 'divisor_frecuencia:INST_DIVISOR|reloj_1hz_reg'                                                                                                                                                                                                       ;
+-------+----------------------------------------------------------------+----------------------------------------------------------------+-----------------------------------------------+-----------------------------------------------+--------------+------------+------------+
; Slack ; From Node                                                      ; To Node                                                        ; Launch Clock                                  ; Latch Clock                                   ; Relationship ; Clock Skew ; Data Delay ;
+-------+----------------------------------------------------------------+----------------------------------------------------------------+-----------------------------------------------+-----------------------------------------------+--------------+------------+------------+
; 0.313 ; contador_tiempo_extra:INST_CONTADOR_EXTRA|contador_unidades[2] ; contador_tiempo_extra:INST_CONTADOR_EXTRA|contador_unidades[2] ; divisor_frecuencia:INST_DIVISOR|reloj_1hz_reg ; divisor_frecuencia:INST_DIVISOR|reloj_1hz_reg ; 0.000        ; 0.054      ; 0.511      ;
; 0.313 ; contador_tiempo_extra:INST_CONTADOR_EXTRA|contador_unidades[3] ; contador_tiempo_extra:INST_CONTADOR_EXTRA|contador_unidades[3] ; divisor_frecuencia:INST_DIVISOR|reloj_1hz_reg ; divisor_frecuencia:INST_DIVISOR|reloj_1hz_reg ; 0.000        ; 0.054      ; 0.511      ;
; 0.313 ; contador_tiempo_extra:INST_CONTADOR_EXTRA|contador_unidades[0] ; contador_tiempo_extra:INST_CONTADOR_EXTRA|contador_unidades[0] ; divisor_frecuencia:INST_DIVISOR|reloj_1hz_reg ; divisor_frecuencia:INST_DIVISOR|reloj_1hz_reg ; 0.000        ; 0.054      ; 0.511      ;
; 0.313 ; contador_tiempo_extra:INST_CONTADOR_EXTRA|contador_unidades[1] ; contador_tiempo_extra:INST_CONTADOR_EXTRA|contador_unidades[1] ; divisor_frecuencia:INST_DIVISOR|reloj_1hz_reg ; divisor_frecuencia:INST_DIVISOR|reloj_1hz_reg ; 0.000        ; 0.054      ; 0.511      ;
; 0.313 ; contador_tiempo_extra:INST_CONTADOR_EXTRA|contador_decenas[3]  ; contador_tiempo_extra:INST_CONTADOR_EXTRA|contador_decenas[3]  ; divisor_frecuencia:INST_DIVISOR|reloj_1hz_reg ; divisor_frecuencia:INST_DIVISOR|reloj_1hz_reg ; 0.000        ; 0.054      ; 0.511      ;
; 0.313 ; contador_tiempo_extra:INST_CONTADOR_EXTRA|contador_decenas[2]  ; contador_tiempo_extra:INST_CONTADOR_EXTRA|contador_decenas[2]  ; divisor_frecuencia:INST_DIVISOR|reloj_1hz_reg ; divisor_frecuencia:INST_DIVISOR|reloj_1hz_reg ; 0.000        ; 0.054      ; 0.511      ;
; 0.313 ; contador_tiempo_extra:INST_CONTADOR_EXTRA|contador_decenas[1]  ; contador_tiempo_extra:INST_CONTADOR_EXTRA|contador_decenas[1]  ; divisor_frecuencia:INST_DIVISOR|reloj_1hz_reg ; divisor_frecuencia:INST_DIVISOR|reloj_1hz_reg ; 0.000        ; 0.054      ; 0.511      ;
; 0.313 ; contador_tiempo_extra:INST_CONTADOR_EXTRA|contador_decenas[0]  ; contador_tiempo_extra:INST_CONTADOR_EXTRA|contador_decenas[0]  ; divisor_frecuencia:INST_DIVISOR|reloj_1hz_reg ; divisor_frecuencia:INST_DIVISOR|reloj_1hz_reg ; 0.000        ; 0.054      ; 0.511      ;
; 0.313 ; contador_35_segundos:INST_CONTADOR_35|fin_conteo_reg           ; contador_35_segundos:INST_CONTADOR_35|fin_conteo_reg           ; divisor_frecuencia:INST_DIVISOR|reloj_1hz_reg ; divisor_frecuencia:INST_DIVISOR|reloj_1hz_reg ; 0.000        ; 0.054      ; 0.511      ;
; 0.313 ; contador_35_segundos:INST_CONTADOR_35|contador_decenas[0]      ; contador_35_segundos:INST_CONTADOR_35|contador_decenas[0]      ; divisor_frecuencia:INST_DIVISOR|reloj_1hz_reg ; divisor_frecuencia:INST_DIVISOR|reloj_1hz_reg ; 0.000        ; 0.054      ; 0.511      ;
; 0.313 ; contador_35_segundos:INST_CONTADOR_35|contador_unidades[1]     ; contador_35_segundos:INST_CONTADOR_35|contador_unidades[1]     ; divisor_frecuencia:INST_DIVISOR|reloj_1hz_reg ; divisor_frecuencia:INST_DIVISOR|reloj_1hz_reg ; 0.000        ; 0.054      ; 0.511      ;
; 0.313 ; contador_35_segundos:INST_CONTADOR_35|contador_unidades[3]     ; contador_35_segundos:INST_CONTADOR_35|contador_unidades[3]     ; divisor_frecuencia:INST_DIVISOR|reloj_1hz_reg ; divisor_frecuencia:INST_DIVISOR|reloj_1hz_reg ; 0.000        ; 0.054      ; 0.511      ;
; 0.313 ; contador_35_segundos:INST_CONTADOR_35|contador_unidades[2]     ; contador_35_segundos:INST_CONTADOR_35|contador_unidades[2]     ; divisor_frecuencia:INST_DIVISOR|reloj_1hz_reg ; divisor_frecuencia:INST_DIVISOR|reloj_1hz_reg ; 0.000        ; 0.054      ; 0.511      ;
; 0.313 ; contador_35_segundos:INST_CONTADOR_35|contador_decenas[1]      ; contador_35_segundos:INST_CONTADOR_35|contador_decenas[1]      ; divisor_frecuencia:INST_DIVISOR|reloj_1hz_reg ; divisor_frecuencia:INST_DIVISOR|reloj_1hz_reg ; 0.000        ; 0.054      ; 0.511      ;
; 0.313 ; contador_35_segundos:INST_CONTADOR_35|contador_unidades[0]     ; contador_35_segundos:INST_CONTADOR_35|contador_unidades[0]     ; divisor_frecuencia:INST_DIVISOR|reloj_1hz_reg ; divisor_frecuencia:INST_DIVISOR|reloj_1hz_reg ; 0.000        ; 0.054      ; 0.511      ;
; 0.341 ; detector_ocupacion:INST_DETECTOR_OCUPACION|estado_ocupado      ; contador_tiempo_extra:INST_CONTADOR_EXTRA|contador_unidades[2] ; CLOCK_50                                      ; divisor_frecuencia:INST_DIVISOR|reloj_1hz_reg ; 0.000        ; 0.387      ; 0.902      ;
; 0.344 ; detector_ocupacion:INST_DETECTOR_OCUPACION|estado_ocupado      ; contador_35_segundos:INST_CONTADOR_35|contador_decenas[0]      ; CLOCK_50                                      ; divisor_frecuencia:INST_DIVISOR|reloj_1hz_reg ; 0.000        ; 0.387      ; 0.905      ;
; 0.346 ; detector_ocupacion:INST_DETECTOR_OCUPACION|estado_ocupado      ; contador_tiempo_extra:INST_CONTADOR_EXTRA|contador_unidades[1] ; CLOCK_50                                      ; divisor_frecuencia:INST_DIVISOR|reloj_1hz_reg ; 0.000        ; 0.387      ; 0.907      ;
; 0.346 ; detector_ocupacion:INST_DETECTOR_OCUPACION|estado_ocupado      ; contador_tiempo_extra:INST_CONTADOR_EXTRA|contador_unidades[3] ; CLOCK_50                                      ; divisor_frecuencia:INST_DIVISOR|reloj_1hz_reg ; 0.000        ; 0.387      ; 0.907      ;
; 0.476 ; detector_ocupacion:INST_DETECTOR_OCUPACION|estado_ocupado      ; contador_tiempo_extra:INST_CONTADOR_EXTRA|contador_decenas[0]  ; CLOCK_50                                      ; divisor_frecuencia:INST_DIVISOR|reloj_1hz_reg ; 0.000        ; 0.395      ; 1.045      ;
; 0.506 ; detector_ocupacion:INST_DETECTOR_OCUPACION|estado_ocupado      ; contador_35_segundos:INST_CONTADOR_35|contador_decenas[1]      ; CLOCK_50                                      ; divisor_frecuencia:INST_DIVISOR|reloj_1hz_reg ; 0.000        ; 0.387      ; 1.067      ;
; 0.522 ; contador_tiempo_extra:INST_CONTADOR_EXTRA|contador_decenas[2]  ; contador_tiempo_extra:INST_CONTADOR_EXTRA|contador_decenas[3]  ; divisor_frecuencia:INST_DIVISOR|reloj_1hz_reg ; divisor_frecuencia:INST_DIVISOR|reloj_1hz_reg ; 0.000        ; 0.054      ; 0.720      ;
; 0.522 ; contador_tiempo_extra:INST_CONTADOR_EXTRA|contador_decenas[1]  ; contador_tiempo_extra:INST_CONTADOR_EXTRA|contador_decenas[2]  ; divisor_frecuencia:INST_DIVISOR|reloj_1hz_reg ; divisor_frecuencia:INST_DIVISOR|reloj_1hz_reg ; 0.000        ; 0.054      ; 0.720      ;
; 0.534 ; detector_ocupacion:INST_DETECTOR_OCUPACION|estado_ocupado      ; contador_35_segundos:INST_CONTADOR_35|contador_unidades[0]     ; CLOCK_50                                      ; divisor_frecuencia:INST_DIVISOR|reloj_1hz_reg ; 0.000        ; 0.387      ; 1.095      ;
; 0.534 ; contador_tiempo_extra:INST_CONTADOR_EXTRA|contador_unidades[0] ; contador_tiempo_extra:INST_CONTADOR_EXTRA|contador_unidades[2] ; divisor_frecuencia:INST_DIVISOR|reloj_1hz_reg ; divisor_frecuencia:INST_DIVISOR|reloj_1hz_reg ; 0.000        ; 0.054      ; 0.732      ;
; 0.537 ; detector_ocupacion:INST_DETECTOR_OCUPACION|estado_ocupado      ; contador_tiempo_extra:INST_CONTADOR_EXTRA|contador_decenas[1]  ; CLOCK_50                                      ; divisor_frecuencia:INST_DIVISOR|reloj_1hz_reg ; 0.000        ; 0.387      ; 1.098      ;
; 0.539 ; detector_ocupacion:INST_DETECTOR_OCUPACION|estado_ocupado      ; contador_tiempo_extra:INST_CONTADOR_EXTRA|contador_decenas[2]  ; CLOCK_50                                      ; divisor_frecuencia:INST_DIVISOR|reloj_1hz_reg ; 0.000        ; 0.387      ; 1.100      ;
; 0.539 ; detector_ocupacion:INST_DETECTOR_OCUPACION|estado_ocupado      ; contador_tiempo_extra:INST_CONTADOR_EXTRA|contador_decenas[3]  ; CLOCK_50                                      ; divisor_frecuencia:INST_DIVISOR|reloj_1hz_reg ; 0.000        ; 0.387      ; 1.100      ;
; 0.546 ; contador_tiempo_extra:INST_CONTADOR_EXTRA|contador_unidades[0] ; contador_tiempo_extra:INST_CONTADOR_EXTRA|contador_unidades[1] ; divisor_frecuencia:INST_DIVISOR|reloj_1hz_reg ; divisor_frecuencia:INST_DIVISOR|reloj_1hz_reg ; 0.000        ; 0.054      ; 0.744      ;
; 0.551 ; contador_35_segundos:INST_CONTADOR_35|contador_unidades[1]     ; contador_35_segundos:INST_CONTADOR_35|contador_unidades[2]     ; divisor_frecuencia:INST_DIVISOR|reloj_1hz_reg ; divisor_frecuencia:INST_DIVISOR|reloj_1hz_reg ; 0.000        ; 0.054      ; 0.749      ;
; 0.649 ; detector_ocupacion:INST_DETECTOR_OCUPACION|estado_ocupado      ; contador_tiempo_extra:INST_CONTADOR_EXTRA|contador_unidades[0] ; CLOCK_50                                      ; divisor_frecuencia:INST_DIVISOR|reloj_1hz_reg ; 0.000        ; 0.387      ; 1.210      ;
; 0.658 ; contador_35_segundos:INST_CONTADOR_35|contador_decenas[0]      ; contador_35_segundos:INST_CONTADOR_35|contador_decenas[1]      ; divisor_frecuencia:INST_DIVISOR|reloj_1hz_reg ; divisor_frecuencia:INST_DIVISOR|reloj_1hz_reg ; 0.000        ; 0.054      ; 0.856      ;
; 0.660 ; contador_35_segundos:INST_CONTADOR_35|contador_decenas[0]      ; contador_35_segundos:INST_CONTADOR_35|contador_unidades[0]     ; divisor_frecuencia:INST_DIVISOR|reloj_1hz_reg ; divisor_frecuencia:INST_DIVISOR|reloj_1hz_reg ; 0.000        ; 0.054      ; 0.858      ;
; 0.726 ; contador_35_segundos:INST_CONTADOR_35|contador_unidades[0]     ; contador_35_segundos:INST_CONTADOR_35|contador_unidades[1]     ; divisor_frecuencia:INST_DIVISOR|reloj_1hz_reg ; divisor_frecuencia:INST_DIVISOR|reloj_1hz_reg ; 0.000        ; 0.054      ; 0.924      ;
; 0.782 ; detector_ocupacion:INST_DETECTOR_OCUPACION|estado_ocupado      ; contador_35_segundos:INST_CONTADOR_35|contador_unidades[3]     ; CLOCK_50                                      ; divisor_frecuencia:INST_DIVISOR|reloj_1hz_reg ; 0.000        ; 0.387      ; 1.343      ;
; 0.784 ; detector_ocupacion:INST_DETECTOR_OCUPACION|estado_ocupado      ; contador_35_segundos:INST_CONTADOR_35|contador_unidades[1]     ; CLOCK_50                                      ; divisor_frecuencia:INST_DIVISOR|reloj_1hz_reg ; 0.000        ; 0.387      ; 1.345      ;
; 0.786 ; detector_ocupacion:INST_DETECTOR_OCUPACION|estado_ocupado      ; contador_35_segundos:INST_CONTADOR_35|contador_unidades[2]     ; CLOCK_50                                      ; divisor_frecuencia:INST_DIVISOR|reloj_1hz_reg ; 0.000        ; 0.387      ; 1.347      ;
; 0.849 ; detector_ocupacion:INST_DETECTOR_OCUPACION|estado_ocupado      ; contador_35_segundos:INST_CONTADOR_35|fin_conteo_reg           ; CLOCK_50                                      ; divisor_frecuencia:INST_DIVISOR|reloj_1hz_reg ; 0.000        ; 0.397      ; 1.420      ;
; 0.865 ; contador_35_segundos:INST_CONTADOR_35|contador_unidades[0]     ; contador_35_segundos:INST_CONTADOR_35|contador_unidades[2]     ; divisor_frecuencia:INST_DIVISOR|reloj_1hz_reg ; divisor_frecuencia:INST_DIVISOR|reloj_1hz_reg ; 0.000        ; 0.054      ; 1.063      ;
; 0.877 ; contador_35_segundos:INST_CONTADOR_35|contador_unidades[3]     ; contador_35_segundos:INST_CONTADOR_35|contador_decenas[0]      ; divisor_frecuencia:INST_DIVISOR|reloj_1hz_reg ; divisor_frecuencia:INST_DIVISOR|reloj_1hz_reg ; 0.000        ; 0.054      ; 1.075      ;
; 0.887 ; contador_tiempo_extra:INST_CONTADOR_EXTRA|contador_decenas[0]  ; contador_tiempo_extra:INST_CONTADOR_EXTRA|contador_decenas[1]  ; divisor_frecuencia:INST_DIVISOR|reloj_1hz_reg ; divisor_frecuencia:INST_DIVISOR|reloj_1hz_reg ; 0.000        ; 0.046      ; 1.077      ;
; 0.889 ; contador_tiempo_extra:INST_CONTADOR_EXTRA|contador_decenas[0]  ; contador_tiempo_extra:INST_CONTADOR_EXTRA|contador_decenas[2]  ; divisor_frecuencia:INST_DIVISOR|reloj_1hz_reg ; divisor_frecuencia:INST_DIVISOR|reloj_1hz_reg ; 0.000        ; 0.046      ; 1.079      ;
; 0.905 ; contador_35_segundos:INST_CONTADOR_35|fin_conteo_reg           ; contador_35_segundos:INST_CONTADOR_35|contador_decenas[0]      ; divisor_frecuencia:INST_DIVISOR|reloj_1hz_reg ; divisor_frecuencia:INST_DIVISOR|reloj_1hz_reg ; 0.000        ; 0.044      ; 1.093      ;
; 0.912 ; contador_tiempo_extra:INST_CONTADOR_EXTRA|contador_unidades[0] ; contador_tiempo_extra:INST_CONTADOR_EXTRA|contador_unidades[3] ; divisor_frecuencia:INST_DIVISOR|reloj_1hz_reg ; divisor_frecuencia:INST_DIVISOR|reloj_1hz_reg ; 0.000        ; 0.054      ; 1.110      ;
; 0.913 ; contador_35_segundos:INST_CONTADOR_35|contador_unidades[3]     ; contador_35_segundos:INST_CONTADOR_35|contador_decenas[1]      ; divisor_frecuencia:INST_DIVISOR|reloj_1hz_reg ; divisor_frecuencia:INST_DIVISOR|reloj_1hz_reg ; 0.000        ; 0.054      ; 1.111      ;
; 0.954 ; contador_35_segundos:INST_CONTADOR_35|contador_unidades[1]     ; contador_35_segundos:INST_CONTADOR_35|contador_unidades[0]     ; divisor_frecuencia:INST_DIVISOR|reloj_1hz_reg ; divisor_frecuencia:INST_DIVISOR|reloj_1hz_reg ; 0.000        ; 0.054      ; 1.152      ;
; 0.956 ; contador_tiempo_extra:INST_CONTADOR_EXTRA|contador_decenas[1]  ; contador_tiempo_extra:INST_CONTADOR_EXTRA|contador_unidades[2] ; divisor_frecuencia:INST_DIVISOR|reloj_1hz_reg ; divisor_frecuencia:INST_DIVISOR|reloj_1hz_reg ; 0.000        ; 0.054      ; 1.154      ;
; 0.960 ; contador_tiempo_extra:INST_CONTADOR_EXTRA|contador_decenas[1]  ; contador_tiempo_extra:INST_CONTADOR_EXTRA|contador_unidades[3] ; divisor_frecuencia:INST_DIVISOR|reloj_1hz_reg ; divisor_frecuencia:INST_DIVISOR|reloj_1hz_reg ; 0.000        ; 0.054      ; 1.158      ;
; 0.960 ; contador_tiempo_extra:INST_CONTADOR_EXTRA|contador_decenas[1]  ; contador_tiempo_extra:INST_CONTADOR_EXTRA|contador_unidades[1] ; divisor_frecuencia:INST_DIVISOR|reloj_1hz_reg ; divisor_frecuencia:INST_DIVISOR|reloj_1hz_reg ; 0.000        ; 0.054      ; 1.158      ;
; 0.971 ; contador_35_segundos:INST_CONTADOR_35|contador_unidades[0]     ; contador_35_segundos:INST_CONTADOR_35|contador_decenas[0]      ; divisor_frecuencia:INST_DIVISOR|reloj_1hz_reg ; divisor_frecuencia:INST_DIVISOR|reloj_1hz_reg ; 0.000        ; 0.054      ; 1.169      ;
; 0.972 ; contador_35_segundos:INST_CONTADOR_35|contador_unidades[2]     ; contador_35_segundos:INST_CONTADOR_35|contador_decenas[0]      ; divisor_frecuencia:INST_DIVISOR|reloj_1hz_reg ; divisor_frecuencia:INST_DIVISOR|reloj_1hz_reg ; 0.000        ; 0.054      ; 1.170      ;
; 0.973 ; contador_35_segundos:INST_CONTADOR_35|contador_decenas[0]      ; contador_35_segundos:INST_CONTADOR_35|contador_unidades[3]     ; divisor_frecuencia:INST_DIVISOR|reloj_1hz_reg ; divisor_frecuencia:INST_DIVISOR|reloj_1hz_reg ; 0.000        ; 0.054      ; 1.171      ;
; 0.975 ; contador_35_segundos:INST_CONTADOR_35|contador_decenas[0]      ; contador_35_segundos:INST_CONTADOR_35|contador_unidades[1]     ; divisor_frecuencia:INST_DIVISOR|reloj_1hz_reg ; divisor_frecuencia:INST_DIVISOR|reloj_1hz_reg ; 0.000        ; 0.054      ; 1.173      ;
; 0.976 ; contador_35_segundos:INST_CONTADOR_35|contador_unidades[1]     ; contador_35_segundos:INST_CONTADOR_35|contador_decenas[0]      ; divisor_frecuencia:INST_DIVISOR|reloj_1hz_reg ; divisor_frecuencia:INST_DIVISOR|reloj_1hz_reg ; 0.000        ; 0.054      ; 1.174      ;
; 0.978 ; contador_35_segundos:INST_CONTADOR_35|contador_decenas[0]      ; contador_35_segundos:INST_CONTADOR_35|contador_unidades[2]     ; divisor_frecuencia:INST_DIVISOR|reloj_1hz_reg ; divisor_frecuencia:INST_DIVISOR|reloj_1hz_reg ; 0.000        ; 0.054      ; 1.176      ;
; 0.993 ; contador_tiempo_extra:INST_CONTADOR_EXTRA|contador_unidades[2] ; contador_tiempo_extra:INST_CONTADOR_EXTRA|contador_unidades[3] ; divisor_frecuencia:INST_DIVISOR|reloj_1hz_reg ; divisor_frecuencia:INST_DIVISOR|reloj_1hz_reg ; 0.000        ; 0.054      ; 1.191      ;
; 0.998 ; contador_tiempo_extra:INST_CONTADOR_EXTRA|contador_unidades[1] ; contador_tiempo_extra:INST_CONTADOR_EXTRA|contador_unidades[3] ; divisor_frecuencia:INST_DIVISOR|reloj_1hz_reg ; divisor_frecuencia:INST_DIVISOR|reloj_1hz_reg ; 0.000        ; 0.054      ; 1.196      ;
; 1.003 ; contador_tiempo_extra:INST_CONTADOR_EXTRA|contador_decenas[3]  ; contador_tiempo_extra:INST_CONTADOR_EXTRA|contador_decenas[0]  ; divisor_frecuencia:INST_DIVISOR|reloj_1hz_reg ; divisor_frecuencia:INST_DIVISOR|reloj_1hz_reg ; 0.000        ; 0.062      ; 1.209      ;
; 1.007 ; contador_35_segundos:INST_CONTADOR_35|contador_unidades[0]     ; contador_35_segundos:INST_CONTADOR_35|contador_decenas[1]      ; divisor_frecuencia:INST_DIVISOR|reloj_1hz_reg ; divisor_frecuencia:INST_DIVISOR|reloj_1hz_reg ; 0.000        ; 0.054      ; 1.205      ;
; 1.023 ; contador_35_segundos:INST_CONTADOR_35|contador_unidades[3]     ; contador_35_segundos:INST_CONTADOR_35|contador_unidades[0]     ; divisor_frecuencia:INST_DIVISOR|reloj_1hz_reg ; divisor_frecuencia:INST_DIVISOR|reloj_1hz_reg ; 0.000        ; 0.054      ; 1.221      ;
; 1.029 ; contador_tiempo_extra:INST_CONTADOR_EXTRA|contador_decenas[0]  ; contador_tiempo_extra:INST_CONTADOR_EXTRA|contador_decenas[3]  ; divisor_frecuencia:INST_DIVISOR|reloj_1hz_reg ; divisor_frecuencia:INST_DIVISOR|reloj_1hz_reg ; 0.000        ; 0.046      ; 1.219      ;
; 1.034 ; contador_35_segundos:INST_CONTADOR_35|contador_unidades[0]     ; contador_35_segundos:INST_CONTADOR_35|contador_unidades[3]     ; divisor_frecuencia:INST_DIVISOR|reloj_1hz_reg ; divisor_frecuencia:INST_DIVISOR|reloj_1hz_reg ; 0.000        ; 0.054      ; 1.232      ;
; 1.058 ; contador_35_segundos:INST_CONTADOR_35|contador_unidades[3]     ; contador_35_segundos:INST_CONTADOR_35|contador_unidades[1]     ; divisor_frecuencia:INST_DIVISOR|reloj_1hz_reg ; divisor_frecuencia:INST_DIVISOR|reloj_1hz_reg ; 0.000        ; 0.054      ; 1.256      ;
; 1.070 ; contador_35_segundos:INST_CONTADOR_35|contador_unidades[2]     ; contador_35_segundos:INST_CONTADOR_35|contador_decenas[1]      ; divisor_frecuencia:INST_DIVISOR|reloj_1hz_reg ; divisor_frecuencia:INST_DIVISOR|reloj_1hz_reg ; 0.000        ; 0.054      ; 1.268      ;
; 1.074 ; contador_35_segundos:INST_CONTADOR_35|contador_unidades[0]     ; contador_35_segundos:INST_CONTADOR_35|fin_conteo_reg           ; divisor_frecuencia:INST_DIVISOR|reloj_1hz_reg ; divisor_frecuencia:INST_DIVISOR|reloj_1hz_reg ; 0.000        ; 0.064      ; 1.282      ;
; 1.074 ; contador_35_segundos:INST_CONTADOR_35|contador_unidades[1]     ; contador_35_segundos:INST_CONTADOR_35|contador_decenas[1]      ; divisor_frecuencia:INST_DIVISOR|reloj_1hz_reg ; divisor_frecuencia:INST_DIVISOR|reloj_1hz_reg ; 0.000        ; 0.054      ; 1.272      ;
; 1.088 ; contador_35_segundos:INST_CONTADOR_35|contador_unidades[2]     ; contador_35_segundos:INST_CONTADOR_35|contador_unidades[3]     ; divisor_frecuencia:INST_DIVISOR|reloj_1hz_reg ; divisor_frecuencia:INST_DIVISOR|reloj_1hz_reg ; 0.000        ; 0.054      ; 1.286      ;
; 1.092 ; contador_35_segundos:INST_CONTADOR_35|contador_unidades[1]     ; contador_35_segundos:INST_CONTADOR_35|contador_unidades[3]     ; divisor_frecuencia:INST_DIVISOR|reloj_1hz_reg ; divisor_frecuencia:INST_DIVISOR|reloj_1hz_reg ; 0.000        ; 0.054      ; 1.290      ;
; 1.101 ; contador_35_segundos:INST_CONTADOR_35|fin_conteo_reg           ; contador_tiempo_extra:INST_CONTADOR_EXTRA|contador_decenas[0]  ; divisor_frecuencia:INST_DIVISOR|reloj_1hz_reg ; divisor_frecuencia:INST_DIVISOR|reloj_1hz_reg ; 0.000        ; 0.052      ; 1.297      ;
; 1.128 ; contador_tiempo_extra:INST_CONTADOR_EXTRA|contador_decenas[2]  ; contador_tiempo_extra:INST_CONTADOR_EXTRA|contador_decenas[0]  ; divisor_frecuencia:INST_DIVISOR|reloj_1hz_reg ; divisor_frecuencia:INST_DIVISOR|reloj_1hz_reg ; 0.000        ; 0.062      ; 1.334      ;
; 1.136 ; contador_35_segundos:INST_CONTADOR_35|fin_conteo_reg           ; contador_35_segundos:INST_CONTADOR_35|contador_decenas[1]      ; divisor_frecuencia:INST_DIVISOR|reloj_1hz_reg ; divisor_frecuencia:INST_DIVISOR|reloj_1hz_reg ; 0.000        ; 0.044      ; 1.324      ;
; 1.152 ; contador_tiempo_extra:INST_CONTADOR_EXTRA|contador_unidades[1] ; contador_tiempo_extra:INST_CONTADOR_EXTRA|contador_unidades[2] ; divisor_frecuencia:INST_DIVISOR|reloj_1hz_reg ; divisor_frecuencia:INST_DIVISOR|reloj_1hz_reg ; 0.000        ; 0.054      ; 1.350      ;
; 1.153 ; contador_35_segundos:INST_CONTADOR_35|contador_unidades[1]     ; contador_35_segundos:INST_CONTADOR_35|fin_conteo_reg           ; divisor_frecuencia:INST_DIVISOR|reloj_1hz_reg ; divisor_frecuencia:INST_DIVISOR|reloj_1hz_reg ; 0.000        ; 0.064      ; 1.361      ;
; 1.161 ; contador_tiempo_extra:INST_CONTADOR_EXTRA|contador_unidades[1] ; contador_tiempo_extra:INST_CONTADOR_EXTRA|contador_decenas[1]  ; divisor_frecuencia:INST_DIVISOR|reloj_1hz_reg ; divisor_frecuencia:INST_DIVISOR|reloj_1hz_reg ; 0.000        ; 0.054      ; 1.359      ;
; 1.161 ; contador_35_segundos:INST_CONTADOR_35|contador_decenas[1]      ; contador_35_segundos:INST_CONTADOR_35|contador_unidades[0]     ; divisor_frecuencia:INST_DIVISOR|reloj_1hz_reg ; divisor_frecuencia:INST_DIVISOR|reloj_1hz_reg ; 0.000        ; 0.054      ; 1.359      ;
; 1.164 ; contador_tiempo_extra:INST_CONTADOR_EXTRA|contador_unidades[1] ; contador_tiempo_extra:INST_CONTADOR_EXTRA|contador_decenas[3]  ; divisor_frecuencia:INST_DIVISOR|reloj_1hz_reg ; divisor_frecuencia:INST_DIVISOR|reloj_1hz_reg ; 0.000        ; 0.054      ; 1.362      ;
; 1.164 ; contador_tiempo_extra:INST_CONTADOR_EXTRA|contador_unidades[1] ; contador_tiempo_extra:INST_CONTADOR_EXTRA|contador_decenas[2]  ; divisor_frecuencia:INST_DIVISOR|reloj_1hz_reg ; divisor_frecuencia:INST_DIVISOR|reloj_1hz_reg ; 0.000        ; 0.054      ; 1.362      ;
; 1.164 ; contador_tiempo_extra:INST_CONTADOR_EXTRA|contador_decenas[3]  ; contador_tiempo_extra:INST_CONTADOR_EXTRA|contador_unidades[0] ; divisor_frecuencia:INST_DIVISOR|reloj_1hz_reg ; divisor_frecuencia:INST_DIVISOR|reloj_1hz_reg ; 0.000        ; 0.054      ; 1.362      ;
; 1.166 ; contador_35_segundos:INST_CONTADOR_35|contador_unidades[2]     ; contador_35_segundos:INST_CONTADOR_35|contador_unidades[1]     ; divisor_frecuencia:INST_DIVISOR|reloj_1hz_reg ; divisor_frecuencia:INST_DIVISOR|reloj_1hz_reg ; 0.000        ; 0.054      ; 1.364      ;
; 1.185 ; contador_tiempo_extra:INST_CONTADOR_EXTRA|contador_decenas[3]  ; contador_tiempo_extra:INST_CONTADOR_EXTRA|contador_unidades[2] ; divisor_frecuencia:INST_DIVISOR|reloj_1hz_reg ; divisor_frecuencia:INST_DIVISOR|reloj_1hz_reg ; 0.000        ; 0.054      ; 1.383      ;
; 1.189 ; contador_tiempo_extra:INST_CONTADOR_EXTRA|contador_decenas[0]  ; contador_tiempo_extra:INST_CONTADOR_EXTRA|contador_unidades[0] ; divisor_frecuencia:INST_DIVISOR|reloj_1hz_reg ; divisor_frecuencia:INST_DIVISOR|reloj_1hz_reg ; 0.000        ; 0.046      ; 1.379      ;
; 1.190 ; contador_tiempo_extra:INST_CONTADOR_EXTRA|contador_decenas[3]  ; contador_tiempo_extra:INST_CONTADOR_EXTRA|contador_unidades[3] ; divisor_frecuencia:INST_DIVISOR|reloj_1hz_reg ; divisor_frecuencia:INST_DIVISOR|reloj_1hz_reg ; 0.000        ; 0.054      ; 1.388      ;
; 1.190 ; contador_tiempo_extra:INST_CONTADOR_EXTRA|contador_decenas[3]  ; contador_tiempo_extra:INST_CONTADOR_EXTRA|contador_unidades[1] ; divisor_frecuencia:INST_DIVISOR|reloj_1hz_reg ; divisor_frecuencia:INST_DIVISOR|reloj_1hz_reg ; 0.000        ; 0.054      ; 1.388      ;
; 1.195 ; contador_tiempo_extra:INST_CONTADOR_EXTRA|contador_decenas[2]  ; contador_tiempo_extra:INST_CONTADOR_EXTRA|contador_unidades[2] ; divisor_frecuencia:INST_DIVISOR|reloj_1hz_reg ; divisor_frecuencia:INST_DIVISOR|reloj_1hz_reg ; 0.000        ; 0.054      ; 1.393      ;
; 1.195 ; contador_35_segundos:INST_CONTADOR_35|contador_unidades[2]     ; contador_35_segundos:INST_CONTADOR_35|contador_unidades[0]     ; divisor_frecuencia:INST_DIVISOR|reloj_1hz_reg ; divisor_frecuencia:INST_DIVISOR|reloj_1hz_reg ; 0.000        ; 0.054      ; 1.393      ;
; 1.199 ; contador_tiempo_extra:INST_CONTADOR_EXTRA|contador_decenas[2]  ; contador_tiempo_extra:INST_CONTADOR_EXTRA|contador_unidades[3] ; divisor_frecuencia:INST_DIVISOR|reloj_1hz_reg ; divisor_frecuencia:INST_DIVISOR|reloj_1hz_reg ; 0.000        ; 0.054      ; 1.397      ;
; 1.199 ; contador_tiempo_extra:INST_CONTADOR_EXTRA|contador_decenas[2]  ; contador_tiempo_extra:INST_CONTADOR_EXTRA|contador_unidades[1] ; divisor_frecuencia:INST_DIVISOR|reloj_1hz_reg ; divisor_frecuencia:INST_DIVISOR|reloj_1hz_reg ; 0.000        ; 0.054      ; 1.397      ;
; 1.202 ; contador_35_segundos:INST_CONTADOR_35|fin_conteo_reg           ; contador_35_segundos:INST_CONTADOR_35|contador_unidades[0]     ; divisor_frecuencia:INST_DIVISOR|reloj_1hz_reg ; divisor_frecuencia:INST_DIVISOR|reloj_1hz_reg ; 0.000        ; 0.044      ; 1.390      ;
; 1.208 ; contador_35_segundos:INST_CONTADOR_35|fin_conteo_reg           ; contador_tiempo_extra:INST_CONTADOR_EXTRA|contador_decenas[1]  ; divisor_frecuencia:INST_DIVISOR|reloj_1hz_reg ; divisor_frecuencia:INST_DIVISOR|reloj_1hz_reg ; 0.000        ; 0.044      ; 1.396      ;
; 1.210 ; contador_35_segundos:INST_CONTADOR_35|fin_conteo_reg           ; contador_tiempo_extra:INST_CONTADOR_EXTRA|contador_decenas[3]  ; divisor_frecuencia:INST_DIVISOR|reloj_1hz_reg ; divisor_frecuencia:INST_DIVISOR|reloj_1hz_reg ; 0.000        ; 0.044      ; 1.398      ;
; 1.210 ; contador_35_segundos:INST_CONTADOR_35|fin_conteo_reg           ; contador_tiempo_extra:INST_CONTADOR_EXTRA|contador_decenas[2]  ; divisor_frecuencia:INST_DIVISOR|reloj_1hz_reg ; divisor_frecuencia:INST_DIVISOR|reloj_1hz_reg ; 0.000        ; 0.044      ; 1.398      ;
; 1.222 ; contador_35_segundos:INST_CONTADOR_35|contador_unidades[3]     ; contador_35_segundos:INST_CONTADOR_35|fin_conteo_reg           ; divisor_frecuencia:INST_DIVISOR|reloj_1hz_reg ; divisor_frecuencia:INST_DIVISOR|reloj_1hz_reg ; 0.000        ; 0.064      ; 1.430      ;
; 1.228 ; contador_tiempo_extra:INST_CONTADOR_EXTRA|contador_unidades[0] ; contador_tiempo_extra:INST_CONTADOR_EXTRA|contador_decenas[1]  ; divisor_frecuencia:INST_DIVISOR|reloj_1hz_reg ; divisor_frecuencia:INST_DIVISOR|reloj_1hz_reg ; 0.000        ; 0.054      ; 1.426      ;
; 1.230 ; contador_tiempo_extra:INST_CONTADOR_EXTRA|contador_decenas[1]  ; contador_tiempo_extra:INST_CONTADOR_EXTRA|contador_decenas[0]  ; divisor_frecuencia:INST_DIVISOR|reloj_1hz_reg ; divisor_frecuencia:INST_DIVISOR|reloj_1hz_reg ; 0.000        ; 0.062      ; 1.436      ;
; 1.230 ; contador_tiempo_extra:INST_CONTADOR_EXTRA|contador_unidades[0] ; contador_tiempo_extra:INST_CONTADOR_EXTRA|contador_decenas[3]  ; divisor_frecuencia:INST_DIVISOR|reloj_1hz_reg ; divisor_frecuencia:INST_DIVISOR|reloj_1hz_reg ; 0.000        ; 0.054      ; 1.428      ;
; 1.230 ; contador_tiempo_extra:INST_CONTADOR_EXTRA|contador_unidades[0] ; contador_tiempo_extra:INST_CONTADOR_EXTRA|contador_decenas[2]  ; divisor_frecuencia:INST_DIVISOR|reloj_1hz_reg ; divisor_frecuencia:INST_DIVISOR|reloj_1hz_reg ; 0.000        ; 0.054      ; 1.428      ;
; 1.234 ; contador_35_segundos:INST_CONTADOR_35|contador_unidades[3]     ; contador_35_segundos:INST_CONTADOR_35|contador_unidades[2]     ; divisor_frecuencia:INST_DIVISOR|reloj_1hz_reg ; divisor_frecuencia:INST_DIVISOR|reloj_1hz_reg ; 0.000        ; 0.054      ; 1.432      ;
; 1.271 ; contador_tiempo_extra:INST_CONTADOR_EXTRA|contador_decenas[1]  ; contador_tiempo_extra:INST_CONTADOR_EXTRA|contador_decenas[3]  ; divisor_frecuencia:INST_DIVISOR|reloj_1hz_reg ; divisor_frecuencia:INST_DIVISOR|reloj_1hz_reg ; 0.000        ; 0.054      ; 1.469      ;
; 1.274 ; contador_35_segundos:INST_CONTADOR_35|fin_conteo_reg           ; contador_tiempo_extra:INST_CONTADOR_EXTRA|contador_unidades[0] ; divisor_frecuencia:INST_DIVISOR|reloj_1hz_reg ; divisor_frecuencia:INST_DIVISOR|reloj_1hz_reg ; 0.000        ; 0.044      ; 1.462      ;
; 1.281 ; contador_tiempo_extra:INST_CONTADOR_EXTRA|contador_decenas[3]  ; contador_tiempo_extra:INST_CONTADOR_EXTRA|contador_decenas[1]  ; divisor_frecuencia:INST_DIVISOR|reloj_1hz_reg ; divisor_frecuencia:INST_DIVISOR|reloj_1hz_reg ; 0.000        ; 0.054      ; 1.479      ;
+-------+----------------------------------------------------------------+----------------------------------------------------------------+-----------------------------------------------+-----------------------------------------------+--------------+------------+------------+


+--------------------------------------------------------------------------------------------------------------------------------------------------------------------------------------------------------------------------------------------------+
; Slow 1200mV 0C Model Recovery: 'divisor_frecuencia:INST_DIVISOR|reloj_1hz_reg'                                                                                                                                                                   ;
+--------+----------------------------------------------------------------+----------------------------------------------------------------+--------------+-----------------------------------------------+--------------+------------+------------+
; Slack  ; From Node                                                      ; To Node                                                        ; Launch Clock ; Latch Clock                                   ; Relationship ; Clock Skew ; Data Delay ;
+--------+----------------------------------------------------------------+----------------------------------------------------------------+--------------+-----------------------------------------------+--------------+------------+------------+
; -0.509 ; detector_ocupacion:INST_DETECTOR_OCUPACION|reinicio_contadores ; contador_35_segundos:INST_CONTADOR_35|fin_conteo_reg           ; CLOCK_50     ; divisor_frecuencia:INST_DIVISOR|reloj_1hz_reg ; 1.000        ; 0.206      ; 1.700      ;
; -0.328 ; detector_ocupacion:INST_DETECTOR_OCUPACION|reinicio_contadores ; contador_35_segundos:INST_CONTADOR_35|contador_unidades[2]     ; CLOCK_50     ; divisor_frecuencia:INST_DIVISOR|reloj_1hz_reg ; 1.000        ; 0.196      ; 1.509      ;
; -0.328 ; detector_ocupacion:INST_DETECTOR_OCUPACION|reinicio_contadores ; contador_35_segundos:INST_CONTADOR_35|contador_unidades[3]     ; CLOCK_50     ; divisor_frecuencia:INST_DIVISOR|reloj_1hz_reg ; 1.000        ; 0.196      ; 1.509      ;
; -0.328 ; detector_ocupacion:INST_DETECTOR_OCUPACION|reinicio_contadores ; contador_35_segundos:INST_CONTADOR_35|contador_unidades[1]     ; CLOCK_50     ; divisor_frecuencia:INST_DIVISOR|reloj_1hz_reg ; 1.000        ; 0.196      ; 1.509      ;
; -0.328 ; detector_ocupacion:INST_DETECTOR_OCUPACION|reinicio_contadores ; contador_35_segundos:INST_CONTADOR_35|contador_decenas[1]      ; CLOCK_50     ; divisor_frecuencia:INST_DIVISOR|reloj_1hz_reg ; 1.000        ; 0.196      ; 1.509      ;
; -0.311 ; detector_ocupacion:INST_DETECTOR_OCUPACION|reinicio_contadores ; contador_tiempo_extra:INST_CONTADOR_EXTRA|contador_decenas[0]  ; CLOCK_50     ; divisor_frecuencia:INST_DIVISOR|reloj_1hz_reg ; 1.000        ; 0.204      ; 1.500      ;
; -0.136 ; detector_ocupacion:INST_DETECTOR_OCUPACION|reinicio_contadores ; contador_35_segundos:INST_CONTADOR_35|contador_decenas[0]      ; CLOCK_50     ; divisor_frecuencia:INST_DIVISOR|reloj_1hz_reg ; 1.000        ; 0.196      ; 1.317      ;
; -0.136 ; detector_ocupacion:INST_DETECTOR_OCUPACION|reinicio_contadores ; contador_35_segundos:INST_CONTADOR_35|contador_unidades[0]     ; CLOCK_50     ; divisor_frecuencia:INST_DIVISOR|reloj_1hz_reg ; 1.000        ; 0.196      ; 1.317      ;
; -0.136 ; detector_ocupacion:INST_DETECTOR_OCUPACION|reinicio_contadores ; contador_tiempo_extra:INST_CONTADOR_EXTRA|contador_decenas[1]  ; CLOCK_50     ; divisor_frecuencia:INST_DIVISOR|reloj_1hz_reg ; 1.000        ; 0.196      ; 1.317      ;
; -0.136 ; detector_ocupacion:INST_DETECTOR_OCUPACION|reinicio_contadores ; contador_tiempo_extra:INST_CONTADOR_EXTRA|contador_decenas[2]  ; CLOCK_50     ; divisor_frecuencia:INST_DIVISOR|reloj_1hz_reg ; 1.000        ; 0.196      ; 1.317      ;
; -0.136 ; detector_ocupacion:INST_DETECTOR_OCUPACION|reinicio_contadores ; contador_tiempo_extra:INST_CONTADOR_EXTRA|contador_decenas[3]  ; CLOCK_50     ; divisor_frecuencia:INST_DIVISOR|reloj_1hz_reg ; 1.000        ; 0.196      ; 1.317      ;
; -0.136 ; detector_ocupacion:INST_DETECTOR_OCUPACION|reinicio_contadores ; contador_tiempo_extra:INST_CONTADOR_EXTRA|contador_unidades[1] ; CLOCK_50     ; divisor_frecuencia:INST_DIVISOR|reloj_1hz_reg ; 1.000        ; 0.196      ; 1.317      ;
; -0.136 ; detector_ocupacion:INST_DETECTOR_OCUPACION|reinicio_contadores ; contador_tiempo_extra:INST_CONTADOR_EXTRA|contador_unidades[2] ; CLOCK_50     ; divisor_frecuencia:INST_DIVISOR|reloj_1hz_reg ; 1.000        ; 0.196      ; 1.317      ;
; -0.136 ; detector_ocupacion:INST_DETECTOR_OCUPACION|reinicio_contadores ; contador_tiempo_extra:INST_CONTADOR_EXTRA|contador_unidades[3] ; CLOCK_50     ; divisor_frecuencia:INST_DIVISOR|reloj_1hz_reg ; 1.000        ; 0.196      ; 1.317      ;
; -0.136 ; detector_ocupacion:INST_DETECTOR_OCUPACION|reinicio_contadores ; contador_tiempo_extra:INST_CONTADOR_EXTRA|contador_unidades[0] ; CLOCK_50     ; divisor_frecuencia:INST_DIVISOR|reloj_1hz_reg ; 1.000        ; 0.196      ; 1.317      ;
+--------+----------------------------------------------------------------+----------------------------------------------------------------+--------------+-----------------------------------------------+--------------+------------+------------+


+-------------------------------------------------------------------------------------------------------------------------------------------------------------------------------------------------------------------------------------------------+
; Slow 1200mV 0C Model Removal: 'divisor_frecuencia:INST_DIVISOR|reloj_1hz_reg'                                                                                                                                                                   ;
+-------+----------------------------------------------------------------+----------------------------------------------------------------+--------------+-----------------------------------------------+--------------+------------+------------+
; Slack ; From Node                                                      ; To Node                                                        ; Launch Clock ; Latch Clock                                   ; Relationship ; Clock Skew ; Data Delay ;
+-------+----------------------------------------------------------------+----------------------------------------------------------------+--------------+-----------------------------------------------+--------------+------------+------------+
; 0.667 ; detector_ocupacion:INST_DETECTOR_OCUPACION|reinicio_contadores ; contador_35_segundos:INST_CONTADOR_35|contador_decenas[0]      ; CLOCK_50     ; divisor_frecuencia:INST_DIVISOR|reloj_1hz_reg ; 0.000        ; 0.387      ; 1.228      ;
; 0.667 ; detector_ocupacion:INST_DETECTOR_OCUPACION|reinicio_contadores ; contador_35_segundos:INST_CONTADOR_35|contador_unidades[0]     ; CLOCK_50     ; divisor_frecuencia:INST_DIVISOR|reloj_1hz_reg ; 0.000        ; 0.387      ; 1.228      ;
; 0.667 ; detector_ocupacion:INST_DETECTOR_OCUPACION|reinicio_contadores ; contador_tiempo_extra:INST_CONTADOR_EXTRA|contador_decenas[1]  ; CLOCK_50     ; divisor_frecuencia:INST_DIVISOR|reloj_1hz_reg ; 0.000        ; 0.387      ; 1.228      ;
; 0.667 ; detector_ocupacion:INST_DETECTOR_OCUPACION|reinicio_contadores ; contador_tiempo_extra:INST_CONTADOR_EXTRA|contador_decenas[2]  ; CLOCK_50     ; divisor_frecuencia:INST_DIVISOR|reloj_1hz_reg ; 0.000        ; 0.387      ; 1.228      ;
; 0.667 ; detector_ocupacion:INST_DETECTOR_OCUPACION|reinicio_contadores ; contador_tiempo_extra:INST_CONTADOR_EXTRA|contador_decenas[3]  ; CLOCK_50     ; divisor_frecuencia:INST_DIVISOR|reloj_1hz_reg ; 0.000        ; 0.387      ; 1.228      ;
; 0.667 ; detector_ocupacion:INST_DETECTOR_OCUPACION|reinicio_contadores ; contador_tiempo_extra:INST_CONTADOR_EXTRA|contador_unidades[1] ; CLOCK_50     ; divisor_frecuencia:INST_DIVISOR|reloj_1hz_reg ; 0.000        ; 0.387      ; 1.228      ;
; 0.667 ; detector_ocupacion:INST_DETECTOR_OCUPACION|reinicio_contadores ; contador_tiempo_extra:INST_CONTADOR_EXTRA|contador_unidades[2] ; CLOCK_50     ; divisor_frecuencia:INST_DIVISOR|reloj_1hz_reg ; 0.000        ; 0.387      ; 1.228      ;
; 0.667 ; detector_ocupacion:INST_DETECTOR_OCUPACION|reinicio_contadores ; contador_tiempo_extra:INST_CONTADOR_EXTRA|contador_unidades[3] ; CLOCK_50     ; divisor_frecuencia:INST_DIVISOR|reloj_1hz_reg ; 0.000        ; 0.387      ; 1.228      ;
; 0.667 ; detector_ocupacion:INST_DETECTOR_OCUPACION|reinicio_contadores ; contador_tiempo_extra:INST_CONTADOR_EXTRA|contador_unidades[0] ; CLOCK_50     ; divisor_frecuencia:INST_DIVISOR|reloj_1hz_reg ; 0.000        ; 0.387      ; 1.228      ;
; 0.842 ; detector_ocupacion:INST_DETECTOR_OCUPACION|reinicio_contadores ; contador_tiempo_extra:INST_CONTADOR_EXTRA|contador_decenas[0]  ; CLOCK_50     ; divisor_frecuencia:INST_DIVISOR|reloj_1hz_reg ; 0.000        ; 0.395      ; 1.411      ;
; 0.850 ; detector_ocupacion:INST_DETECTOR_OCUPACION|reinicio_contadores ; contador_35_segundos:INST_CONTADOR_35|contador_unidades[2]     ; CLOCK_50     ; divisor_frecuencia:INST_DIVISOR|reloj_1hz_reg ; 0.000        ; 0.387      ; 1.411      ;
; 0.850 ; detector_ocupacion:INST_DETECTOR_OCUPACION|reinicio_contadores ; contador_35_segundos:INST_CONTADOR_35|contador_unidades[3]     ; CLOCK_50     ; divisor_frecuencia:INST_DIVISOR|reloj_1hz_reg ; 0.000        ; 0.387      ; 1.411      ;
; 0.850 ; detector_ocupacion:INST_DETECTOR_OCUPACION|reinicio_contadores ; contador_35_segundos:INST_CONTADOR_35|contador_unidades[1]     ; CLOCK_50     ; divisor_frecuencia:INST_DIVISOR|reloj_1hz_reg ; 0.000        ; 0.387      ; 1.411      ;
; 0.850 ; detector_ocupacion:INST_DETECTOR_OCUPACION|reinicio_contadores ; contador_35_segundos:INST_CONTADOR_35|contador_decenas[1]      ; CLOCK_50     ; divisor_frecuencia:INST_DIVISOR|reloj_1hz_reg ; 0.000        ; 0.387      ; 1.411      ;
; 1.038 ; detector_ocupacion:INST_DETECTOR_OCUPACION|reinicio_contadores ; contador_35_segundos:INST_CONTADOR_35|fin_conteo_reg           ; CLOCK_50     ; divisor_frecuencia:INST_DIVISOR|reloj_1hz_reg ; 0.000        ; 0.397      ; 1.609      ;
+-------+----------------------------------------------------------------+----------------------------------------------------------------+--------------+-----------------------------------------------+--------------+------------+------------+


+---------------------------------------------------------------------------------------------------------------------------------------------------------+
; Slow 1200mV 0C Model Minimum Pulse Width: 'CLOCK_50'                                                                                                    ;
+--------+--------------+----------------+-----------------+----------+------------+----------------------------------------------------------------------+
; Slack  ; Actual Width ; Required Width ; Type            ; Clock    ; Clock Edge ; Target                                                               ;
+--------+--------------+----------------+-----------------+----------+------------+----------------------------------------------------------------------+
; -3.000 ; 1.000        ; 4.000          ; Port Rate       ; CLOCK_50 ; Rise       ; CLOCK_50                                                             ;
; -1.000 ; 1.000        ; 2.000          ; Min Period      ; CLOCK_50 ; Rise       ; detector_ocupacion:INST_DETECTOR_OCUPACION|contador_felicitacion[0]  ;
; -1.000 ; 1.000        ; 2.000          ; Min Period      ; CLOCK_50 ; Rise       ; detector_ocupacion:INST_DETECTOR_OCUPACION|contador_felicitacion[10] ;
; -1.000 ; 1.000        ; 2.000          ; Min Period      ; CLOCK_50 ; Rise       ; detector_ocupacion:INST_DETECTOR_OCUPACION|contador_felicitacion[11] ;
; -1.000 ; 1.000        ; 2.000          ; Min Period      ; CLOCK_50 ; Rise       ; detector_ocupacion:INST_DETECTOR_OCUPACION|contador_felicitacion[12] ;
; -1.000 ; 1.000        ; 2.000          ; Min Period      ; CLOCK_50 ; Rise       ; detector_ocupacion:INST_DETECTOR_OCUPACION|contador_felicitacion[13] ;
; -1.000 ; 1.000        ; 2.000          ; Min Period      ; CLOCK_50 ; Rise       ; detector_ocupacion:INST_DETECTOR_OCUPACION|contador_felicitacion[14] ;
; -1.000 ; 1.000        ; 2.000          ; Min Period      ; CLOCK_50 ; Rise       ; detector_ocupacion:INST_DETECTOR_OCUPACION|contador_felicitacion[15] ;
; -1.000 ; 1.000        ; 2.000          ; Min Period      ; CLOCK_50 ; Rise       ; detector_ocupacion:INST_DETECTOR_OCUPACION|contador_felicitacion[16] ;
; -1.000 ; 1.000        ; 2.000          ; Min Period      ; CLOCK_50 ; Rise       ; detector_ocupacion:INST_DETECTOR_OCUPACION|contador_felicitacion[17] ;
; -1.000 ; 1.000        ; 2.000          ; Min Period      ; CLOCK_50 ; Rise       ; detector_ocupacion:INST_DETECTOR_OCUPACION|contador_felicitacion[18] ;
; -1.000 ; 1.000        ; 2.000          ; Min Period      ; CLOCK_50 ; Rise       ; detector_ocupacion:INST_DETECTOR_OCUPACION|contador_felicitacion[19] ;
; -1.000 ; 1.000        ; 2.000          ; Min Period      ; CLOCK_50 ; Rise       ; detector_ocupacion:INST_DETECTOR_OCUPACION|contador_felicitacion[1]  ;
; -1.000 ; 1.000        ; 2.000          ; Min Period      ; CLOCK_50 ; Rise       ; detector_ocupacion:INST_DETECTOR_OCUPACION|contador_felicitacion[20] ;
; -1.000 ; 1.000        ; 2.000          ; Min Period      ; CLOCK_50 ; Rise       ; detector_ocupacion:INST_DETECTOR_OCUPACION|contador_felicitacion[21] ;
; -1.000 ; 1.000        ; 2.000          ; Min Period      ; CLOCK_50 ; Rise       ; detector_ocupacion:INST_DETECTOR_OCUPACION|contador_felicitacion[22] ;
; -1.000 ; 1.000        ; 2.000          ; Min Period      ; CLOCK_50 ; Rise       ; detector_ocupacion:INST_DETECTOR_OCUPACION|contador_felicitacion[23] ;
; -1.000 ; 1.000        ; 2.000          ; Min Period      ; CLOCK_50 ; Rise       ; detector_ocupacion:INST_DETECTOR_OCUPACION|contador_felicitacion[24] ;
; -1.000 ; 1.000        ; 2.000          ; Min Period      ; CLOCK_50 ; Rise       ; detector_ocupacion:INST_DETECTOR_OCUPACION|contador_felicitacion[25] ;
; -1.000 ; 1.000        ; 2.000          ; Min Period      ; CLOCK_50 ; Rise       ; detector_ocupacion:INST_DETECTOR_OCUPACION|contador_felicitacion[26] ;
; -1.000 ; 1.000        ; 2.000          ; Min Period      ; CLOCK_50 ; Rise       ; detector_ocupacion:INST_DETECTOR_OCUPACION|contador_felicitacion[27] ;
; -1.000 ; 1.000        ; 2.000          ; Min Period      ; CLOCK_50 ; Rise       ; detector_ocupacion:INST_DETECTOR_OCUPACION|contador_felicitacion[2]  ;
; -1.000 ; 1.000        ; 2.000          ; Min Period      ; CLOCK_50 ; Rise       ; detector_ocupacion:INST_DETECTOR_OCUPACION|contador_felicitacion[3]  ;
; -1.000 ; 1.000        ; 2.000          ; Min Period      ; CLOCK_50 ; Rise       ; detector_ocupacion:INST_DETECTOR_OCUPACION|contador_felicitacion[4]  ;
; -1.000 ; 1.000        ; 2.000          ; Min Period      ; CLOCK_50 ; Rise       ; detector_ocupacion:INST_DETECTOR_OCUPACION|contador_felicitacion[5]  ;
; -1.000 ; 1.000        ; 2.000          ; Min Period      ; CLOCK_50 ; Rise       ; detector_ocupacion:INST_DETECTOR_OCUPACION|contador_felicitacion[6]  ;
; -1.000 ; 1.000        ; 2.000          ; Min Period      ; CLOCK_50 ; Rise       ; detector_ocupacion:INST_DETECTOR_OCUPACION|contador_felicitacion[7]  ;
; -1.000 ; 1.000        ; 2.000          ; Min Period      ; CLOCK_50 ; Rise       ; detector_ocupacion:INST_DETECTOR_OCUPACION|contador_felicitacion[8]  ;
; -1.000 ; 1.000        ; 2.000          ; Min Period      ; CLOCK_50 ; Rise       ; detector_ocupacion:INST_DETECTOR_OCUPACION|contador_felicitacion[9]  ;
; -1.000 ; 1.000        ; 2.000          ; Min Period      ; CLOCK_50 ; Rise       ; detector_ocupacion:INST_DETECTOR_OCUPACION|contando_felicitacion     ;
; -1.000 ; 1.000        ; 2.000          ; Min Period      ; CLOCK_50 ; Rise       ; detector_ocupacion:INST_DETECTOR_OCUPACION|entrada_anterior          ;
; -1.000 ; 1.000        ; 2.000          ; Min Period      ; CLOCK_50 ; Rise       ; detector_ocupacion:INST_DETECTOR_OCUPACION|entrada_sinc1             ;
; -1.000 ; 1.000        ; 2.000          ; Min Period      ; CLOCK_50 ; Rise       ; detector_ocupacion:INST_DETECTOR_OCUPACION|entrada_sinc2             ;
; -1.000 ; 1.000        ; 2.000          ; Min Period      ; CLOCK_50 ; Rise       ; detector_ocupacion:INST_DETECTOR_OCUPACION|estado_felicitacion       ;
; -1.000 ; 1.000        ; 2.000          ; Min Period      ; CLOCK_50 ; Rise       ; detector_ocupacion:INST_DETECTOR_OCUPACION|estado_ocupado            ;
; -1.000 ; 1.000        ; 2.000          ; Min Period      ; CLOCK_50 ; Rise       ; detector_ocupacion:INST_DETECTOR_OCUPACION|reinicio_contadores       ;
; -1.000 ; 1.000        ; 2.000          ; Min Period      ; CLOCK_50 ; Rise       ; detector_ocupacion:INST_DETECTOR_OCUPACION|salida_anterior           ;
; -1.000 ; 1.000        ; 2.000          ; Min Period      ; CLOCK_50 ; Rise       ; detector_ocupacion:INST_DETECTOR_OCUPACION|salida_sinc1              ;
; -1.000 ; 1.000        ; 2.000          ; Min Period      ; CLOCK_50 ; Rise       ; detector_ocupacion:INST_DETECTOR_OCUPACION|salida_sinc2              ;
; -1.000 ; 1.000        ; 2.000          ; Min Period      ; CLOCK_50 ; Rise       ; divisor_frecuencia:INST_DIVISOR|contador_ciclos[0]                   ;
; -1.000 ; 1.000        ; 2.000          ; Min Period      ; CLOCK_50 ; Rise       ; divisor_frecuencia:INST_DIVISOR|contador_ciclos[10]                  ;
; -1.000 ; 1.000        ; 2.000          ; Min Period      ; CLOCK_50 ; Rise       ; divisor_frecuencia:INST_DIVISOR|contador_ciclos[11]                  ;
; -1.000 ; 1.000        ; 2.000          ; Min Period      ; CLOCK_50 ; Rise       ; divisor_frecuencia:INST_DIVISOR|contador_ciclos[12]                  ;
; -1.000 ; 1.000        ; 2.000          ; Min Period      ; CLOCK_50 ; Rise       ; divisor_frecuencia:INST_DIVISOR|contador_ciclos[13]                  ;
; -1.000 ; 1.000        ; 2.000          ; Min Period      ; CLOCK_50 ; Rise       ; divisor_frecuencia:INST_DIVISOR|contador_ciclos[14]                  ;
; -1.000 ; 1.000        ; 2.000          ; Min Period      ; CLOCK_50 ; Rise       ; divisor_frecuencia:INST_DIVISOR|contador_ciclos[15]                  ;
; -1.000 ; 1.000        ; 2.000          ; Min Period      ; CLOCK_50 ; Rise       ; divisor_frecuencia:INST_DIVISOR|contador_ciclos[16]                  ;
; -1.000 ; 1.000        ; 2.000          ; Min Period      ; CLOCK_50 ; Rise       ; divisor_frecuencia:INST_DIVISOR|contador_ciclos[17]                  ;
; -1.000 ; 1.000        ; 2.000          ; Min Period      ; CLOCK_50 ; Rise       ; divisor_frecuencia:INST_DIVISOR|contador_ciclos[18]                  ;
; -1.000 ; 1.000        ; 2.000          ; Min Period      ; CLOCK_50 ; Rise       ; divisor_frecuencia:INST_DIVISOR|contador_ciclos[19]                  ;
; -1.000 ; 1.000        ; 2.000          ; Min Period      ; CLOCK_50 ; Rise       ; divisor_frecuencia:INST_DIVISOR|contador_ciclos[1]                   ;
; -1.000 ; 1.000        ; 2.000          ; Min Period      ; CLOCK_50 ; Rise       ; divisor_frecuencia:INST_DIVISOR|contador_ciclos[20]                  ;
; -1.000 ; 1.000        ; 2.000          ; Min Period      ; CLOCK_50 ; Rise       ; divisor_frecuencia:INST_DIVISOR|contador_ciclos[21]                  ;
; -1.000 ; 1.000        ; 2.000          ; Min Period      ; CLOCK_50 ; Rise       ; divisor_frecuencia:INST_DIVISOR|contador_ciclos[22]                  ;
; -1.000 ; 1.000        ; 2.000          ; Min Period      ; CLOCK_50 ; Rise       ; divisor_frecuencia:INST_DIVISOR|contador_ciclos[23]                  ;
; -1.000 ; 1.000        ; 2.000          ; Min Period      ; CLOCK_50 ; Rise       ; divisor_frecuencia:INST_DIVISOR|contador_ciclos[24]                  ;
; -1.000 ; 1.000        ; 2.000          ; Min Period      ; CLOCK_50 ; Rise       ; divisor_frecuencia:INST_DIVISOR|contador_ciclos[25]                  ;
; -1.000 ; 1.000        ; 2.000          ; Min Period      ; CLOCK_50 ; Rise       ; divisor_frecuencia:INST_DIVISOR|contador_ciclos[2]                   ;
; -1.000 ; 1.000        ; 2.000          ; Min Period      ; CLOCK_50 ; Rise       ; divisor_frecuencia:INST_DIVISOR|contador_ciclos[3]                   ;
; -1.000 ; 1.000        ; 2.000          ; Min Period      ; CLOCK_50 ; Rise       ; divisor_frecuencia:INST_DIVISOR|contador_ciclos[4]                   ;
; -1.000 ; 1.000        ; 2.000          ; Min Period      ; CLOCK_50 ; Rise       ; divisor_frecuencia:INST_DIVISOR|contador_ciclos[5]                   ;
; -1.000 ; 1.000        ; 2.000          ; Min Period      ; CLOCK_50 ; Rise       ; divisor_frecuencia:INST_DIVISOR|contador_ciclos[6]                   ;
; -1.000 ; 1.000        ; 2.000          ; Min Period      ; CLOCK_50 ; Rise       ; divisor_frecuencia:INST_DIVISOR|contador_ciclos[7]                   ;
; -1.000 ; 1.000        ; 2.000          ; Min Period      ; CLOCK_50 ; Rise       ; divisor_frecuencia:INST_DIVISOR|contador_ciclos[8]                   ;
; -1.000 ; 1.000        ; 2.000          ; Min Period      ; CLOCK_50 ; Rise       ; divisor_frecuencia:INST_DIVISOR|contador_ciclos[9]                   ;
; -1.000 ; 1.000        ; 2.000          ; Min Period      ; CLOCK_50 ; Rise       ; divisor_frecuencia:INST_DIVISOR|reloj_1hz_reg                        ;
; 0.182  ; 0.366        ; 0.184          ; Low Pulse Width ; CLOCK_50 ; Rise       ; detector_ocupacion:INST_DETECTOR_OCUPACION|estado_ocupado            ;
; 0.182  ; 0.366        ; 0.184          ; Low Pulse Width ; CLOCK_50 ; Rise       ; detector_ocupacion:INST_DETECTOR_OCUPACION|reinicio_contadores       ;
; 0.182  ; 0.366        ; 0.184          ; Low Pulse Width ; CLOCK_50 ; Rise       ; divisor_frecuencia:INST_DIVISOR|contador_ciclos[15]                  ;
; 0.182  ; 0.366        ; 0.184          ; Low Pulse Width ; CLOCK_50 ; Rise       ; divisor_frecuencia:INST_DIVISOR|contador_ciclos[17]                  ;
; 0.182  ; 0.366        ; 0.184          ; Low Pulse Width ; CLOCK_50 ; Rise       ; divisor_frecuencia:INST_DIVISOR|contador_ciclos[20]                  ;
; 0.182  ; 0.366        ; 0.184          ; Low Pulse Width ; CLOCK_50 ; Rise       ; divisor_frecuencia:INST_DIVISOR|contador_ciclos[21]                  ;
; 0.182  ; 0.366        ; 0.184          ; Low Pulse Width ; CLOCK_50 ; Rise       ; divisor_frecuencia:INST_DIVISOR|contador_ciclos[22]                  ;
; 0.182  ; 0.366        ; 0.184          ; Low Pulse Width ; CLOCK_50 ; Rise       ; divisor_frecuencia:INST_DIVISOR|contador_ciclos[23]                  ;
; 0.182  ; 0.366        ; 0.184          ; Low Pulse Width ; CLOCK_50 ; Rise       ; divisor_frecuencia:INST_DIVISOR|contador_ciclos[25]                  ;
; 0.183  ; 0.367        ; 0.184          ; Low Pulse Width ; CLOCK_50 ; Rise       ; detector_ocupacion:INST_DETECTOR_OCUPACION|contador_felicitacion[14] ;
; 0.183  ; 0.367        ; 0.184          ; Low Pulse Width ; CLOCK_50 ; Rise       ; detector_ocupacion:INST_DETECTOR_OCUPACION|contador_felicitacion[15] ;
; 0.183  ; 0.367        ; 0.184          ; Low Pulse Width ; CLOCK_50 ; Rise       ; detector_ocupacion:INST_DETECTOR_OCUPACION|contador_felicitacion[16] ;
; 0.183  ; 0.367        ; 0.184          ; Low Pulse Width ; CLOCK_50 ; Rise       ; detector_ocupacion:INST_DETECTOR_OCUPACION|contador_felicitacion[17] ;
; 0.183  ; 0.367        ; 0.184          ; Low Pulse Width ; CLOCK_50 ; Rise       ; detector_ocupacion:INST_DETECTOR_OCUPACION|contador_felicitacion[18] ;
; 0.183  ; 0.367        ; 0.184          ; Low Pulse Width ; CLOCK_50 ; Rise       ; detector_ocupacion:INST_DETECTOR_OCUPACION|contador_felicitacion[19] ;
; 0.183  ; 0.367        ; 0.184          ; Low Pulse Width ; CLOCK_50 ; Rise       ; detector_ocupacion:INST_DETECTOR_OCUPACION|contador_felicitacion[20] ;
; 0.183  ; 0.367        ; 0.184          ; Low Pulse Width ; CLOCK_50 ; Rise       ; detector_ocupacion:INST_DETECTOR_OCUPACION|contador_felicitacion[21] ;
; 0.183  ; 0.367        ; 0.184          ; Low Pulse Width ; CLOCK_50 ; Rise       ; detector_ocupacion:INST_DETECTOR_OCUPACION|contador_felicitacion[22] ;
; 0.183  ; 0.367        ; 0.184          ; Low Pulse Width ; CLOCK_50 ; Rise       ; detector_ocupacion:INST_DETECTOR_OCUPACION|contador_felicitacion[23] ;
; 0.183  ; 0.367        ; 0.184          ; Low Pulse Width ; CLOCK_50 ; Rise       ; detector_ocupacion:INST_DETECTOR_OCUPACION|contador_felicitacion[24] ;
; 0.183  ; 0.367        ; 0.184          ; Low Pulse Width ; CLOCK_50 ; Rise       ; detector_ocupacion:INST_DETECTOR_OCUPACION|contador_felicitacion[25] ;
; 0.183  ; 0.367        ; 0.184          ; Low Pulse Width ; CLOCK_50 ; Rise       ; detector_ocupacion:INST_DETECTOR_OCUPACION|contador_felicitacion[26] ;
; 0.183  ; 0.367        ; 0.184          ; Low Pulse Width ; CLOCK_50 ; Rise       ; detector_ocupacion:INST_DETECTOR_OCUPACION|contador_felicitacion[27] ;
; 0.183  ; 0.367        ; 0.184          ; Low Pulse Width ; CLOCK_50 ; Rise       ; detector_ocupacion:INST_DETECTOR_OCUPACION|contando_felicitacion     ;
; 0.183  ; 0.367        ; 0.184          ; Low Pulse Width ; CLOCK_50 ; Rise       ; detector_ocupacion:INST_DETECTOR_OCUPACION|entrada_anterior          ;
; 0.183  ; 0.367        ; 0.184          ; Low Pulse Width ; CLOCK_50 ; Rise       ; detector_ocupacion:INST_DETECTOR_OCUPACION|entrada_sinc1             ;
; 0.183  ; 0.367        ; 0.184          ; Low Pulse Width ; CLOCK_50 ; Rise       ; detector_ocupacion:INST_DETECTOR_OCUPACION|entrada_sinc2             ;
; 0.183  ; 0.367        ; 0.184          ; Low Pulse Width ; CLOCK_50 ; Rise       ; detector_ocupacion:INST_DETECTOR_OCUPACION|estado_felicitacion       ;
; 0.183  ; 0.367        ; 0.184          ; Low Pulse Width ; CLOCK_50 ; Rise       ; detector_ocupacion:INST_DETECTOR_OCUPACION|salida_anterior           ;
; 0.183  ; 0.367        ; 0.184          ; Low Pulse Width ; CLOCK_50 ; Rise       ; detector_ocupacion:INST_DETECTOR_OCUPACION|salida_sinc1              ;
; 0.183  ; 0.367        ; 0.184          ; Low Pulse Width ; CLOCK_50 ; Rise       ; detector_ocupacion:INST_DETECTOR_OCUPACION|salida_sinc2              ;
; 0.183  ; 0.367        ; 0.184          ; Low Pulse Width ; CLOCK_50 ; Rise       ; divisor_frecuencia:INST_DIVISOR|contador_ciclos[12]                  ;
; 0.183  ; 0.367        ; 0.184          ; Low Pulse Width ; CLOCK_50 ; Rise       ; divisor_frecuencia:INST_DIVISOR|contador_ciclos[13]                  ;
; 0.183  ; 0.367        ; 0.184          ; Low Pulse Width ; CLOCK_50 ; Rise       ; divisor_frecuencia:INST_DIVISOR|contador_ciclos[14]                  ;
+--------+--------------+----------------+-----------------+----------+------------+----------------------------------------------------------------------+


+-----------------------------------------------------------------------------------------------------------------------------------------------------------------------------------------+
; Slow 1200mV 0C Model Minimum Pulse Width: 'divisor_frecuencia:INST_DIVISOR|reloj_1hz_reg'                                                                                               ;
+--------+--------------+----------------+------------------+-----------------------------------------------+------------+----------------------------------------------------------------+
; Slack  ; Actual Width ; Required Width ; Type             ; Clock                                         ; Clock Edge ; Target                                                         ;
+--------+--------------+----------------+------------------+-----------------------------------------------+------------+----------------------------------------------------------------+
; -1.000 ; 1.000        ; 2.000          ; Min Period       ; divisor_frecuencia:INST_DIVISOR|reloj_1hz_reg ; Rise       ; contador_35_segundos:INST_CONTADOR_35|contador_decenas[0]      ;
; -1.000 ; 1.000        ; 2.000          ; Min Period       ; divisor_frecuencia:INST_DIVISOR|reloj_1hz_reg ; Rise       ; contador_35_segundos:INST_CONTADOR_35|contador_decenas[1]      ;
; -1.000 ; 1.000        ; 2.000          ; Min Period       ; divisor_frecuencia:INST_DIVISOR|reloj_1hz_reg ; Rise       ; contador_35_segundos:INST_CONTADOR_35|contador_unidades[0]     ;
; -1.000 ; 1.000        ; 2.000          ; Min Period       ; divisor_frecuencia:INST_DIVISOR|reloj_1hz_reg ; Rise       ; contador_35_segundos:INST_CONTADOR_35|contador_unidades[1]     ;
; -1.000 ; 1.000        ; 2.000          ; Min Period       ; divisor_frecuencia:INST_DIVISOR|reloj_1hz_reg ; Rise       ; contador_35_segundos:INST_CONTADOR_35|contador_unidades[2]     ;
; -1.000 ; 1.000        ; 2.000          ; Min Period       ; divisor_frecuencia:INST_DIVISOR|reloj_1hz_reg ; Rise       ; contador_35_segundos:INST_CONTADOR_35|contador_unidades[3]     ;
; -1.000 ; 1.000        ; 2.000          ; Min Period       ; divisor_frecuencia:INST_DIVISOR|reloj_1hz_reg ; Rise       ; contador_35_segundos:INST_CONTADOR_35|fin_conteo_reg           ;
; -1.000 ; 1.000        ; 2.000          ; Min Period       ; divisor_frecuencia:INST_DIVISOR|reloj_1hz_reg ; Rise       ; contador_tiempo_extra:INST_CONTADOR_EXTRA|contador_decenas[0]  ;
; -1.000 ; 1.000        ; 2.000          ; Min Period       ; divisor_frecuencia:INST_DIVISOR|reloj_1hz_reg ; Rise       ; contador_tiempo_extra:INST_CONTADOR_EXTRA|contador_decenas[1]  ;
; -1.000 ; 1.000        ; 2.000          ; Min Period       ; divisor_frecuencia:INST_DIVISOR|reloj_1hz_reg ; Rise       ; contador_tiempo_extra:INST_CONTADOR_EXTRA|contador_decenas[2]  ;
; -1.000 ; 1.000        ; 2.000          ; Min Period       ; divisor_frecuencia:INST_DIVISOR|reloj_1hz_reg ; Rise       ; contador_tiempo_extra:INST_CONTADOR_EXTRA|contador_decenas[3]  ;
; -1.000 ; 1.000        ; 2.000          ; Min Period       ; divisor_frecuencia:INST_DIVISOR|reloj_1hz_reg ; Rise       ; contador_tiempo_extra:INST_CONTADOR_EXTRA|contador_unidades[0] ;
; -1.000 ; 1.000        ; 2.000          ; Min Period       ; divisor_frecuencia:INST_DIVISOR|reloj_1hz_reg ; Rise       ; contador_tiempo_extra:INST_CONTADOR_EXTRA|contador_unidades[1] ;
; -1.000 ; 1.000        ; 2.000          ; Min Period       ; divisor_frecuencia:INST_DIVISOR|reloj_1hz_reg ; Rise       ; contador_tiempo_extra:INST_CONTADOR_EXTRA|contador_unidades[2] ;
; -1.000 ; 1.000        ; 2.000          ; Min Period       ; divisor_frecuencia:INST_DIVISOR|reloj_1hz_reg ; Rise       ; contador_tiempo_extra:INST_CONTADOR_EXTRA|contador_unidades[3] ;
; 0.291  ; 0.507        ; 0.216          ; High Pulse Width ; divisor_frecuencia:INST_DIVISOR|reloj_1hz_reg ; Rise       ; contador_35_segundos:INST_CONTADOR_35|fin_conteo_reg           ;
; 0.291  ; 0.507        ; 0.216          ; High Pulse Width ; divisor_frecuencia:INST_DIVISOR|reloj_1hz_reg ; Rise       ; contador_tiempo_extra:INST_CONTADOR_EXTRA|contador_decenas[0]  ;
; 0.292  ; 0.508        ; 0.216          ; High Pulse Width ; divisor_frecuencia:INST_DIVISOR|reloj_1hz_reg ; Rise       ; contador_35_segundos:INST_CONTADOR_35|contador_decenas[0]      ;
; 0.292  ; 0.508        ; 0.216          ; High Pulse Width ; divisor_frecuencia:INST_DIVISOR|reloj_1hz_reg ; Rise       ; contador_35_segundos:INST_CONTADOR_35|contador_decenas[1]      ;
; 0.292  ; 0.508        ; 0.216          ; High Pulse Width ; divisor_frecuencia:INST_DIVISOR|reloj_1hz_reg ; Rise       ; contador_35_segundos:INST_CONTADOR_35|contador_unidades[0]     ;
; 0.292  ; 0.508        ; 0.216          ; High Pulse Width ; divisor_frecuencia:INST_DIVISOR|reloj_1hz_reg ; Rise       ; contador_35_segundos:INST_CONTADOR_35|contador_unidades[1]     ;
; 0.292  ; 0.508        ; 0.216          ; High Pulse Width ; divisor_frecuencia:INST_DIVISOR|reloj_1hz_reg ; Rise       ; contador_35_segundos:INST_CONTADOR_35|contador_unidades[2]     ;
; 0.292  ; 0.508        ; 0.216          ; High Pulse Width ; divisor_frecuencia:INST_DIVISOR|reloj_1hz_reg ; Rise       ; contador_35_segundos:INST_CONTADOR_35|contador_unidades[3]     ;
; 0.292  ; 0.508        ; 0.216          ; High Pulse Width ; divisor_frecuencia:INST_DIVISOR|reloj_1hz_reg ; Rise       ; contador_tiempo_extra:INST_CONTADOR_EXTRA|contador_decenas[1]  ;
; 0.292  ; 0.508        ; 0.216          ; High Pulse Width ; divisor_frecuencia:INST_DIVISOR|reloj_1hz_reg ; Rise       ; contador_tiempo_extra:INST_CONTADOR_EXTRA|contador_decenas[2]  ;
; 0.292  ; 0.508        ; 0.216          ; High Pulse Width ; divisor_frecuencia:INST_DIVISOR|reloj_1hz_reg ; Rise       ; contador_tiempo_extra:INST_CONTADOR_EXTRA|contador_decenas[3]  ;
; 0.292  ; 0.508        ; 0.216          ; High Pulse Width ; divisor_frecuencia:INST_DIVISOR|reloj_1hz_reg ; Rise       ; contador_tiempo_extra:INST_CONTADOR_EXTRA|contador_unidades[0] ;
; 0.292  ; 0.508        ; 0.216          ; High Pulse Width ; divisor_frecuencia:INST_DIVISOR|reloj_1hz_reg ; Rise       ; contador_tiempo_extra:INST_CONTADOR_EXTRA|contador_unidades[1] ;
; 0.292  ; 0.508        ; 0.216          ; High Pulse Width ; divisor_frecuencia:INST_DIVISOR|reloj_1hz_reg ; Rise       ; contador_tiempo_extra:INST_CONTADOR_EXTRA|contador_unidades[2] ;
; 0.292  ; 0.508        ; 0.216          ; High Pulse Width ; divisor_frecuencia:INST_DIVISOR|reloj_1hz_reg ; Rise       ; contador_tiempo_extra:INST_CONTADOR_EXTRA|contador_unidades[3] ;
; 0.307  ; 0.491        ; 0.184          ; Low Pulse Width  ; divisor_frecuencia:INST_DIVISOR|reloj_1hz_reg ; Rise       ; contador_35_segundos:INST_CONTADOR_35|contador_decenas[0]      ;
; 0.307  ; 0.491        ; 0.184          ; Low Pulse Width  ; divisor_frecuencia:INST_DIVISOR|reloj_1hz_reg ; Rise       ; contador_35_segundos:INST_CONTADOR_35|contador_decenas[1]      ;
; 0.307  ; 0.491        ; 0.184          ; Low Pulse Width  ; divisor_frecuencia:INST_DIVISOR|reloj_1hz_reg ; Rise       ; contador_35_segundos:INST_CONTADOR_35|contador_unidades[0]     ;
; 0.307  ; 0.491        ; 0.184          ; Low Pulse Width  ; divisor_frecuencia:INST_DIVISOR|reloj_1hz_reg ; Rise       ; contador_35_segundos:INST_CONTADOR_35|contador_unidades[1]     ;
; 0.307  ; 0.491        ; 0.184          ; Low Pulse Width  ; divisor_frecuencia:INST_DIVISOR|reloj_1hz_reg ; Rise       ; contador_35_segundos:INST_CONTADOR_35|contador_unidades[2]     ;
; 0.307  ; 0.491        ; 0.184          ; Low Pulse Width  ; divisor_frecuencia:INST_DIVISOR|reloj_1hz_reg ; Rise       ; contador_35_segundos:INST_CONTADOR_35|contador_unidades[3]     ;
; 0.307  ; 0.491        ; 0.184          ; Low Pulse Width  ; divisor_frecuencia:INST_DIVISOR|reloj_1hz_reg ; Rise       ; contador_35_segundos:INST_CONTADOR_35|fin_conteo_reg           ;
; 0.307  ; 0.491        ; 0.184          ; Low Pulse Width  ; divisor_frecuencia:INST_DIVISOR|reloj_1hz_reg ; Rise       ; contador_tiempo_extra:INST_CONTADOR_EXTRA|contador_decenas[0]  ;
; 0.307  ; 0.491        ; 0.184          ; Low Pulse Width  ; divisor_frecuencia:INST_DIVISOR|reloj_1hz_reg ; Rise       ; contador_tiempo_extra:INST_CONTADOR_EXTRA|contador_decenas[1]  ;
; 0.307  ; 0.491        ; 0.184          ; Low Pulse Width  ; divisor_frecuencia:INST_DIVISOR|reloj_1hz_reg ; Rise       ; contador_tiempo_extra:INST_CONTADOR_EXTRA|contador_decenas[2]  ;
; 0.307  ; 0.491        ; 0.184          ; Low Pulse Width  ; divisor_frecuencia:INST_DIVISOR|reloj_1hz_reg ; Rise       ; contador_tiempo_extra:INST_CONTADOR_EXTRA|contador_decenas[3]  ;
; 0.307  ; 0.491        ; 0.184          ; Low Pulse Width  ; divisor_frecuencia:INST_DIVISOR|reloj_1hz_reg ; Rise       ; contador_tiempo_extra:INST_CONTADOR_EXTRA|contador_unidades[0] ;
; 0.307  ; 0.491        ; 0.184          ; Low Pulse Width  ; divisor_frecuencia:INST_DIVISOR|reloj_1hz_reg ; Rise       ; contador_tiempo_extra:INST_CONTADOR_EXTRA|contador_unidades[1] ;
; 0.307  ; 0.491        ; 0.184          ; Low Pulse Width  ; divisor_frecuencia:INST_DIVISOR|reloj_1hz_reg ; Rise       ; contador_tiempo_extra:INST_CONTADOR_EXTRA|contador_unidades[2] ;
; 0.307  ; 0.491        ; 0.184          ; Low Pulse Width  ; divisor_frecuencia:INST_DIVISOR|reloj_1hz_reg ; Rise       ; contador_tiempo_extra:INST_CONTADOR_EXTRA|contador_unidades[3] ;
; 0.467  ; 0.467        ; 0.000          ; Low Pulse Width  ; divisor_frecuencia:INST_DIVISOR|reloj_1hz_reg ; Rise       ; INST_CONTADOR_35|contador_decenas[0]|clk                       ;
; 0.467  ; 0.467        ; 0.000          ; Low Pulse Width  ; divisor_frecuencia:INST_DIVISOR|reloj_1hz_reg ; Rise       ; INST_CONTADOR_35|contador_decenas[1]|clk                       ;
; 0.467  ; 0.467        ; 0.000          ; Low Pulse Width  ; divisor_frecuencia:INST_DIVISOR|reloj_1hz_reg ; Rise       ; INST_CONTADOR_35|contador_unidades[0]|clk                      ;
; 0.467  ; 0.467        ; 0.000          ; Low Pulse Width  ; divisor_frecuencia:INST_DIVISOR|reloj_1hz_reg ; Rise       ; INST_CONTADOR_35|contador_unidades[1]|clk                      ;
; 0.467  ; 0.467        ; 0.000          ; Low Pulse Width  ; divisor_frecuencia:INST_DIVISOR|reloj_1hz_reg ; Rise       ; INST_CONTADOR_35|contador_unidades[2]|clk                      ;
; 0.467  ; 0.467        ; 0.000          ; Low Pulse Width  ; divisor_frecuencia:INST_DIVISOR|reloj_1hz_reg ; Rise       ; INST_CONTADOR_35|contador_unidades[3]|clk                      ;
; 0.467  ; 0.467        ; 0.000          ; Low Pulse Width  ; divisor_frecuencia:INST_DIVISOR|reloj_1hz_reg ; Rise       ; INST_CONTADOR_35|fin_conteo_reg|clk                            ;
; 0.467  ; 0.467        ; 0.000          ; Low Pulse Width  ; divisor_frecuencia:INST_DIVISOR|reloj_1hz_reg ; Rise       ; INST_CONTADOR_EXTRA|contador_decenas[0]|clk                    ;
; 0.467  ; 0.467        ; 0.000          ; Low Pulse Width  ; divisor_frecuencia:INST_DIVISOR|reloj_1hz_reg ; Rise       ; INST_CONTADOR_EXTRA|contador_decenas[1]|clk                    ;
; 0.467  ; 0.467        ; 0.000          ; Low Pulse Width  ; divisor_frecuencia:INST_DIVISOR|reloj_1hz_reg ; Rise       ; INST_CONTADOR_EXTRA|contador_decenas[2]|clk                    ;
; 0.467  ; 0.467        ; 0.000          ; Low Pulse Width  ; divisor_frecuencia:INST_DIVISOR|reloj_1hz_reg ; Rise       ; INST_CONTADOR_EXTRA|contador_decenas[3]|clk                    ;
; 0.467  ; 0.467        ; 0.000          ; Low Pulse Width  ; divisor_frecuencia:INST_DIVISOR|reloj_1hz_reg ; Rise       ; INST_CONTADOR_EXTRA|contador_unidades[0]|clk                   ;
; 0.467  ; 0.467        ; 0.000          ; Low Pulse Width  ; divisor_frecuencia:INST_DIVISOR|reloj_1hz_reg ; Rise       ; INST_CONTADOR_EXTRA|contador_unidades[1]|clk                   ;
; 0.467  ; 0.467        ; 0.000          ; Low Pulse Width  ; divisor_frecuencia:INST_DIVISOR|reloj_1hz_reg ; Rise       ; INST_CONTADOR_EXTRA|contador_unidades[2]|clk                   ;
; 0.467  ; 0.467        ; 0.000          ; Low Pulse Width  ; divisor_frecuencia:INST_DIVISOR|reloj_1hz_reg ; Rise       ; INST_CONTADOR_EXTRA|contador_unidades[3]|clk                   ;
; 0.475  ; 0.475        ; 0.000          ; Low Pulse Width  ; divisor_frecuencia:INST_DIVISOR|reloj_1hz_reg ; Rise       ; INST_DIVISOR|reloj_1hz_reg~clkctrl|inclk[0]                    ;
; 0.475  ; 0.475        ; 0.000          ; Low Pulse Width  ; divisor_frecuencia:INST_DIVISOR|reloj_1hz_reg ; Rise       ; INST_DIVISOR|reloj_1hz_reg~clkctrl|outclk                      ;
; 0.500  ; 0.500        ; 0.000          ; High Pulse Width ; divisor_frecuencia:INST_DIVISOR|reloj_1hz_reg ; Rise       ; INST_DIVISOR|reloj_1hz_reg|q                                   ;
; 0.500  ; 0.500        ; 0.000          ; Low Pulse Width  ; divisor_frecuencia:INST_DIVISOR|reloj_1hz_reg ; Rise       ; INST_DIVISOR|reloj_1hz_reg|q                                   ;
; 0.524  ; 0.524        ; 0.000          ; High Pulse Width ; divisor_frecuencia:INST_DIVISOR|reloj_1hz_reg ; Rise       ; INST_DIVISOR|reloj_1hz_reg~clkctrl|inclk[0]                    ;
; 0.524  ; 0.524        ; 0.000          ; High Pulse Width ; divisor_frecuencia:INST_DIVISOR|reloj_1hz_reg ; Rise       ; INST_DIVISOR|reloj_1hz_reg~clkctrl|outclk                      ;
; 0.531  ; 0.531        ; 0.000          ; High Pulse Width ; divisor_frecuencia:INST_DIVISOR|reloj_1hz_reg ; Rise       ; INST_CONTADOR_35|fin_conteo_reg|clk                            ;
; 0.531  ; 0.531        ; 0.000          ; High Pulse Width ; divisor_frecuencia:INST_DIVISOR|reloj_1hz_reg ; Rise       ; INST_CONTADOR_EXTRA|contador_decenas[0]|clk                    ;
; 0.532  ; 0.532        ; 0.000          ; High Pulse Width ; divisor_frecuencia:INST_DIVISOR|reloj_1hz_reg ; Rise       ; INST_CONTADOR_35|contador_decenas[0]|clk                       ;
; 0.532  ; 0.532        ; 0.000          ; High Pulse Width ; divisor_frecuencia:INST_DIVISOR|reloj_1hz_reg ; Rise       ; INST_CONTADOR_35|contador_decenas[1]|clk                       ;
; 0.532  ; 0.532        ; 0.000          ; High Pulse Width ; divisor_frecuencia:INST_DIVISOR|reloj_1hz_reg ; Rise       ; INST_CONTADOR_35|contador_unidades[0]|clk                      ;
; 0.532  ; 0.532        ; 0.000          ; High Pulse Width ; divisor_frecuencia:INST_DIVISOR|reloj_1hz_reg ; Rise       ; INST_CONTADOR_35|contador_unidades[1]|clk                      ;
; 0.532  ; 0.532        ; 0.000          ; High Pulse Width ; divisor_frecuencia:INST_DIVISOR|reloj_1hz_reg ; Rise       ; INST_CONTADOR_35|contador_unidades[2]|clk                      ;
; 0.532  ; 0.532        ; 0.000          ; High Pulse Width ; divisor_frecuencia:INST_DIVISOR|reloj_1hz_reg ; Rise       ; INST_CONTADOR_35|contador_unidades[3]|clk                      ;
; 0.532  ; 0.532        ; 0.000          ; High Pulse Width ; divisor_frecuencia:INST_DIVISOR|reloj_1hz_reg ; Rise       ; INST_CONTADOR_EXTRA|contador_decenas[1]|clk                    ;
; 0.532  ; 0.532        ; 0.000          ; High Pulse Width ; divisor_frecuencia:INST_DIVISOR|reloj_1hz_reg ; Rise       ; INST_CONTADOR_EXTRA|contador_decenas[2]|clk                    ;
; 0.532  ; 0.532        ; 0.000          ; High Pulse Width ; divisor_frecuencia:INST_DIVISOR|reloj_1hz_reg ; Rise       ; INST_CONTADOR_EXTRA|contador_decenas[3]|clk                    ;
; 0.532  ; 0.532        ; 0.000          ; High Pulse Width ; divisor_frecuencia:INST_DIVISOR|reloj_1hz_reg ; Rise       ; INST_CONTADOR_EXTRA|contador_unidades[0]|clk                   ;
; 0.532  ; 0.532        ; 0.000          ; High Pulse Width ; divisor_frecuencia:INST_DIVISOR|reloj_1hz_reg ; Rise       ; INST_CONTADOR_EXTRA|contador_unidades[1]|clk                   ;
; 0.532  ; 0.532        ; 0.000          ; High Pulse Width ; divisor_frecuencia:INST_DIVISOR|reloj_1hz_reg ; Rise       ; INST_CONTADOR_EXTRA|contador_unidades[2]|clk                   ;
; 0.532  ; 0.532        ; 0.000          ; High Pulse Width ; divisor_frecuencia:INST_DIVISOR|reloj_1hz_reg ; Rise       ; INST_CONTADOR_EXTRA|contador_unidades[3]|clk                   ;
+--------+--------------+----------------+------------------+-----------------------------------------------+------------+----------------------------------------------------------------+


+------------------------------------------------------------------------+
; Setup Times                                                            ;
+------------+------------+-------+-------+------------+-----------------+
; Data Port  ; Clock Port ; Rise  ; Fall  ; Clock Edge ; Clock Reference ;
+------------+------------+-------+-------+------------+-----------------+
; BUTTON[*]  ; CLOCK_50   ; 2.881 ; 3.240 ; Rise       ; CLOCK_50        ;
;  BUTTON[1] ; CLOCK_50   ; 2.381 ; 2.786 ; Rise       ; CLOCK_50        ;
;  BUTTON[2] ; CLOCK_50   ; 2.881 ; 3.240 ; Rise       ; CLOCK_50        ;
+------------+------------+-------+-------+------------+-----------------+


+--------------------------------------------------------------------------+
; Hold Times                                                               ;
+------------+------------+--------+--------+------------+-----------------+
; Data Port  ; Clock Port ; Rise   ; Fall   ; Clock Edge ; Clock Reference ;
+------------+------------+--------+--------+------------+-----------------+
; BUTTON[*]  ; CLOCK_50   ; -2.021 ; -2.416 ; Rise       ; CLOCK_50        ;
;  BUTTON[1] ; CLOCK_50   ; -2.021 ; -2.416 ; Rise       ; CLOCK_50        ;
;  BUTTON[2] ; CLOCK_50   ; -2.502 ; -2.852 ; Rise       ; CLOCK_50        ;
+------------+------------+--------+--------+------------+-----------------+


+-------------------------------------------------------------------------------------------------------------------------------------------+
; Clock to Output Times                                                                                                                     ;
+--------------+-----------------------------------------------+-------+-------+------------+-----------------------------------------------+
; Data Port    ; Clock Port                                    ; Rise  ; Fall  ; Clock Edge ; Clock Reference                               ;
+--------------+-----------------------------------------------+-------+-------+------------+-----------------------------------------------+
; alarma       ; CLOCK_50                                      ; 6.701 ; 6.698 ; Rise       ; CLOCK_50                                      ;
; felicitacion ; CLOCK_50                                      ; 6.603 ; 6.568 ; Rise       ; CLOCK_50                                      ;
; HEX0_D[*]    ; divisor_frecuencia:INST_DIVISOR|reloj_1hz_reg ; 7.098 ; 7.118 ; Rise       ; divisor_frecuencia:INST_DIVISOR|reloj_1hz_reg ;
;  HEX0_D[0]   ; divisor_frecuencia:INST_DIVISOR|reloj_1hz_reg ; 6.803 ; 6.682 ; Rise       ; divisor_frecuencia:INST_DIVISOR|reloj_1hz_reg ;
;  HEX0_D[1]   ; divisor_frecuencia:INST_DIVISOR|reloj_1hz_reg ; 7.098 ; 7.118 ; Rise       ; divisor_frecuencia:INST_DIVISOR|reloj_1hz_reg ;
;  HEX0_D[2]   ; divisor_frecuencia:INST_DIVISOR|reloj_1hz_reg ; 6.515 ; 6.363 ; Rise       ; divisor_frecuencia:INST_DIVISOR|reloj_1hz_reg ;
;  HEX0_D[3]   ; divisor_frecuencia:INST_DIVISOR|reloj_1hz_reg ; 6.269 ; 6.132 ; Rise       ; divisor_frecuencia:INST_DIVISOR|reloj_1hz_reg ;
;  HEX0_D[4]   ; divisor_frecuencia:INST_DIVISOR|reloj_1hz_reg ; 6.461 ; 6.427 ; Rise       ; divisor_frecuencia:INST_DIVISOR|reloj_1hz_reg ;
;  HEX0_D[5]   ; divisor_frecuencia:INST_DIVISOR|reloj_1hz_reg ; 6.460 ; 6.314 ; Rise       ; divisor_frecuencia:INST_DIVISOR|reloj_1hz_reg ;
;  HEX0_D[6]   ; divisor_frecuencia:INST_DIVISOR|reloj_1hz_reg ; 6.374 ; 6.409 ; Rise       ; divisor_frecuencia:INST_DIVISOR|reloj_1hz_reg ;
; HEX1_D[*]    ; divisor_frecuencia:INST_DIVISOR|reloj_1hz_reg ; 7.117 ; 7.026 ; Rise       ; divisor_frecuencia:INST_DIVISOR|reloj_1hz_reg ;
;  HEX1_D[0]   ; divisor_frecuencia:INST_DIVISOR|reloj_1hz_reg ; 7.117 ; 7.026 ; Rise       ; divisor_frecuencia:INST_DIVISOR|reloj_1hz_reg ;
;  HEX1_D[2]   ; divisor_frecuencia:INST_DIVISOR|reloj_1hz_reg ; 6.859 ; 6.754 ; Rise       ; divisor_frecuencia:INST_DIVISOR|reloj_1hz_reg ;
;  HEX1_D[3]   ; divisor_frecuencia:INST_DIVISOR|reloj_1hz_reg ; 7.115 ; 7.021 ; Rise       ; divisor_frecuencia:INST_DIVISOR|reloj_1hz_reg ;
;  HEX1_D[4]   ; divisor_frecuencia:INST_DIVISOR|reloj_1hz_reg ; 6.011 ; 5.951 ; Rise       ; divisor_frecuencia:INST_DIVISOR|reloj_1hz_reg ;
;  HEX1_D[5]   ; divisor_frecuencia:INST_DIVISOR|reloj_1hz_reg ; 6.622 ; 6.561 ; Rise       ; divisor_frecuencia:INST_DIVISOR|reloj_1hz_reg ;
;  HEX1_D[6]   ; divisor_frecuencia:INST_DIVISOR|reloj_1hz_reg ; 5.735 ; 5.788 ; Rise       ; divisor_frecuencia:INST_DIVISOR|reloj_1hz_reg ;
; HEX2_D[*]    ; divisor_frecuencia:INST_DIVISOR|reloj_1hz_reg ; 7.051 ; 7.140 ; Rise       ; divisor_frecuencia:INST_DIVISOR|reloj_1hz_reg ;
;  HEX2_D[0]   ; divisor_frecuencia:INST_DIVISOR|reloj_1hz_reg ; 6.759 ; 6.673 ; Rise       ; divisor_frecuencia:INST_DIVISOR|reloj_1hz_reg ;
;  HEX2_D[1]   ; divisor_frecuencia:INST_DIVISOR|reloj_1hz_reg ; 6.712 ; 6.656 ; Rise       ; divisor_frecuencia:INST_DIVISOR|reloj_1hz_reg ;
;  HEX2_D[2]   ; divisor_frecuencia:INST_DIVISOR|reloj_1hz_reg ; 6.723 ; 6.696 ; Rise       ; divisor_frecuencia:INST_DIVISOR|reloj_1hz_reg ;
;  HEX2_D[3]   ; divisor_frecuencia:INST_DIVISOR|reloj_1hz_reg ; 6.780 ; 6.710 ; Rise       ; divisor_frecuencia:INST_DIVISOR|reloj_1hz_reg ;
;  HEX2_D[4]   ; divisor_frecuencia:INST_DIVISOR|reloj_1hz_reg ; 6.572 ; 6.465 ; Rise       ; divisor_frecuencia:INST_DIVISOR|reloj_1hz_reg ;
;  HEX2_D[5]   ; divisor_frecuencia:INST_DIVISOR|reloj_1hz_reg ; 7.028 ; 6.926 ; Rise       ; divisor_frecuencia:INST_DIVISOR|reloj_1hz_reg ;
;  HEX2_D[6]   ; divisor_frecuencia:INST_DIVISOR|reloj_1hz_reg ; 7.051 ; 7.140 ; Rise       ; divisor_frecuencia:INST_DIVISOR|reloj_1hz_reg ;
; HEX3_D[*]    ; divisor_frecuencia:INST_DIVISOR|reloj_1hz_reg ; 6.813 ; 6.692 ; Rise       ; divisor_frecuencia:INST_DIVISOR|reloj_1hz_reg ;
;  HEX3_D[0]   ; divisor_frecuencia:INST_DIVISOR|reloj_1hz_reg ; 6.592 ; 6.493 ; Rise       ; divisor_frecuencia:INST_DIVISOR|reloj_1hz_reg ;
;  HEX3_D[1]   ; divisor_frecuencia:INST_DIVISOR|reloj_1hz_reg ; 6.813 ; 6.692 ; Rise       ; divisor_frecuencia:INST_DIVISOR|reloj_1hz_reg ;
;  HEX3_D[2]   ; divisor_frecuencia:INST_DIVISOR|reloj_1hz_reg ; 6.721 ; 6.670 ; Rise       ; divisor_frecuencia:INST_DIVISOR|reloj_1hz_reg ;
;  HEX3_D[3]   ; divisor_frecuencia:INST_DIVISOR|reloj_1hz_reg ; 6.692 ; 6.644 ; Rise       ; divisor_frecuencia:INST_DIVISOR|reloj_1hz_reg ;
;  HEX3_D[4]   ; divisor_frecuencia:INST_DIVISOR|reloj_1hz_reg ; 6.739 ; 6.598 ; Rise       ; divisor_frecuencia:INST_DIVISOR|reloj_1hz_reg ;
;  HEX3_D[5]   ; divisor_frecuencia:INST_DIVISOR|reloj_1hz_reg ; 6.746 ; 6.605 ; Rise       ; divisor_frecuencia:INST_DIVISOR|reloj_1hz_reg ;
;  HEX3_D[6]   ; divisor_frecuencia:INST_DIVISOR|reloj_1hz_reg ; 6.411 ; 6.476 ; Rise       ; divisor_frecuencia:INST_DIVISOR|reloj_1hz_reg ;
; alarma       ; divisor_frecuencia:INST_DIVISOR|reloj_1hz_reg ; 7.286 ; 7.278 ; Rise       ; divisor_frecuencia:INST_DIVISOR|reloj_1hz_reg ;
+--------------+-----------------------------------------------+-------+-------+------------+-----------------------------------------------+


+-------------------------------------------------------------------------------------------------------------------------------------------+
; Minimum Clock to Output Times                                                                                                             ;
+--------------+-----------------------------------------------+-------+-------+------------+-----------------------------------------------+
; Data Port    ; Clock Port                                    ; Rise  ; Fall  ; Clock Edge ; Clock Reference                               ;
+--------------+-----------------------------------------------+-------+-------+------------+-----------------------------------------------+
; alarma       ; CLOCK_50                                      ; 6.543 ; 6.542 ; Rise       ; CLOCK_50                                      ;
; felicitacion ; CLOCK_50                                      ; 6.451 ; 6.416 ; Rise       ; CLOCK_50                                      ;
; HEX0_D[*]    ; divisor_frecuencia:INST_DIVISOR|reloj_1hz_reg ; 5.817 ; 5.721 ; Rise       ; divisor_frecuencia:INST_DIVISOR|reloj_1hz_reg ;
;  HEX0_D[0]   ; divisor_frecuencia:INST_DIVISOR|reloj_1hz_reg ; 6.315 ; 6.234 ; Rise       ; divisor_frecuencia:INST_DIVISOR|reloj_1hz_reg ;
;  HEX0_D[1]   ; divisor_frecuencia:INST_DIVISOR|reloj_1hz_reg ; 6.473 ; 6.449 ; Rise       ; divisor_frecuencia:INST_DIVISOR|reloj_1hz_reg ;
;  HEX0_D[2]   ; divisor_frecuencia:INST_DIVISOR|reloj_1hz_reg ; 5.936 ; 5.913 ; Rise       ; divisor_frecuencia:INST_DIVISOR|reloj_1hz_reg ;
;  HEX0_D[3]   ; divisor_frecuencia:INST_DIVISOR|reloj_1hz_reg ; 5.817 ; 5.721 ; Rise       ; divisor_frecuencia:INST_DIVISOR|reloj_1hz_reg ;
;  HEX0_D[4]   ; divisor_frecuencia:INST_DIVISOR|reloj_1hz_reg ; 5.983 ; 5.801 ; Rise       ; divisor_frecuencia:INST_DIVISOR|reloj_1hz_reg ;
;  HEX0_D[5]   ; divisor_frecuencia:INST_DIVISOR|reloj_1hz_reg ; 6.044 ; 5.872 ; Rise       ; divisor_frecuencia:INST_DIVISOR|reloj_1hz_reg ;
;  HEX0_D[6]   ; divisor_frecuencia:INST_DIVISOR|reloj_1hz_reg ; 5.891 ; 5.985 ; Rise       ; divisor_frecuencia:INST_DIVISOR|reloj_1hz_reg ;
; HEX1_D[*]    ; divisor_frecuencia:INST_DIVISOR|reloj_1hz_reg ; 5.579 ; 5.631 ; Rise       ; divisor_frecuencia:INST_DIVISOR|reloj_1hz_reg ;
;  HEX1_D[0]   ; divisor_frecuencia:INST_DIVISOR|reloj_1hz_reg ; 6.856 ; 6.745 ; Rise       ; divisor_frecuencia:INST_DIVISOR|reloj_1hz_reg ;
;  HEX1_D[2]   ; divisor_frecuencia:INST_DIVISOR|reloj_1hz_reg ; 6.628 ; 6.511 ; Rise       ; divisor_frecuencia:INST_DIVISOR|reloj_1hz_reg ;
;  HEX1_D[3]   ; divisor_frecuencia:INST_DIVISOR|reloj_1hz_reg ; 6.854 ; 6.741 ; Rise       ; divisor_frecuencia:INST_DIVISOR|reloj_1hz_reg ;
;  HEX1_D[4]   ; divisor_frecuencia:INST_DIVISOR|reloj_1hz_reg ; 5.846 ; 5.785 ; Rise       ; divisor_frecuencia:INST_DIVISOR|reloj_1hz_reg ;
;  HEX1_D[5]   ; divisor_frecuencia:INST_DIVISOR|reloj_1hz_reg ; 6.388 ; 6.276 ; Rise       ; divisor_frecuencia:INST_DIVISOR|reloj_1hz_reg ;
;  HEX1_D[6]   ; divisor_frecuencia:INST_DIVISOR|reloj_1hz_reg ; 5.579 ; 5.631 ; Rise       ; divisor_frecuencia:INST_DIVISOR|reloj_1hz_reg ;
; HEX2_D[*]    ; divisor_frecuencia:INST_DIVISOR|reloj_1hz_reg ; 6.079 ; 5.999 ; Rise       ; divisor_frecuencia:INST_DIVISOR|reloj_1hz_reg ;
;  HEX2_D[0]   ; divisor_frecuencia:INST_DIVISOR|reloj_1hz_reg ; 6.079 ; 5.999 ; Rise       ; divisor_frecuencia:INST_DIVISOR|reloj_1hz_reg ;
;  HEX2_D[1]   ; divisor_frecuencia:INST_DIVISOR|reloj_1hz_reg ; 6.278 ; 6.190 ; Rise       ; divisor_frecuencia:INST_DIVISOR|reloj_1hz_reg ;
;  HEX2_D[2]   ; divisor_frecuencia:INST_DIVISOR|reloj_1hz_reg ; 6.346 ; 6.215 ; Rise       ; divisor_frecuencia:INST_DIVISOR|reloj_1hz_reg ;
;  HEX2_D[3]   ; divisor_frecuencia:INST_DIVISOR|reloj_1hz_reg ; 6.100 ; 6.035 ; Rise       ; divisor_frecuencia:INST_DIVISOR|reloj_1hz_reg ;
;  HEX2_D[4]   ; divisor_frecuencia:INST_DIVISOR|reloj_1hz_reg ; 6.113 ; 6.072 ; Rise       ; divisor_frecuencia:INST_DIVISOR|reloj_1hz_reg ;
;  HEX2_D[5]   ; divisor_frecuencia:INST_DIVISOR|reloj_1hz_reg ; 6.301 ; 6.245 ; Rise       ; divisor_frecuencia:INST_DIVISOR|reloj_1hz_reg ;
;  HEX2_D[6]   ; divisor_frecuencia:INST_DIVISOR|reloj_1hz_reg ; 6.335 ; 6.488 ; Rise       ; divisor_frecuencia:INST_DIVISOR|reloj_1hz_reg ;
; HEX3_D[*]    ; divisor_frecuencia:INST_DIVISOR|reloj_1hz_reg ; 5.786 ; 5.873 ; Rise       ; divisor_frecuencia:INST_DIVISOR|reloj_1hz_reg ;
;  HEX3_D[0]   ; divisor_frecuencia:INST_DIVISOR|reloj_1hz_reg ; 5.966 ; 5.873 ; Rise       ; divisor_frecuencia:INST_DIVISOR|reloj_1hz_reg ;
;  HEX3_D[1]   ; divisor_frecuencia:INST_DIVISOR|reloj_1hz_reg ; 6.348 ; 6.288 ; Rise       ; divisor_frecuencia:INST_DIVISOR|reloj_1hz_reg ;
;  HEX3_D[2]   ; divisor_frecuencia:INST_DIVISOR|reloj_1hz_reg ; 6.437 ; 6.233 ; Rise       ; divisor_frecuencia:INST_DIVISOR|reloj_1hz_reg ;
;  HEX3_D[3]   ; divisor_frecuencia:INST_DIVISOR|reloj_1hz_reg ; 6.066 ; 6.016 ; Rise       ; divisor_frecuencia:INST_DIVISOR|reloj_1hz_reg ;
;  HEX3_D[4]   ; divisor_frecuencia:INST_DIVISOR|reloj_1hz_reg ; 6.286 ; 6.285 ; Rise       ; divisor_frecuencia:INST_DIVISOR|reloj_1hz_reg ;
;  HEX3_D[5]   ; divisor_frecuencia:INST_DIVISOR|reloj_1hz_reg ; 6.137 ; 6.109 ; Rise       ; divisor_frecuencia:INST_DIVISOR|reloj_1hz_reg ;
;  HEX3_D[6]   ; divisor_frecuencia:INST_DIVISOR|reloj_1hz_reg ; 5.786 ; 5.975 ; Rise       ; divisor_frecuencia:INST_DIVISOR|reloj_1hz_reg ;
; alarma       ; divisor_frecuencia:INST_DIVISOR|reloj_1hz_reg ; 7.075 ; 7.067 ; Rise       ; divisor_frecuencia:INST_DIVISOR|reloj_1hz_reg ;
+--------------+-----------------------------------------------+-------+-------+------------+-----------------------------------------------+


---------------------------------------------
; Slow 1200mV 0C Model Metastability Report ;
---------------------------------------------
No synchronizer chains to report.


+------------------------------------------------------------------------+
; Fast 1200mV 0C Model Setup Summary                                     ;
+-----------------------------------------------+--------+---------------+
; Clock                                         ; Slack  ; End Point TNS ;
+-----------------------------------------------+--------+---------------+
; CLOCK_50                                      ; -1.337 ; -46.706       ;
; divisor_frecuencia:INST_DIVISOR|reloj_1hz_reg ; -0.295 ; -2.654        ;
+-----------------------------------------------+--------+---------------+


+------------------------------------------------------------------------+
; Fast 1200mV 0C Model Hold Summary                                      ;
+-----------------------------------------------+--------+---------------+
; Clock                                         ; Slack  ; End Point TNS ;
+-----------------------------------------------+--------+---------------+
; CLOCK_50                                      ; -0.117 ; -0.117        ;
; divisor_frecuencia:INST_DIVISOR|reloj_1hz_reg ; 0.155  ; 0.000         ;
+-----------------------------------------------+--------+---------------+


+-----------------------------------------------------------------------+
; Fast 1200mV 0C Model Recovery Summary                                 ;
+-----------------------------------------------+-------+---------------+
; Clock                                         ; Slack ; End Point TNS ;
+-----------------------------------------------+-------+---------------+
; divisor_frecuencia:INST_DIVISOR|reloj_1hz_reg ; 0.036 ; 0.000         ;
+-----------------------------------------------+-------+---------------+


+-----------------------------------------------------------------------+
; Fast 1200mV 0C Model Removal Summary                                  ;
+-----------------------------------------------+-------+---------------+
; Clock                                         ; Slack ; End Point TNS ;
+-----------------------------------------------+-------+---------------+
; divisor_frecuencia:INST_DIVISOR|reloj_1hz_reg ; 0.378 ; 0.000         ;
+-----------------------------------------------+-------+---------------+


+------------------------------------------------------------------------+
; Fast 1200mV 0C Model Minimum Pulse Width Summary                       ;
+-----------------------------------------------+--------+---------------+
; Clock                                         ; Slack  ; End Point TNS ;
+-----------------------------------------------+--------+---------------+
; CLOCK_50                                      ; -3.000 ; -71.695       ;
; divisor_frecuencia:INST_DIVISOR|reloj_1hz_reg ; -1.000 ; -15.000       ;
+-----------------------------------------------+--------+---------------+


+----------------------------------------------------------------------------------------------------------------------------------------------------------------------------------------------------------------------------+
; Fast 1200mV 0C Model Setup: 'CLOCK_50'                                                                                                                                                                                     ;
+--------+----------------------------------------------------------------------+----------------------------------------------------------------------+--------------+-------------+--------------+------------+------------+
; Slack  ; From Node                                                            ; To Node                                                              ; Launch Clock ; Latch Clock ; Relationship ; Clock Skew ; Data Delay ;
+--------+----------------------------------------------------------------------+----------------------------------------------------------------------+--------------+-------------+--------------+------------+------------+
; -1.337 ; divisor_frecuencia:INST_DIVISOR|contador_ciclos[20]                  ; divisor_frecuencia:INST_DIVISOR|reloj_1hz_reg                        ; CLOCK_50     ; CLOCK_50    ; 1.000        ; -0.036     ; 2.288      ;
; -1.306 ; divisor_frecuencia:INST_DIVISOR|contador_ciclos[18]                  ; divisor_frecuencia:INST_DIVISOR|reloj_1hz_reg                        ; CLOCK_50     ; CLOCK_50    ; 1.000        ; -0.036     ; 2.257      ;
; -1.303 ; divisor_frecuencia:INST_DIVISOR|contador_ciclos[19]                  ; divisor_frecuencia:INST_DIVISOR|reloj_1hz_reg                        ; CLOCK_50     ; CLOCK_50    ; 1.000        ; -0.036     ; 2.254      ;
; -1.247 ; divisor_frecuencia:INST_DIVISOR|contador_ciclos[21]                  ; divisor_frecuencia:INST_DIVISOR|reloj_1hz_reg                        ; CLOCK_50     ; CLOCK_50    ; 1.000        ; -0.036     ; 2.198      ;
; -1.201 ; divisor_frecuencia:INST_DIVISOR|contador_ciclos[25]                  ; divisor_frecuencia:INST_DIVISOR|reloj_1hz_reg                        ; CLOCK_50     ; CLOCK_50    ; 1.000        ; -0.036     ; 2.152      ;
; -1.186 ; divisor_frecuencia:INST_DIVISOR|contador_ciclos[15]                  ; divisor_frecuencia:INST_DIVISOR|reloj_1hz_reg                        ; CLOCK_50     ; CLOCK_50    ; 1.000        ; -0.036     ; 2.137      ;
; -1.184 ; detector_ocupacion:INST_DETECTOR_OCUPACION|contador_felicitacion[8]  ; detector_ocupacion:INST_DETECTOR_OCUPACION|contador_felicitacion[0]  ; CLOCK_50     ; CLOCK_50    ; 1.000        ; -0.035     ; 2.136      ;
; -1.184 ; detector_ocupacion:INST_DETECTOR_OCUPACION|contador_felicitacion[8]  ; detector_ocupacion:INST_DETECTOR_OCUPACION|contador_felicitacion[1]  ; CLOCK_50     ; CLOCK_50    ; 1.000        ; -0.035     ; 2.136      ;
; -1.184 ; detector_ocupacion:INST_DETECTOR_OCUPACION|contador_felicitacion[8]  ; detector_ocupacion:INST_DETECTOR_OCUPACION|contador_felicitacion[2]  ; CLOCK_50     ; CLOCK_50    ; 1.000        ; -0.035     ; 2.136      ;
; -1.184 ; detector_ocupacion:INST_DETECTOR_OCUPACION|contador_felicitacion[8]  ; detector_ocupacion:INST_DETECTOR_OCUPACION|contador_felicitacion[3]  ; CLOCK_50     ; CLOCK_50    ; 1.000        ; -0.035     ; 2.136      ;
; -1.184 ; detector_ocupacion:INST_DETECTOR_OCUPACION|contador_felicitacion[8]  ; detector_ocupacion:INST_DETECTOR_OCUPACION|contador_felicitacion[4]  ; CLOCK_50     ; CLOCK_50    ; 1.000        ; -0.035     ; 2.136      ;
; -1.184 ; detector_ocupacion:INST_DETECTOR_OCUPACION|contador_felicitacion[8]  ; detector_ocupacion:INST_DETECTOR_OCUPACION|contador_felicitacion[5]  ; CLOCK_50     ; CLOCK_50    ; 1.000        ; -0.035     ; 2.136      ;
; -1.184 ; detector_ocupacion:INST_DETECTOR_OCUPACION|contador_felicitacion[8]  ; detector_ocupacion:INST_DETECTOR_OCUPACION|contador_felicitacion[6]  ; CLOCK_50     ; CLOCK_50    ; 1.000        ; -0.035     ; 2.136      ;
; -1.184 ; detector_ocupacion:INST_DETECTOR_OCUPACION|contador_felicitacion[8]  ; detector_ocupacion:INST_DETECTOR_OCUPACION|contador_felicitacion[7]  ; CLOCK_50     ; CLOCK_50    ; 1.000        ; -0.035     ; 2.136      ;
; -1.184 ; detector_ocupacion:INST_DETECTOR_OCUPACION|contador_felicitacion[8]  ; detector_ocupacion:INST_DETECTOR_OCUPACION|contador_felicitacion[8]  ; CLOCK_50     ; CLOCK_50    ; 1.000        ; -0.035     ; 2.136      ;
; -1.184 ; detector_ocupacion:INST_DETECTOR_OCUPACION|contador_felicitacion[8]  ; detector_ocupacion:INST_DETECTOR_OCUPACION|contador_felicitacion[9]  ; CLOCK_50     ; CLOCK_50    ; 1.000        ; -0.035     ; 2.136      ;
; -1.184 ; detector_ocupacion:INST_DETECTOR_OCUPACION|contador_felicitacion[8]  ; detector_ocupacion:INST_DETECTOR_OCUPACION|contador_felicitacion[10] ; CLOCK_50     ; CLOCK_50    ; 1.000        ; -0.035     ; 2.136      ;
; -1.184 ; detector_ocupacion:INST_DETECTOR_OCUPACION|contador_felicitacion[8]  ; detector_ocupacion:INST_DETECTOR_OCUPACION|contador_felicitacion[11] ; CLOCK_50     ; CLOCK_50    ; 1.000        ; -0.035     ; 2.136      ;
; -1.184 ; detector_ocupacion:INST_DETECTOR_OCUPACION|contador_felicitacion[8]  ; detector_ocupacion:INST_DETECTOR_OCUPACION|contador_felicitacion[12] ; CLOCK_50     ; CLOCK_50    ; 1.000        ; -0.035     ; 2.136      ;
; -1.184 ; detector_ocupacion:INST_DETECTOR_OCUPACION|contador_felicitacion[8]  ; detector_ocupacion:INST_DETECTOR_OCUPACION|contador_felicitacion[13] ; CLOCK_50     ; CLOCK_50    ; 1.000        ; -0.035     ; 2.136      ;
; -1.182 ; divisor_frecuencia:INST_DIVISOR|contador_ciclos[10]                  ; divisor_frecuencia:INST_DIVISOR|reloj_1hz_reg                        ; CLOCK_50     ; CLOCK_50    ; 1.000        ; -0.032     ; 2.137      ;
; -1.172 ; divisor_frecuencia:INST_DIVISOR|contador_ciclos[11]                  ; divisor_frecuencia:INST_DIVISOR|reloj_1hz_reg                        ; CLOCK_50     ; CLOCK_50    ; 1.000        ; -0.032     ; 2.127      ;
; -1.169 ; divisor_frecuencia:INST_DIVISOR|contador_ciclos[2]                   ; divisor_frecuencia:INST_DIVISOR|reloj_1hz_reg                        ; CLOCK_50     ; CLOCK_50    ; 1.000        ; -0.032     ; 2.124      ;
; -1.162 ; divisor_frecuencia:INST_DIVISOR|contador_ciclos[22]                  ; divisor_frecuencia:INST_DIVISOR|reloj_1hz_reg                        ; CLOCK_50     ; CLOCK_50    ; 1.000        ; -0.036     ; 2.113      ;
; -1.148 ; divisor_frecuencia:INST_DIVISOR|contador_ciclos[24]                  ; divisor_frecuencia:INST_DIVISOR|reloj_1hz_reg                        ; CLOCK_50     ; CLOCK_50    ; 1.000        ; -0.036     ; 2.099      ;
; -1.146 ; divisor_frecuencia:INST_DIVISOR|contador_ciclos[14]                  ; divisor_frecuencia:INST_DIVISOR|reloj_1hz_reg                        ; CLOCK_50     ; CLOCK_50    ; 1.000        ; -0.036     ; 2.097      ;
; -1.114 ; detector_ocupacion:INST_DETECTOR_OCUPACION|contador_felicitacion[7]  ; detector_ocupacion:INST_DETECTOR_OCUPACION|contador_felicitacion[0]  ; CLOCK_50     ; CLOCK_50    ; 1.000        ; -0.035     ; 2.066      ;
; -1.114 ; detector_ocupacion:INST_DETECTOR_OCUPACION|contador_felicitacion[7]  ; detector_ocupacion:INST_DETECTOR_OCUPACION|contador_felicitacion[1]  ; CLOCK_50     ; CLOCK_50    ; 1.000        ; -0.035     ; 2.066      ;
; -1.114 ; detector_ocupacion:INST_DETECTOR_OCUPACION|contador_felicitacion[7]  ; detector_ocupacion:INST_DETECTOR_OCUPACION|contador_felicitacion[2]  ; CLOCK_50     ; CLOCK_50    ; 1.000        ; -0.035     ; 2.066      ;
; -1.114 ; detector_ocupacion:INST_DETECTOR_OCUPACION|contador_felicitacion[7]  ; detector_ocupacion:INST_DETECTOR_OCUPACION|contador_felicitacion[3]  ; CLOCK_50     ; CLOCK_50    ; 1.000        ; -0.035     ; 2.066      ;
; -1.114 ; detector_ocupacion:INST_DETECTOR_OCUPACION|contador_felicitacion[7]  ; detector_ocupacion:INST_DETECTOR_OCUPACION|contador_felicitacion[4]  ; CLOCK_50     ; CLOCK_50    ; 1.000        ; -0.035     ; 2.066      ;
; -1.114 ; detector_ocupacion:INST_DETECTOR_OCUPACION|contador_felicitacion[7]  ; detector_ocupacion:INST_DETECTOR_OCUPACION|contador_felicitacion[5]  ; CLOCK_50     ; CLOCK_50    ; 1.000        ; -0.035     ; 2.066      ;
; -1.114 ; detector_ocupacion:INST_DETECTOR_OCUPACION|contador_felicitacion[7]  ; detector_ocupacion:INST_DETECTOR_OCUPACION|contador_felicitacion[6]  ; CLOCK_50     ; CLOCK_50    ; 1.000        ; -0.035     ; 2.066      ;
; -1.114 ; detector_ocupacion:INST_DETECTOR_OCUPACION|contador_felicitacion[7]  ; detector_ocupacion:INST_DETECTOR_OCUPACION|contador_felicitacion[7]  ; CLOCK_50     ; CLOCK_50    ; 1.000        ; -0.035     ; 2.066      ;
; -1.114 ; detector_ocupacion:INST_DETECTOR_OCUPACION|contador_felicitacion[7]  ; detector_ocupacion:INST_DETECTOR_OCUPACION|contador_felicitacion[8]  ; CLOCK_50     ; CLOCK_50    ; 1.000        ; -0.035     ; 2.066      ;
; -1.114 ; detector_ocupacion:INST_DETECTOR_OCUPACION|contador_felicitacion[7]  ; detector_ocupacion:INST_DETECTOR_OCUPACION|contador_felicitacion[9]  ; CLOCK_50     ; CLOCK_50    ; 1.000        ; -0.035     ; 2.066      ;
; -1.114 ; detector_ocupacion:INST_DETECTOR_OCUPACION|contador_felicitacion[7]  ; detector_ocupacion:INST_DETECTOR_OCUPACION|contador_felicitacion[10] ; CLOCK_50     ; CLOCK_50    ; 1.000        ; -0.035     ; 2.066      ;
; -1.114 ; detector_ocupacion:INST_DETECTOR_OCUPACION|contador_felicitacion[7]  ; detector_ocupacion:INST_DETECTOR_OCUPACION|contador_felicitacion[11] ; CLOCK_50     ; CLOCK_50    ; 1.000        ; -0.035     ; 2.066      ;
; -1.114 ; detector_ocupacion:INST_DETECTOR_OCUPACION|contador_felicitacion[7]  ; detector_ocupacion:INST_DETECTOR_OCUPACION|contador_felicitacion[12] ; CLOCK_50     ; CLOCK_50    ; 1.000        ; -0.035     ; 2.066      ;
; -1.114 ; detector_ocupacion:INST_DETECTOR_OCUPACION|contador_felicitacion[7]  ; detector_ocupacion:INST_DETECTOR_OCUPACION|contador_felicitacion[13] ; CLOCK_50     ; CLOCK_50    ; 1.000        ; -0.035     ; 2.066      ;
; -1.077 ; divisor_frecuencia:INST_DIVISOR|contador_ciclos[16]                  ; divisor_frecuencia:INST_DIVISOR|reloj_1hz_reg                        ; CLOCK_50     ; CLOCK_50    ; 1.000        ; -0.036     ; 2.028      ;
; -1.070 ; divisor_frecuencia:INST_DIVISOR|contador_ciclos[8]                   ; divisor_frecuencia:INST_DIVISOR|reloj_1hz_reg                        ; CLOCK_50     ; CLOCK_50    ; 1.000        ; -0.032     ; 2.025      ;
; -1.066 ; detector_ocupacion:INST_DETECTOR_OCUPACION|contador_felicitacion[8]  ; detector_ocupacion:INST_DETECTOR_OCUPACION|contador_felicitacion[15] ; CLOCK_50     ; CLOCK_50    ; 1.000        ; -0.031     ; 2.022      ;
; -1.066 ; detector_ocupacion:INST_DETECTOR_OCUPACION|contador_felicitacion[8]  ; detector_ocupacion:INST_DETECTOR_OCUPACION|contador_felicitacion[14] ; CLOCK_50     ; CLOCK_50    ; 1.000        ; -0.031     ; 2.022      ;
; -1.066 ; detector_ocupacion:INST_DETECTOR_OCUPACION|contador_felicitacion[8]  ; detector_ocupacion:INST_DETECTOR_OCUPACION|contador_felicitacion[16] ; CLOCK_50     ; CLOCK_50    ; 1.000        ; -0.031     ; 2.022      ;
; -1.066 ; detector_ocupacion:INST_DETECTOR_OCUPACION|contador_felicitacion[8]  ; detector_ocupacion:INST_DETECTOR_OCUPACION|contador_felicitacion[19] ; CLOCK_50     ; CLOCK_50    ; 1.000        ; -0.031     ; 2.022      ;
; -1.066 ; detector_ocupacion:INST_DETECTOR_OCUPACION|contador_felicitacion[8]  ; detector_ocupacion:INST_DETECTOR_OCUPACION|contador_felicitacion[18] ; CLOCK_50     ; CLOCK_50    ; 1.000        ; -0.031     ; 2.022      ;
; -1.066 ; detector_ocupacion:INST_DETECTOR_OCUPACION|contador_felicitacion[8]  ; detector_ocupacion:INST_DETECTOR_OCUPACION|contador_felicitacion[25] ; CLOCK_50     ; CLOCK_50    ; 1.000        ; -0.031     ; 2.022      ;
; -1.066 ; detector_ocupacion:INST_DETECTOR_OCUPACION|contador_felicitacion[8]  ; detector_ocupacion:INST_DETECTOR_OCUPACION|contador_felicitacion[20] ; CLOCK_50     ; CLOCK_50    ; 1.000        ; -0.031     ; 2.022      ;
; -1.066 ; detector_ocupacion:INST_DETECTOR_OCUPACION|contador_felicitacion[8]  ; detector_ocupacion:INST_DETECTOR_OCUPACION|contador_felicitacion[21] ; CLOCK_50     ; CLOCK_50    ; 1.000        ; -0.031     ; 2.022      ;
; -1.066 ; detector_ocupacion:INST_DETECTOR_OCUPACION|contador_felicitacion[8]  ; detector_ocupacion:INST_DETECTOR_OCUPACION|contador_felicitacion[22] ; CLOCK_50     ; CLOCK_50    ; 1.000        ; -0.031     ; 2.022      ;
; -1.066 ; detector_ocupacion:INST_DETECTOR_OCUPACION|contador_felicitacion[8]  ; detector_ocupacion:INST_DETECTOR_OCUPACION|contador_felicitacion[23] ; CLOCK_50     ; CLOCK_50    ; 1.000        ; -0.031     ; 2.022      ;
; -1.066 ; detector_ocupacion:INST_DETECTOR_OCUPACION|contador_felicitacion[8]  ; detector_ocupacion:INST_DETECTOR_OCUPACION|contador_felicitacion[24] ; CLOCK_50     ; CLOCK_50    ; 1.000        ; -0.031     ; 2.022      ;
; -1.066 ; detector_ocupacion:INST_DETECTOR_OCUPACION|contador_felicitacion[8]  ; detector_ocupacion:INST_DETECTOR_OCUPACION|contador_felicitacion[26] ; CLOCK_50     ; CLOCK_50    ; 1.000        ; -0.031     ; 2.022      ;
; -1.066 ; detector_ocupacion:INST_DETECTOR_OCUPACION|contador_felicitacion[8]  ; detector_ocupacion:INST_DETECTOR_OCUPACION|contador_felicitacion[27] ; CLOCK_50     ; CLOCK_50    ; 1.000        ; -0.031     ; 2.022      ;
; -1.066 ; detector_ocupacion:INST_DETECTOR_OCUPACION|contador_felicitacion[8]  ; detector_ocupacion:INST_DETECTOR_OCUPACION|contador_felicitacion[17] ; CLOCK_50     ; CLOCK_50    ; 1.000        ; -0.031     ; 2.022      ;
; -1.066 ; divisor_frecuencia:INST_DIVISOR|contador_ciclos[6]                   ; divisor_frecuencia:INST_DIVISOR|reloj_1hz_reg                        ; CLOCK_50     ; CLOCK_50    ; 1.000        ; -0.032     ; 2.021      ;
; -1.059 ; divisor_frecuencia:INST_DIVISOR|contador_ciclos[7]                   ; divisor_frecuencia:INST_DIVISOR|reloj_1hz_reg                        ; CLOCK_50     ; CLOCK_50    ; 1.000        ; -0.032     ; 2.014      ;
; -1.046 ; divisor_frecuencia:INST_DIVISOR|contador_ciclos[23]                  ; divisor_frecuencia:INST_DIVISOR|reloj_1hz_reg                        ; CLOCK_50     ; CLOCK_50    ; 1.000        ; -0.036     ; 1.997      ;
; -1.041 ; detector_ocupacion:INST_DETECTOR_OCUPACION|contador_felicitacion[13] ; detector_ocupacion:INST_DETECTOR_OCUPACION|contador_felicitacion[0]  ; CLOCK_50     ; CLOCK_50    ; 1.000        ; -0.035     ; 1.993      ;
; -1.041 ; detector_ocupacion:INST_DETECTOR_OCUPACION|contador_felicitacion[13] ; detector_ocupacion:INST_DETECTOR_OCUPACION|contador_felicitacion[1]  ; CLOCK_50     ; CLOCK_50    ; 1.000        ; -0.035     ; 1.993      ;
; -1.041 ; detector_ocupacion:INST_DETECTOR_OCUPACION|contador_felicitacion[13] ; detector_ocupacion:INST_DETECTOR_OCUPACION|contador_felicitacion[2]  ; CLOCK_50     ; CLOCK_50    ; 1.000        ; -0.035     ; 1.993      ;
; -1.041 ; detector_ocupacion:INST_DETECTOR_OCUPACION|contador_felicitacion[13] ; detector_ocupacion:INST_DETECTOR_OCUPACION|contador_felicitacion[3]  ; CLOCK_50     ; CLOCK_50    ; 1.000        ; -0.035     ; 1.993      ;
; -1.041 ; detector_ocupacion:INST_DETECTOR_OCUPACION|contador_felicitacion[13] ; detector_ocupacion:INST_DETECTOR_OCUPACION|contador_felicitacion[4]  ; CLOCK_50     ; CLOCK_50    ; 1.000        ; -0.035     ; 1.993      ;
; -1.041 ; detector_ocupacion:INST_DETECTOR_OCUPACION|contador_felicitacion[13] ; detector_ocupacion:INST_DETECTOR_OCUPACION|contador_felicitacion[5]  ; CLOCK_50     ; CLOCK_50    ; 1.000        ; -0.035     ; 1.993      ;
; -1.041 ; detector_ocupacion:INST_DETECTOR_OCUPACION|contador_felicitacion[13] ; detector_ocupacion:INST_DETECTOR_OCUPACION|contador_felicitacion[6]  ; CLOCK_50     ; CLOCK_50    ; 1.000        ; -0.035     ; 1.993      ;
; -1.041 ; detector_ocupacion:INST_DETECTOR_OCUPACION|contador_felicitacion[13] ; detector_ocupacion:INST_DETECTOR_OCUPACION|contador_felicitacion[7]  ; CLOCK_50     ; CLOCK_50    ; 1.000        ; -0.035     ; 1.993      ;
; -1.041 ; detector_ocupacion:INST_DETECTOR_OCUPACION|contador_felicitacion[13] ; detector_ocupacion:INST_DETECTOR_OCUPACION|contador_felicitacion[8]  ; CLOCK_50     ; CLOCK_50    ; 1.000        ; -0.035     ; 1.993      ;
; -1.041 ; detector_ocupacion:INST_DETECTOR_OCUPACION|contador_felicitacion[13] ; detector_ocupacion:INST_DETECTOR_OCUPACION|contador_felicitacion[9]  ; CLOCK_50     ; CLOCK_50    ; 1.000        ; -0.035     ; 1.993      ;
; -1.041 ; detector_ocupacion:INST_DETECTOR_OCUPACION|contador_felicitacion[13] ; detector_ocupacion:INST_DETECTOR_OCUPACION|contador_felicitacion[10] ; CLOCK_50     ; CLOCK_50    ; 1.000        ; -0.035     ; 1.993      ;
; -1.041 ; detector_ocupacion:INST_DETECTOR_OCUPACION|contador_felicitacion[13] ; detector_ocupacion:INST_DETECTOR_OCUPACION|contador_felicitacion[11] ; CLOCK_50     ; CLOCK_50    ; 1.000        ; -0.035     ; 1.993      ;
; -1.041 ; detector_ocupacion:INST_DETECTOR_OCUPACION|contador_felicitacion[13] ; detector_ocupacion:INST_DETECTOR_OCUPACION|contador_felicitacion[12] ; CLOCK_50     ; CLOCK_50    ; 1.000        ; -0.035     ; 1.993      ;
; -1.041 ; detector_ocupacion:INST_DETECTOR_OCUPACION|contador_felicitacion[13] ; detector_ocupacion:INST_DETECTOR_OCUPACION|contador_felicitacion[13] ; CLOCK_50     ; CLOCK_50    ; 1.000        ; -0.035     ; 1.993      ;
; -1.033 ; divisor_frecuencia:INST_DIVISOR|contador_ciclos[17]                  ; divisor_frecuencia:INST_DIVISOR|reloj_1hz_reg                        ; CLOCK_50     ; CLOCK_50    ; 1.000        ; -0.036     ; 1.984      ;
; -1.031 ; divisor_frecuencia:INST_DIVISOR|contador_ciclos[4]                   ; divisor_frecuencia:INST_DIVISOR|reloj_1hz_reg                        ; CLOCK_50     ; CLOCK_50    ; 1.000        ; -0.032     ; 1.986      ;
; -1.016 ; detector_ocupacion:INST_DETECTOR_OCUPACION|contador_felicitacion[9]  ; detector_ocupacion:INST_DETECTOR_OCUPACION|contador_felicitacion[0]  ; CLOCK_50     ; CLOCK_50    ; 1.000        ; -0.035     ; 1.968      ;
; -1.016 ; detector_ocupacion:INST_DETECTOR_OCUPACION|contador_felicitacion[9]  ; detector_ocupacion:INST_DETECTOR_OCUPACION|contador_felicitacion[1]  ; CLOCK_50     ; CLOCK_50    ; 1.000        ; -0.035     ; 1.968      ;
; -1.016 ; detector_ocupacion:INST_DETECTOR_OCUPACION|contador_felicitacion[9]  ; detector_ocupacion:INST_DETECTOR_OCUPACION|contador_felicitacion[2]  ; CLOCK_50     ; CLOCK_50    ; 1.000        ; -0.035     ; 1.968      ;
; -1.016 ; detector_ocupacion:INST_DETECTOR_OCUPACION|contador_felicitacion[9]  ; detector_ocupacion:INST_DETECTOR_OCUPACION|contador_felicitacion[3]  ; CLOCK_50     ; CLOCK_50    ; 1.000        ; -0.035     ; 1.968      ;
; -1.016 ; detector_ocupacion:INST_DETECTOR_OCUPACION|contador_felicitacion[9]  ; detector_ocupacion:INST_DETECTOR_OCUPACION|contador_felicitacion[4]  ; CLOCK_50     ; CLOCK_50    ; 1.000        ; -0.035     ; 1.968      ;
; -1.016 ; detector_ocupacion:INST_DETECTOR_OCUPACION|contador_felicitacion[9]  ; detector_ocupacion:INST_DETECTOR_OCUPACION|contador_felicitacion[5]  ; CLOCK_50     ; CLOCK_50    ; 1.000        ; -0.035     ; 1.968      ;
; -1.016 ; detector_ocupacion:INST_DETECTOR_OCUPACION|contador_felicitacion[9]  ; detector_ocupacion:INST_DETECTOR_OCUPACION|contador_felicitacion[6]  ; CLOCK_50     ; CLOCK_50    ; 1.000        ; -0.035     ; 1.968      ;
; -1.016 ; detector_ocupacion:INST_DETECTOR_OCUPACION|contador_felicitacion[9]  ; detector_ocupacion:INST_DETECTOR_OCUPACION|contador_felicitacion[7]  ; CLOCK_50     ; CLOCK_50    ; 1.000        ; -0.035     ; 1.968      ;
; -1.016 ; detector_ocupacion:INST_DETECTOR_OCUPACION|contador_felicitacion[9]  ; detector_ocupacion:INST_DETECTOR_OCUPACION|contador_felicitacion[8]  ; CLOCK_50     ; CLOCK_50    ; 1.000        ; -0.035     ; 1.968      ;
; -1.016 ; detector_ocupacion:INST_DETECTOR_OCUPACION|contador_felicitacion[9]  ; detector_ocupacion:INST_DETECTOR_OCUPACION|contador_felicitacion[9]  ; CLOCK_50     ; CLOCK_50    ; 1.000        ; -0.035     ; 1.968      ;
; -1.016 ; detector_ocupacion:INST_DETECTOR_OCUPACION|contador_felicitacion[9]  ; detector_ocupacion:INST_DETECTOR_OCUPACION|contador_felicitacion[10] ; CLOCK_50     ; CLOCK_50    ; 1.000        ; -0.035     ; 1.968      ;
; -1.016 ; detector_ocupacion:INST_DETECTOR_OCUPACION|contador_felicitacion[9]  ; detector_ocupacion:INST_DETECTOR_OCUPACION|contador_felicitacion[11] ; CLOCK_50     ; CLOCK_50    ; 1.000        ; -0.035     ; 1.968      ;
; -1.016 ; detector_ocupacion:INST_DETECTOR_OCUPACION|contador_felicitacion[9]  ; detector_ocupacion:INST_DETECTOR_OCUPACION|contador_felicitacion[12] ; CLOCK_50     ; CLOCK_50    ; 1.000        ; -0.035     ; 1.968      ;
; -1.016 ; detector_ocupacion:INST_DETECTOR_OCUPACION|contador_felicitacion[9]  ; detector_ocupacion:INST_DETECTOR_OCUPACION|contador_felicitacion[13] ; CLOCK_50     ; CLOCK_50    ; 1.000        ; -0.035     ; 1.968      ;
; -1.000 ; detector_ocupacion:INST_DETECTOR_OCUPACION|contador_felicitacion[12] ; detector_ocupacion:INST_DETECTOR_OCUPACION|contador_felicitacion[0]  ; CLOCK_50     ; CLOCK_50    ; 1.000        ; -0.035     ; 1.952      ;
; -1.000 ; detector_ocupacion:INST_DETECTOR_OCUPACION|contador_felicitacion[12] ; detector_ocupacion:INST_DETECTOR_OCUPACION|contador_felicitacion[1]  ; CLOCK_50     ; CLOCK_50    ; 1.000        ; -0.035     ; 1.952      ;
; -1.000 ; detector_ocupacion:INST_DETECTOR_OCUPACION|contador_felicitacion[12] ; detector_ocupacion:INST_DETECTOR_OCUPACION|contador_felicitacion[2]  ; CLOCK_50     ; CLOCK_50    ; 1.000        ; -0.035     ; 1.952      ;
; -1.000 ; detector_ocupacion:INST_DETECTOR_OCUPACION|contador_felicitacion[12] ; detector_ocupacion:INST_DETECTOR_OCUPACION|contador_felicitacion[3]  ; CLOCK_50     ; CLOCK_50    ; 1.000        ; -0.035     ; 1.952      ;
; -1.000 ; detector_ocupacion:INST_DETECTOR_OCUPACION|contador_felicitacion[12] ; detector_ocupacion:INST_DETECTOR_OCUPACION|contador_felicitacion[4]  ; CLOCK_50     ; CLOCK_50    ; 1.000        ; -0.035     ; 1.952      ;
; -1.000 ; detector_ocupacion:INST_DETECTOR_OCUPACION|contador_felicitacion[12] ; detector_ocupacion:INST_DETECTOR_OCUPACION|contador_felicitacion[5]  ; CLOCK_50     ; CLOCK_50    ; 1.000        ; -0.035     ; 1.952      ;
; -1.000 ; detector_ocupacion:INST_DETECTOR_OCUPACION|contador_felicitacion[12] ; detector_ocupacion:INST_DETECTOR_OCUPACION|contador_felicitacion[6]  ; CLOCK_50     ; CLOCK_50    ; 1.000        ; -0.035     ; 1.952      ;
; -1.000 ; detector_ocupacion:INST_DETECTOR_OCUPACION|contador_felicitacion[12] ; detector_ocupacion:INST_DETECTOR_OCUPACION|contador_felicitacion[7]  ; CLOCK_50     ; CLOCK_50    ; 1.000        ; -0.035     ; 1.952      ;
; -1.000 ; detector_ocupacion:INST_DETECTOR_OCUPACION|contador_felicitacion[12] ; detector_ocupacion:INST_DETECTOR_OCUPACION|contador_felicitacion[8]  ; CLOCK_50     ; CLOCK_50    ; 1.000        ; -0.035     ; 1.952      ;
; -1.000 ; detector_ocupacion:INST_DETECTOR_OCUPACION|contador_felicitacion[12] ; detector_ocupacion:INST_DETECTOR_OCUPACION|contador_felicitacion[9]  ; CLOCK_50     ; CLOCK_50    ; 1.000        ; -0.035     ; 1.952      ;
; -1.000 ; detector_ocupacion:INST_DETECTOR_OCUPACION|contador_felicitacion[12] ; detector_ocupacion:INST_DETECTOR_OCUPACION|contador_felicitacion[10] ; CLOCK_50     ; CLOCK_50    ; 1.000        ; -0.035     ; 1.952      ;
+--------+----------------------------------------------------------------------+----------------------------------------------------------------------+--------------+-------------+--------------+------------+------------+


+-----------------------------------------------------------------------------------------------------------------------------------------------------------------------------------------------------------------------------------------------------------------------------------+
; Fast 1200mV 0C Model Setup: 'divisor_frecuencia:INST_DIVISOR|reloj_1hz_reg'                                                                                                                                                                                                       ;
+--------+----------------------------------------------------------------+----------------------------------------------------------------+-----------------------------------------------+-----------------------------------------------+--------------+------------+------------+
; Slack  ; From Node                                                      ; To Node                                                        ; Launch Clock                                  ; Latch Clock                                   ; Relationship ; Clock Skew ; Data Delay ;
+--------+----------------------------------------------------------------+----------------------------------------------------------------+-----------------------------------------------+-----------------------------------------------+--------------+------------+------------+
; -0.295 ; contador_tiempo_extra:INST_CONTADOR_EXTRA|contador_unidades[3] ; contador_tiempo_extra:INST_CONTADOR_EXTRA|contador_unidades[3] ; divisor_frecuencia:INST_DIVISOR|reloj_1hz_reg ; divisor_frecuencia:INST_DIVISOR|reloj_1hz_reg ; 1.000        ; -0.035     ; 1.247      ;
; -0.295 ; contador_tiempo_extra:INST_CONTADOR_EXTRA|contador_unidades[3] ; contador_tiempo_extra:INST_CONTADOR_EXTRA|contador_unidades[0] ; divisor_frecuencia:INST_DIVISOR|reloj_1hz_reg ; divisor_frecuencia:INST_DIVISOR|reloj_1hz_reg ; 1.000        ; -0.035     ; 1.247      ;
; -0.295 ; contador_tiempo_extra:INST_CONTADOR_EXTRA|contador_unidades[3] ; contador_tiempo_extra:INST_CONTADOR_EXTRA|contador_unidades[1] ; divisor_frecuencia:INST_DIVISOR|reloj_1hz_reg ; divisor_frecuencia:INST_DIVISOR|reloj_1hz_reg ; 1.000        ; -0.035     ; 1.247      ;
; -0.268 ; contador_tiempo_extra:INST_CONTADOR_EXTRA|contador_unidades[2] ; contador_tiempo_extra:INST_CONTADOR_EXTRA|contador_unidades[3] ; divisor_frecuencia:INST_DIVISOR|reloj_1hz_reg ; divisor_frecuencia:INST_DIVISOR|reloj_1hz_reg ; 1.000        ; -0.035     ; 1.220      ;
; -0.268 ; contador_tiempo_extra:INST_CONTADOR_EXTRA|contador_unidades[2] ; contador_tiempo_extra:INST_CONTADOR_EXTRA|contador_unidades[0] ; divisor_frecuencia:INST_DIVISOR|reloj_1hz_reg ; divisor_frecuencia:INST_DIVISOR|reloj_1hz_reg ; 1.000        ; -0.035     ; 1.220      ;
; -0.268 ; contador_tiempo_extra:INST_CONTADOR_EXTRA|contador_unidades[2] ; contador_tiempo_extra:INST_CONTADOR_EXTRA|contador_unidades[1] ; divisor_frecuencia:INST_DIVISOR|reloj_1hz_reg ; divisor_frecuencia:INST_DIVISOR|reloj_1hz_reg ; 1.000        ; -0.035     ; 1.220      ;
; -0.249 ; contador_tiempo_extra:INST_CONTADOR_EXTRA|contador_unidades[3] ; contador_tiempo_extra:INST_CONTADOR_EXTRA|contador_decenas[0]  ; divisor_frecuencia:INST_DIVISOR|reloj_1hz_reg ; divisor_frecuencia:INST_DIVISOR|reloj_1hz_reg ; 1.000        ; -0.030     ; 1.206      ;
; -0.247 ; contador_tiempo_extra:INST_CONTADOR_EXTRA|contador_unidades[0] ; contador_tiempo_extra:INST_CONTADOR_EXTRA|contador_unidades[3] ; divisor_frecuencia:INST_DIVISOR|reloj_1hz_reg ; divisor_frecuencia:INST_DIVISOR|reloj_1hz_reg ; 1.000        ; -0.035     ; 1.199      ;
; -0.247 ; contador_tiempo_extra:INST_CONTADOR_EXTRA|contador_unidades[0] ; contador_tiempo_extra:INST_CONTADOR_EXTRA|contador_unidades[0] ; divisor_frecuencia:INST_DIVISOR|reloj_1hz_reg ; divisor_frecuencia:INST_DIVISOR|reloj_1hz_reg ; 1.000        ; -0.035     ; 1.199      ;
; -0.247 ; contador_tiempo_extra:INST_CONTADOR_EXTRA|contador_unidades[0] ; contador_tiempo_extra:INST_CONTADOR_EXTRA|contador_unidades[1] ; divisor_frecuencia:INST_DIVISOR|reloj_1hz_reg ; divisor_frecuencia:INST_DIVISOR|reloj_1hz_reg ; 1.000        ; -0.035     ; 1.199      ;
; -0.245 ; contador_35_segundos:INST_CONTADOR_35|contador_decenas[0]      ; contador_35_segundos:INST_CONTADOR_35|fin_conteo_reg           ; divisor_frecuencia:INST_DIVISOR|reloj_1hz_reg ; divisor_frecuencia:INST_DIVISOR|reloj_1hz_reg ; 1.000        ; -0.029     ; 1.203      ;
; -0.222 ; contador_tiempo_extra:INST_CONTADOR_EXTRA|contador_unidades[2] ; contador_tiempo_extra:INST_CONTADOR_EXTRA|contador_decenas[0]  ; divisor_frecuencia:INST_DIVISOR|reloj_1hz_reg ; divisor_frecuencia:INST_DIVISOR|reloj_1hz_reg ; 1.000        ; -0.030     ; 1.179      ;
; -0.215 ; contador_tiempo_extra:INST_CONTADOR_EXTRA|contador_unidades[2] ; contador_tiempo_extra:INST_CONTADOR_EXTRA|contador_unidades[2] ; divisor_frecuencia:INST_DIVISOR|reloj_1hz_reg ; divisor_frecuencia:INST_DIVISOR|reloj_1hz_reg ; 1.000        ; -0.035     ; 1.167      ;
; -0.201 ; contador_tiempo_extra:INST_CONTADOR_EXTRA|contador_unidades[0] ; contador_tiempo_extra:INST_CONTADOR_EXTRA|contador_decenas[0]  ; divisor_frecuencia:INST_DIVISOR|reloj_1hz_reg ; divisor_frecuencia:INST_DIVISOR|reloj_1hz_reg ; 1.000        ; -0.030     ; 1.158      ;
; -0.193 ; contador_tiempo_extra:INST_CONTADOR_EXTRA|contador_decenas[1]  ; contador_tiempo_extra:INST_CONTADOR_EXTRA|contador_decenas[3]  ; divisor_frecuencia:INST_DIVISOR|reloj_1hz_reg ; divisor_frecuencia:INST_DIVISOR|reloj_1hz_reg ; 1.000        ; -0.035     ; 1.145      ;
; -0.193 ; contador_tiempo_extra:INST_CONTADOR_EXTRA|contador_decenas[1]  ; contador_tiempo_extra:INST_CONTADOR_EXTRA|contador_decenas[2]  ; divisor_frecuencia:INST_DIVISOR|reloj_1hz_reg ; divisor_frecuencia:INST_DIVISOR|reloj_1hz_reg ; 1.000        ; -0.035     ; 1.145      ;
; -0.188 ; contador_tiempo_extra:INST_CONTADOR_EXTRA|contador_decenas[1]  ; contador_tiempo_extra:INST_CONTADOR_EXTRA|contador_decenas[1]  ; divisor_frecuencia:INST_DIVISOR|reloj_1hz_reg ; divisor_frecuencia:INST_DIVISOR|reloj_1hz_reg ; 1.000        ; -0.035     ; 1.140      ;
; -0.186 ; contador_35_segundos:INST_CONTADOR_35|contador_unidades[2]     ; contador_35_segundos:INST_CONTADOR_35|fin_conteo_reg           ; divisor_frecuencia:INST_DIVISOR|reloj_1hz_reg ; divisor_frecuencia:INST_DIVISOR|reloj_1hz_reg ; 1.000        ; -0.030     ; 1.143      ;
; -0.177 ; contador_tiempo_extra:INST_CONTADOR_EXTRA|contador_unidades[3] ; contador_tiempo_extra:INST_CONTADOR_EXTRA|contador_unidades[2] ; divisor_frecuencia:INST_DIVISOR|reloj_1hz_reg ; divisor_frecuencia:INST_DIVISOR|reloj_1hz_reg ; 1.000        ; -0.035     ; 1.129      ;
; -0.148 ; contador_35_segundos:INST_CONTADOR_35|contador_unidades[2]     ; contador_35_segundos:INST_CONTADOR_35|contador_unidades[1]     ; divisor_frecuencia:INST_DIVISOR|reloj_1hz_reg ; divisor_frecuencia:INST_DIVISOR|reloj_1hz_reg ; 1.000        ; -0.036     ; 1.099      ;
; -0.148 ; contador_35_segundos:INST_CONTADOR_35|contador_unidades[2]     ; contador_35_segundos:INST_CONTADOR_35|contador_unidades[2]     ; divisor_frecuencia:INST_DIVISOR|reloj_1hz_reg ; divisor_frecuencia:INST_DIVISOR|reloj_1hz_reg ; 1.000        ; -0.036     ; 1.099      ;
; -0.146 ; contador_35_segundos:INST_CONTADOR_35|contador_unidades[2]     ; contador_35_segundos:INST_CONTADOR_35|contador_unidades[3]     ; divisor_frecuencia:INST_DIVISOR|reloj_1hz_reg ; divisor_frecuencia:INST_DIVISOR|reloj_1hz_reg ; 1.000        ; -0.036     ; 1.097      ;
; -0.133 ; contador_35_segundos:INST_CONTADOR_35|contador_decenas[1]      ; contador_35_segundos:INST_CONTADOR_35|fin_conteo_reg           ; divisor_frecuencia:INST_DIVISOR|reloj_1hz_reg ; divisor_frecuencia:INST_DIVISOR|reloj_1hz_reg ; 1.000        ; -0.030     ; 1.090      ;
; -0.131 ; contador_tiempo_extra:INST_CONTADOR_EXTRA|contador_decenas[1]  ; contador_tiempo_extra:INST_CONTADOR_EXTRA|contador_unidades[0] ; divisor_frecuencia:INST_DIVISOR|reloj_1hz_reg ; divisor_frecuencia:INST_DIVISOR|reloj_1hz_reg ; 1.000        ; -0.035     ; 1.083      ;
; -0.129 ; contador_tiempo_extra:INST_CONTADOR_EXTRA|contador_unidades[0] ; contador_tiempo_extra:INST_CONTADOR_EXTRA|contador_unidades[2] ; divisor_frecuencia:INST_DIVISOR|reloj_1hz_reg ; divisor_frecuencia:INST_DIVISOR|reloj_1hz_reg ; 1.000        ; -0.035     ; 1.081      ;
; -0.126 ; contador_tiempo_extra:INST_CONTADOR_EXTRA|contador_decenas[0]  ; contador_tiempo_extra:INST_CONTADOR_EXTRA|contador_unidades[3] ; divisor_frecuencia:INST_DIVISOR|reloj_1hz_reg ; divisor_frecuencia:INST_DIVISOR|reloj_1hz_reg ; 1.000        ; -0.041     ; 1.072      ;
; -0.126 ; contador_tiempo_extra:INST_CONTADOR_EXTRA|contador_decenas[0]  ; contador_tiempo_extra:INST_CONTADOR_EXTRA|contador_unidades[1] ; divisor_frecuencia:INST_DIVISOR|reloj_1hz_reg ; divisor_frecuencia:INST_DIVISOR|reloj_1hz_reg ; 1.000        ; -0.041     ; 1.072      ;
; -0.122 ; contador_tiempo_extra:INST_CONTADOR_EXTRA|contador_decenas[0]  ; contador_tiempo_extra:INST_CONTADOR_EXTRA|contador_unidades[2] ; divisor_frecuencia:INST_DIVISOR|reloj_1hz_reg ; divisor_frecuencia:INST_DIVISOR|reloj_1hz_reg ; 1.000        ; -0.041     ; 1.068      ;
; -0.120 ; contador_tiempo_extra:INST_CONTADOR_EXTRA|contador_unidades[1] ; contador_tiempo_extra:INST_CONTADOR_EXTRA|contador_unidades[3] ; divisor_frecuencia:INST_DIVISOR|reloj_1hz_reg ; divisor_frecuencia:INST_DIVISOR|reloj_1hz_reg ; 1.000        ; -0.035     ; 1.072      ;
; -0.120 ; contador_tiempo_extra:INST_CONTADOR_EXTRA|contador_unidades[1] ; contador_tiempo_extra:INST_CONTADOR_EXTRA|contador_unidades[0] ; divisor_frecuencia:INST_DIVISOR|reloj_1hz_reg ; divisor_frecuencia:INST_DIVISOR|reloj_1hz_reg ; 1.000        ; -0.035     ; 1.072      ;
; -0.120 ; contador_tiempo_extra:INST_CONTADOR_EXTRA|contador_unidades[1] ; contador_tiempo_extra:INST_CONTADOR_EXTRA|contador_unidades[1] ; divisor_frecuencia:INST_DIVISOR|reloj_1hz_reg ; divisor_frecuencia:INST_DIVISOR|reloj_1hz_reg ; 1.000        ; -0.035     ; 1.072      ;
; -0.109 ; contador_tiempo_extra:INST_CONTADOR_EXTRA|contador_unidades[3] ; contador_tiempo_extra:INST_CONTADOR_EXTRA|contador_decenas[3]  ; divisor_frecuencia:INST_DIVISOR|reloj_1hz_reg ; divisor_frecuencia:INST_DIVISOR|reloj_1hz_reg ; 1.000        ; -0.035     ; 1.061      ;
; -0.109 ; contador_tiempo_extra:INST_CONTADOR_EXTRA|contador_unidades[3] ; contador_tiempo_extra:INST_CONTADOR_EXTRA|contador_decenas[2]  ; divisor_frecuencia:INST_DIVISOR|reloj_1hz_reg ; divisor_frecuencia:INST_DIVISOR|reloj_1hz_reg ; 1.000        ; -0.035     ; 1.061      ;
; -0.107 ; contador_35_segundos:INST_CONTADOR_35|fin_conteo_reg           ; contador_tiempo_extra:INST_CONTADOR_EXTRA|contador_unidades[3] ; divisor_frecuencia:INST_DIVISOR|reloj_1hz_reg ; divisor_frecuencia:INST_DIVISOR|reloj_1hz_reg ; 1.000        ; -0.042     ; 1.052      ;
; -0.107 ; contador_35_segundos:INST_CONTADOR_35|fin_conteo_reg           ; contador_tiempo_extra:INST_CONTADOR_EXTRA|contador_unidades[1] ; divisor_frecuencia:INST_DIVISOR|reloj_1hz_reg ; divisor_frecuencia:INST_DIVISOR|reloj_1hz_reg ; 1.000        ; -0.042     ; 1.052      ;
; -0.106 ; contador_35_segundos:INST_CONTADOR_35|fin_conteo_reg           ; contador_35_segundos:INST_CONTADOR_35|contador_unidades[1]     ; divisor_frecuencia:INST_DIVISOR|reloj_1hz_reg ; divisor_frecuencia:INST_DIVISOR|reloj_1hz_reg ; 1.000        ; -0.042     ; 1.051      ;
; -0.106 ; contador_35_segundos:INST_CONTADOR_35|fin_conteo_reg           ; contador_35_segundos:INST_CONTADOR_35|contador_unidades[2]     ; divisor_frecuencia:INST_DIVISOR|reloj_1hz_reg ; divisor_frecuencia:INST_DIVISOR|reloj_1hz_reg ; 1.000        ; -0.042     ; 1.051      ;
; -0.104 ; contador_tiempo_extra:INST_CONTADOR_EXTRA|contador_unidades[3] ; contador_tiempo_extra:INST_CONTADOR_EXTRA|contador_decenas[1]  ; divisor_frecuencia:INST_DIVISOR|reloj_1hz_reg ; divisor_frecuencia:INST_DIVISOR|reloj_1hz_reg ; 1.000        ; -0.035     ; 1.056      ;
; -0.104 ; contador_35_segundos:INST_CONTADOR_35|fin_conteo_reg           ; contador_35_segundos:INST_CONTADOR_35|contador_unidades[3]     ; divisor_frecuencia:INST_DIVISOR|reloj_1hz_reg ; divisor_frecuencia:INST_DIVISOR|reloj_1hz_reg ; 1.000        ; -0.042     ; 1.049      ;
; -0.102 ; contador_35_segundos:INST_CONTADOR_35|fin_conteo_reg           ; contador_tiempo_extra:INST_CONTADOR_EXTRA|contador_unidades[2] ; divisor_frecuencia:INST_DIVISOR|reloj_1hz_reg ; divisor_frecuencia:INST_DIVISOR|reloj_1hz_reg ; 1.000        ; -0.042     ; 1.047      ;
; -0.097 ; contador_tiempo_extra:INST_CONTADOR_EXTRA|contador_decenas[2]  ; contador_tiempo_extra:INST_CONTADOR_EXTRA|contador_decenas[3]  ; divisor_frecuencia:INST_DIVISOR|reloj_1hz_reg ; divisor_frecuencia:INST_DIVISOR|reloj_1hz_reg ; 1.000        ; -0.035     ; 1.049      ;
; -0.097 ; contador_tiempo_extra:INST_CONTADOR_EXTRA|contador_decenas[2]  ; contador_tiempo_extra:INST_CONTADOR_EXTRA|contador_decenas[2]  ; divisor_frecuencia:INST_DIVISOR|reloj_1hz_reg ; divisor_frecuencia:INST_DIVISOR|reloj_1hz_reg ; 1.000        ; -0.035     ; 1.049      ;
; -0.095 ; contador_35_segundos:INST_CONTADOR_35|contador_decenas[1]      ; contador_35_segundos:INST_CONTADOR_35|contador_unidades[1]     ; divisor_frecuencia:INST_DIVISOR|reloj_1hz_reg ; divisor_frecuencia:INST_DIVISOR|reloj_1hz_reg ; 1.000        ; -0.036     ; 1.046      ;
; -0.095 ; contador_35_segundos:INST_CONTADOR_35|contador_decenas[1]      ; contador_35_segundos:INST_CONTADOR_35|contador_unidades[2]     ; divisor_frecuencia:INST_DIVISOR|reloj_1hz_reg ; divisor_frecuencia:INST_DIVISOR|reloj_1hz_reg ; 1.000        ; -0.036     ; 1.046      ;
; -0.093 ; contador_35_segundos:INST_CONTADOR_35|contador_decenas[1]      ; contador_35_segundos:INST_CONTADOR_35|contador_unidades[3]     ; divisor_frecuencia:INST_DIVISOR|reloj_1hz_reg ; divisor_frecuencia:INST_DIVISOR|reloj_1hz_reg ; 1.000        ; -0.036     ; 1.044      ;
; -0.092 ; contador_tiempo_extra:INST_CONTADOR_EXTRA|contador_decenas[2]  ; contador_tiempo_extra:INST_CONTADOR_EXTRA|contador_decenas[1]  ; divisor_frecuencia:INST_DIVISOR|reloj_1hz_reg ; divisor_frecuencia:INST_DIVISOR|reloj_1hz_reg ; 1.000        ; -0.035     ; 1.044      ;
; -0.082 ; contador_tiempo_extra:INST_CONTADOR_EXTRA|contador_unidades[2] ; contador_tiempo_extra:INST_CONTADOR_EXTRA|contador_decenas[3]  ; divisor_frecuencia:INST_DIVISOR|reloj_1hz_reg ; divisor_frecuencia:INST_DIVISOR|reloj_1hz_reg ; 1.000        ; -0.035     ; 1.034      ;
; -0.082 ; contador_tiempo_extra:INST_CONTADOR_EXTRA|contador_unidades[2] ; contador_tiempo_extra:INST_CONTADOR_EXTRA|contador_decenas[2]  ; divisor_frecuencia:INST_DIVISOR|reloj_1hz_reg ; divisor_frecuencia:INST_DIVISOR|reloj_1hz_reg ; 1.000        ; -0.035     ; 1.034      ;
; -0.081 ; contador_tiempo_extra:INST_CONTADOR_EXTRA|contador_decenas[0]  ; contador_tiempo_extra:INST_CONTADOR_EXTRA|contador_decenas[3]  ; divisor_frecuencia:INST_DIVISOR|reloj_1hz_reg ; divisor_frecuencia:INST_DIVISOR|reloj_1hz_reg ; 1.000        ; -0.041     ; 1.027      ;
; -0.081 ; contador_tiempo_extra:INST_CONTADOR_EXTRA|contador_decenas[0]  ; contador_tiempo_extra:INST_CONTADOR_EXTRA|contador_decenas[2]  ; divisor_frecuencia:INST_DIVISOR|reloj_1hz_reg ; divisor_frecuencia:INST_DIVISOR|reloj_1hz_reg ; 1.000        ; -0.041     ; 1.027      ;
; -0.077 ; contador_tiempo_extra:INST_CONTADOR_EXTRA|contador_decenas[0]  ; contador_tiempo_extra:INST_CONTADOR_EXTRA|contador_decenas[1]  ; divisor_frecuencia:INST_DIVISOR|reloj_1hz_reg ; divisor_frecuencia:INST_DIVISOR|reloj_1hz_reg ; 1.000        ; -0.041     ; 1.023      ;
; -0.077 ; contador_tiempo_extra:INST_CONTADOR_EXTRA|contador_unidades[2] ; contador_tiempo_extra:INST_CONTADOR_EXTRA|contador_decenas[1]  ; divisor_frecuencia:INST_DIVISOR|reloj_1hz_reg ; divisor_frecuencia:INST_DIVISOR|reloj_1hz_reg ; 1.000        ; -0.035     ; 1.029      ;
; -0.074 ; contador_tiempo_extra:INST_CONTADOR_EXTRA|contador_unidades[1] ; contador_tiempo_extra:INST_CONTADOR_EXTRA|contador_decenas[0]  ; divisor_frecuencia:INST_DIVISOR|reloj_1hz_reg ; divisor_frecuencia:INST_DIVISOR|reloj_1hz_reg ; 1.000        ; -0.030     ; 1.031      ;
; -0.061 ; contador_tiempo_extra:INST_CONTADOR_EXTRA|contador_unidades[0] ; contador_tiempo_extra:INST_CONTADOR_EXTRA|contador_decenas[3]  ; divisor_frecuencia:INST_DIVISOR|reloj_1hz_reg ; divisor_frecuencia:INST_DIVISOR|reloj_1hz_reg ; 1.000        ; -0.035     ; 1.013      ;
; -0.061 ; contador_tiempo_extra:INST_CONTADOR_EXTRA|contador_unidades[0] ; contador_tiempo_extra:INST_CONTADOR_EXTRA|contador_decenas[2]  ; divisor_frecuencia:INST_DIVISOR|reloj_1hz_reg ; divisor_frecuencia:INST_DIVISOR|reloj_1hz_reg ; 1.000        ; -0.035     ; 1.013      ;
; -0.058 ; contador_tiempo_extra:INST_CONTADOR_EXTRA|contador_unidades[1] ; contador_tiempo_extra:INST_CONTADOR_EXTRA|contador_unidades[2] ; divisor_frecuencia:INST_DIVISOR|reloj_1hz_reg ; divisor_frecuencia:INST_DIVISOR|reloj_1hz_reg ; 1.000        ; -0.035     ; 1.010      ;
; -0.056 ; contador_tiempo_extra:INST_CONTADOR_EXTRA|contador_unidades[0] ; contador_tiempo_extra:INST_CONTADOR_EXTRA|contador_decenas[1]  ; divisor_frecuencia:INST_DIVISOR|reloj_1hz_reg ; divisor_frecuencia:INST_DIVISOR|reloj_1hz_reg ; 1.000        ; -0.035     ; 1.008      ;
; -0.046 ; contador_tiempo_extra:INST_CONTADOR_EXTRA|contador_decenas[3]  ; contador_tiempo_extra:INST_CONTADOR_EXTRA|contador_decenas[3]  ; divisor_frecuencia:INST_DIVISOR|reloj_1hz_reg ; divisor_frecuencia:INST_DIVISOR|reloj_1hz_reg ; 1.000        ; -0.035     ; 0.998      ;
; -0.046 ; contador_tiempo_extra:INST_CONTADOR_EXTRA|contador_decenas[3]  ; contador_tiempo_extra:INST_CONTADOR_EXTRA|contador_decenas[2]  ; divisor_frecuencia:INST_DIVISOR|reloj_1hz_reg ; divisor_frecuencia:INST_DIVISOR|reloj_1hz_reg ; 1.000        ; -0.035     ; 0.998      ;
; -0.044 ; contador_35_segundos:INST_CONTADOR_35|contador_unidades[2]     ; contador_35_segundos:INST_CONTADOR_35|contador_unidades[0]     ; divisor_frecuencia:INST_DIVISOR|reloj_1hz_reg ; divisor_frecuencia:INST_DIVISOR|reloj_1hz_reg ; 1.000        ; -0.036     ; 0.995      ;
; -0.043 ; contador_tiempo_extra:INST_CONTADOR_EXTRA|contador_decenas[0]  ; contador_tiempo_extra:INST_CONTADOR_EXTRA|contador_unidades[0] ; divisor_frecuencia:INST_DIVISOR|reloj_1hz_reg ; divisor_frecuencia:INST_DIVISOR|reloj_1hz_reg ; 1.000        ; -0.041     ; 0.989      ;
; -0.042 ; contador_tiempo_extra:INST_CONTADOR_EXTRA|contador_decenas[3]  ; contador_tiempo_extra:INST_CONTADOR_EXTRA|contador_decenas[1]  ; divisor_frecuencia:INST_DIVISOR|reloj_1hz_reg ; divisor_frecuencia:INST_DIVISOR|reloj_1hz_reg ; 1.000        ; -0.035     ; 0.994      ;
; -0.035 ; contador_35_segundos:INST_CONTADOR_35|fin_conteo_reg           ; contador_tiempo_extra:INST_CONTADOR_EXTRA|contador_unidades[0] ; divisor_frecuencia:INST_DIVISOR|reloj_1hz_reg ; divisor_frecuencia:INST_DIVISOR|reloj_1hz_reg ; 1.000        ; -0.042     ; 0.980      ;
; -0.035 ; contador_tiempo_extra:INST_CONTADOR_EXTRA|contador_decenas[2]  ; contador_tiempo_extra:INST_CONTADOR_EXTRA|contador_unidades[0] ; divisor_frecuencia:INST_DIVISOR|reloj_1hz_reg ; divisor_frecuencia:INST_DIVISOR|reloj_1hz_reg ; 1.000        ; -0.035     ; 0.987      ;
; -0.031 ; contador_tiempo_extra:INST_CONTADOR_EXTRA|contador_decenas[1]  ; contador_tiempo_extra:INST_CONTADOR_EXTRA|contador_decenas[0]  ; divisor_frecuencia:INST_DIVISOR|reloj_1hz_reg ; divisor_frecuencia:INST_DIVISOR|reloj_1hz_reg ; 1.000        ; -0.030     ; 0.988      ;
; -0.028 ; contador_35_segundos:INST_CONTADOR_35|fin_conteo_reg           ; contador_tiempo_extra:INST_CONTADOR_EXTRA|contador_decenas[3]  ; divisor_frecuencia:INST_DIVISOR|reloj_1hz_reg ; divisor_frecuencia:INST_DIVISOR|reloj_1hz_reg ; 1.000        ; -0.042     ; 0.973      ;
; -0.028 ; contador_35_segundos:INST_CONTADOR_35|fin_conteo_reg           ; contador_tiempo_extra:INST_CONTADOR_EXTRA|contador_decenas[2]  ; divisor_frecuencia:INST_DIVISOR|reloj_1hz_reg ; divisor_frecuencia:INST_DIVISOR|reloj_1hz_reg ; 1.000        ; -0.042     ; 0.973      ;
; -0.023 ; contador_35_segundos:INST_CONTADOR_35|fin_conteo_reg           ; contador_tiempo_extra:INST_CONTADOR_EXTRA|contador_decenas[1]  ; divisor_frecuencia:INST_DIVISOR|reloj_1hz_reg ; divisor_frecuencia:INST_DIVISOR|reloj_1hz_reg ; 1.000        ; -0.042     ; 0.968      ;
; -0.017 ; contador_35_segundos:INST_CONTADOR_35|fin_conteo_reg           ; contador_35_segundos:INST_CONTADOR_35|contador_unidades[0]     ; divisor_frecuencia:INST_DIVISOR|reloj_1hz_reg ; divisor_frecuencia:INST_DIVISOR|reloj_1hz_reg ; 1.000        ; -0.042     ; 0.962      ;
; -0.011 ; contador_tiempo_extra:INST_CONTADOR_EXTRA|contador_decenas[2]  ; contador_tiempo_extra:INST_CONTADOR_EXTRA|contador_unidades[3] ; divisor_frecuencia:INST_DIVISOR|reloj_1hz_reg ; divisor_frecuencia:INST_DIVISOR|reloj_1hz_reg ; 1.000        ; -0.035     ; 0.963      ;
; -0.011 ; contador_tiempo_extra:INST_CONTADOR_EXTRA|contador_decenas[2]  ; contador_tiempo_extra:INST_CONTADOR_EXTRA|contador_unidades[1] ; divisor_frecuencia:INST_DIVISOR|reloj_1hz_reg ; divisor_frecuencia:INST_DIVISOR|reloj_1hz_reg ; 1.000        ; -0.035     ; 0.963      ;
; -0.008 ; contador_tiempo_extra:INST_CONTADOR_EXTRA|contador_decenas[3]  ; contador_tiempo_extra:INST_CONTADOR_EXTRA|contador_unidades[0] ; divisor_frecuencia:INST_DIVISOR|reloj_1hz_reg ; divisor_frecuencia:INST_DIVISOR|reloj_1hz_reg ; 1.000        ; -0.035     ; 0.960      ;
; -0.006 ; contador_tiempo_extra:INST_CONTADOR_EXTRA|contador_decenas[2]  ; contador_tiempo_extra:INST_CONTADOR_EXTRA|contador_unidades[2] ; divisor_frecuencia:INST_DIVISOR|reloj_1hz_reg ; divisor_frecuencia:INST_DIVISOR|reloj_1hz_reg ; 1.000        ; -0.035     ; 0.958      ;
; 0.000  ; contador_35_segundos:INST_CONTADOR_35|contador_unidades[3]     ; contador_35_segundos:INST_CONTADOR_35|fin_conteo_reg           ; divisor_frecuencia:INST_DIVISOR|reloj_1hz_reg ; divisor_frecuencia:INST_DIVISOR|reloj_1hz_reg ; 1.000        ; -0.030     ; 0.957      ;
; 0.003  ; contador_35_segundos:INST_CONTADOR_35|contador_unidades[3]     ; contador_35_segundos:INST_CONTADOR_35|contador_unidades[2]     ; divisor_frecuencia:INST_DIVISOR|reloj_1hz_reg ; divisor_frecuencia:INST_DIVISOR|reloj_1hz_reg ; 1.000        ; -0.036     ; 0.948      ;
; 0.006  ; contador_35_segundos:INST_CONTADOR_35|contador_unidades[3]     ; contador_35_segundos:INST_CONTADOR_35|contador_unidades[1]     ; divisor_frecuencia:INST_DIVISOR|reloj_1hz_reg ; divisor_frecuencia:INST_DIVISOR|reloj_1hz_reg ; 1.000        ; -0.036     ; 0.945      ;
; 0.007  ; contador_35_segundos:INST_CONTADOR_35|contador_unidades[1]     ; contador_35_segundos:INST_CONTADOR_35|contador_unidades[3]     ; divisor_frecuencia:INST_DIVISOR|reloj_1hz_reg ; divisor_frecuencia:INST_DIVISOR|reloj_1hz_reg ; 1.000        ; -0.036     ; 0.944      ;
; 0.009  ; contador_35_segundos:INST_CONTADOR_35|contador_unidades[3]     ; contador_35_segundos:INST_CONTADOR_35|contador_unidades[3]     ; divisor_frecuencia:INST_DIVISOR|reloj_1hz_reg ; divisor_frecuencia:INST_DIVISOR|reloj_1hz_reg ; 1.000        ; -0.036     ; 0.942      ;
; 0.009  ; contador_35_segundos:INST_CONTADOR_35|contador_decenas[1]      ; contador_35_segundos:INST_CONTADOR_35|contador_unidades[0]     ; divisor_frecuencia:INST_DIVISOR|reloj_1hz_reg ; divisor_frecuencia:INST_DIVISOR|reloj_1hz_reg ; 1.000        ; -0.036     ; 0.942      ;
; 0.016  ; contador_35_segundos:INST_CONTADOR_35|contador_unidades[1]     ; contador_35_segundos:INST_CONTADOR_35|contador_unidades[1]     ; divisor_frecuencia:INST_DIVISOR|reloj_1hz_reg ; divisor_frecuencia:INST_DIVISOR|reloj_1hz_reg ; 1.000        ; -0.036     ; 0.935      ;
; 0.023  ; contador_35_segundos:INST_CONTADOR_35|contador_unidades[1]     ; contador_35_segundos:INST_CONTADOR_35|contador_unidades[2]     ; divisor_frecuencia:INST_DIVISOR|reloj_1hz_reg ; divisor_frecuencia:INST_DIVISOR|reloj_1hz_reg ; 1.000        ; -0.036     ; 0.928      ;
; 0.031  ; contador_35_segundos:INST_CONTADOR_35|contador_unidades[0]     ; contador_35_segundos:INST_CONTADOR_35|contador_unidades[1]     ; divisor_frecuencia:INST_DIVISOR|reloj_1hz_reg ; divisor_frecuencia:INST_DIVISOR|reloj_1hz_reg ; 1.000        ; -0.035     ; 0.921      ;
; 0.032  ; contador_tiempo_extra:INST_CONTADOR_EXTRA|contador_decenas[3]  ; contador_tiempo_extra:INST_CONTADOR_EXTRA|contador_unidades[3] ; divisor_frecuencia:INST_DIVISOR|reloj_1hz_reg ; divisor_frecuencia:INST_DIVISOR|reloj_1hz_reg ; 1.000        ; -0.035     ; 0.920      ;
; 0.032  ; contador_tiempo_extra:INST_CONTADOR_EXTRA|contador_decenas[3]  ; contador_tiempo_extra:INST_CONTADOR_EXTRA|contador_unidades[1] ; divisor_frecuencia:INST_DIVISOR|reloj_1hz_reg ; divisor_frecuencia:INST_DIVISOR|reloj_1hz_reg ; 1.000        ; -0.035     ; 0.920      ;
; 0.036  ; contador_tiempo_extra:INST_CONTADOR_EXTRA|contador_decenas[3]  ; contador_tiempo_extra:INST_CONTADOR_EXTRA|contador_unidades[2] ; divisor_frecuencia:INST_DIVISOR|reloj_1hz_reg ; divisor_frecuencia:INST_DIVISOR|reloj_1hz_reg ; 1.000        ; -0.035     ; 0.916      ;
; 0.041  ; contador_35_segundos:INST_CONTADOR_35|contador_unidades[1]     ; contador_35_segundos:INST_CONTADOR_35|fin_conteo_reg           ; divisor_frecuencia:INST_DIVISOR|reloj_1hz_reg ; divisor_frecuencia:INST_DIVISOR|reloj_1hz_reg ; 1.000        ; -0.030     ; 0.916      ;
; 0.060  ; contador_35_segundos:INST_CONTADOR_35|fin_conteo_reg           ; contador_35_segundos:INST_CONTADOR_35|contador_decenas[1]      ; divisor_frecuencia:INST_DIVISOR|reloj_1hz_reg ; divisor_frecuencia:INST_DIVISOR|reloj_1hz_reg ; 1.000        ; -0.042     ; 0.885      ;
; 0.060  ; contador_35_segundos:INST_CONTADOR_35|contador_unidades[0]     ; contador_35_segundos:INST_CONTADOR_35|contador_unidades[3]     ; divisor_frecuencia:INST_DIVISOR|reloj_1hz_reg ; divisor_frecuencia:INST_DIVISOR|reloj_1hz_reg ; 1.000        ; -0.035     ; 0.892      ;
; 0.065  ; contador_tiempo_extra:INST_CONTADOR_EXTRA|contador_decenas[2]  ; contador_tiempo_extra:INST_CONTADOR_EXTRA|contador_decenas[0]  ; divisor_frecuencia:INST_DIVISOR|reloj_1hz_reg ; divisor_frecuencia:INST_DIVISOR|reloj_1hz_reg ; 1.000        ; -0.030     ; 0.892      ;
; 0.066  ; contador_tiempo_extra:INST_CONTADOR_EXTRA|contador_unidades[1] ; contador_tiempo_extra:INST_CONTADOR_EXTRA|contador_decenas[3]  ; divisor_frecuencia:INST_DIVISOR|reloj_1hz_reg ; divisor_frecuencia:INST_DIVISOR|reloj_1hz_reg ; 1.000        ; -0.035     ; 0.886      ;
; 0.066  ; contador_tiempo_extra:INST_CONTADOR_EXTRA|contador_unidades[1] ; contador_tiempo_extra:INST_CONTADOR_EXTRA|contador_decenas[2]  ; divisor_frecuencia:INST_DIVISOR|reloj_1hz_reg ; divisor_frecuencia:INST_DIVISOR|reloj_1hz_reg ; 1.000        ; -0.035     ; 0.886      ;
; 0.068  ; contador_tiempo_extra:INST_CONTADOR_EXTRA|contador_decenas[0]  ; contador_tiempo_extra:INST_CONTADOR_EXTRA|contador_decenas[0]  ; divisor_frecuencia:INST_DIVISOR|reloj_1hz_reg ; divisor_frecuencia:INST_DIVISOR|reloj_1hz_reg ; 1.000        ; -0.036     ; 0.883      ;
; 0.071  ; contador_tiempo_extra:INST_CONTADOR_EXTRA|contador_unidades[1] ; contador_tiempo_extra:INST_CONTADOR_EXTRA|contador_decenas[1]  ; divisor_frecuencia:INST_DIVISOR|reloj_1hz_reg ; divisor_frecuencia:INST_DIVISOR|reloj_1hz_reg ; 1.000        ; -0.035     ; 0.881      ;
; 0.071  ; contador_35_segundos:INST_CONTADOR_35|contador_unidades[2]     ; contador_35_segundos:INST_CONTADOR_35|contador_decenas[1]      ; divisor_frecuencia:INST_DIVISOR|reloj_1hz_reg ; divisor_frecuencia:INST_DIVISOR|reloj_1hz_reg ; 1.000        ; -0.036     ; 0.880      ;
; 0.081  ; contador_35_segundos:INST_CONTADOR_35|contador_unidades[1]     ; contador_35_segundos:INST_CONTADOR_35|contador_decenas[1]      ; divisor_frecuencia:INST_DIVISOR|reloj_1hz_reg ; divisor_frecuencia:INST_DIVISOR|reloj_1hz_reg ; 1.000        ; -0.036     ; 0.870      ;
; 0.082  ; contador_35_segundos:INST_CONTADOR_35|fin_conteo_reg           ; contador_tiempo_extra:INST_CONTADOR_EXTRA|contador_decenas[0]  ; divisor_frecuencia:INST_DIVISOR|reloj_1hz_reg ; divisor_frecuencia:INST_DIVISOR|reloj_1hz_reg ; 1.000        ; -0.037     ; 0.868      ;
; 0.103  ; contador_35_segundos:INST_CONTADOR_35|contador_unidades[0]     ; contador_35_segundos:INST_CONTADOR_35|contador_unidades[2]     ; divisor_frecuencia:INST_DIVISOR|reloj_1hz_reg ; divisor_frecuencia:INST_DIVISOR|reloj_1hz_reg ; 1.000        ; -0.035     ; 0.849      ;
; 0.103  ; contador_tiempo_extra:INST_CONTADOR_EXTRA|contador_decenas[3]  ; contador_tiempo_extra:INST_CONTADOR_EXTRA|contador_decenas[0]  ; divisor_frecuencia:INST_DIVISOR|reloj_1hz_reg ; divisor_frecuencia:INST_DIVISOR|reloj_1hz_reg ; 1.000        ; -0.030     ; 0.854      ;
; 0.103  ; contador_35_segundos:INST_CONTADOR_35|contador_unidades[0]     ; contador_35_segundos:INST_CONTADOR_35|contador_decenas[1]      ; divisor_frecuencia:INST_DIVISOR|reloj_1hz_reg ; divisor_frecuencia:INST_DIVISOR|reloj_1hz_reg ; 1.000        ; -0.035     ; 0.849      ;
; 0.119  ; contador_35_segundos:INST_CONTADOR_35|contador_unidades[0]     ; contador_35_segundos:INST_CONTADOR_35|fin_conteo_reg           ; divisor_frecuencia:INST_DIVISOR|reloj_1hz_reg ; divisor_frecuencia:INST_DIVISOR|reloj_1hz_reg ; 1.000        ; -0.029     ; 0.839      ;
+--------+----------------------------------------------------------------+----------------------------------------------------------------+-----------------------------------------------+-----------------------------------------------+--------------+------------+------------+


+-------------------------------------------------------------------------------------------------------------------------------------------------------------------------------------------------------------------------------------------------------------+
; Fast 1200mV 0C Model Hold: 'CLOCK_50'                                                                                                                                                                                                                       ;
+--------+----------------------------------------------------------------------+----------------------------------------------------------------------+-----------------------------------------------+-------------+--------------+------------+------------+
; Slack  ; From Node                                                            ; To Node                                                              ; Launch Clock                                  ; Latch Clock ; Relationship ; Clock Skew ; Data Delay ;
+--------+----------------------------------------------------------------------+----------------------------------------------------------------------+-----------------------------------------------+-------------+--------------+------------+------------+
; -0.117 ; divisor_frecuencia:INST_DIVISOR|reloj_1hz_reg                        ; divisor_frecuencia:INST_DIVISOR|reloj_1hz_reg                        ; divisor_frecuencia:INST_DIVISOR|reloj_1hz_reg ; CLOCK_50    ; 0.000        ; 1.413      ; 1.515      ;
; 0.187  ; detector_ocupacion:INST_DETECTOR_OCUPACION|estado_felicitacion       ; detector_ocupacion:INST_DETECTOR_OCUPACION|estado_felicitacion       ; CLOCK_50                                      ; CLOCK_50    ; 0.000        ; 0.036      ; 0.307      ;
; 0.187  ; detector_ocupacion:INST_DETECTOR_OCUPACION|contando_felicitacion     ; detector_ocupacion:INST_DETECTOR_OCUPACION|contando_felicitacion     ; CLOCK_50                                      ; CLOCK_50    ; 0.000        ; 0.036      ; 0.307      ;
; 0.205  ; divisor_frecuencia:INST_DIVISOR|contador_ciclos[25]                  ; divisor_frecuencia:INST_DIVISOR|contador_ciclos[25]                  ; CLOCK_50                                      ; CLOCK_50    ; 0.000        ; 0.036      ; 0.325      ;
; 0.269  ; detector_ocupacion:INST_DETECTOR_OCUPACION|salida_sinc1              ; detector_ocupacion:INST_DETECTOR_OCUPACION|salida_sinc2              ; CLOCK_50                                      ; CLOCK_50    ; 0.000        ; 0.036      ; 0.389      ;
; 0.275  ; detector_ocupacion:INST_DETECTOR_OCUPACION|salida_sinc2              ; detector_ocupacion:INST_DETECTOR_OCUPACION|salida_anterior           ; CLOCK_50                                      ; CLOCK_50    ; 0.000        ; 0.036      ; 0.395      ;
; 0.294  ; detector_ocupacion:INST_DETECTOR_OCUPACION|contador_felicitacion[1]  ; detector_ocupacion:INST_DETECTOR_OCUPACION|contador_felicitacion[1]  ; CLOCK_50                                      ; CLOCK_50    ; 0.000        ; 0.035      ; 0.413      ;
; 0.294  ; detector_ocupacion:INST_DETECTOR_OCUPACION|contador_felicitacion[3]  ; detector_ocupacion:INST_DETECTOR_OCUPACION|contador_felicitacion[3]  ; CLOCK_50                                      ; CLOCK_50    ; 0.000        ; 0.035      ; 0.413      ;
; 0.295  ; detector_ocupacion:INST_DETECTOR_OCUPACION|contador_felicitacion[4]  ; detector_ocupacion:INST_DETECTOR_OCUPACION|contador_felicitacion[4]  ; CLOCK_50                                      ; CLOCK_50    ; 0.000        ; 0.035      ; 0.414      ;
; 0.295  ; detector_ocupacion:INST_DETECTOR_OCUPACION|contador_felicitacion[5]  ; detector_ocupacion:INST_DETECTOR_OCUPACION|contador_felicitacion[5]  ; CLOCK_50                                      ; CLOCK_50    ; 0.000        ; 0.035      ; 0.414      ;
; 0.296  ; detector_ocupacion:INST_DETECTOR_OCUPACION|contador_felicitacion[2]  ; detector_ocupacion:INST_DETECTOR_OCUPACION|contador_felicitacion[2]  ; CLOCK_50                                      ; CLOCK_50    ; 0.000        ; 0.035      ; 0.415      ;
; 0.296  ; detector_ocupacion:INST_DETECTOR_OCUPACION|contador_felicitacion[6]  ; detector_ocupacion:INST_DETECTOR_OCUPACION|contador_felicitacion[6]  ; CLOCK_50                                      ; CLOCK_50    ; 0.000        ; 0.035      ; 0.415      ;
; 0.298  ; detector_ocupacion:INST_DETECTOR_OCUPACION|contador_felicitacion[19] ; detector_ocupacion:INST_DETECTOR_OCUPACION|contador_felicitacion[19] ; CLOCK_50                                      ; CLOCK_50    ; 0.000        ; 0.035      ; 0.417      ;
; 0.298  ; divisor_frecuencia:INST_DIVISOR|contador_ciclos[9]                   ; divisor_frecuencia:INST_DIVISOR|contador_ciclos[9]                   ; CLOCK_50                                      ; CLOCK_50    ; 0.000        ; 0.036      ; 0.418      ;
; 0.299  ; detector_ocupacion:INST_DETECTOR_OCUPACION|contador_felicitacion[17] ; detector_ocupacion:INST_DETECTOR_OCUPACION|contador_felicitacion[17] ; CLOCK_50                                      ; CLOCK_50    ; 0.000        ; 0.035      ; 0.418      ;
; 0.299  ; divisor_frecuencia:INST_DIVISOR|contador_ciclos[8]                   ; divisor_frecuencia:INST_DIVISOR|contador_ciclos[8]                   ; CLOCK_50                                      ; CLOCK_50    ; 0.000        ; 0.036      ; 0.419      ;
; 0.300  ; detector_ocupacion:INST_DETECTOR_OCUPACION|contador_felicitacion[20] ; detector_ocupacion:INST_DETECTOR_OCUPACION|contador_felicitacion[20] ; CLOCK_50                                      ; CLOCK_50    ; 0.000        ; 0.035      ; 0.419      ;
; 0.300  ; detector_ocupacion:INST_DETECTOR_OCUPACION|contador_felicitacion[21] ; detector_ocupacion:INST_DETECTOR_OCUPACION|contador_felicitacion[21] ; CLOCK_50                                      ; CLOCK_50    ; 0.000        ; 0.035      ; 0.419      ;
; 0.300  ; detector_ocupacion:INST_DETECTOR_OCUPACION|contador_felicitacion[23] ; detector_ocupacion:INST_DETECTOR_OCUPACION|contador_felicitacion[23] ; CLOCK_50                                      ; CLOCK_50    ; 0.000        ; 0.035      ; 0.419      ;
; 0.301  ; detector_ocupacion:INST_DETECTOR_OCUPACION|contador_felicitacion[18] ; detector_ocupacion:INST_DETECTOR_OCUPACION|contador_felicitacion[18] ; CLOCK_50                                      ; CLOCK_50    ; 0.000        ; 0.035      ; 0.420      ;
; 0.301  ; detector_ocupacion:INST_DETECTOR_OCUPACION|contador_felicitacion[22] ; detector_ocupacion:INST_DETECTOR_OCUPACION|contador_felicitacion[22] ; CLOCK_50                                      ; CLOCK_50    ; 0.000        ; 0.035      ; 0.420      ;
; 0.304  ; divisor_frecuencia:INST_DIVISOR|contador_ciclos[3]                   ; divisor_frecuencia:INST_DIVISOR|contador_ciclos[3]                   ; CLOCK_50                                      ; CLOCK_50    ; 0.000        ; 0.036      ; 0.424      ;
; 0.305  ; detector_ocupacion:INST_DETECTOR_OCUPACION|contador_felicitacion[11] ; detector_ocupacion:INST_DETECTOR_OCUPACION|contador_felicitacion[11] ; CLOCK_50                                      ; CLOCK_50    ; 0.000        ; 0.035      ; 0.424      ;
; 0.305  ; detector_ocupacion:INST_DETECTOR_OCUPACION|contador_felicitacion[13] ; detector_ocupacion:INST_DETECTOR_OCUPACION|contador_felicitacion[13] ; CLOCK_50                                      ; CLOCK_50    ; 0.000        ; 0.035      ; 0.424      ;
; 0.305  ; detector_ocupacion:INST_DETECTOR_OCUPACION|contador_felicitacion[27] ; detector_ocupacion:INST_DETECTOR_OCUPACION|contador_felicitacion[27] ; CLOCK_50                                      ; CLOCK_50    ; 0.000        ; 0.035      ; 0.424      ;
; 0.305  ; divisor_frecuencia:INST_DIVISOR|contador_ciclos[15]                  ; divisor_frecuencia:INST_DIVISOR|contador_ciclos[15]                  ; CLOCK_50                                      ; CLOCK_50    ; 0.000        ; 0.036      ; 0.425      ;
; 0.305  ; divisor_frecuencia:INST_DIVISOR|contador_ciclos[10]                  ; divisor_frecuencia:INST_DIVISOR|contador_ciclos[10]                  ; CLOCK_50                                      ; CLOCK_50    ; 0.000        ; 0.036      ; 0.425      ;
; 0.305  ; divisor_frecuencia:INST_DIVISOR|contador_ciclos[5]                   ; divisor_frecuencia:INST_DIVISOR|contador_ciclos[5]                   ; CLOCK_50                                      ; CLOCK_50    ; 0.000        ; 0.036      ; 0.425      ;
; 0.305  ; divisor_frecuencia:INST_DIVISOR|contador_ciclos[2]                   ; divisor_frecuencia:INST_DIVISOR|contador_ciclos[2]                   ; CLOCK_50                                      ; CLOCK_50    ; 0.000        ; 0.036      ; 0.425      ;
; 0.306  ; detector_ocupacion:INST_DETECTOR_OCUPACION|contador_felicitacion[15] ; detector_ocupacion:INST_DETECTOR_OCUPACION|contador_felicitacion[15] ; CLOCK_50                                      ; CLOCK_50    ; 0.000        ; 0.035      ; 0.425      ;
; 0.306  ; divisor_frecuencia:INST_DIVISOR|contador_ciclos[23]                  ; divisor_frecuencia:INST_DIVISOR|contador_ciclos[23]                  ; CLOCK_50                                      ; CLOCK_50    ; 0.000        ; 0.036      ; 0.426      ;
; 0.306  ; divisor_frecuencia:INST_DIVISOR|contador_ciclos[17]                  ; divisor_frecuencia:INST_DIVISOR|contador_ciclos[17]                  ; CLOCK_50                                      ; CLOCK_50    ; 0.000        ; 0.036      ; 0.426      ;
; 0.306  ; divisor_frecuencia:INST_DIVISOR|contador_ciclos[7]                   ; divisor_frecuencia:INST_DIVISOR|contador_ciclos[7]                   ; CLOCK_50                                      ; CLOCK_50    ; 0.000        ; 0.036      ; 0.426      ;
; 0.306  ; divisor_frecuencia:INST_DIVISOR|contador_ciclos[4]                   ; divisor_frecuencia:INST_DIVISOR|contador_ciclos[4]                   ; CLOCK_50                                      ; CLOCK_50    ; 0.000        ; 0.036      ; 0.426      ;
; 0.306  ; divisor_frecuencia:INST_DIVISOR|contador_ciclos[1]                   ; divisor_frecuencia:INST_DIVISOR|contador_ciclos[1]                   ; CLOCK_50                                      ; CLOCK_50    ; 0.000        ; 0.036      ; 0.426      ;
; 0.307  ; detector_ocupacion:INST_DETECTOR_OCUPACION|contador_felicitacion[0]  ; detector_ocupacion:INST_DETECTOR_OCUPACION|contador_felicitacion[0]  ; CLOCK_50                                      ; CLOCK_50    ; 0.000        ; 0.035      ; 0.426      ;
; 0.307  ; detector_ocupacion:INST_DETECTOR_OCUPACION|contador_felicitacion[12] ; detector_ocupacion:INST_DETECTOR_OCUPACION|contador_felicitacion[12] ; CLOCK_50                                      ; CLOCK_50    ; 0.000        ; 0.035      ; 0.426      ;
; 0.307  ; detector_ocupacion:INST_DETECTOR_OCUPACION|contador_felicitacion[14] ; detector_ocupacion:INST_DETECTOR_OCUPACION|contador_felicitacion[14] ; CLOCK_50                                      ; CLOCK_50    ; 0.000        ; 0.035      ; 0.426      ;
; 0.307  ; detector_ocupacion:INST_DETECTOR_OCUPACION|contador_felicitacion[25] ; detector_ocupacion:INST_DETECTOR_OCUPACION|contador_felicitacion[25] ; CLOCK_50                                      ; CLOCK_50    ; 0.000        ; 0.035      ; 0.426      ;
; 0.308  ; detector_ocupacion:INST_DETECTOR_OCUPACION|contador_felicitacion[8]  ; detector_ocupacion:INST_DETECTOR_OCUPACION|contador_felicitacion[8]  ; CLOCK_50                                      ; CLOCK_50    ; 0.000        ; 0.035      ; 0.427      ;
; 0.308  ; detector_ocupacion:INST_DETECTOR_OCUPACION|contador_felicitacion[16] ; detector_ocupacion:INST_DETECTOR_OCUPACION|contador_felicitacion[16] ; CLOCK_50                                      ; CLOCK_50    ; 0.000        ; 0.035      ; 0.427      ;
; 0.308  ; detector_ocupacion:INST_DETECTOR_OCUPACION|contador_felicitacion[26] ; detector_ocupacion:INST_DETECTOR_OCUPACION|contador_felicitacion[26] ; CLOCK_50                                      ; CLOCK_50    ; 0.000        ; 0.035      ; 0.427      ;
; 0.309  ; detector_ocupacion:INST_DETECTOR_OCUPACION|contador_felicitacion[24] ; detector_ocupacion:INST_DETECTOR_OCUPACION|contador_felicitacion[24] ; CLOCK_50                                      ; CLOCK_50    ; 0.000        ; 0.035      ; 0.428      ;
; 0.314  ; divisor_frecuencia:INST_DIVISOR|contador_ciclos[0]                   ; divisor_frecuencia:INST_DIVISOR|contador_ciclos[0]                   ; CLOCK_50                                      ; CLOCK_50    ; 0.000        ; 0.036      ; 0.434      ;
; 0.346  ; detector_ocupacion:INST_DETECTOR_OCUPACION|entrada_anterior          ; detector_ocupacion:INST_DETECTOR_OCUPACION|estado_felicitacion       ; CLOCK_50                                      ; CLOCK_50    ; 0.000        ; 0.036      ; 0.466      ;
; 0.346  ; detector_ocupacion:INST_DETECTOR_OCUPACION|entrada_anterior          ; detector_ocupacion:INST_DETECTOR_OCUPACION|contando_felicitacion     ; CLOCK_50                                      ; CLOCK_50    ; 0.000        ; 0.036      ; 0.466      ;
; 0.371  ; detector_ocupacion:INST_DETECTOR_OCUPACION|contador_felicitacion[7]  ; detector_ocupacion:INST_DETECTOR_OCUPACION|contador_felicitacion[7]  ; CLOCK_50                                      ; CLOCK_50    ; 0.000        ; 0.035      ; 0.490      ;
; 0.373  ; detector_ocupacion:INST_DETECTOR_OCUPACION|contador_felicitacion[9]  ; detector_ocupacion:INST_DETECTOR_OCUPACION|contador_felicitacion[9]  ; CLOCK_50                                      ; CLOCK_50    ; 0.000        ; 0.035      ; 0.492      ;
; 0.374  ; detector_ocupacion:INST_DETECTOR_OCUPACION|contador_felicitacion[10] ; detector_ocupacion:INST_DETECTOR_OCUPACION|contador_felicitacion[10] ; CLOCK_50                                      ; CLOCK_50    ; 0.000        ; 0.035      ; 0.493      ;
; 0.443  ; detector_ocupacion:INST_DETECTOR_OCUPACION|contador_felicitacion[3]  ; detector_ocupacion:INST_DETECTOR_OCUPACION|contador_felicitacion[4]  ; CLOCK_50                                      ; CLOCK_50    ; 0.000        ; 0.035      ; 0.562      ;
; 0.443  ; detector_ocupacion:INST_DETECTOR_OCUPACION|contador_felicitacion[1]  ; detector_ocupacion:INST_DETECTOR_OCUPACION|contador_felicitacion[2]  ; CLOCK_50                                      ; CLOCK_50    ; 0.000        ; 0.035      ; 0.562      ;
; 0.444  ; detector_ocupacion:INST_DETECTOR_OCUPACION|contador_felicitacion[5]  ; detector_ocupacion:INST_DETECTOR_OCUPACION|contador_felicitacion[6]  ; CLOCK_50                                      ; CLOCK_50    ; 0.000        ; 0.035      ; 0.563      ;
; 0.447  ; detector_ocupacion:INST_DETECTOR_OCUPACION|contador_felicitacion[19] ; detector_ocupacion:INST_DETECTOR_OCUPACION|contador_felicitacion[20] ; CLOCK_50                                      ; CLOCK_50    ; 0.000        ; 0.035      ; 0.566      ;
; 0.447  ; divisor_frecuencia:INST_DIVISOR|contador_ciclos[9]                   ; divisor_frecuencia:INST_DIVISOR|contador_ciclos[10]                  ; CLOCK_50                                      ; CLOCK_50    ; 0.000        ; 0.036      ; 0.567      ;
; 0.448  ; detector_ocupacion:INST_DETECTOR_OCUPACION|contador_felicitacion[17] ; detector_ocupacion:INST_DETECTOR_OCUPACION|contador_felicitacion[18] ; CLOCK_50                                      ; CLOCK_50    ; 0.000        ; 0.035      ; 0.567      ;
; 0.449  ; detector_ocupacion:INST_DETECTOR_OCUPACION|contador_felicitacion[21] ; detector_ocupacion:INST_DETECTOR_OCUPACION|contador_felicitacion[22] ; CLOCK_50                                      ; CLOCK_50    ; 0.000        ; 0.035      ; 0.568      ;
; 0.449  ; detector_ocupacion:INST_DETECTOR_OCUPACION|contador_felicitacion[23] ; detector_ocupacion:INST_DETECTOR_OCUPACION|contador_felicitacion[24] ; CLOCK_50                                      ; CLOCK_50    ; 0.000        ; 0.035      ; 0.568      ;
; 0.450  ; detector_ocupacion:INST_DETECTOR_OCUPACION|contador_felicitacion[13] ; detector_ocupacion:INST_DETECTOR_OCUPACION|contador_felicitacion[14] ; CLOCK_50                                      ; CLOCK_50    ; 0.000        ; 0.039      ; 0.573      ;
; 0.453  ; detector_ocupacion:INST_DETECTOR_OCUPACION|contador_felicitacion[4]  ; detector_ocupacion:INST_DETECTOR_OCUPACION|contador_felicitacion[5]  ; CLOCK_50                                      ; CLOCK_50    ; 0.000        ; 0.035      ; 0.572      ;
; 0.453  ; divisor_frecuencia:INST_DIVISOR|contador_ciclos[3]                   ; divisor_frecuencia:INST_DIVISOR|contador_ciclos[4]                   ; CLOCK_50                                      ; CLOCK_50    ; 0.000        ; 0.036      ; 0.573      ;
; 0.454  ; detector_ocupacion:INST_DETECTOR_OCUPACION|contador_felicitacion[0]  ; detector_ocupacion:INST_DETECTOR_OCUPACION|contador_felicitacion[1]  ; CLOCK_50                                      ; CLOCK_50    ; 0.000        ; 0.035      ; 0.573      ;
; 0.454  ; detector_ocupacion:INST_DETECTOR_OCUPACION|contador_felicitacion[2]  ; detector_ocupacion:INST_DETECTOR_OCUPACION|contador_felicitacion[3]  ; CLOCK_50                                      ; CLOCK_50    ; 0.000        ; 0.035      ; 0.573      ;
; 0.454  ; detector_ocupacion:INST_DETECTOR_OCUPACION|contador_felicitacion[11] ; detector_ocupacion:INST_DETECTOR_OCUPACION|contador_felicitacion[12] ; CLOCK_50                                      ; CLOCK_50    ; 0.000        ; 0.035      ; 0.573      ;
; 0.454  ; detector_ocupacion:INST_DETECTOR_OCUPACION|contador_felicitacion[6]  ; detector_ocupacion:INST_DETECTOR_OCUPACION|contador_felicitacion[7]  ; CLOCK_50                                      ; CLOCK_50    ; 0.000        ; 0.035      ; 0.573      ;
; 0.455  ; divisor_frecuencia:INST_DIVISOR|contador_ciclos[7]                   ; divisor_frecuencia:INST_DIVISOR|contador_ciclos[8]                   ; CLOCK_50                                      ; CLOCK_50    ; 0.000        ; 0.036      ; 0.575      ;
; 0.455  ; divisor_frecuencia:INST_DIVISOR|contador_ciclos[1]                   ; divisor_frecuencia:INST_DIVISOR|contador_ciclos[2]                   ; CLOCK_50                                      ; CLOCK_50    ; 0.000        ; 0.036      ; 0.575      ;
; 0.455  ; detector_ocupacion:INST_DETECTOR_OCUPACION|contador_felicitacion[15] ; detector_ocupacion:INST_DETECTOR_OCUPACION|contador_felicitacion[16] ; CLOCK_50                                      ; CLOCK_50    ; 0.000        ; 0.035      ; 0.574      ;
; 0.456  ; divisor_frecuencia:INST_DIVISOR|contador_ciclos[6]                   ; divisor_frecuencia:INST_DIVISOR|contador_ciclos[6]                   ; CLOCK_50                                      ; CLOCK_50    ; 0.000        ; 0.036      ; 0.576      ;
; 0.456  ; detector_ocupacion:INST_DETECTOR_OCUPACION|contador_felicitacion[25] ; detector_ocupacion:INST_DETECTOR_OCUPACION|contador_felicitacion[26] ; CLOCK_50                                      ; CLOCK_50    ; 0.000        ; 0.035      ; 0.575      ;
; 0.456  ; detector_ocupacion:INST_DETECTOR_OCUPACION|contador_felicitacion[4]  ; detector_ocupacion:INST_DETECTOR_OCUPACION|contador_felicitacion[6]  ; CLOCK_50                                      ; CLOCK_50    ; 0.000        ; 0.035      ; 0.575      ;
; 0.457  ; divisor_frecuencia:INST_DIVISOR|contador_ciclos[8]                   ; divisor_frecuencia:INST_DIVISOR|contador_ciclos[9]                   ; CLOCK_50                                      ; CLOCK_50    ; 0.000        ; 0.036      ; 0.577      ;
; 0.457  ; detector_ocupacion:INST_DETECTOR_OCUPACION|contador_felicitacion[6]  ; detector_ocupacion:INST_DETECTOR_OCUPACION|contador_felicitacion[8]  ; CLOCK_50                                      ; CLOCK_50    ; 0.000        ; 0.035      ; 0.576      ;
; 0.457  ; detector_ocupacion:INST_DETECTOR_OCUPACION|contador_felicitacion[2]  ; detector_ocupacion:INST_DETECTOR_OCUPACION|contador_felicitacion[4]  ; CLOCK_50                                      ; CLOCK_50    ; 0.000        ; 0.035      ; 0.576      ;
; 0.457  ; detector_ocupacion:INST_DETECTOR_OCUPACION|contador_felicitacion[0]  ; detector_ocupacion:INST_DETECTOR_OCUPACION|contador_felicitacion[2]  ; CLOCK_50                                      ; CLOCK_50    ; 0.000        ; 0.035      ; 0.576      ;
; 0.458  ; divisor_frecuencia:INST_DIVISOR|contador_ciclos[22]                  ; divisor_frecuencia:INST_DIVISOR|contador_ciclos[22]                  ; CLOCK_50                                      ; CLOCK_50    ; 0.000        ; 0.036      ; 0.578      ;
; 0.458  ; detector_ocupacion:INST_DETECTOR_OCUPACION|contador_felicitacion[20] ; detector_ocupacion:INST_DETECTOR_OCUPACION|contador_felicitacion[21] ; CLOCK_50                                      ; CLOCK_50    ; 0.000        ; 0.035      ; 0.577      ;
; 0.459  ; divisor_frecuencia:INST_DIVISOR|contador_ciclos[21]                  ; divisor_frecuencia:INST_DIVISOR|contador_ciclos[21]                  ; CLOCK_50                                      ; CLOCK_50    ; 0.000        ; 0.036      ; 0.579      ;
; 0.459  ; detector_ocupacion:INST_DETECTOR_OCUPACION|contador_felicitacion[18] ; detector_ocupacion:INST_DETECTOR_OCUPACION|contador_felicitacion[19] ; CLOCK_50                                      ; CLOCK_50    ; 0.000        ; 0.035      ; 0.578      ;
; 0.459  ; detector_ocupacion:INST_DETECTOR_OCUPACION|contador_felicitacion[22] ; detector_ocupacion:INST_DETECTOR_OCUPACION|contador_felicitacion[23] ; CLOCK_50                                      ; CLOCK_50    ; 0.000        ; 0.035      ; 0.578      ;
; 0.460  ; divisor_frecuencia:INST_DIVISOR|contador_ciclos[6]                   ; divisor_frecuencia:INST_DIVISOR|contador_ciclos[7]                   ; CLOCK_50                                      ; CLOCK_50    ; 0.000        ; 0.036      ; 0.580      ;
; 0.460  ; divisor_frecuencia:INST_DIVISOR|contador_ciclos[8]                   ; divisor_frecuencia:INST_DIVISOR|contador_ciclos[10]                  ; CLOCK_50                                      ; CLOCK_50    ; 0.000        ; 0.036      ; 0.580      ;
; 0.461  ; detector_ocupacion:INST_DETECTOR_OCUPACION|contador_felicitacion[20] ; detector_ocupacion:INST_DETECTOR_OCUPACION|contador_felicitacion[22] ; CLOCK_50                                      ; CLOCK_50    ; 0.000        ; 0.035      ; 0.580      ;
; 0.462  ; detector_ocupacion:INST_DETECTOR_OCUPACION|contador_felicitacion[18] ; detector_ocupacion:INST_DETECTOR_OCUPACION|contador_felicitacion[20] ; CLOCK_50                                      ; CLOCK_50    ; 0.000        ; 0.035      ; 0.581      ;
; 0.462  ; detector_ocupacion:INST_DETECTOR_OCUPACION|contador_felicitacion[22] ; detector_ocupacion:INST_DETECTOR_OCUPACION|contador_felicitacion[24] ; CLOCK_50                                      ; CLOCK_50    ; 0.000        ; 0.035      ; 0.581      ;
; 0.463  ; divisor_frecuencia:INST_DIVISOR|contador_ciclos[2]                   ; divisor_frecuencia:INST_DIVISOR|contador_ciclos[3]                   ; CLOCK_50                                      ; CLOCK_50    ; 0.000        ; 0.036      ; 0.583      ;
; 0.463  ; divisor_frecuencia:INST_DIVISOR|contador_ciclos[0]                   ; divisor_frecuencia:INST_DIVISOR|contador_ciclos[1]                   ; CLOCK_50                                      ; CLOCK_50    ; 0.000        ; 0.036      ; 0.583      ;
; 0.463  ; divisor_frecuencia:INST_DIVISOR|contador_ciclos[6]                   ; divisor_frecuencia:INST_DIVISOR|contador_ciclos[8]                   ; CLOCK_50                                      ; CLOCK_50    ; 0.000        ; 0.036      ; 0.583      ;
; 0.464  ; divisor_frecuencia:INST_DIVISOR|contador_ciclos[11]                  ; divisor_frecuencia:INST_DIVISOR|contador_ciclos[11]                  ; CLOCK_50                                      ; CLOCK_50    ; 0.000        ; 0.036      ; 0.584      ;
; 0.464  ; divisor_frecuencia:INST_DIVISOR|contador_ciclos[4]                   ; divisor_frecuencia:INST_DIVISOR|contador_ciclos[5]                   ; CLOCK_50                                      ; CLOCK_50    ; 0.000        ; 0.036      ; 0.584      ;
; 0.464  ; divisor_frecuencia:INST_DIVISOR|contador_ciclos[22]                  ; divisor_frecuencia:INST_DIVISOR|contador_ciclos[23]                  ; CLOCK_50                                      ; CLOCK_50    ; 0.000        ; 0.036      ; 0.584      ;
; 0.464  ; detector_ocupacion:INST_DETECTOR_OCUPACION|contador_felicitacion[12] ; detector_ocupacion:INST_DETECTOR_OCUPACION|contador_felicitacion[14] ; CLOCK_50                                      ; CLOCK_50    ; 0.000        ; 0.039      ; 0.587      ;
; 0.465  ; detector_ocupacion:INST_DETECTOR_OCUPACION|contador_felicitacion[12] ; detector_ocupacion:INST_DETECTOR_OCUPACION|contador_felicitacion[13] ; CLOCK_50                                      ; CLOCK_50    ; 0.000        ; 0.035      ; 0.584      ;
; 0.465  ; detector_ocupacion:INST_DETECTOR_OCUPACION|contador_felicitacion[14] ; detector_ocupacion:INST_DETECTOR_OCUPACION|contador_felicitacion[15] ; CLOCK_50                                      ; CLOCK_50    ; 0.000        ; 0.035      ; 0.584      ;
; 0.466  ; detector_ocupacion:INST_DETECTOR_OCUPACION|contador_felicitacion[16] ; detector_ocupacion:INST_DETECTOR_OCUPACION|contador_felicitacion[17] ; CLOCK_50                                      ; CLOCK_50    ; 0.000        ; 0.035      ; 0.585      ;
; 0.466  ; detector_ocupacion:INST_DETECTOR_OCUPACION|contador_felicitacion[26] ; detector_ocupacion:INST_DETECTOR_OCUPACION|contador_felicitacion[27] ; CLOCK_50                                      ; CLOCK_50    ; 0.000        ; 0.035      ; 0.585      ;
; 0.466  ; detector_ocupacion:INST_DETECTOR_OCUPACION|contador_felicitacion[8]  ; detector_ocupacion:INST_DETECTOR_OCUPACION|contador_felicitacion[9]  ; CLOCK_50                                      ; CLOCK_50    ; 0.000        ; 0.035      ; 0.585      ;
; 0.466  ; divisor_frecuencia:INST_DIVISOR|contador_ciclos[2]                   ; divisor_frecuencia:INST_DIVISOR|contador_ciclos[4]                   ; CLOCK_50                                      ; CLOCK_50    ; 0.000        ; 0.036      ; 0.586      ;
; 0.466  ; divisor_frecuencia:INST_DIVISOR|contador_ciclos[0]                   ; divisor_frecuencia:INST_DIVISOR|contador_ciclos[2]                   ; CLOCK_50                                      ; CLOCK_50    ; 0.000        ; 0.036      ; 0.586      ;
; 0.467  ; detector_ocupacion:INST_DETECTOR_OCUPACION|contador_felicitacion[24] ; detector_ocupacion:INST_DETECTOR_OCUPACION|contador_felicitacion[25] ; CLOCK_50                                      ; CLOCK_50    ; 0.000        ; 0.035      ; 0.586      ;
; 0.468  ; detector_ocupacion:INST_DETECTOR_OCUPACION|contador_felicitacion[14] ; detector_ocupacion:INST_DETECTOR_OCUPACION|contador_felicitacion[16] ; CLOCK_50                                      ; CLOCK_50    ; 0.000        ; 0.035      ; 0.587      ;
+--------+----------------------------------------------------------------------+----------------------------------------------------------------------+-----------------------------------------------+-------------+--------------+------------+------------+


+----------------------------------------------------------------------------------------------------------------------------------------------------------------------------------------------------------------------------------------------------------------------------------+
; Fast 1200mV 0C Model Hold: 'divisor_frecuencia:INST_DIVISOR|reloj_1hz_reg'                                                                                                                                                                                                       ;
+-------+----------------------------------------------------------------+----------------------------------------------------------------+-----------------------------------------------+-----------------------------------------------+--------------+------------+------------+
; Slack ; From Node                                                      ; To Node                                                        ; Launch Clock                                  ; Latch Clock                                   ; Relationship ; Clock Skew ; Data Delay ;
+-------+----------------------------------------------------------------+----------------------------------------------------------------+-----------------------------------------------+-----------------------------------------------+--------------+------------+------------+
; 0.155 ; detector_ocupacion:INST_DETECTOR_OCUPACION|estado_ocupado      ; contador_tiempo_extra:INST_CONTADOR_EXTRA|contador_unidades[2] ; CLOCK_50                                      ; divisor_frecuencia:INST_DIVISOR|reloj_1hz_reg ; 0.000        ; 0.264      ; 0.533      ;
; 0.159 ; detector_ocupacion:INST_DETECTOR_OCUPACION|estado_ocupado      ; contador_tiempo_extra:INST_CONTADOR_EXTRA|contador_unidades[1] ; CLOCK_50                                      ; divisor_frecuencia:INST_DIVISOR|reloj_1hz_reg ; 0.000        ; 0.264      ; 0.537      ;
; 0.160 ; detector_ocupacion:INST_DETECTOR_OCUPACION|estado_ocupado      ; contador_35_segundos:INST_CONTADOR_35|contador_decenas[0]      ; CLOCK_50                                      ; divisor_frecuencia:INST_DIVISOR|reloj_1hz_reg ; 0.000        ; 0.264      ; 0.538      ;
; 0.160 ; detector_ocupacion:INST_DETECTOR_OCUPACION|estado_ocupado      ; contador_tiempo_extra:INST_CONTADOR_EXTRA|contador_unidades[3] ; CLOCK_50                                      ; divisor_frecuencia:INST_DIVISOR|reloj_1hz_reg ; 0.000        ; 0.264      ; 0.538      ;
; 0.187 ; contador_tiempo_extra:INST_CONTADOR_EXTRA|contador_decenas[0]  ; contador_tiempo_extra:INST_CONTADOR_EXTRA|contador_decenas[0]  ; divisor_frecuencia:INST_DIVISOR|reloj_1hz_reg ; divisor_frecuencia:INST_DIVISOR|reloj_1hz_reg ; 0.000        ; 0.036      ; 0.307      ;
; 0.187 ; contador_35_segundos:INST_CONTADOR_35|fin_conteo_reg           ; contador_35_segundos:INST_CONTADOR_35|fin_conteo_reg           ; divisor_frecuencia:INST_DIVISOR|reloj_1hz_reg ; divisor_frecuencia:INST_DIVISOR|reloj_1hz_reg ; 0.000        ; 0.036      ; 0.307      ;
; 0.187 ; contador_35_segundos:INST_CONTADOR_35|contador_unidades[1]     ; contador_35_segundos:INST_CONTADOR_35|contador_unidades[1]     ; divisor_frecuencia:INST_DIVISOR|reloj_1hz_reg ; divisor_frecuencia:INST_DIVISOR|reloj_1hz_reg ; 0.000        ; 0.036      ; 0.307      ;
; 0.187 ; contador_35_segundos:INST_CONTADOR_35|contador_unidades[3]     ; contador_35_segundos:INST_CONTADOR_35|contador_unidades[3]     ; divisor_frecuencia:INST_DIVISOR|reloj_1hz_reg ; divisor_frecuencia:INST_DIVISOR|reloj_1hz_reg ; 0.000        ; 0.036      ; 0.307      ;
; 0.187 ; contador_35_segundos:INST_CONTADOR_35|contador_unidades[2]     ; contador_35_segundos:INST_CONTADOR_35|contador_unidades[2]     ; divisor_frecuencia:INST_DIVISOR|reloj_1hz_reg ; divisor_frecuencia:INST_DIVISOR|reloj_1hz_reg ; 0.000        ; 0.036      ; 0.307      ;
; 0.187 ; contador_35_segundos:INST_CONTADOR_35|contador_decenas[1]      ; contador_35_segundos:INST_CONTADOR_35|contador_decenas[1]      ; divisor_frecuencia:INST_DIVISOR|reloj_1hz_reg ; divisor_frecuencia:INST_DIVISOR|reloj_1hz_reg ; 0.000        ; 0.036      ; 0.307      ;
; 0.188 ; contador_tiempo_extra:INST_CONTADOR_EXTRA|contador_unidades[2] ; contador_tiempo_extra:INST_CONTADOR_EXTRA|contador_unidades[2] ; divisor_frecuencia:INST_DIVISOR|reloj_1hz_reg ; divisor_frecuencia:INST_DIVISOR|reloj_1hz_reg ; 0.000        ; 0.035      ; 0.307      ;
; 0.188 ; contador_tiempo_extra:INST_CONTADOR_EXTRA|contador_unidades[3] ; contador_tiempo_extra:INST_CONTADOR_EXTRA|contador_unidades[3] ; divisor_frecuencia:INST_DIVISOR|reloj_1hz_reg ; divisor_frecuencia:INST_DIVISOR|reloj_1hz_reg ; 0.000        ; 0.035      ; 0.307      ;
; 0.188 ; contador_tiempo_extra:INST_CONTADOR_EXTRA|contador_unidades[0] ; contador_tiempo_extra:INST_CONTADOR_EXTRA|contador_unidades[0] ; divisor_frecuencia:INST_DIVISOR|reloj_1hz_reg ; divisor_frecuencia:INST_DIVISOR|reloj_1hz_reg ; 0.000        ; 0.035      ; 0.307      ;
; 0.188 ; contador_tiempo_extra:INST_CONTADOR_EXTRA|contador_unidades[1] ; contador_tiempo_extra:INST_CONTADOR_EXTRA|contador_unidades[1] ; divisor_frecuencia:INST_DIVISOR|reloj_1hz_reg ; divisor_frecuencia:INST_DIVISOR|reloj_1hz_reg ; 0.000        ; 0.035      ; 0.307      ;
; 0.188 ; contador_tiempo_extra:INST_CONTADOR_EXTRA|contador_decenas[3]  ; contador_tiempo_extra:INST_CONTADOR_EXTRA|contador_decenas[3]  ; divisor_frecuencia:INST_DIVISOR|reloj_1hz_reg ; divisor_frecuencia:INST_DIVISOR|reloj_1hz_reg ; 0.000        ; 0.035      ; 0.307      ;
; 0.188 ; contador_tiempo_extra:INST_CONTADOR_EXTRA|contador_decenas[2]  ; contador_tiempo_extra:INST_CONTADOR_EXTRA|contador_decenas[2]  ; divisor_frecuencia:INST_DIVISOR|reloj_1hz_reg ; divisor_frecuencia:INST_DIVISOR|reloj_1hz_reg ; 0.000        ; 0.035      ; 0.307      ;
; 0.188 ; contador_tiempo_extra:INST_CONTADOR_EXTRA|contador_decenas[1]  ; contador_tiempo_extra:INST_CONTADOR_EXTRA|contador_decenas[1]  ; divisor_frecuencia:INST_DIVISOR|reloj_1hz_reg ; divisor_frecuencia:INST_DIVISOR|reloj_1hz_reg ; 0.000        ; 0.035      ; 0.307      ;
; 0.188 ; contador_35_segundos:INST_CONTADOR_35|contador_decenas[0]      ; contador_35_segundos:INST_CONTADOR_35|contador_decenas[0]      ; divisor_frecuencia:INST_DIVISOR|reloj_1hz_reg ; divisor_frecuencia:INST_DIVISOR|reloj_1hz_reg ; 0.000        ; 0.035      ; 0.307      ;
; 0.188 ; contador_35_segundos:INST_CONTADOR_35|contador_unidades[0]     ; contador_35_segundos:INST_CONTADOR_35|contador_unidades[0]     ; divisor_frecuencia:INST_DIVISOR|reloj_1hz_reg ; divisor_frecuencia:INST_DIVISOR|reloj_1hz_reg ; 0.000        ; 0.035      ; 0.307      ;
; 0.227 ; detector_ocupacion:INST_DETECTOR_OCUPACION|estado_ocupado      ; contador_tiempo_extra:INST_CONTADOR_EXTRA|contador_decenas[0]  ; CLOCK_50                                      ; divisor_frecuencia:INST_DIVISOR|reloj_1hz_reg ; 0.000        ; 0.270      ; 0.611      ;
; 0.243 ; detector_ocupacion:INST_DETECTOR_OCUPACION|estado_ocupado      ; contador_35_segundos:INST_CONTADOR_35|contador_decenas[1]      ; CLOCK_50                                      ; divisor_frecuencia:INST_DIVISOR|reloj_1hz_reg ; 0.000        ; 0.265      ; 0.622      ;
; 0.270 ; detector_ocupacion:INST_DETECTOR_OCUPACION|estado_ocupado      ; contador_tiempo_extra:INST_CONTADOR_EXTRA|contador_decenas[1]  ; CLOCK_50                                      ; divisor_frecuencia:INST_DIVISOR|reloj_1hz_reg ; 0.000        ; 0.264      ; 0.648      ;
; 0.273 ; detector_ocupacion:INST_DETECTOR_OCUPACION|estado_ocupado      ; contador_35_segundos:INST_CONTADOR_35|contador_unidades[0]     ; CLOCK_50                                      ; divisor_frecuencia:INST_DIVISOR|reloj_1hz_reg ; 0.000        ; 0.264      ; 0.651      ;
; 0.274 ; detector_ocupacion:INST_DETECTOR_OCUPACION|estado_ocupado      ; contador_tiempo_extra:INST_CONTADOR_EXTRA|contador_decenas[2]  ; CLOCK_50                                      ; divisor_frecuencia:INST_DIVISOR|reloj_1hz_reg ; 0.000        ; 0.264      ; 0.652      ;
; 0.274 ; detector_ocupacion:INST_DETECTOR_OCUPACION|estado_ocupado      ; contador_tiempo_extra:INST_CONTADOR_EXTRA|contador_decenas[3]  ; CLOCK_50                                      ; divisor_frecuencia:INST_DIVISOR|reloj_1hz_reg ; 0.000        ; 0.264      ; 0.652      ;
; 0.312 ; contador_tiempo_extra:INST_CONTADOR_EXTRA|contador_decenas[2]  ; contador_tiempo_extra:INST_CONTADOR_EXTRA|contador_decenas[3]  ; divisor_frecuencia:INST_DIVISOR|reloj_1hz_reg ; divisor_frecuencia:INST_DIVISOR|reloj_1hz_reg ; 0.000        ; 0.035      ; 0.431      ;
; 0.312 ; contador_tiempo_extra:INST_CONTADOR_EXTRA|contador_decenas[1]  ; contador_tiempo_extra:INST_CONTADOR_EXTRA|contador_decenas[2]  ; divisor_frecuencia:INST_DIVISOR|reloj_1hz_reg ; divisor_frecuencia:INST_DIVISOR|reloj_1hz_reg ; 0.000        ; 0.035      ; 0.431      ;
; 0.325 ; contador_tiempo_extra:INST_CONTADOR_EXTRA|contador_unidades[0] ; contador_tiempo_extra:INST_CONTADOR_EXTRA|contador_unidades[2] ; divisor_frecuencia:INST_DIVISOR|reloj_1hz_reg ; divisor_frecuencia:INST_DIVISOR|reloj_1hz_reg ; 0.000        ; 0.035      ; 0.444      ;
; 0.327 ; detector_ocupacion:INST_DETECTOR_OCUPACION|estado_ocupado      ; contador_tiempo_extra:INST_CONTADOR_EXTRA|contador_unidades[0] ; CLOCK_50                                      ; divisor_frecuencia:INST_DIVISOR|reloj_1hz_reg ; 0.000        ; 0.264      ; 0.705      ;
; 0.327 ; contador_tiempo_extra:INST_CONTADOR_EXTRA|contador_unidades[0] ; contador_tiempo_extra:INST_CONTADOR_EXTRA|contador_unidades[1] ; divisor_frecuencia:INST_DIVISOR|reloj_1hz_reg ; divisor_frecuencia:INST_DIVISOR|reloj_1hz_reg ; 0.000        ; 0.035      ; 0.446      ;
; 0.334 ; contador_35_segundos:INST_CONTADOR_35|contador_unidades[1]     ; contador_35_segundos:INST_CONTADOR_35|contador_unidades[2]     ; divisor_frecuencia:INST_DIVISOR|reloj_1hz_reg ; divisor_frecuencia:INST_DIVISOR|reloj_1hz_reg ; 0.000        ; 0.036      ; 0.454      ;
; 0.382 ; contador_35_segundos:INST_CONTADOR_35|contador_decenas[0]      ; contador_35_segundos:INST_CONTADOR_35|contador_unidades[0]     ; divisor_frecuencia:INST_DIVISOR|reloj_1hz_reg ; divisor_frecuencia:INST_DIVISOR|reloj_1hz_reg ; 0.000        ; 0.035      ; 0.501      ;
; 0.385 ; contador_35_segundos:INST_CONTADOR_35|contador_decenas[0]      ; contador_35_segundos:INST_CONTADOR_35|contador_decenas[1]      ; divisor_frecuencia:INST_DIVISOR|reloj_1hz_reg ; divisor_frecuencia:INST_DIVISOR|reloj_1hz_reg ; 0.000        ; 0.036      ; 0.505      ;
; 0.400 ; detector_ocupacion:INST_DETECTOR_OCUPACION|estado_ocupado      ; contador_35_segundos:INST_CONTADOR_35|contador_unidades[3]     ; CLOCK_50                                      ; divisor_frecuencia:INST_DIVISOR|reloj_1hz_reg ; 0.000        ; 0.265      ; 0.779      ;
; 0.402 ; detector_ocupacion:INST_DETECTOR_OCUPACION|estado_ocupado      ; contador_35_segundos:INST_CONTADOR_35|contador_unidades[2]     ; CLOCK_50                                      ; divisor_frecuencia:INST_DIVISOR|reloj_1hz_reg ; 0.000        ; 0.265      ; 0.781      ;
; 0.402 ; detector_ocupacion:INST_DETECTOR_OCUPACION|estado_ocupado      ; contador_35_segundos:INST_CONTADOR_35|contador_unidades[1]     ; CLOCK_50                                      ; divisor_frecuencia:INST_DIVISOR|reloj_1hz_reg ; 0.000        ; 0.265      ; 0.781      ;
; 0.430 ; contador_35_segundos:INST_CONTADOR_35|contador_unidades[0]     ; contador_35_segundos:INST_CONTADOR_35|contador_unidades[1]     ; divisor_frecuencia:INST_DIVISOR|reloj_1hz_reg ; divisor_frecuencia:INST_DIVISOR|reloj_1hz_reg ; 0.000        ; 0.036      ; 0.550      ;
; 0.431 ; detector_ocupacion:INST_DETECTOR_OCUPACION|estado_ocupado      ; contador_35_segundos:INST_CONTADOR_35|fin_conteo_reg           ; CLOCK_50                                      ; divisor_frecuencia:INST_DIVISOR|reloj_1hz_reg ; 0.000        ; 0.271      ; 0.816      ;
; 0.506 ; contador_35_segundos:INST_CONTADOR_35|contador_unidades[0]     ; contador_35_segundos:INST_CONTADOR_35|contador_unidades[2]     ; divisor_frecuencia:INST_DIVISOR|reloj_1hz_reg ; divisor_frecuencia:INST_DIVISOR|reloj_1hz_reg ; 0.000        ; 0.036      ; 0.626      ;
; 0.511 ; contador_35_segundos:INST_CONTADOR_35|contador_unidades[3]     ; contador_35_segundos:INST_CONTADOR_35|contador_decenas[0]      ; divisor_frecuencia:INST_DIVISOR|reloj_1hz_reg ; divisor_frecuencia:INST_DIVISOR|reloj_1hz_reg ; 0.000        ; 0.035      ; 0.630      ;
; 0.517 ; contador_tiempo_extra:INST_CONTADOR_EXTRA|contador_decenas[0]  ; contador_tiempo_extra:INST_CONTADOR_EXTRA|contador_decenas[1]  ; divisor_frecuencia:INST_DIVISOR|reloj_1hz_reg ; divisor_frecuencia:INST_DIVISOR|reloj_1hz_reg ; 0.000        ; 0.030      ; 0.631      ;
; 0.519 ; contador_tiempo_extra:INST_CONTADOR_EXTRA|contador_decenas[0]  ; contador_tiempo_extra:INST_CONTADOR_EXTRA|contador_decenas[2]  ; divisor_frecuencia:INST_DIVISOR|reloj_1hz_reg ; divisor_frecuencia:INST_DIVISOR|reloj_1hz_reg ; 0.000        ; 0.030      ; 0.633      ;
; 0.532 ; contador_35_segundos:INST_CONTADOR_35|fin_conteo_reg           ; contador_35_segundos:INST_CONTADOR_35|contador_decenas[0]      ; divisor_frecuencia:INST_DIVISOR|reloj_1hz_reg ; divisor_frecuencia:INST_DIVISOR|reloj_1hz_reg ; 0.000        ; 0.029      ; 0.645      ;
; 0.540 ; contador_tiempo_extra:INST_CONTADOR_EXTRA|contador_unidades[0] ; contador_tiempo_extra:INST_CONTADOR_EXTRA|contador_unidades[3] ; divisor_frecuencia:INST_DIVISOR|reloj_1hz_reg ; divisor_frecuencia:INST_DIVISOR|reloj_1hz_reg ; 0.000        ; 0.035      ; 0.659      ;
; 0.544 ; contador_35_segundos:INST_CONTADOR_35|contador_unidades[3]     ; contador_35_segundos:INST_CONTADOR_35|contador_decenas[1]      ; divisor_frecuencia:INST_DIVISOR|reloj_1hz_reg ; divisor_frecuencia:INST_DIVISOR|reloj_1hz_reg ; 0.000        ; 0.036      ; 0.664      ;
; 0.558 ; contador_35_segundos:INST_CONTADOR_35|contador_unidades[0]     ; contador_35_segundos:INST_CONTADOR_35|contador_decenas[0]      ; divisor_frecuencia:INST_DIVISOR|reloj_1hz_reg ; divisor_frecuencia:INST_DIVISOR|reloj_1hz_reg ; 0.000        ; 0.035      ; 0.677      ;
; 0.559 ; contador_tiempo_extra:INST_CONTADOR_EXTRA|contador_decenas[1]  ; contador_tiempo_extra:INST_CONTADOR_EXTRA|contador_unidades[2] ; divisor_frecuencia:INST_DIVISOR|reloj_1hz_reg ; divisor_frecuencia:INST_DIVISOR|reloj_1hz_reg ; 0.000        ; 0.035      ; 0.678      ;
; 0.563 ; contador_tiempo_extra:INST_CONTADOR_EXTRA|contador_decenas[1]  ; contador_tiempo_extra:INST_CONTADOR_EXTRA|contador_unidades[1] ; divisor_frecuencia:INST_DIVISOR|reloj_1hz_reg ; divisor_frecuencia:INST_DIVISOR|reloj_1hz_reg ; 0.000        ; 0.035      ; 0.682      ;
; 0.564 ; contador_tiempo_extra:INST_CONTADOR_EXTRA|contador_decenas[1]  ; contador_tiempo_extra:INST_CONTADOR_EXTRA|contador_unidades[3] ; divisor_frecuencia:INST_DIVISOR|reloj_1hz_reg ; divisor_frecuencia:INST_DIVISOR|reloj_1hz_reg ; 0.000        ; 0.035      ; 0.683      ;
; 0.582 ; contador_35_segundos:INST_CONTADOR_35|contador_decenas[0]      ; contador_35_segundos:INST_CONTADOR_35|contador_unidades[3]     ; divisor_frecuencia:INST_DIVISOR|reloj_1hz_reg ; divisor_frecuencia:INST_DIVISOR|reloj_1hz_reg ; 0.000        ; 0.036      ; 0.702      ;
; 0.585 ; contador_tiempo_extra:INST_CONTADOR_EXTRA|contador_decenas[3]  ; contador_tiempo_extra:INST_CONTADOR_EXTRA|contador_decenas[0]  ; divisor_frecuencia:INST_DIVISOR|reloj_1hz_reg ; divisor_frecuencia:INST_DIVISOR|reloj_1hz_reg ; 0.000        ; 0.041      ; 0.710      ;
; 0.585 ; contador_35_segundos:INST_CONTADOR_35|contador_decenas[0]      ; contador_35_segundos:INST_CONTADOR_35|contador_unidades[1]     ; divisor_frecuencia:INST_DIVISOR|reloj_1hz_reg ; divisor_frecuencia:INST_DIVISOR|reloj_1hz_reg ; 0.000        ; 0.036      ; 0.705      ;
; 0.588 ; contador_35_segundos:INST_CONTADOR_35|contador_decenas[0]      ; contador_35_segundos:INST_CONTADOR_35|contador_unidades[2]     ; divisor_frecuencia:INST_DIVISOR|reloj_1hz_reg ; divisor_frecuencia:INST_DIVISOR|reloj_1hz_reg ; 0.000        ; 0.036      ; 0.708      ;
; 0.591 ; contador_35_segundos:INST_CONTADOR_35|contador_unidades[0]     ; contador_35_segundos:INST_CONTADOR_35|contador_decenas[1]      ; divisor_frecuencia:INST_DIVISOR|reloj_1hz_reg ; divisor_frecuencia:INST_DIVISOR|reloj_1hz_reg ; 0.000        ; 0.036      ; 0.711      ;
; 0.593 ; contador_tiempo_extra:INST_CONTADOR_EXTRA|contador_unidades[2] ; contador_tiempo_extra:INST_CONTADOR_EXTRA|contador_unidades[3] ; divisor_frecuencia:INST_DIVISOR|reloj_1hz_reg ; divisor_frecuencia:INST_DIVISOR|reloj_1hz_reg ; 0.000        ; 0.035      ; 0.712      ;
; 0.595 ; contador_tiempo_extra:INST_CONTADOR_EXTRA|contador_unidades[1] ; contador_tiempo_extra:INST_CONTADOR_EXTRA|contador_unidades[3] ; divisor_frecuencia:INST_DIVISOR|reloj_1hz_reg ; divisor_frecuencia:INST_DIVISOR|reloj_1hz_reg ; 0.000        ; 0.035      ; 0.714      ;
; 0.601 ; contador_tiempo_extra:INST_CONTADOR_EXTRA|contador_decenas[0]  ; contador_tiempo_extra:INST_CONTADOR_EXTRA|contador_decenas[3]  ; divisor_frecuencia:INST_DIVISOR|reloj_1hz_reg ; divisor_frecuencia:INST_DIVISOR|reloj_1hz_reg ; 0.000        ; 0.030      ; 0.715      ;
; 0.608 ; contador_35_segundos:INST_CONTADOR_35|contador_unidades[2]     ; contador_35_segundos:INST_CONTADOR_35|contador_decenas[0]      ; divisor_frecuencia:INST_DIVISOR|reloj_1hz_reg ; divisor_frecuencia:INST_DIVISOR|reloj_1hz_reg ; 0.000        ; 0.035      ; 0.727      ;
; 0.609 ; contador_35_segundos:INST_CONTADOR_35|contador_unidades[1]     ; contador_35_segundos:INST_CONTADOR_35|contador_decenas[0]      ; divisor_frecuencia:INST_DIVISOR|reloj_1hz_reg ; divisor_frecuencia:INST_DIVISOR|reloj_1hz_reg ; 0.000        ; 0.035      ; 0.728      ;
; 0.612 ; contador_35_segundos:INST_CONTADOR_35|contador_unidades[1]     ; contador_35_segundos:INST_CONTADOR_35|contador_unidades[0]     ; divisor_frecuencia:INST_DIVISOR|reloj_1hz_reg ; divisor_frecuencia:INST_DIVISOR|reloj_1hz_reg ; 0.000        ; 0.035      ; 0.731      ;
; 0.612 ; contador_35_segundos:INST_CONTADOR_35|contador_unidades[0]     ; contador_35_segundos:INST_CONTADOR_35|contador_unidades[3]     ; divisor_frecuencia:INST_DIVISOR|reloj_1hz_reg ; divisor_frecuencia:INST_DIVISOR|reloj_1hz_reg ; 0.000        ; 0.036      ; 0.732      ;
; 0.620 ; contador_35_segundos:INST_CONTADOR_35|contador_unidades[3]     ; contador_35_segundos:INST_CONTADOR_35|contador_unidades[1]     ; divisor_frecuencia:INST_DIVISOR|reloj_1hz_reg ; divisor_frecuencia:INST_DIVISOR|reloj_1hz_reg ; 0.000        ; 0.036      ; 0.740      ;
; 0.639 ; contador_35_segundos:INST_CONTADOR_35|fin_conteo_reg           ; contador_tiempo_extra:INST_CONTADOR_EXTRA|contador_decenas[0]  ; divisor_frecuencia:INST_DIVISOR|reloj_1hz_reg ; divisor_frecuencia:INST_DIVISOR|reloj_1hz_reg ; 0.000        ; 0.035      ; 0.758      ;
; 0.641 ; contador_35_segundos:INST_CONTADOR_35|contador_unidades[0]     ; contador_35_segundos:INST_CONTADOR_35|fin_conteo_reg           ; divisor_frecuencia:INST_DIVISOR|reloj_1hz_reg ; divisor_frecuencia:INST_DIVISOR|reloj_1hz_reg ; 0.000        ; 0.042      ; 0.767      ;
; 0.650 ; contador_35_segundos:INST_CONTADOR_35|contador_unidades[3]     ; contador_35_segundos:INST_CONTADOR_35|contador_unidades[0]     ; divisor_frecuencia:INST_DIVISOR|reloj_1hz_reg ; divisor_frecuencia:INST_DIVISOR|reloj_1hz_reg ; 0.000        ; 0.035      ; 0.769      ;
; 0.659 ; contador_35_segundos:INST_CONTADOR_35|contador_unidades[2]     ; contador_35_segundos:INST_CONTADOR_35|contador_unidades[3]     ; divisor_frecuencia:INST_DIVISOR|reloj_1hz_reg ; divisor_frecuencia:INST_DIVISOR|reloj_1hz_reg ; 0.000        ; 0.036      ; 0.779      ;
; 0.663 ; contador_35_segundos:INST_CONTADOR_35|contador_unidades[1]     ; contador_35_segundos:INST_CONTADOR_35|contador_unidades[3]     ; divisor_frecuencia:INST_DIVISOR|reloj_1hz_reg ; divisor_frecuencia:INST_DIVISOR|reloj_1hz_reg ; 0.000        ; 0.036      ; 0.783      ;
; 0.663 ; contador_35_segundos:INST_CONTADOR_35|contador_unidades[2]     ; contador_35_segundos:INST_CONTADOR_35|contador_decenas[1]      ; divisor_frecuencia:INST_DIVISOR|reloj_1hz_reg ; divisor_frecuencia:INST_DIVISOR|reloj_1hz_reg ; 0.000        ; 0.036      ; 0.783      ;
; 0.664 ; contador_35_segundos:INST_CONTADOR_35|contador_unidades[1]     ; contador_35_segundos:INST_CONTADOR_35|contador_decenas[1]      ; divisor_frecuencia:INST_DIVISOR|reloj_1hz_reg ; divisor_frecuencia:INST_DIVISOR|reloj_1hz_reg ; 0.000        ; 0.036      ; 0.784      ;
; 0.677 ; contador_35_segundos:INST_CONTADOR_35|contador_decenas[1]      ; contador_35_segundos:INST_CONTADOR_35|contador_unidades[0]     ; divisor_frecuencia:INST_DIVISOR|reloj_1hz_reg ; divisor_frecuencia:INST_DIVISOR|reloj_1hz_reg ; 0.000        ; 0.035      ; 0.796      ;
; 0.681 ; contador_tiempo_extra:INST_CONTADOR_EXTRA|contador_decenas[3]  ; contador_tiempo_extra:INST_CONTADOR_EXTRA|contador_unidades[0] ; divisor_frecuencia:INST_DIVISOR|reloj_1hz_reg ; divisor_frecuencia:INST_DIVISOR|reloj_1hz_reg ; 0.000        ; 0.035      ; 0.800      ;
; 0.684 ; contador_35_segundos:INST_CONTADOR_35|fin_conteo_reg           ; contador_35_segundos:INST_CONTADOR_35|contador_decenas[1]      ; divisor_frecuencia:INST_DIVISOR|reloj_1hz_reg ; divisor_frecuencia:INST_DIVISOR|reloj_1hz_reg ; 0.000        ; 0.030      ; 0.798      ;
; 0.689 ; contador_tiempo_extra:INST_CONTADOR_EXTRA|contador_decenas[2]  ; contador_tiempo_extra:INST_CONTADOR_EXTRA|contador_decenas[0]  ; divisor_frecuencia:INST_DIVISOR|reloj_1hz_reg ; divisor_frecuencia:INST_DIVISOR|reloj_1hz_reg ; 0.000        ; 0.041      ; 0.814      ;
; 0.692 ; contador_tiempo_extra:INST_CONTADOR_EXTRA|contador_decenas[2]  ; contador_tiempo_extra:INST_CONTADOR_EXTRA|contador_unidades[2] ; divisor_frecuencia:INST_DIVISOR|reloj_1hz_reg ; divisor_frecuencia:INST_DIVISOR|reloj_1hz_reg ; 0.000        ; 0.035      ; 0.811      ;
; 0.693 ; contador_tiempo_extra:INST_CONTADOR_EXTRA|contador_unidades[1] ; contador_tiempo_extra:INST_CONTADOR_EXTRA|contador_unidades[2] ; divisor_frecuencia:INST_DIVISOR|reloj_1hz_reg ; divisor_frecuencia:INST_DIVISOR|reloj_1hz_reg ; 0.000        ; 0.035      ; 0.812      ;
; 0.696 ; contador_tiempo_extra:INST_CONTADOR_EXTRA|contador_decenas[2]  ; contador_tiempo_extra:INST_CONTADOR_EXTRA|contador_unidades[1] ; divisor_frecuencia:INST_DIVISOR|reloj_1hz_reg ; divisor_frecuencia:INST_DIVISOR|reloj_1hz_reg ; 0.000        ; 0.035      ; 0.815      ;
; 0.697 ; contador_tiempo_extra:INST_CONTADOR_EXTRA|contador_decenas[2]  ; contador_tiempo_extra:INST_CONTADOR_EXTRA|contador_unidades[3] ; divisor_frecuencia:INST_DIVISOR|reloj_1hz_reg ; divisor_frecuencia:INST_DIVISOR|reloj_1hz_reg ; 0.000        ; 0.035      ; 0.816      ;
; 0.703 ; contador_tiempo_extra:INST_CONTADOR_EXTRA|contador_unidades[1] ; contador_tiempo_extra:INST_CONTADOR_EXTRA|contador_decenas[1]  ; divisor_frecuencia:INST_DIVISOR|reloj_1hz_reg ; divisor_frecuencia:INST_DIVISOR|reloj_1hz_reg ; 0.000        ; 0.035      ; 0.822      ;
; 0.706 ; contador_35_segundos:INST_CONTADOR_35|contador_unidades[2]     ; contador_35_segundos:INST_CONTADOR_35|contador_unidades[0]     ; divisor_frecuencia:INST_DIVISOR|reloj_1hz_reg ; divisor_frecuencia:INST_DIVISOR|reloj_1hz_reg ; 0.000        ; 0.035      ; 0.825      ;
; 0.707 ; contador_tiempo_extra:INST_CONTADOR_EXTRA|contador_unidades[1] ; contador_tiempo_extra:INST_CONTADOR_EXTRA|contador_decenas[3]  ; divisor_frecuencia:INST_DIVISOR|reloj_1hz_reg ; divisor_frecuencia:INST_DIVISOR|reloj_1hz_reg ; 0.000        ; 0.035      ; 0.826      ;
; 0.707 ; contador_tiempo_extra:INST_CONTADOR_EXTRA|contador_unidades[1] ; contador_tiempo_extra:INST_CONTADOR_EXTRA|contador_decenas[2]  ; divisor_frecuencia:INST_DIVISOR|reloj_1hz_reg ; divisor_frecuencia:INST_DIVISOR|reloj_1hz_reg ; 0.000        ; 0.035      ; 0.826      ;
; 0.708 ; contador_tiempo_extra:INST_CONTADOR_EXTRA|contador_decenas[0]  ; contador_tiempo_extra:INST_CONTADOR_EXTRA|contador_unidades[0] ; divisor_frecuencia:INST_DIVISOR|reloj_1hz_reg ; divisor_frecuencia:INST_DIVISOR|reloj_1hz_reg ; 0.000        ; 0.030      ; 0.822      ;
; 0.713 ; contador_35_segundos:INST_CONTADOR_35|fin_conteo_reg           ; contador_tiempo_extra:INST_CONTADOR_EXTRA|contador_decenas[1]  ; divisor_frecuencia:INST_DIVISOR|reloj_1hz_reg ; divisor_frecuencia:INST_DIVISOR|reloj_1hz_reg ; 0.000        ; 0.029      ; 0.826      ;
; 0.717 ; contador_35_segundos:INST_CONTADOR_35|fin_conteo_reg           ; contador_tiempo_extra:INST_CONTADOR_EXTRA|contador_decenas[3]  ; divisor_frecuencia:INST_DIVISOR|reloj_1hz_reg ; divisor_frecuencia:INST_DIVISOR|reloj_1hz_reg ; 0.000        ; 0.029      ; 0.830      ;
; 0.717 ; contador_35_segundos:INST_CONTADOR_35|fin_conteo_reg           ; contador_tiempo_extra:INST_CONTADOR_EXTRA|contador_decenas[2]  ; divisor_frecuencia:INST_DIVISOR|reloj_1hz_reg ; divisor_frecuencia:INST_DIVISOR|reloj_1hz_reg ; 0.000        ; 0.029      ; 0.830      ;
; 0.722 ; contador_35_segundos:INST_CONTADOR_35|fin_conteo_reg           ; contador_35_segundos:INST_CONTADOR_35|contador_unidades[0]     ; divisor_frecuencia:INST_DIVISOR|reloj_1hz_reg ; divisor_frecuencia:INST_DIVISOR|reloj_1hz_reg ; 0.000        ; 0.029      ; 0.835      ;
; 0.728 ; contador_35_segundos:INST_CONTADOR_35|contador_unidades[2]     ; contador_35_segundos:INST_CONTADOR_35|contador_unidades[1]     ; divisor_frecuencia:INST_DIVISOR|reloj_1hz_reg ; divisor_frecuencia:INST_DIVISOR|reloj_1hz_reg ; 0.000        ; 0.036      ; 0.848      ;
; 0.731 ; contador_35_segundos:INST_CONTADOR_35|contador_unidades[1]     ; contador_35_segundos:INST_CONTADOR_35|fin_conteo_reg           ; divisor_frecuencia:INST_DIVISOR|reloj_1hz_reg ; divisor_frecuencia:INST_DIVISOR|reloj_1hz_reg ; 0.000        ; 0.042      ; 0.857      ;
; 0.731 ; contador_tiempo_extra:INST_CONTADOR_EXTRA|contador_decenas[3]  ; contador_tiempo_extra:INST_CONTADOR_EXTRA|contador_unidades[2] ; divisor_frecuencia:INST_DIVISOR|reloj_1hz_reg ; divisor_frecuencia:INST_DIVISOR|reloj_1hz_reg ; 0.000        ; 0.035      ; 0.850      ;
; 0.732 ; contador_tiempo_extra:INST_CONTADOR_EXTRA|contador_unidades[0] ; contador_tiempo_extra:INST_CONTADOR_EXTRA|contador_decenas[1]  ; divisor_frecuencia:INST_DIVISOR|reloj_1hz_reg ; divisor_frecuencia:INST_DIVISOR|reloj_1hz_reg ; 0.000        ; 0.035      ; 0.851      ;
; 0.736 ; contador_tiempo_extra:INST_CONTADOR_EXTRA|contador_decenas[3]  ; contador_tiempo_extra:INST_CONTADOR_EXTRA|contador_unidades[3] ; divisor_frecuencia:INST_DIVISOR|reloj_1hz_reg ; divisor_frecuencia:INST_DIVISOR|reloj_1hz_reg ; 0.000        ; 0.035      ; 0.855      ;
; 0.736 ; contador_tiempo_extra:INST_CONTADOR_EXTRA|contador_decenas[3]  ; contador_tiempo_extra:INST_CONTADOR_EXTRA|contador_unidades[1] ; divisor_frecuencia:INST_DIVISOR|reloj_1hz_reg ; divisor_frecuencia:INST_DIVISOR|reloj_1hz_reg ; 0.000        ; 0.035      ; 0.855      ;
; 0.736 ; contador_tiempo_extra:INST_CONTADOR_EXTRA|contador_unidades[0] ; contador_tiempo_extra:INST_CONTADOR_EXTRA|contador_decenas[3]  ; divisor_frecuencia:INST_DIVISOR|reloj_1hz_reg ; divisor_frecuencia:INST_DIVISOR|reloj_1hz_reg ; 0.000        ; 0.035      ; 0.855      ;
; 0.736 ; contador_tiempo_extra:INST_CONTADOR_EXTRA|contador_unidades[0] ; contador_tiempo_extra:INST_CONTADOR_EXTRA|contador_decenas[2]  ; divisor_frecuencia:INST_DIVISOR|reloj_1hz_reg ; divisor_frecuencia:INST_DIVISOR|reloj_1hz_reg ; 0.000        ; 0.035      ; 0.855      ;
; 0.739 ; contador_35_segundos:INST_CONTADOR_35|fin_conteo_reg           ; contador_tiempo_extra:INST_CONTADOR_EXTRA|contador_unidades[0] ; divisor_frecuencia:INST_DIVISOR|reloj_1hz_reg ; divisor_frecuencia:INST_DIVISOR|reloj_1hz_reg ; 0.000        ; 0.029      ; 0.852      ;
; 0.745 ; contador_35_segundos:INST_CONTADOR_35|contador_unidades[3]     ; contador_35_segundos:INST_CONTADOR_35|contador_unidades[2]     ; divisor_frecuencia:INST_DIVISOR|reloj_1hz_reg ; divisor_frecuencia:INST_DIVISOR|reloj_1hz_reg ; 0.000        ; 0.036      ; 0.865      ;
; 0.748 ; contador_tiempo_extra:INST_CONTADOR_EXTRA|contador_decenas[1]  ; contador_tiempo_extra:INST_CONTADOR_EXTRA|contador_decenas[3]  ; divisor_frecuencia:INST_DIVISOR|reloj_1hz_reg ; divisor_frecuencia:INST_DIVISOR|reloj_1hz_reg ; 0.000        ; 0.035      ; 0.867      ;
; 0.750 ; contador_35_segundos:INST_CONTADOR_35|contador_unidades[3]     ; contador_35_segundos:INST_CONTADOR_35|fin_conteo_reg           ; divisor_frecuencia:INST_DIVISOR|reloj_1hz_reg ; divisor_frecuencia:INST_DIVISOR|reloj_1hz_reg ; 0.000        ; 0.042      ; 0.876      ;
; 0.755 ; contador_tiempo_extra:INST_CONTADOR_EXTRA|contador_decenas[1]  ; contador_tiempo_extra:INST_CONTADOR_EXTRA|contador_decenas[0]  ; divisor_frecuencia:INST_DIVISOR|reloj_1hz_reg ; divisor_frecuencia:INST_DIVISOR|reloj_1hz_reg ; 0.000        ; 0.041      ; 0.880      ;
; 0.757 ; contador_35_segundos:INST_CONTADOR_35|fin_conteo_reg           ; contador_tiempo_extra:INST_CONTADOR_EXTRA|contador_unidades[2] ; divisor_frecuencia:INST_DIVISOR|reloj_1hz_reg ; divisor_frecuencia:INST_DIVISOR|reloj_1hz_reg ; 0.000        ; 0.029      ; 0.870      ;
+-------+----------------------------------------------------------------+----------------------------------------------------------------+-----------------------------------------------+-----------------------------------------------+--------------+------------+------------+


+-------------------------------------------------------------------------------------------------------------------------------------------------------------------------------------------------------------------------------------------------+
; Fast 1200mV 0C Model Recovery: 'divisor_frecuencia:INST_DIVISOR|reloj_1hz_reg'                                                                                                                                                                  ;
+-------+----------------------------------------------------------------+----------------------------------------------------------------+--------------+-----------------------------------------------+--------------+------------+------------+
; Slack ; From Node                                                      ; To Node                                                        ; Launch Clock ; Latch Clock                                   ; Relationship ; Clock Skew ; Data Delay ;
+-------+----------------------------------------------------------------+----------------------------------------------------------------+--------------+-----------------------------------------------+--------------+------------+------------+
; 0.036 ; detector_ocupacion:INST_DETECTOR_OCUPACION|reinicio_contadores ; contador_35_segundos:INST_CONTADOR_35|fin_conteo_reg           ; CLOCK_50     ; divisor_frecuencia:INST_DIVISOR|reloj_1hz_reg ; 1.000        ; 0.147      ; 1.088      ;
; 0.169 ; detector_ocupacion:INST_DETECTOR_OCUPACION|reinicio_contadores ; contador_35_segundos:INST_CONTADOR_35|contador_unidades[2]     ; CLOCK_50     ; divisor_frecuencia:INST_DIVISOR|reloj_1hz_reg ; 1.000        ; 0.141      ; 0.949      ;
; 0.169 ; detector_ocupacion:INST_DETECTOR_OCUPACION|reinicio_contadores ; contador_35_segundos:INST_CONTADOR_35|contador_unidades[3]     ; CLOCK_50     ; divisor_frecuencia:INST_DIVISOR|reloj_1hz_reg ; 1.000        ; 0.141      ; 0.949      ;
; 0.169 ; detector_ocupacion:INST_DETECTOR_OCUPACION|reinicio_contadores ; contador_35_segundos:INST_CONTADOR_35|contador_unidades[1]     ; CLOCK_50     ; divisor_frecuencia:INST_DIVISOR|reloj_1hz_reg ; 1.000        ; 0.141      ; 0.949      ;
; 0.169 ; detector_ocupacion:INST_DETECTOR_OCUPACION|reinicio_contadores ; contador_35_segundos:INST_CONTADOR_35|contador_decenas[1]      ; CLOCK_50     ; divisor_frecuencia:INST_DIVISOR|reloj_1hz_reg ; 1.000        ; 0.141      ; 0.949      ;
; 0.173 ; detector_ocupacion:INST_DETECTOR_OCUPACION|reinicio_contadores ; contador_tiempo_extra:INST_CONTADOR_EXTRA|contador_decenas[0]  ; CLOCK_50     ; divisor_frecuencia:INST_DIVISOR|reloj_1hz_reg ; 1.000        ; 0.146      ; 0.950      ;
; 0.297 ; detector_ocupacion:INST_DETECTOR_OCUPACION|reinicio_contadores ; contador_35_segundos:INST_CONTADOR_35|contador_decenas[0]      ; CLOCK_50     ; divisor_frecuencia:INST_DIVISOR|reloj_1hz_reg ; 1.000        ; 0.141      ; 0.821      ;
; 0.297 ; detector_ocupacion:INST_DETECTOR_OCUPACION|reinicio_contadores ; contador_35_segundos:INST_CONTADOR_35|contador_unidades[0]     ; CLOCK_50     ; divisor_frecuencia:INST_DIVISOR|reloj_1hz_reg ; 1.000        ; 0.141      ; 0.821      ;
; 0.297 ; detector_ocupacion:INST_DETECTOR_OCUPACION|reinicio_contadores ; contador_tiempo_extra:INST_CONTADOR_EXTRA|contador_decenas[1]  ; CLOCK_50     ; divisor_frecuencia:INST_DIVISOR|reloj_1hz_reg ; 1.000        ; 0.141      ; 0.821      ;
; 0.297 ; detector_ocupacion:INST_DETECTOR_OCUPACION|reinicio_contadores ; contador_tiempo_extra:INST_CONTADOR_EXTRA|contador_decenas[2]  ; CLOCK_50     ; divisor_frecuencia:INST_DIVISOR|reloj_1hz_reg ; 1.000        ; 0.141      ; 0.821      ;
; 0.297 ; detector_ocupacion:INST_DETECTOR_OCUPACION|reinicio_contadores ; contador_tiempo_extra:INST_CONTADOR_EXTRA|contador_decenas[3]  ; CLOCK_50     ; divisor_frecuencia:INST_DIVISOR|reloj_1hz_reg ; 1.000        ; 0.141      ; 0.821      ;
; 0.297 ; detector_ocupacion:INST_DETECTOR_OCUPACION|reinicio_contadores ; contador_tiempo_extra:INST_CONTADOR_EXTRA|contador_unidades[1] ; CLOCK_50     ; divisor_frecuencia:INST_DIVISOR|reloj_1hz_reg ; 1.000        ; 0.141      ; 0.821      ;
; 0.297 ; detector_ocupacion:INST_DETECTOR_OCUPACION|reinicio_contadores ; contador_tiempo_extra:INST_CONTADOR_EXTRA|contador_unidades[2] ; CLOCK_50     ; divisor_frecuencia:INST_DIVISOR|reloj_1hz_reg ; 1.000        ; 0.141      ; 0.821      ;
; 0.297 ; detector_ocupacion:INST_DETECTOR_OCUPACION|reinicio_contadores ; contador_tiempo_extra:INST_CONTADOR_EXTRA|contador_unidades[3] ; CLOCK_50     ; divisor_frecuencia:INST_DIVISOR|reloj_1hz_reg ; 1.000        ; 0.141      ; 0.821      ;
; 0.297 ; detector_ocupacion:INST_DETECTOR_OCUPACION|reinicio_contadores ; contador_tiempo_extra:INST_CONTADOR_EXTRA|contador_unidades[0] ; CLOCK_50     ; divisor_frecuencia:INST_DIVISOR|reloj_1hz_reg ; 1.000        ; 0.141      ; 0.821      ;
+-------+----------------------------------------------------------------+----------------------------------------------------------------+--------------+-----------------------------------------------+--------------+------------+------------+


+-------------------------------------------------------------------------------------------------------------------------------------------------------------------------------------------------------------------------------------------------+
; Fast 1200mV 0C Model Removal: 'divisor_frecuencia:INST_DIVISOR|reloj_1hz_reg'                                                                                                                                                                   ;
+-------+----------------------------------------------------------------+----------------------------------------------------------------+--------------+-----------------------------------------------+--------------+------------+------------+
; Slack ; From Node                                                      ; To Node                                                        ; Launch Clock ; Latch Clock                                   ; Relationship ; Clock Skew ; Data Delay ;
+-------+----------------------------------------------------------------+----------------------------------------------------------------+--------------+-----------------------------------------------+--------------+------------+------------+
; 0.378 ; detector_ocupacion:INST_DETECTOR_OCUPACION|reinicio_contadores ; contador_35_segundos:INST_CONTADOR_35|contador_decenas[0]      ; CLOCK_50     ; divisor_frecuencia:INST_DIVISOR|reloj_1hz_reg ; 0.000        ; 0.264      ; 0.756      ;
; 0.378 ; detector_ocupacion:INST_DETECTOR_OCUPACION|reinicio_contadores ; contador_35_segundos:INST_CONTADOR_35|contador_unidades[0]     ; CLOCK_50     ; divisor_frecuencia:INST_DIVISOR|reloj_1hz_reg ; 0.000        ; 0.264      ; 0.756      ;
; 0.378 ; detector_ocupacion:INST_DETECTOR_OCUPACION|reinicio_contadores ; contador_tiempo_extra:INST_CONTADOR_EXTRA|contador_decenas[1]  ; CLOCK_50     ; divisor_frecuencia:INST_DIVISOR|reloj_1hz_reg ; 0.000        ; 0.264      ; 0.756      ;
; 0.378 ; detector_ocupacion:INST_DETECTOR_OCUPACION|reinicio_contadores ; contador_tiempo_extra:INST_CONTADOR_EXTRA|contador_decenas[2]  ; CLOCK_50     ; divisor_frecuencia:INST_DIVISOR|reloj_1hz_reg ; 0.000        ; 0.264      ; 0.756      ;
; 0.378 ; detector_ocupacion:INST_DETECTOR_OCUPACION|reinicio_contadores ; contador_tiempo_extra:INST_CONTADOR_EXTRA|contador_decenas[3]  ; CLOCK_50     ; divisor_frecuencia:INST_DIVISOR|reloj_1hz_reg ; 0.000        ; 0.264      ; 0.756      ;
; 0.378 ; detector_ocupacion:INST_DETECTOR_OCUPACION|reinicio_contadores ; contador_tiempo_extra:INST_CONTADOR_EXTRA|contador_unidades[1] ; CLOCK_50     ; divisor_frecuencia:INST_DIVISOR|reloj_1hz_reg ; 0.000        ; 0.264      ; 0.756      ;
; 0.378 ; detector_ocupacion:INST_DETECTOR_OCUPACION|reinicio_contadores ; contador_tiempo_extra:INST_CONTADOR_EXTRA|contador_unidades[2] ; CLOCK_50     ; divisor_frecuencia:INST_DIVISOR|reloj_1hz_reg ; 0.000        ; 0.264      ; 0.756      ;
; 0.378 ; detector_ocupacion:INST_DETECTOR_OCUPACION|reinicio_contadores ; contador_tiempo_extra:INST_CONTADOR_EXTRA|contador_unidades[3] ; CLOCK_50     ; divisor_frecuencia:INST_DIVISOR|reloj_1hz_reg ; 0.000        ; 0.264      ; 0.756      ;
; 0.378 ; detector_ocupacion:INST_DETECTOR_OCUPACION|reinicio_contadores ; contador_tiempo_extra:INST_CONTADOR_EXTRA|contador_unidades[0] ; CLOCK_50     ; divisor_frecuencia:INST_DIVISOR|reloj_1hz_reg ; 0.000        ; 0.264      ; 0.756      ;
; 0.473 ; detector_ocupacion:INST_DETECTOR_OCUPACION|reinicio_contadores ; contador_35_segundos:INST_CONTADOR_35|contador_unidades[2]     ; CLOCK_50     ; divisor_frecuencia:INST_DIVISOR|reloj_1hz_reg ; 0.000        ; 0.265      ; 0.852      ;
; 0.473 ; detector_ocupacion:INST_DETECTOR_OCUPACION|reinicio_contadores ; contador_35_segundos:INST_CONTADOR_35|contador_unidades[3]     ; CLOCK_50     ; divisor_frecuencia:INST_DIVISOR|reloj_1hz_reg ; 0.000        ; 0.265      ; 0.852      ;
; 0.473 ; detector_ocupacion:INST_DETECTOR_OCUPACION|reinicio_contadores ; contador_35_segundos:INST_CONTADOR_35|contador_unidades[1]     ; CLOCK_50     ; divisor_frecuencia:INST_DIVISOR|reloj_1hz_reg ; 0.000        ; 0.265      ; 0.852      ;
; 0.473 ; detector_ocupacion:INST_DETECTOR_OCUPACION|reinicio_contadores ; contador_35_segundos:INST_CONTADOR_35|contador_decenas[1]      ; CLOCK_50     ; divisor_frecuencia:INST_DIVISOR|reloj_1hz_reg ; 0.000        ; 0.265      ; 0.852      ;
; 0.474 ; detector_ocupacion:INST_DETECTOR_OCUPACION|reinicio_contadores ; contador_tiempo_extra:INST_CONTADOR_EXTRA|contador_decenas[0]  ; CLOCK_50     ; divisor_frecuencia:INST_DIVISOR|reloj_1hz_reg ; 0.000        ; 0.270      ; 0.858      ;
; 0.581 ; detector_ocupacion:INST_DETECTOR_OCUPACION|reinicio_contadores ; contador_35_segundos:INST_CONTADOR_35|fin_conteo_reg           ; CLOCK_50     ; divisor_frecuencia:INST_DIVISOR|reloj_1hz_reg ; 0.000        ; 0.271      ; 0.966      ;
+-------+----------------------------------------------------------------+----------------------------------------------------------------+--------------+-----------------------------------------------+--------------+------------+------------+


+---------------------------------------------------------------------------------------------------------------------------------------------------------+
; Fast 1200mV 0C Model Minimum Pulse Width: 'CLOCK_50'                                                                                                    ;
+--------+--------------+----------------+-----------------+----------+------------+----------------------------------------------------------------------+
; Slack  ; Actual Width ; Required Width ; Type            ; Clock    ; Clock Edge ; Target                                                               ;
+--------+--------------+----------------+-----------------+----------+------------+----------------------------------------------------------------------+
; -3.000 ; 1.000        ; 4.000          ; Port Rate       ; CLOCK_50 ; Rise       ; CLOCK_50                                                             ;
; -1.000 ; 1.000        ; 2.000          ; Min Period      ; CLOCK_50 ; Rise       ; detector_ocupacion:INST_DETECTOR_OCUPACION|contador_felicitacion[0]  ;
; -1.000 ; 1.000        ; 2.000          ; Min Period      ; CLOCK_50 ; Rise       ; detector_ocupacion:INST_DETECTOR_OCUPACION|contador_felicitacion[10] ;
; -1.000 ; 1.000        ; 2.000          ; Min Period      ; CLOCK_50 ; Rise       ; detector_ocupacion:INST_DETECTOR_OCUPACION|contador_felicitacion[11] ;
; -1.000 ; 1.000        ; 2.000          ; Min Period      ; CLOCK_50 ; Rise       ; detector_ocupacion:INST_DETECTOR_OCUPACION|contador_felicitacion[12] ;
; -1.000 ; 1.000        ; 2.000          ; Min Period      ; CLOCK_50 ; Rise       ; detector_ocupacion:INST_DETECTOR_OCUPACION|contador_felicitacion[13] ;
; -1.000 ; 1.000        ; 2.000          ; Min Period      ; CLOCK_50 ; Rise       ; detector_ocupacion:INST_DETECTOR_OCUPACION|contador_felicitacion[14] ;
; -1.000 ; 1.000        ; 2.000          ; Min Period      ; CLOCK_50 ; Rise       ; detector_ocupacion:INST_DETECTOR_OCUPACION|contador_felicitacion[15] ;
; -1.000 ; 1.000        ; 2.000          ; Min Period      ; CLOCK_50 ; Rise       ; detector_ocupacion:INST_DETECTOR_OCUPACION|contador_felicitacion[16] ;
; -1.000 ; 1.000        ; 2.000          ; Min Period      ; CLOCK_50 ; Rise       ; detector_ocupacion:INST_DETECTOR_OCUPACION|contador_felicitacion[17] ;
; -1.000 ; 1.000        ; 2.000          ; Min Period      ; CLOCK_50 ; Rise       ; detector_ocupacion:INST_DETECTOR_OCUPACION|contador_felicitacion[18] ;
; -1.000 ; 1.000        ; 2.000          ; Min Period      ; CLOCK_50 ; Rise       ; detector_ocupacion:INST_DETECTOR_OCUPACION|contador_felicitacion[19] ;
; -1.000 ; 1.000        ; 2.000          ; Min Period      ; CLOCK_50 ; Rise       ; detector_ocupacion:INST_DETECTOR_OCUPACION|contador_felicitacion[1]  ;
; -1.000 ; 1.000        ; 2.000          ; Min Period      ; CLOCK_50 ; Rise       ; detector_ocupacion:INST_DETECTOR_OCUPACION|contador_felicitacion[20] ;
; -1.000 ; 1.000        ; 2.000          ; Min Period      ; CLOCK_50 ; Rise       ; detector_ocupacion:INST_DETECTOR_OCUPACION|contador_felicitacion[21] ;
; -1.000 ; 1.000        ; 2.000          ; Min Period      ; CLOCK_50 ; Rise       ; detector_ocupacion:INST_DETECTOR_OCUPACION|contador_felicitacion[22] ;
; -1.000 ; 1.000        ; 2.000          ; Min Period      ; CLOCK_50 ; Rise       ; detector_ocupacion:INST_DETECTOR_OCUPACION|contador_felicitacion[23] ;
; -1.000 ; 1.000        ; 2.000          ; Min Period      ; CLOCK_50 ; Rise       ; detector_ocupacion:INST_DETECTOR_OCUPACION|contador_felicitacion[24] ;
; -1.000 ; 1.000        ; 2.000          ; Min Period      ; CLOCK_50 ; Rise       ; detector_ocupacion:INST_DETECTOR_OCUPACION|contador_felicitacion[25] ;
; -1.000 ; 1.000        ; 2.000          ; Min Period      ; CLOCK_50 ; Rise       ; detector_ocupacion:INST_DETECTOR_OCUPACION|contador_felicitacion[26] ;
; -1.000 ; 1.000        ; 2.000          ; Min Period      ; CLOCK_50 ; Rise       ; detector_ocupacion:INST_DETECTOR_OCUPACION|contador_felicitacion[27] ;
; -1.000 ; 1.000        ; 2.000          ; Min Period      ; CLOCK_50 ; Rise       ; detector_ocupacion:INST_DETECTOR_OCUPACION|contador_felicitacion[2]  ;
; -1.000 ; 1.000        ; 2.000          ; Min Period      ; CLOCK_50 ; Rise       ; detector_ocupacion:INST_DETECTOR_OCUPACION|contador_felicitacion[3]  ;
; -1.000 ; 1.000        ; 2.000          ; Min Period      ; CLOCK_50 ; Rise       ; detector_ocupacion:INST_DETECTOR_OCUPACION|contador_felicitacion[4]  ;
; -1.000 ; 1.000        ; 2.000          ; Min Period      ; CLOCK_50 ; Rise       ; detector_ocupacion:INST_DETECTOR_OCUPACION|contador_felicitacion[5]  ;
; -1.000 ; 1.000        ; 2.000          ; Min Period      ; CLOCK_50 ; Rise       ; detector_ocupacion:INST_DETECTOR_OCUPACION|contador_felicitacion[6]  ;
; -1.000 ; 1.000        ; 2.000          ; Min Period      ; CLOCK_50 ; Rise       ; detector_ocupacion:INST_DETECTOR_OCUPACION|contador_felicitacion[7]  ;
; -1.000 ; 1.000        ; 2.000          ; Min Period      ; CLOCK_50 ; Rise       ; detector_ocupacion:INST_DETECTOR_OCUPACION|contador_felicitacion[8]  ;
; -1.000 ; 1.000        ; 2.000          ; Min Period      ; CLOCK_50 ; Rise       ; detector_ocupacion:INST_DETECTOR_OCUPACION|contador_felicitacion[9]  ;
; -1.000 ; 1.000        ; 2.000          ; Min Period      ; CLOCK_50 ; Rise       ; detector_ocupacion:INST_DETECTOR_OCUPACION|contando_felicitacion     ;
; -1.000 ; 1.000        ; 2.000          ; Min Period      ; CLOCK_50 ; Rise       ; detector_ocupacion:INST_DETECTOR_OCUPACION|entrada_anterior          ;
; -1.000 ; 1.000        ; 2.000          ; Min Period      ; CLOCK_50 ; Rise       ; detector_ocupacion:INST_DETECTOR_OCUPACION|entrada_sinc1             ;
; -1.000 ; 1.000        ; 2.000          ; Min Period      ; CLOCK_50 ; Rise       ; detector_ocupacion:INST_DETECTOR_OCUPACION|entrada_sinc2             ;
; -1.000 ; 1.000        ; 2.000          ; Min Period      ; CLOCK_50 ; Rise       ; detector_ocupacion:INST_DETECTOR_OCUPACION|estado_felicitacion       ;
; -1.000 ; 1.000        ; 2.000          ; Min Period      ; CLOCK_50 ; Rise       ; detector_ocupacion:INST_DETECTOR_OCUPACION|estado_ocupado            ;
; -1.000 ; 1.000        ; 2.000          ; Min Period      ; CLOCK_50 ; Rise       ; detector_ocupacion:INST_DETECTOR_OCUPACION|reinicio_contadores       ;
; -1.000 ; 1.000        ; 2.000          ; Min Period      ; CLOCK_50 ; Rise       ; detector_ocupacion:INST_DETECTOR_OCUPACION|salida_anterior           ;
; -1.000 ; 1.000        ; 2.000          ; Min Period      ; CLOCK_50 ; Rise       ; detector_ocupacion:INST_DETECTOR_OCUPACION|salida_sinc1              ;
; -1.000 ; 1.000        ; 2.000          ; Min Period      ; CLOCK_50 ; Rise       ; detector_ocupacion:INST_DETECTOR_OCUPACION|salida_sinc2              ;
; -1.000 ; 1.000        ; 2.000          ; Min Period      ; CLOCK_50 ; Rise       ; divisor_frecuencia:INST_DIVISOR|contador_ciclos[0]                   ;
; -1.000 ; 1.000        ; 2.000          ; Min Period      ; CLOCK_50 ; Rise       ; divisor_frecuencia:INST_DIVISOR|contador_ciclos[10]                  ;
; -1.000 ; 1.000        ; 2.000          ; Min Period      ; CLOCK_50 ; Rise       ; divisor_frecuencia:INST_DIVISOR|contador_ciclos[11]                  ;
; -1.000 ; 1.000        ; 2.000          ; Min Period      ; CLOCK_50 ; Rise       ; divisor_frecuencia:INST_DIVISOR|contador_ciclos[12]                  ;
; -1.000 ; 1.000        ; 2.000          ; Min Period      ; CLOCK_50 ; Rise       ; divisor_frecuencia:INST_DIVISOR|contador_ciclos[13]                  ;
; -1.000 ; 1.000        ; 2.000          ; Min Period      ; CLOCK_50 ; Rise       ; divisor_frecuencia:INST_DIVISOR|contador_ciclos[14]                  ;
; -1.000 ; 1.000        ; 2.000          ; Min Period      ; CLOCK_50 ; Rise       ; divisor_frecuencia:INST_DIVISOR|contador_ciclos[15]                  ;
; -1.000 ; 1.000        ; 2.000          ; Min Period      ; CLOCK_50 ; Rise       ; divisor_frecuencia:INST_DIVISOR|contador_ciclos[16]                  ;
; -1.000 ; 1.000        ; 2.000          ; Min Period      ; CLOCK_50 ; Rise       ; divisor_frecuencia:INST_DIVISOR|contador_ciclos[17]                  ;
; -1.000 ; 1.000        ; 2.000          ; Min Period      ; CLOCK_50 ; Rise       ; divisor_frecuencia:INST_DIVISOR|contador_ciclos[18]                  ;
; -1.000 ; 1.000        ; 2.000          ; Min Period      ; CLOCK_50 ; Rise       ; divisor_frecuencia:INST_DIVISOR|contador_ciclos[19]                  ;
; -1.000 ; 1.000        ; 2.000          ; Min Period      ; CLOCK_50 ; Rise       ; divisor_frecuencia:INST_DIVISOR|contador_ciclos[1]                   ;
; -1.000 ; 1.000        ; 2.000          ; Min Period      ; CLOCK_50 ; Rise       ; divisor_frecuencia:INST_DIVISOR|contador_ciclos[20]                  ;
; -1.000 ; 1.000        ; 2.000          ; Min Period      ; CLOCK_50 ; Rise       ; divisor_frecuencia:INST_DIVISOR|contador_ciclos[21]                  ;
; -1.000 ; 1.000        ; 2.000          ; Min Period      ; CLOCK_50 ; Rise       ; divisor_frecuencia:INST_DIVISOR|contador_ciclos[22]                  ;
; -1.000 ; 1.000        ; 2.000          ; Min Period      ; CLOCK_50 ; Rise       ; divisor_frecuencia:INST_DIVISOR|contador_ciclos[23]                  ;
; -1.000 ; 1.000        ; 2.000          ; Min Period      ; CLOCK_50 ; Rise       ; divisor_frecuencia:INST_DIVISOR|contador_ciclos[24]                  ;
; -1.000 ; 1.000        ; 2.000          ; Min Period      ; CLOCK_50 ; Rise       ; divisor_frecuencia:INST_DIVISOR|contador_ciclos[25]                  ;
; -1.000 ; 1.000        ; 2.000          ; Min Period      ; CLOCK_50 ; Rise       ; divisor_frecuencia:INST_DIVISOR|contador_ciclos[2]                   ;
; -1.000 ; 1.000        ; 2.000          ; Min Period      ; CLOCK_50 ; Rise       ; divisor_frecuencia:INST_DIVISOR|contador_ciclos[3]                   ;
; -1.000 ; 1.000        ; 2.000          ; Min Period      ; CLOCK_50 ; Rise       ; divisor_frecuencia:INST_DIVISOR|contador_ciclos[4]                   ;
; -1.000 ; 1.000        ; 2.000          ; Min Period      ; CLOCK_50 ; Rise       ; divisor_frecuencia:INST_DIVISOR|contador_ciclos[5]                   ;
; -1.000 ; 1.000        ; 2.000          ; Min Period      ; CLOCK_50 ; Rise       ; divisor_frecuencia:INST_DIVISOR|contador_ciclos[6]                   ;
; -1.000 ; 1.000        ; 2.000          ; Min Period      ; CLOCK_50 ; Rise       ; divisor_frecuencia:INST_DIVISOR|contador_ciclos[7]                   ;
; -1.000 ; 1.000        ; 2.000          ; Min Period      ; CLOCK_50 ; Rise       ; divisor_frecuencia:INST_DIVISOR|contador_ciclos[8]                   ;
; -1.000 ; 1.000        ; 2.000          ; Min Period      ; CLOCK_50 ; Rise       ; divisor_frecuencia:INST_DIVISOR|contador_ciclos[9]                   ;
; -1.000 ; 1.000        ; 2.000          ; Min Period      ; CLOCK_50 ; Rise       ; divisor_frecuencia:INST_DIVISOR|reloj_1hz_reg                        ;
; -0.058 ; 0.126        ; 0.184          ; Low Pulse Width ; CLOCK_50 ; Rise       ; detector_ocupacion:INST_DETECTOR_OCUPACION|contador_felicitacion[14] ;
; -0.058 ; 0.126        ; 0.184          ; Low Pulse Width ; CLOCK_50 ; Rise       ; detector_ocupacion:INST_DETECTOR_OCUPACION|contador_felicitacion[15] ;
; -0.058 ; 0.126        ; 0.184          ; Low Pulse Width ; CLOCK_50 ; Rise       ; detector_ocupacion:INST_DETECTOR_OCUPACION|contador_felicitacion[16] ;
; -0.058 ; 0.126        ; 0.184          ; Low Pulse Width ; CLOCK_50 ; Rise       ; detector_ocupacion:INST_DETECTOR_OCUPACION|contador_felicitacion[17] ;
; -0.058 ; 0.126        ; 0.184          ; Low Pulse Width ; CLOCK_50 ; Rise       ; detector_ocupacion:INST_DETECTOR_OCUPACION|contador_felicitacion[18] ;
; -0.058 ; 0.126        ; 0.184          ; Low Pulse Width ; CLOCK_50 ; Rise       ; detector_ocupacion:INST_DETECTOR_OCUPACION|contador_felicitacion[19] ;
; -0.058 ; 0.126        ; 0.184          ; Low Pulse Width ; CLOCK_50 ; Rise       ; detector_ocupacion:INST_DETECTOR_OCUPACION|contador_felicitacion[20] ;
; -0.058 ; 0.126        ; 0.184          ; Low Pulse Width ; CLOCK_50 ; Rise       ; detector_ocupacion:INST_DETECTOR_OCUPACION|contador_felicitacion[21] ;
; -0.058 ; 0.126        ; 0.184          ; Low Pulse Width ; CLOCK_50 ; Rise       ; detector_ocupacion:INST_DETECTOR_OCUPACION|contador_felicitacion[22] ;
; -0.058 ; 0.126        ; 0.184          ; Low Pulse Width ; CLOCK_50 ; Rise       ; detector_ocupacion:INST_DETECTOR_OCUPACION|contador_felicitacion[23] ;
; -0.058 ; 0.126        ; 0.184          ; Low Pulse Width ; CLOCK_50 ; Rise       ; detector_ocupacion:INST_DETECTOR_OCUPACION|contador_felicitacion[24] ;
; -0.058 ; 0.126        ; 0.184          ; Low Pulse Width ; CLOCK_50 ; Rise       ; detector_ocupacion:INST_DETECTOR_OCUPACION|contador_felicitacion[25] ;
; -0.058 ; 0.126        ; 0.184          ; Low Pulse Width ; CLOCK_50 ; Rise       ; detector_ocupacion:INST_DETECTOR_OCUPACION|contador_felicitacion[26] ;
; -0.058 ; 0.126        ; 0.184          ; Low Pulse Width ; CLOCK_50 ; Rise       ; detector_ocupacion:INST_DETECTOR_OCUPACION|contador_felicitacion[27] ;
; -0.058 ; 0.126        ; 0.184          ; Low Pulse Width ; CLOCK_50 ; Rise       ; detector_ocupacion:INST_DETECTOR_OCUPACION|estado_ocupado            ;
; -0.058 ; 0.126        ; 0.184          ; Low Pulse Width ; CLOCK_50 ; Rise       ; detector_ocupacion:INST_DETECTOR_OCUPACION|reinicio_contadores       ;
; -0.057 ; 0.127        ; 0.184          ; Low Pulse Width ; CLOCK_50 ; Rise       ; detector_ocupacion:INST_DETECTOR_OCUPACION|contando_felicitacion     ;
; -0.057 ; 0.127        ; 0.184          ; Low Pulse Width ; CLOCK_50 ; Rise       ; detector_ocupacion:INST_DETECTOR_OCUPACION|entrada_anterior          ;
; -0.057 ; 0.127        ; 0.184          ; Low Pulse Width ; CLOCK_50 ; Rise       ; detector_ocupacion:INST_DETECTOR_OCUPACION|entrada_sinc1             ;
; -0.057 ; 0.127        ; 0.184          ; Low Pulse Width ; CLOCK_50 ; Rise       ; detector_ocupacion:INST_DETECTOR_OCUPACION|entrada_sinc2             ;
; -0.057 ; 0.127        ; 0.184          ; Low Pulse Width ; CLOCK_50 ; Rise       ; detector_ocupacion:INST_DETECTOR_OCUPACION|estado_felicitacion       ;
; -0.057 ; 0.127        ; 0.184          ; Low Pulse Width ; CLOCK_50 ; Rise       ; detector_ocupacion:INST_DETECTOR_OCUPACION|salida_anterior           ;
; -0.057 ; 0.127        ; 0.184          ; Low Pulse Width ; CLOCK_50 ; Rise       ; detector_ocupacion:INST_DETECTOR_OCUPACION|salida_sinc1              ;
; -0.057 ; 0.127        ; 0.184          ; Low Pulse Width ; CLOCK_50 ; Rise       ; detector_ocupacion:INST_DETECTOR_OCUPACION|salida_sinc2              ;
; -0.057 ; 0.127        ; 0.184          ; Low Pulse Width ; CLOCK_50 ; Rise       ; divisor_frecuencia:INST_DIVISOR|contador_ciclos[12]                  ;
; -0.057 ; 0.127        ; 0.184          ; Low Pulse Width ; CLOCK_50 ; Rise       ; divisor_frecuencia:INST_DIVISOR|contador_ciclos[13]                  ;
; -0.057 ; 0.127        ; 0.184          ; Low Pulse Width ; CLOCK_50 ; Rise       ; divisor_frecuencia:INST_DIVISOR|contador_ciclos[14]                  ;
; -0.057 ; 0.127        ; 0.184          ; Low Pulse Width ; CLOCK_50 ; Rise       ; divisor_frecuencia:INST_DIVISOR|contador_ciclos[15]                  ;
; -0.057 ; 0.127        ; 0.184          ; Low Pulse Width ; CLOCK_50 ; Rise       ; divisor_frecuencia:INST_DIVISOR|contador_ciclos[16]                  ;
; -0.057 ; 0.127        ; 0.184          ; Low Pulse Width ; CLOCK_50 ; Rise       ; divisor_frecuencia:INST_DIVISOR|contador_ciclos[17]                  ;
; -0.057 ; 0.127        ; 0.184          ; Low Pulse Width ; CLOCK_50 ; Rise       ; divisor_frecuencia:INST_DIVISOR|contador_ciclos[18]                  ;
; -0.057 ; 0.127        ; 0.184          ; Low Pulse Width ; CLOCK_50 ; Rise       ; divisor_frecuencia:INST_DIVISOR|contador_ciclos[19]                  ;
; -0.057 ; 0.127        ; 0.184          ; Low Pulse Width ; CLOCK_50 ; Rise       ; divisor_frecuencia:INST_DIVISOR|contador_ciclos[20]                  ;
; -0.057 ; 0.127        ; 0.184          ; Low Pulse Width ; CLOCK_50 ; Rise       ; divisor_frecuencia:INST_DIVISOR|contador_ciclos[21]                  ;
+--------+--------------+----------------+-----------------+----------+------------+----------------------------------------------------------------------+


+-----------------------------------------------------------------------------------------------------------------------------------------------------------------------------------------+
; Fast 1200mV 0C Model Minimum Pulse Width: 'divisor_frecuencia:INST_DIVISOR|reloj_1hz_reg'                                                                                               ;
+--------+--------------+----------------+------------------+-----------------------------------------------+------------+----------------------------------------------------------------+
; Slack  ; Actual Width ; Required Width ; Type             ; Clock                                         ; Clock Edge ; Target                                                         ;
+--------+--------------+----------------+------------------+-----------------------------------------------+------------+----------------------------------------------------------------+
; -1.000 ; 1.000        ; 2.000          ; Min Period       ; divisor_frecuencia:INST_DIVISOR|reloj_1hz_reg ; Rise       ; contador_35_segundos:INST_CONTADOR_35|contador_decenas[0]      ;
; -1.000 ; 1.000        ; 2.000          ; Min Period       ; divisor_frecuencia:INST_DIVISOR|reloj_1hz_reg ; Rise       ; contador_35_segundos:INST_CONTADOR_35|contador_decenas[1]      ;
; -1.000 ; 1.000        ; 2.000          ; Min Period       ; divisor_frecuencia:INST_DIVISOR|reloj_1hz_reg ; Rise       ; contador_35_segundos:INST_CONTADOR_35|contador_unidades[0]     ;
; -1.000 ; 1.000        ; 2.000          ; Min Period       ; divisor_frecuencia:INST_DIVISOR|reloj_1hz_reg ; Rise       ; contador_35_segundos:INST_CONTADOR_35|contador_unidades[1]     ;
; -1.000 ; 1.000        ; 2.000          ; Min Period       ; divisor_frecuencia:INST_DIVISOR|reloj_1hz_reg ; Rise       ; contador_35_segundos:INST_CONTADOR_35|contador_unidades[2]     ;
; -1.000 ; 1.000        ; 2.000          ; Min Period       ; divisor_frecuencia:INST_DIVISOR|reloj_1hz_reg ; Rise       ; contador_35_segundos:INST_CONTADOR_35|contador_unidades[3]     ;
; -1.000 ; 1.000        ; 2.000          ; Min Period       ; divisor_frecuencia:INST_DIVISOR|reloj_1hz_reg ; Rise       ; contador_35_segundos:INST_CONTADOR_35|fin_conteo_reg           ;
; -1.000 ; 1.000        ; 2.000          ; Min Period       ; divisor_frecuencia:INST_DIVISOR|reloj_1hz_reg ; Rise       ; contador_tiempo_extra:INST_CONTADOR_EXTRA|contador_decenas[0]  ;
; -1.000 ; 1.000        ; 2.000          ; Min Period       ; divisor_frecuencia:INST_DIVISOR|reloj_1hz_reg ; Rise       ; contador_tiempo_extra:INST_CONTADOR_EXTRA|contador_decenas[1]  ;
; -1.000 ; 1.000        ; 2.000          ; Min Period       ; divisor_frecuencia:INST_DIVISOR|reloj_1hz_reg ; Rise       ; contador_tiempo_extra:INST_CONTADOR_EXTRA|contador_decenas[2]  ;
; -1.000 ; 1.000        ; 2.000          ; Min Period       ; divisor_frecuencia:INST_DIVISOR|reloj_1hz_reg ; Rise       ; contador_tiempo_extra:INST_CONTADOR_EXTRA|contador_decenas[3]  ;
; -1.000 ; 1.000        ; 2.000          ; Min Period       ; divisor_frecuencia:INST_DIVISOR|reloj_1hz_reg ; Rise       ; contador_tiempo_extra:INST_CONTADOR_EXTRA|contador_unidades[0] ;
; -1.000 ; 1.000        ; 2.000          ; Min Period       ; divisor_frecuencia:INST_DIVISOR|reloj_1hz_reg ; Rise       ; contador_tiempo_extra:INST_CONTADOR_EXTRA|contador_unidades[1] ;
; -1.000 ; 1.000        ; 2.000          ; Min Period       ; divisor_frecuencia:INST_DIVISOR|reloj_1hz_reg ; Rise       ; contador_tiempo_extra:INST_CONTADOR_EXTRA|contador_unidades[2] ;
; -1.000 ; 1.000        ; 2.000          ; Min Period       ; divisor_frecuencia:INST_DIVISOR|reloj_1hz_reg ; Rise       ; contador_tiempo_extra:INST_CONTADOR_EXTRA|contador_unidades[3] ;
; 0.204  ; 0.388        ; 0.184          ; Low Pulse Width  ; divisor_frecuencia:INST_DIVISOR|reloj_1hz_reg ; Rise       ; contador_35_segundos:INST_CONTADOR_35|contador_decenas[0]      ;
; 0.204  ; 0.388        ; 0.184          ; Low Pulse Width  ; divisor_frecuencia:INST_DIVISOR|reloj_1hz_reg ; Rise       ; contador_35_segundos:INST_CONTADOR_35|contador_unidades[0]     ;
; 0.204  ; 0.388        ; 0.184          ; Low Pulse Width  ; divisor_frecuencia:INST_DIVISOR|reloj_1hz_reg ; Rise       ; contador_35_segundos:INST_CONTADOR_35|fin_conteo_reg           ;
; 0.204  ; 0.388        ; 0.184          ; Low Pulse Width  ; divisor_frecuencia:INST_DIVISOR|reloj_1hz_reg ; Rise       ; contador_tiempo_extra:INST_CONTADOR_EXTRA|contador_decenas[0]  ;
; 0.204  ; 0.388        ; 0.184          ; Low Pulse Width  ; divisor_frecuencia:INST_DIVISOR|reloj_1hz_reg ; Rise       ; contador_tiempo_extra:INST_CONTADOR_EXTRA|contador_decenas[1]  ;
; 0.204  ; 0.388        ; 0.184          ; Low Pulse Width  ; divisor_frecuencia:INST_DIVISOR|reloj_1hz_reg ; Rise       ; contador_tiempo_extra:INST_CONTADOR_EXTRA|contador_decenas[2]  ;
; 0.204  ; 0.388        ; 0.184          ; Low Pulse Width  ; divisor_frecuencia:INST_DIVISOR|reloj_1hz_reg ; Rise       ; contador_tiempo_extra:INST_CONTADOR_EXTRA|contador_decenas[3]  ;
; 0.204  ; 0.388        ; 0.184          ; Low Pulse Width  ; divisor_frecuencia:INST_DIVISOR|reloj_1hz_reg ; Rise       ; contador_tiempo_extra:INST_CONTADOR_EXTRA|contador_unidades[0] ;
; 0.204  ; 0.388        ; 0.184          ; Low Pulse Width  ; divisor_frecuencia:INST_DIVISOR|reloj_1hz_reg ; Rise       ; contador_tiempo_extra:INST_CONTADOR_EXTRA|contador_unidades[1] ;
; 0.204  ; 0.388        ; 0.184          ; Low Pulse Width  ; divisor_frecuencia:INST_DIVISOR|reloj_1hz_reg ; Rise       ; contador_tiempo_extra:INST_CONTADOR_EXTRA|contador_unidades[2] ;
; 0.204  ; 0.388        ; 0.184          ; Low Pulse Width  ; divisor_frecuencia:INST_DIVISOR|reloj_1hz_reg ; Rise       ; contador_tiempo_extra:INST_CONTADOR_EXTRA|contador_unidades[3] ;
; 0.205  ; 0.389        ; 0.184          ; Low Pulse Width  ; divisor_frecuencia:INST_DIVISOR|reloj_1hz_reg ; Rise       ; contador_35_segundos:INST_CONTADOR_35|contador_decenas[1]      ;
; 0.205  ; 0.389        ; 0.184          ; Low Pulse Width  ; divisor_frecuencia:INST_DIVISOR|reloj_1hz_reg ; Rise       ; contador_35_segundos:INST_CONTADOR_35|contador_unidades[1]     ;
; 0.205  ; 0.389        ; 0.184          ; Low Pulse Width  ; divisor_frecuencia:INST_DIVISOR|reloj_1hz_reg ; Rise       ; contador_35_segundos:INST_CONTADOR_35|contador_unidades[2]     ;
; 0.205  ; 0.389        ; 0.184          ; Low Pulse Width  ; divisor_frecuencia:INST_DIVISOR|reloj_1hz_reg ; Rise       ; contador_35_segundos:INST_CONTADOR_35|contador_unidades[3]     ;
; 0.384  ; 0.384        ; 0.000          ; Low Pulse Width  ; divisor_frecuencia:INST_DIVISOR|reloj_1hz_reg ; Rise       ; INST_CONTADOR_35|contador_decenas[0]|clk                       ;
; 0.384  ; 0.384        ; 0.000          ; Low Pulse Width  ; divisor_frecuencia:INST_DIVISOR|reloj_1hz_reg ; Rise       ; INST_CONTADOR_35|contador_unidades[0]|clk                      ;
; 0.384  ; 0.384        ; 0.000          ; Low Pulse Width  ; divisor_frecuencia:INST_DIVISOR|reloj_1hz_reg ; Rise       ; INST_CONTADOR_35|fin_conteo_reg|clk                            ;
; 0.384  ; 0.384        ; 0.000          ; Low Pulse Width  ; divisor_frecuencia:INST_DIVISOR|reloj_1hz_reg ; Rise       ; INST_CONTADOR_EXTRA|contador_decenas[0]|clk                    ;
; 0.384  ; 0.384        ; 0.000          ; Low Pulse Width  ; divisor_frecuencia:INST_DIVISOR|reloj_1hz_reg ; Rise       ; INST_CONTADOR_EXTRA|contador_decenas[1]|clk                    ;
; 0.384  ; 0.384        ; 0.000          ; Low Pulse Width  ; divisor_frecuencia:INST_DIVISOR|reloj_1hz_reg ; Rise       ; INST_CONTADOR_EXTRA|contador_decenas[2]|clk                    ;
; 0.384  ; 0.384        ; 0.000          ; Low Pulse Width  ; divisor_frecuencia:INST_DIVISOR|reloj_1hz_reg ; Rise       ; INST_CONTADOR_EXTRA|contador_decenas[3]|clk                    ;
; 0.384  ; 0.384        ; 0.000          ; Low Pulse Width  ; divisor_frecuencia:INST_DIVISOR|reloj_1hz_reg ; Rise       ; INST_CONTADOR_EXTRA|contador_unidades[0]|clk                   ;
; 0.384  ; 0.384        ; 0.000          ; Low Pulse Width  ; divisor_frecuencia:INST_DIVISOR|reloj_1hz_reg ; Rise       ; INST_CONTADOR_EXTRA|contador_unidades[1]|clk                   ;
; 0.384  ; 0.384        ; 0.000          ; Low Pulse Width  ; divisor_frecuencia:INST_DIVISOR|reloj_1hz_reg ; Rise       ; INST_CONTADOR_EXTRA|contador_unidades[2]|clk                   ;
; 0.384  ; 0.384        ; 0.000          ; Low Pulse Width  ; divisor_frecuencia:INST_DIVISOR|reloj_1hz_reg ; Rise       ; INST_CONTADOR_EXTRA|contador_unidades[3]|clk                   ;
; 0.385  ; 0.385        ; 0.000          ; Low Pulse Width  ; divisor_frecuencia:INST_DIVISOR|reloj_1hz_reg ; Rise       ; INST_CONTADOR_35|contador_decenas[1]|clk                       ;
; 0.385  ; 0.385        ; 0.000          ; Low Pulse Width  ; divisor_frecuencia:INST_DIVISOR|reloj_1hz_reg ; Rise       ; INST_CONTADOR_35|contador_unidades[1]|clk                      ;
; 0.385  ; 0.385        ; 0.000          ; Low Pulse Width  ; divisor_frecuencia:INST_DIVISOR|reloj_1hz_reg ; Rise       ; INST_CONTADOR_35|contador_unidades[2]|clk                      ;
; 0.385  ; 0.385        ; 0.000          ; Low Pulse Width  ; divisor_frecuencia:INST_DIVISOR|reloj_1hz_reg ; Rise       ; INST_CONTADOR_35|contador_unidades[3]|clk                      ;
; 0.388  ; 0.604        ; 0.216          ; High Pulse Width ; divisor_frecuencia:INST_DIVISOR|reloj_1hz_reg ; Rise       ; contador_35_segundos:INST_CONTADOR_35|contador_decenas[0]      ;
; 0.388  ; 0.604        ; 0.216          ; High Pulse Width ; divisor_frecuencia:INST_DIVISOR|reloj_1hz_reg ; Rise       ; contador_35_segundos:INST_CONTADOR_35|contador_decenas[1]      ;
; 0.388  ; 0.604        ; 0.216          ; High Pulse Width ; divisor_frecuencia:INST_DIVISOR|reloj_1hz_reg ; Rise       ; contador_35_segundos:INST_CONTADOR_35|contador_unidades[0]     ;
; 0.388  ; 0.604        ; 0.216          ; High Pulse Width ; divisor_frecuencia:INST_DIVISOR|reloj_1hz_reg ; Rise       ; contador_35_segundos:INST_CONTADOR_35|contador_unidades[1]     ;
; 0.388  ; 0.604        ; 0.216          ; High Pulse Width ; divisor_frecuencia:INST_DIVISOR|reloj_1hz_reg ; Rise       ; contador_35_segundos:INST_CONTADOR_35|contador_unidades[2]     ;
; 0.388  ; 0.604        ; 0.216          ; High Pulse Width ; divisor_frecuencia:INST_DIVISOR|reloj_1hz_reg ; Rise       ; contador_35_segundos:INST_CONTADOR_35|contador_unidades[3]     ;
; 0.388  ; 0.604        ; 0.216          ; High Pulse Width ; divisor_frecuencia:INST_DIVISOR|reloj_1hz_reg ; Rise       ; contador_35_segundos:INST_CONTADOR_35|fin_conteo_reg           ;
; 0.388  ; 0.604        ; 0.216          ; High Pulse Width ; divisor_frecuencia:INST_DIVISOR|reloj_1hz_reg ; Rise       ; contador_tiempo_extra:INST_CONTADOR_EXTRA|contador_decenas[0]  ;
; 0.388  ; 0.604        ; 0.216          ; High Pulse Width ; divisor_frecuencia:INST_DIVISOR|reloj_1hz_reg ; Rise       ; contador_tiempo_extra:INST_CONTADOR_EXTRA|contador_decenas[1]  ;
; 0.388  ; 0.604        ; 0.216          ; High Pulse Width ; divisor_frecuencia:INST_DIVISOR|reloj_1hz_reg ; Rise       ; contador_tiempo_extra:INST_CONTADOR_EXTRA|contador_decenas[2]  ;
; 0.388  ; 0.604        ; 0.216          ; High Pulse Width ; divisor_frecuencia:INST_DIVISOR|reloj_1hz_reg ; Rise       ; contador_tiempo_extra:INST_CONTADOR_EXTRA|contador_decenas[3]  ;
; 0.388  ; 0.604        ; 0.216          ; High Pulse Width ; divisor_frecuencia:INST_DIVISOR|reloj_1hz_reg ; Rise       ; contador_tiempo_extra:INST_CONTADOR_EXTRA|contador_unidades[0] ;
; 0.388  ; 0.604        ; 0.216          ; High Pulse Width ; divisor_frecuencia:INST_DIVISOR|reloj_1hz_reg ; Rise       ; contador_tiempo_extra:INST_CONTADOR_EXTRA|contador_unidades[1] ;
; 0.388  ; 0.604        ; 0.216          ; High Pulse Width ; divisor_frecuencia:INST_DIVISOR|reloj_1hz_reg ; Rise       ; contador_tiempo_extra:INST_CONTADOR_EXTRA|contador_unidades[2] ;
; 0.388  ; 0.604        ; 0.216          ; High Pulse Width ; divisor_frecuencia:INST_DIVISOR|reloj_1hz_reg ; Rise       ; contador_tiempo_extra:INST_CONTADOR_EXTRA|contador_unidades[3] ;
; 0.395  ; 0.395        ; 0.000          ; Low Pulse Width  ; divisor_frecuencia:INST_DIVISOR|reloj_1hz_reg ; Rise       ; INST_DIVISOR|reloj_1hz_reg~clkctrl|inclk[0]                    ;
; 0.395  ; 0.395        ; 0.000          ; Low Pulse Width  ; divisor_frecuencia:INST_DIVISOR|reloj_1hz_reg ; Rise       ; INST_DIVISOR|reloj_1hz_reg~clkctrl|outclk                      ;
; 0.500  ; 0.500        ; 0.000          ; High Pulse Width ; divisor_frecuencia:INST_DIVISOR|reloj_1hz_reg ; Rise       ; INST_DIVISOR|reloj_1hz_reg|q                                   ;
; 0.500  ; 0.500        ; 0.000          ; Low Pulse Width  ; divisor_frecuencia:INST_DIVISOR|reloj_1hz_reg ; Rise       ; INST_DIVISOR|reloj_1hz_reg|q                                   ;
; 0.600  ; 0.600        ; 0.000          ; High Pulse Width ; divisor_frecuencia:INST_DIVISOR|reloj_1hz_reg ; Rise       ; INST_DIVISOR|reloj_1hz_reg~clkctrl|inclk[0]                    ;
; 0.600  ; 0.600        ; 0.000          ; High Pulse Width ; divisor_frecuencia:INST_DIVISOR|reloj_1hz_reg ; Rise       ; INST_DIVISOR|reloj_1hz_reg~clkctrl|outclk                      ;
; 0.610  ; 0.610        ; 0.000          ; High Pulse Width ; divisor_frecuencia:INST_DIVISOR|reloj_1hz_reg ; Rise       ; INST_CONTADOR_35|contador_decenas[0]|clk                       ;
; 0.610  ; 0.610        ; 0.000          ; High Pulse Width ; divisor_frecuencia:INST_DIVISOR|reloj_1hz_reg ; Rise       ; INST_CONTADOR_35|contador_decenas[1]|clk                       ;
; 0.610  ; 0.610        ; 0.000          ; High Pulse Width ; divisor_frecuencia:INST_DIVISOR|reloj_1hz_reg ; Rise       ; INST_CONTADOR_35|contador_unidades[0]|clk                      ;
; 0.610  ; 0.610        ; 0.000          ; High Pulse Width ; divisor_frecuencia:INST_DIVISOR|reloj_1hz_reg ; Rise       ; INST_CONTADOR_35|contador_unidades[1]|clk                      ;
; 0.610  ; 0.610        ; 0.000          ; High Pulse Width ; divisor_frecuencia:INST_DIVISOR|reloj_1hz_reg ; Rise       ; INST_CONTADOR_35|contador_unidades[2]|clk                      ;
; 0.610  ; 0.610        ; 0.000          ; High Pulse Width ; divisor_frecuencia:INST_DIVISOR|reloj_1hz_reg ; Rise       ; INST_CONTADOR_35|contador_unidades[3]|clk                      ;
; 0.610  ; 0.610        ; 0.000          ; High Pulse Width ; divisor_frecuencia:INST_DIVISOR|reloj_1hz_reg ; Rise       ; INST_CONTADOR_35|fin_conteo_reg|clk                            ;
; 0.610  ; 0.610        ; 0.000          ; High Pulse Width ; divisor_frecuencia:INST_DIVISOR|reloj_1hz_reg ; Rise       ; INST_CONTADOR_EXTRA|contador_decenas[0]|clk                    ;
; 0.610  ; 0.610        ; 0.000          ; High Pulse Width ; divisor_frecuencia:INST_DIVISOR|reloj_1hz_reg ; Rise       ; INST_CONTADOR_EXTRA|contador_decenas[1]|clk                    ;
; 0.610  ; 0.610        ; 0.000          ; High Pulse Width ; divisor_frecuencia:INST_DIVISOR|reloj_1hz_reg ; Rise       ; INST_CONTADOR_EXTRA|contador_decenas[2]|clk                    ;
; 0.610  ; 0.610        ; 0.000          ; High Pulse Width ; divisor_frecuencia:INST_DIVISOR|reloj_1hz_reg ; Rise       ; INST_CONTADOR_EXTRA|contador_decenas[3]|clk                    ;
; 0.610  ; 0.610        ; 0.000          ; High Pulse Width ; divisor_frecuencia:INST_DIVISOR|reloj_1hz_reg ; Rise       ; INST_CONTADOR_EXTRA|contador_unidades[0]|clk                   ;
; 0.610  ; 0.610        ; 0.000          ; High Pulse Width ; divisor_frecuencia:INST_DIVISOR|reloj_1hz_reg ; Rise       ; INST_CONTADOR_EXTRA|contador_unidades[1]|clk                   ;
; 0.610  ; 0.610        ; 0.000          ; High Pulse Width ; divisor_frecuencia:INST_DIVISOR|reloj_1hz_reg ; Rise       ; INST_CONTADOR_EXTRA|contador_unidades[2]|clk                   ;
; 0.610  ; 0.610        ; 0.000          ; High Pulse Width ; divisor_frecuencia:INST_DIVISOR|reloj_1hz_reg ; Rise       ; INST_CONTADOR_EXTRA|contador_unidades[3]|clk                   ;
+--------+--------------+----------------+------------------+-----------------------------------------------+------------+----------------------------------------------------------------+


+------------------------------------------------------------------------+
; Setup Times                                                            ;
+------------+------------+-------+-------+------------+-----------------+
; Data Port  ; Clock Port ; Rise  ; Fall  ; Clock Edge ; Clock Reference ;
+------------+------------+-------+-------+------------+-----------------+
; BUTTON[*]  ; CLOCK_50   ; 1.894 ; 2.426 ; Rise       ; CLOCK_50        ;
;  BUTTON[1] ; CLOCK_50   ; 1.545 ; 2.108 ; Rise       ; CLOCK_50        ;
;  BUTTON[2] ; CLOCK_50   ; 1.894 ; 2.426 ; Rise       ; CLOCK_50        ;
+------------+------------+-------+-------+------------+-----------------+


+--------------------------------------------------------------------------+
; Hold Times                                                               ;
+------------+------------+--------+--------+------------+-----------------+
; Data Port  ; Clock Port ; Rise   ; Fall   ; Clock Edge ; Clock Reference ;
+------------+------------+--------+--------+------------+-----------------+
; BUTTON[*]  ; CLOCK_50   ; -1.313 ; -1.868 ; Rise       ; CLOCK_50        ;
;  BUTTON[1] ; CLOCK_50   ; -1.313 ; -1.868 ; Rise       ; CLOCK_50        ;
;  BUTTON[2] ; CLOCK_50   ; -1.649 ; -2.175 ; Rise       ; CLOCK_50        ;
+------------+------------+--------+--------+------------+-----------------+


+-------------------------------------------------------------------------------------------------------------------------------------------+
; Clock to Output Times                                                                                                                     ;
+--------------+-----------------------------------------------+-------+-------+------------+-----------------------------------------------+
; Data Port    ; Clock Port                                    ; Rise  ; Fall  ; Clock Edge ; Clock Reference                               ;
+--------------+-----------------------------------------------+-------+-------+------------+-----------------------------------------------+
; alarma       ; CLOCK_50                                      ; 4.222 ; 4.371 ; Rise       ; CLOCK_50                                      ;
; felicitacion ; CLOCK_50                                      ; 4.157 ; 4.304 ; Rise       ; CLOCK_50                                      ;
; HEX0_D[*]    ; divisor_frecuencia:INST_DIVISOR|reloj_1hz_reg ; 4.496 ; 4.628 ; Rise       ; divisor_frecuencia:INST_DIVISOR|reloj_1hz_reg ;
;  HEX0_D[0]   ; divisor_frecuencia:INST_DIVISOR|reloj_1hz_reg ; 4.272 ; 4.288 ; Rise       ; divisor_frecuencia:INST_DIVISOR|reloj_1hz_reg ;
;  HEX0_D[1]   ; divisor_frecuencia:INST_DIVISOR|reloj_1hz_reg ; 4.496 ; 4.628 ; Rise       ; divisor_frecuencia:INST_DIVISOR|reloj_1hz_reg ;
;  HEX0_D[2]   ; divisor_frecuencia:INST_DIVISOR|reloj_1hz_reg ; 4.085 ; 4.066 ; Rise       ; divisor_frecuencia:INST_DIVISOR|reloj_1hz_reg ;
;  HEX0_D[3]   ; divisor_frecuencia:INST_DIVISOR|reloj_1hz_reg ; 3.926 ; 3.893 ; Rise       ; divisor_frecuencia:INST_DIVISOR|reloj_1hz_reg ;
;  HEX0_D[4]   ; divisor_frecuencia:INST_DIVISOR|reloj_1hz_reg ; 4.024 ; 4.142 ; Rise       ; divisor_frecuencia:INST_DIVISOR|reloj_1hz_reg ;
;  HEX0_D[5]   ; divisor_frecuencia:INST_DIVISOR|reloj_1hz_reg ; 4.053 ; 4.036 ; Rise       ; divisor_frecuencia:INST_DIVISOR|reloj_1hz_reg ;
;  HEX0_D[6]   ; divisor_frecuencia:INST_DIVISOR|reloj_1hz_reg ; 4.101 ; 3.982 ; Rise       ; divisor_frecuencia:INST_DIVISOR|reloj_1hz_reg ;
; HEX1_D[*]    ; divisor_frecuencia:INST_DIVISOR|reloj_1hz_reg ; 4.472 ; 4.561 ; Rise       ; divisor_frecuencia:INST_DIVISOR|reloj_1hz_reg ;
;  HEX1_D[0]   ; divisor_frecuencia:INST_DIVISOR|reloj_1hz_reg ; 4.472 ; 4.561 ; Rise       ; divisor_frecuencia:INST_DIVISOR|reloj_1hz_reg ;
;  HEX1_D[2]   ; divisor_frecuencia:INST_DIVISOR|reloj_1hz_reg ; 4.357 ; 4.356 ; Rise       ; divisor_frecuencia:INST_DIVISOR|reloj_1hz_reg ;
;  HEX1_D[3]   ; divisor_frecuencia:INST_DIVISOR|reloj_1hz_reg ; 4.471 ; 4.557 ; Rise       ; divisor_frecuencia:INST_DIVISOR|reloj_1hz_reg ;
;  HEX1_D[4]   ; divisor_frecuencia:INST_DIVISOR|reloj_1hz_reg ; 3.764 ; 3.859 ; Rise       ; divisor_frecuencia:INST_DIVISOR|reloj_1hz_reg ;
;  HEX1_D[5]   ; divisor_frecuencia:INST_DIVISOR|reloj_1hz_reg ; 4.097 ; 4.231 ; Rise       ; divisor_frecuencia:INST_DIVISOR|reloj_1hz_reg ;
;  HEX1_D[6]   ; divisor_frecuencia:INST_DIVISOR|reloj_1hz_reg ; 3.708 ; 3.629 ; Rise       ; divisor_frecuencia:INST_DIVISOR|reloj_1hz_reg ;
; HEX2_D[*]    ; divisor_frecuencia:INST_DIVISOR|reloj_1hz_reg ; 4.581 ; 4.417 ; Rise       ; divisor_frecuencia:INST_DIVISOR|reloj_1hz_reg ;
;  HEX2_D[0]   ; divisor_frecuencia:INST_DIVISOR|reloj_1hz_reg ; 4.302 ; 4.205 ; Rise       ; divisor_frecuencia:INST_DIVISOR|reloj_1hz_reg ;
;  HEX2_D[1]   ; divisor_frecuencia:INST_DIVISOR|reloj_1hz_reg ; 4.245 ; 4.295 ; Rise       ; divisor_frecuencia:INST_DIVISOR|reloj_1hz_reg ;
;  HEX2_D[2]   ; divisor_frecuencia:INST_DIVISOR|reloj_1hz_reg ; 4.185 ; 4.329 ; Rise       ; divisor_frecuencia:INST_DIVISOR|reloj_1hz_reg ;
;  HEX2_D[3]   ; divisor_frecuencia:INST_DIVISOR|reloj_1hz_reg ; 4.321 ; 4.230 ; Rise       ; divisor_frecuencia:INST_DIVISOR|reloj_1hz_reg ;
;  HEX2_D[4]   ; divisor_frecuencia:INST_DIVISOR|reloj_1hz_reg ; 4.171 ; 4.107 ; Rise       ; divisor_frecuencia:INST_DIVISOR|reloj_1hz_reg ;
;  HEX2_D[5]   ; divisor_frecuencia:INST_DIVISOR|reloj_1hz_reg ; 4.485 ; 4.401 ; Rise       ; divisor_frecuencia:INST_DIVISOR|reloj_1hz_reg ;
;  HEX2_D[6]   ; divisor_frecuencia:INST_DIVISOR|reloj_1hz_reg ; 4.581 ; 4.417 ; Rise       ; divisor_frecuencia:INST_DIVISOR|reloj_1hz_reg ;
; HEX3_D[*]    ; divisor_frecuencia:INST_DIVISOR|reloj_1hz_reg ; 4.296 ; 4.328 ; Rise       ; divisor_frecuencia:INST_DIVISOR|reloj_1hz_reg ;
;  HEX3_D[0]   ; divisor_frecuencia:INST_DIVISOR|reloj_1hz_reg ; 4.164 ; 4.197 ; Rise       ; divisor_frecuencia:INST_DIVISOR|reloj_1hz_reg ;
;  HEX3_D[1]   ; divisor_frecuencia:INST_DIVISOR|reloj_1hz_reg ; 4.296 ; 4.328 ; Rise       ; divisor_frecuencia:INST_DIVISOR|reloj_1hz_reg ;
;  HEX3_D[2]   ; divisor_frecuencia:INST_DIVISOR|reloj_1hz_reg ; 4.195 ; 4.325 ; Rise       ; divisor_frecuencia:INST_DIVISOR|reloj_1hz_reg ;
;  HEX3_D[3]   ; divisor_frecuencia:INST_DIVISOR|reloj_1hz_reg ; 4.256 ; 4.316 ; Rise       ; divisor_frecuencia:INST_DIVISOR|reloj_1hz_reg ;
;  HEX3_D[4]   ; divisor_frecuencia:INST_DIVISOR|reloj_1hz_reg ; 4.254 ; 4.237 ; Rise       ; divisor_frecuencia:INST_DIVISOR|reloj_1hz_reg ;
;  HEX3_D[5]   ; divisor_frecuencia:INST_DIVISOR|reloj_1hz_reg ; 4.259 ; 4.242 ; Rise       ; divisor_frecuencia:INST_DIVISOR|reloj_1hz_reg ;
;  HEX3_D[6]   ; divisor_frecuencia:INST_DIVISOR|reloj_1hz_reg ; 4.119 ; 4.056 ; Rise       ; divisor_frecuencia:INST_DIVISOR|reloj_1hz_reg ;
; alarma       ; divisor_frecuencia:INST_DIVISOR|reloj_1hz_reg ; 4.597 ; 4.745 ; Rise       ; divisor_frecuencia:INST_DIVISOR|reloj_1hz_reg ;
+--------------+-----------------------------------------------+-------+-------+------------+-----------------------------------------------+


+-------------------------------------------------------------------------------------------------------------------------------------------+
; Minimum Clock to Output Times                                                                                                             ;
+--------------+-----------------------------------------------+-------+-------+------------+-----------------------------------------------+
; Data Port    ; Clock Port                                    ; Rise  ; Fall  ; Clock Edge ; Clock Reference                               ;
+--------------+-----------------------------------------------+-------+-------+------------+-----------------------------------------------+
; alarma       ; CLOCK_50                                      ; 4.122 ; 4.265 ; Rise       ; CLOCK_50                                      ;
; felicitacion ; CLOCK_50                                      ; 4.060 ; 4.200 ; Rise       ; CLOCK_50                                      ;
; HEX0_D[*]    ; divisor_frecuencia:INST_DIVISOR|reloj_1hz_reg ; 3.630 ; 3.662 ; Rise       ; divisor_frecuencia:INST_DIVISOR|reloj_1hz_reg ;
;  HEX0_D[0]   ; divisor_frecuencia:INST_DIVISOR|reloj_1hz_reg ; 3.947 ; 4.027 ; Rise       ; divisor_frecuencia:INST_DIVISOR|reloj_1hz_reg ;
;  HEX0_D[1]   ; divisor_frecuencia:INST_DIVISOR|reloj_1hz_reg ; 4.079 ; 4.190 ; Rise       ; divisor_frecuencia:INST_DIVISOR|reloj_1hz_reg ;
;  HEX0_D[2]   ; divisor_frecuencia:INST_DIVISOR|reloj_1hz_reg ; 3.709 ; 3.801 ; Rise       ; divisor_frecuencia:INST_DIVISOR|reloj_1hz_reg ;
;  HEX0_D[3]   ; divisor_frecuencia:INST_DIVISOR|reloj_1hz_reg ; 3.630 ; 3.662 ; Rise       ; divisor_frecuencia:INST_DIVISOR|reloj_1hz_reg ;
;  HEX0_D[4]   ; divisor_frecuencia:INST_DIVISOR|reloj_1hz_reg ; 3.743 ; 3.738 ; Rise       ; divisor_frecuencia:INST_DIVISOR|reloj_1hz_reg ;
;  HEX0_D[5]   ; divisor_frecuencia:INST_DIVISOR|reloj_1hz_reg ; 3.762 ; 3.778 ; Rise       ; divisor_frecuencia:INST_DIVISOR|reloj_1hz_reg ;
;  HEX0_D[6]   ; divisor_frecuencia:INST_DIVISOR|reloj_1hz_reg ; 3.791 ; 3.741 ; Rise       ; divisor_frecuencia:INST_DIVISOR|reloj_1hz_reg ;
; HEX1_D[*]    ; divisor_frecuencia:INST_DIVISOR|reloj_1hz_reg ; 3.606 ; 3.531 ; Rise       ; divisor_frecuencia:INST_DIVISOR|reloj_1hz_reg ;
;  HEX1_D[0]   ; divisor_frecuencia:INST_DIVISOR|reloj_1hz_reg ; 4.250 ; 4.276 ; Rise       ; divisor_frecuencia:INST_DIVISOR|reloj_1hz_reg ;
;  HEX1_D[2]   ; divisor_frecuencia:INST_DIVISOR|reloj_1hz_reg ; 4.096 ; 4.129 ; Rise       ; divisor_frecuencia:INST_DIVISOR|reloj_1hz_reg ;
;  HEX1_D[3]   ; divisor_frecuencia:INST_DIVISOR|reloj_1hz_reg ; 4.249 ; 4.273 ; Rise       ; divisor_frecuencia:INST_DIVISOR|reloj_1hz_reg ;
;  HEX1_D[4]   ; divisor_frecuencia:INST_DIVISOR|reloj_1hz_reg ; 3.661 ; 3.752 ; Rise       ; divisor_frecuencia:INST_DIVISOR|reloj_1hz_reg ;
;  HEX1_D[5]   ; divisor_frecuencia:INST_DIVISOR|reloj_1hz_reg ; 3.943 ; 4.057 ; Rise       ; divisor_frecuencia:INST_DIVISOR|reloj_1hz_reg ;
;  HEX1_D[6]   ; divisor_frecuencia:INST_DIVISOR|reloj_1hz_reg ; 3.606 ; 3.531 ; Rise       ; divisor_frecuencia:INST_DIVISOR|reloj_1hz_reg ;
; HEX2_D[*]    ; divisor_frecuencia:INST_DIVISOR|reloj_1hz_reg ; 3.772 ; 3.796 ; Rise       ; divisor_frecuencia:INST_DIVISOR|reloj_1hz_reg ;
;  HEX2_D[0]   ; divisor_frecuencia:INST_DIVISOR|reloj_1hz_reg ; 3.772 ; 3.796 ; Rise       ; divisor_frecuencia:INST_DIVISOR|reloj_1hz_reg ;
;  HEX2_D[1]   ; divisor_frecuencia:INST_DIVISOR|reloj_1hz_reg ; 3.899 ; 3.939 ; Rise       ; divisor_frecuencia:INST_DIVISOR|reloj_1hz_reg ;
;  HEX2_D[2]   ; divisor_frecuencia:INST_DIVISOR|reloj_1hz_reg ; 4.004 ; 3.962 ; Rise       ; divisor_frecuencia:INST_DIVISOR|reloj_1hz_reg ;
;  HEX2_D[3]   ; divisor_frecuencia:INST_DIVISOR|reloj_1hz_reg ; 3.791 ; 3.821 ; Rise       ; divisor_frecuencia:INST_DIVISOR|reloj_1hz_reg ;
;  HEX2_D[4]   ; divisor_frecuencia:INST_DIVISOR|reloj_1hz_reg ; 3.811 ; 3.916 ; Rise       ; divisor_frecuencia:INST_DIVISOR|reloj_1hz_reg ;
;  HEX2_D[5]   ; divisor_frecuencia:INST_DIVISOR|reloj_1hz_reg ; 3.921 ; 4.005 ; Rise       ; divisor_frecuencia:INST_DIVISOR|reloj_1hz_reg ;
;  HEX2_D[6]   ; divisor_frecuencia:INST_DIVISOR|reloj_1hz_reg ; 4.037 ; 4.040 ; Rise       ; divisor_frecuencia:INST_DIVISOR|reloj_1hz_reg ;
; HEX3_D[*]    ; divisor_frecuencia:INST_DIVISOR|reloj_1hz_reg ; 3.705 ; 3.718 ; Rise       ; divisor_frecuencia:INST_DIVISOR|reloj_1hz_reg ;
;  HEX3_D[0]   ; divisor_frecuencia:INST_DIVISOR|reloj_1hz_reg ; 3.742 ; 3.785 ; Rise       ; divisor_frecuencia:INST_DIVISOR|reloj_1hz_reg ;
;  HEX3_D[1]   ; divisor_frecuencia:INST_DIVISOR|reloj_1hz_reg ; 3.969 ; 4.045 ; Rise       ; divisor_frecuencia:INST_DIVISOR|reloj_1hz_reg ;
;  HEX3_D[2]   ; divisor_frecuencia:INST_DIVISOR|reloj_1hz_reg ; 4.042 ; 4.025 ; Rise       ; divisor_frecuencia:INST_DIVISOR|reloj_1hz_reg ;
;  HEX3_D[3]   ; divisor_frecuencia:INST_DIVISOR|reloj_1hz_reg ; 3.828 ; 3.897 ; Rise       ; divisor_frecuencia:INST_DIVISOR|reloj_1hz_reg ;
;  HEX3_D[4]   ; divisor_frecuencia:INST_DIVISOR|reloj_1hz_reg ; 3.940 ; 4.061 ; Rise       ; divisor_frecuencia:INST_DIVISOR|reloj_1hz_reg ;
;  HEX3_D[5]   ; divisor_frecuencia:INST_DIVISOR|reloj_1hz_reg ; 3.849 ; 3.952 ; Rise       ; divisor_frecuencia:INST_DIVISOR|reloj_1hz_reg ;
;  HEX3_D[6]   ; divisor_frecuencia:INST_DIVISOR|reloj_1hz_reg ; 3.705 ; 3.718 ; Rise       ; divisor_frecuencia:INST_DIVISOR|reloj_1hz_reg ;
; alarma       ; divisor_frecuencia:INST_DIVISOR|reloj_1hz_reg ; 4.465 ; 4.607 ; Rise       ; divisor_frecuencia:INST_DIVISOR|reloj_1hz_reg ;
+--------------+-----------------------------------------------+-------+-------+------------+-----------------------------------------------+


---------------------------------------------
; Fast 1200mV 0C Model Metastability Report ;
---------------------------------------------
No synchronizer chains to report.


+---------------------------------------------------------------------------------------------------------------+
; Multicorner Timing Analysis Summary                                                                           ;
+------------------------------------------------+----------+--------+----------+---------+---------------------+
; Clock                                          ; Setup    ; Hold   ; Recovery ; Removal ; Minimum Pulse Width ;
+------------------------------------------------+----------+--------+----------+---------+---------------------+
; Worst-case Slack                               ; -3.080   ; -0.117 ; -0.635   ; 0.378   ; -3.000              ;
;  CLOCK_50                                      ; -3.080   ; -0.117 ; N/A      ; N/A     ; -3.000              ;
;  divisor_frecuencia:INST_DIVISOR|reloj_1hz_reg ; -1.290   ; 0.155  ; -0.635   ; 0.378   ; -1.000              ;
; Design-wide TNS                                ; -146.028 ; -0.117 ; -4.68    ; 0.0     ; -86.695             ;
;  CLOCK_50                                      ; -130.119 ; -0.117 ; N/A      ; N/A     ; -71.695             ;
;  divisor_frecuencia:INST_DIVISOR|reloj_1hz_reg ; -15.909  ; 0.000  ; -4.680   ; 0.000   ; -15.000             ;
+------------------------------------------------+----------+--------+----------+---------+---------------------+


+------------------------------------------------------------------------+
; Setup Times                                                            ;
+------------+------------+-------+-------+------------+-----------------+
; Data Port  ; Clock Port ; Rise  ; Fall  ; Clock Edge ; Clock Reference ;
+------------+------------+-------+-------+------------+-----------------+
; BUTTON[*]  ; CLOCK_50   ; 3.289 ; 3.717 ; Rise       ; CLOCK_50        ;
;  BUTTON[1] ; CLOCK_50   ; 2.745 ; 3.207 ; Rise       ; CLOCK_50        ;
;  BUTTON[2] ; CLOCK_50   ; 3.289 ; 3.717 ; Rise       ; CLOCK_50        ;
+------------+------------+-------+-------+------------+-----------------+


+--------------------------------------------------------------------------+
; Hold Times                                                               ;
+------------+------------+--------+--------+------------+-----------------+
; Data Port  ; Clock Port ; Rise   ; Fall   ; Clock Edge ; Clock Reference ;
+------------+------------+--------+--------+------------+-----------------+
; BUTTON[*]  ; CLOCK_50   ; -1.313 ; -1.868 ; Rise       ; CLOCK_50        ;
;  BUTTON[1] ; CLOCK_50   ; -1.313 ; -1.868 ; Rise       ; CLOCK_50        ;
;  BUTTON[2] ; CLOCK_50   ; -1.649 ; -2.175 ; Rise       ; CLOCK_50        ;
+------------+------------+--------+--------+------------+-----------------+


+-------------------------------------------------------------------------------------------------------------------------------------------+
; Clock to Output Times                                                                                                                     ;
+--------------+-----------------------------------------------+-------+-------+------------+-----------------------------------------------+
; Data Port    ; Clock Port                                    ; Rise  ; Fall  ; Clock Edge ; Clock Reference                               ;
+--------------+-----------------------------------------------+-------+-------+------------+-----------------------------------------------+
; alarma       ; CLOCK_50                                      ; 7.071 ; 7.170 ; Rise       ; CLOCK_50                                      ;
; felicitacion ; CLOCK_50                                      ; 6.946 ; 7.021 ; Rise       ; CLOCK_50                                      ;
; HEX0_D[*]    ; divisor_frecuencia:INST_DIVISOR|reloj_1hz_reg ; 7.611 ; 7.677 ; Rise       ; divisor_frecuencia:INST_DIVISOR|reloj_1hz_reg ;
;  HEX0_D[0]   ; divisor_frecuencia:INST_DIVISOR|reloj_1hz_reg ; 7.291 ; 7.212 ; Rise       ; divisor_frecuencia:INST_DIVISOR|reloj_1hz_reg ;
;  HEX0_D[1]   ; divisor_frecuencia:INST_DIVISOR|reloj_1hz_reg ; 7.611 ; 7.677 ; Rise       ; divisor_frecuencia:INST_DIVISOR|reloj_1hz_reg ;
;  HEX0_D[2]   ; divisor_frecuencia:INST_DIVISOR|reloj_1hz_reg ; 6.975 ; 6.853 ; Rise       ; divisor_frecuencia:INST_DIVISOR|reloj_1hz_reg ;
;  HEX0_D[3]   ; divisor_frecuencia:INST_DIVISOR|reloj_1hz_reg ; 6.713 ; 6.577 ; Rise       ; divisor_frecuencia:INST_DIVISOR|reloj_1hz_reg ;
;  HEX0_D[4]   ; divisor_frecuencia:INST_DIVISOR|reloj_1hz_reg ; 6.912 ; 6.940 ; Rise       ; divisor_frecuencia:INST_DIVISOR|reloj_1hz_reg ;
;  HEX0_D[5]   ; divisor_frecuencia:INST_DIVISOR|reloj_1hz_reg ; 6.919 ; 6.791 ; Rise       ; divisor_frecuencia:INST_DIVISOR|reloj_1hz_reg ;
;  HEX0_D[6]   ; divisor_frecuencia:INST_DIVISOR|reloj_1hz_reg ; 6.880 ; 6.841 ; Rise       ; divisor_frecuencia:INST_DIVISOR|reloj_1hz_reg ;
; HEX1_D[*]    ; divisor_frecuencia:INST_DIVISOR|reloj_1hz_reg ; 7.602 ; 7.611 ; Rise       ; divisor_frecuencia:INST_DIVISOR|reloj_1hz_reg ;
;  HEX1_D[0]   ; divisor_frecuencia:INST_DIVISOR|reloj_1hz_reg ; 7.602 ; 7.611 ; Rise       ; divisor_frecuencia:INST_DIVISOR|reloj_1hz_reg ;
;  HEX1_D[2]   ; divisor_frecuencia:INST_DIVISOR|reloj_1hz_reg ; 7.391 ; 7.255 ; Rise       ; divisor_frecuencia:INST_DIVISOR|reloj_1hz_reg ;
;  HEX1_D[3]   ; divisor_frecuencia:INST_DIVISOR|reloj_1hz_reg ; 7.598 ; 7.604 ; Rise       ; divisor_frecuencia:INST_DIVISOR|reloj_1hz_reg ;
;  HEX1_D[4]   ; divisor_frecuencia:INST_DIVISOR|reloj_1hz_reg ; 6.395 ; 6.398 ; Rise       ; divisor_frecuencia:INST_DIVISOR|reloj_1hz_reg ;
;  HEX1_D[5]   ; divisor_frecuencia:INST_DIVISOR|reloj_1hz_reg ; 7.072 ; 7.092 ; Rise       ; divisor_frecuencia:INST_DIVISOR|reloj_1hz_reg ;
;  HEX1_D[6]   ; divisor_frecuencia:INST_DIVISOR|reloj_1hz_reg ; 6.164 ; 6.162 ; Rise       ; divisor_frecuencia:INST_DIVISOR|reloj_1hz_reg ;
; HEX2_D[*]    ; divisor_frecuencia:INST_DIVISOR|reloj_1hz_reg ; 7.619 ; 7.637 ; Rise       ; divisor_frecuencia:INST_DIVISOR|reloj_1hz_reg ;
;  HEX2_D[0]   ; divisor_frecuencia:INST_DIVISOR|reloj_1hz_reg ; 7.261 ; 7.143 ; Rise       ; divisor_frecuencia:INST_DIVISOR|reloj_1hz_reg ;
;  HEX2_D[1]   ; divisor_frecuencia:INST_DIVISOR|reloj_1hz_reg ; 7.215 ; 7.180 ; Rise       ; divisor_frecuencia:INST_DIVISOR|reloj_1hz_reg ;
;  HEX2_D[2]   ; divisor_frecuencia:INST_DIVISOR|reloj_1hz_reg ; 7.189 ; 7.239 ; Rise       ; divisor_frecuencia:INST_DIVISOR|reloj_1hz_reg ;
;  HEX2_D[3]   ; divisor_frecuencia:INST_DIVISOR|reloj_1hz_reg ; 7.292 ; 7.183 ; Rise       ; divisor_frecuencia:INST_DIVISOR|reloj_1hz_reg ;
;  HEX2_D[4]   ; divisor_frecuencia:INST_DIVISOR|reloj_1hz_reg ; 7.067 ; 6.924 ; Rise       ; divisor_frecuencia:INST_DIVISOR|reloj_1hz_reg ;
;  HEX2_D[5]   ; divisor_frecuencia:INST_DIVISOR|reloj_1hz_reg ; 7.557 ; 7.418 ; Rise       ; divisor_frecuencia:INST_DIVISOR|reloj_1hz_reg ;
;  HEX2_D[6]   ; divisor_frecuencia:INST_DIVISOR|reloj_1hz_reg ; 7.619 ; 7.637 ; Rise       ; divisor_frecuencia:INST_DIVISOR|reloj_1hz_reg ;
; HEX3_D[*]    ; divisor_frecuencia:INST_DIVISOR|reloj_1hz_reg ; 7.322 ; 7.249 ; Rise       ; divisor_frecuencia:INST_DIVISOR|reloj_1hz_reg ;
;  HEX3_D[0]   ; divisor_frecuencia:INST_DIVISOR|reloj_1hz_reg ; 7.078 ; 7.014 ; Rise       ; divisor_frecuencia:INST_DIVISOR|reloj_1hz_reg ;
;  HEX3_D[1]   ; divisor_frecuencia:INST_DIVISOR|reloj_1hz_reg ; 7.322 ; 7.249 ; Rise       ; divisor_frecuencia:INST_DIVISOR|reloj_1hz_reg ;
;  HEX3_D[2]   ; divisor_frecuencia:INST_DIVISOR|reloj_1hz_reg ; 7.192 ; 7.228 ; Rise       ; divisor_frecuencia:INST_DIVISOR|reloj_1hz_reg ;
;  HEX3_D[3]   ; divisor_frecuencia:INST_DIVISOR|reloj_1hz_reg ; 7.190 ; 7.154 ; Rise       ; divisor_frecuencia:INST_DIVISOR|reloj_1hz_reg ;
;  HEX3_D[4]   ; divisor_frecuencia:INST_DIVISOR|reloj_1hz_reg ; 7.238 ; 7.103 ; Rise       ; divisor_frecuencia:INST_DIVISOR|reloj_1hz_reg ;
;  HEX3_D[5]   ; divisor_frecuencia:INST_DIVISOR|reloj_1hz_reg ; 7.242 ; 7.097 ; Rise       ; divisor_frecuencia:INST_DIVISOR|reloj_1hz_reg ;
;  HEX3_D[6]   ; divisor_frecuencia:INST_DIVISOR|reloj_1hz_reg ; 6.936 ; 6.946 ; Rise       ; divisor_frecuencia:INST_DIVISOR|reloj_1hz_reg ;
; alarma       ; divisor_frecuencia:INST_DIVISOR|reloj_1hz_reg ; 7.777 ; 7.863 ; Rise       ; divisor_frecuencia:INST_DIVISOR|reloj_1hz_reg ;
+--------------+-----------------------------------------------+-------+-------+------------+-----------------------------------------------+


+-------------------------------------------------------------------------------------------------------------------------------------------+
; Minimum Clock to Output Times                                                                                                             ;
+--------------+-----------------------------------------------+-------+-------+------------+-----------------------------------------------+
; Data Port    ; Clock Port                                    ; Rise  ; Fall  ; Clock Edge ; Clock Reference                               ;
+--------------+-----------------------------------------------+-------+-------+------------+-----------------------------------------------+
; alarma       ; CLOCK_50                                      ; 4.122 ; 4.265 ; Rise       ; CLOCK_50                                      ;
; felicitacion ; CLOCK_50                                      ; 4.060 ; 4.200 ; Rise       ; CLOCK_50                                      ;
; HEX0_D[*]    ; divisor_frecuencia:INST_DIVISOR|reloj_1hz_reg ; 3.630 ; 3.662 ; Rise       ; divisor_frecuencia:INST_DIVISOR|reloj_1hz_reg ;
;  HEX0_D[0]   ; divisor_frecuencia:INST_DIVISOR|reloj_1hz_reg ; 3.947 ; 4.027 ; Rise       ; divisor_frecuencia:INST_DIVISOR|reloj_1hz_reg ;
;  HEX0_D[1]   ; divisor_frecuencia:INST_DIVISOR|reloj_1hz_reg ; 4.079 ; 4.190 ; Rise       ; divisor_frecuencia:INST_DIVISOR|reloj_1hz_reg ;
;  HEX0_D[2]   ; divisor_frecuencia:INST_DIVISOR|reloj_1hz_reg ; 3.709 ; 3.801 ; Rise       ; divisor_frecuencia:INST_DIVISOR|reloj_1hz_reg ;
;  HEX0_D[3]   ; divisor_frecuencia:INST_DIVISOR|reloj_1hz_reg ; 3.630 ; 3.662 ; Rise       ; divisor_frecuencia:INST_DIVISOR|reloj_1hz_reg ;
;  HEX0_D[4]   ; divisor_frecuencia:INST_DIVISOR|reloj_1hz_reg ; 3.743 ; 3.738 ; Rise       ; divisor_frecuencia:INST_DIVISOR|reloj_1hz_reg ;
;  HEX0_D[5]   ; divisor_frecuencia:INST_DIVISOR|reloj_1hz_reg ; 3.762 ; 3.778 ; Rise       ; divisor_frecuencia:INST_DIVISOR|reloj_1hz_reg ;
;  HEX0_D[6]   ; divisor_frecuencia:INST_DIVISOR|reloj_1hz_reg ; 3.791 ; 3.741 ; Rise       ; divisor_frecuencia:INST_DIVISOR|reloj_1hz_reg ;
; HEX1_D[*]    ; divisor_frecuencia:INST_DIVISOR|reloj_1hz_reg ; 3.606 ; 3.531 ; Rise       ; divisor_frecuencia:INST_DIVISOR|reloj_1hz_reg ;
;  HEX1_D[0]   ; divisor_frecuencia:INST_DIVISOR|reloj_1hz_reg ; 4.250 ; 4.276 ; Rise       ; divisor_frecuencia:INST_DIVISOR|reloj_1hz_reg ;
;  HEX1_D[2]   ; divisor_frecuencia:INST_DIVISOR|reloj_1hz_reg ; 4.096 ; 4.129 ; Rise       ; divisor_frecuencia:INST_DIVISOR|reloj_1hz_reg ;
;  HEX1_D[3]   ; divisor_frecuencia:INST_DIVISOR|reloj_1hz_reg ; 4.249 ; 4.273 ; Rise       ; divisor_frecuencia:INST_DIVISOR|reloj_1hz_reg ;
;  HEX1_D[4]   ; divisor_frecuencia:INST_DIVISOR|reloj_1hz_reg ; 3.661 ; 3.752 ; Rise       ; divisor_frecuencia:INST_DIVISOR|reloj_1hz_reg ;
;  HEX1_D[5]   ; divisor_frecuencia:INST_DIVISOR|reloj_1hz_reg ; 3.943 ; 4.057 ; Rise       ; divisor_frecuencia:INST_DIVISOR|reloj_1hz_reg ;
;  HEX1_D[6]   ; divisor_frecuencia:INST_DIVISOR|reloj_1hz_reg ; 3.606 ; 3.531 ; Rise       ; divisor_frecuencia:INST_DIVISOR|reloj_1hz_reg ;
; HEX2_D[*]    ; divisor_frecuencia:INST_DIVISOR|reloj_1hz_reg ; 3.772 ; 3.796 ; Rise       ; divisor_frecuencia:INST_DIVISOR|reloj_1hz_reg ;
;  HEX2_D[0]   ; divisor_frecuencia:INST_DIVISOR|reloj_1hz_reg ; 3.772 ; 3.796 ; Rise       ; divisor_frecuencia:INST_DIVISOR|reloj_1hz_reg ;
;  HEX2_D[1]   ; divisor_frecuencia:INST_DIVISOR|reloj_1hz_reg ; 3.899 ; 3.939 ; Rise       ; divisor_frecuencia:INST_DIVISOR|reloj_1hz_reg ;
;  HEX2_D[2]   ; divisor_frecuencia:INST_DIVISOR|reloj_1hz_reg ; 4.004 ; 3.962 ; Rise       ; divisor_frecuencia:INST_DIVISOR|reloj_1hz_reg ;
;  HEX2_D[3]   ; divisor_frecuencia:INST_DIVISOR|reloj_1hz_reg ; 3.791 ; 3.821 ; Rise       ; divisor_frecuencia:INST_DIVISOR|reloj_1hz_reg ;
;  HEX2_D[4]   ; divisor_frecuencia:INST_DIVISOR|reloj_1hz_reg ; 3.811 ; 3.916 ; Rise       ; divisor_frecuencia:INST_DIVISOR|reloj_1hz_reg ;
;  HEX2_D[5]   ; divisor_frecuencia:INST_DIVISOR|reloj_1hz_reg ; 3.921 ; 4.005 ; Rise       ; divisor_frecuencia:INST_DIVISOR|reloj_1hz_reg ;
;  HEX2_D[6]   ; divisor_frecuencia:INST_DIVISOR|reloj_1hz_reg ; 4.037 ; 4.040 ; Rise       ; divisor_frecuencia:INST_DIVISOR|reloj_1hz_reg ;
; HEX3_D[*]    ; divisor_frecuencia:INST_DIVISOR|reloj_1hz_reg ; 3.705 ; 3.718 ; Rise       ; divisor_frecuencia:INST_DIVISOR|reloj_1hz_reg ;
;  HEX3_D[0]   ; divisor_frecuencia:INST_DIVISOR|reloj_1hz_reg ; 3.742 ; 3.785 ; Rise       ; divisor_frecuencia:INST_DIVISOR|reloj_1hz_reg ;
;  HEX3_D[1]   ; divisor_frecuencia:INST_DIVISOR|reloj_1hz_reg ; 3.969 ; 4.045 ; Rise       ; divisor_frecuencia:INST_DIVISOR|reloj_1hz_reg ;
;  HEX3_D[2]   ; divisor_frecuencia:INST_DIVISOR|reloj_1hz_reg ; 4.042 ; 4.025 ; Rise       ; divisor_frecuencia:INST_DIVISOR|reloj_1hz_reg ;
;  HEX3_D[3]   ; divisor_frecuencia:INST_DIVISOR|reloj_1hz_reg ; 3.828 ; 3.897 ; Rise       ; divisor_frecuencia:INST_DIVISOR|reloj_1hz_reg ;
;  HEX3_D[4]   ; divisor_frecuencia:INST_DIVISOR|reloj_1hz_reg ; 3.940 ; 4.061 ; Rise       ; divisor_frecuencia:INST_DIVISOR|reloj_1hz_reg ;
;  HEX3_D[5]   ; divisor_frecuencia:INST_DIVISOR|reloj_1hz_reg ; 3.849 ; 3.952 ; Rise       ; divisor_frecuencia:INST_DIVISOR|reloj_1hz_reg ;
;  HEX3_D[6]   ; divisor_frecuencia:INST_DIVISOR|reloj_1hz_reg ; 3.705 ; 3.718 ; Rise       ; divisor_frecuencia:INST_DIVISOR|reloj_1hz_reg ;
; alarma       ; divisor_frecuencia:INST_DIVISOR|reloj_1hz_reg ; 4.465 ; 4.607 ; Rise       ; divisor_frecuencia:INST_DIVISOR|reloj_1hz_reg ;
+--------------+-----------------------------------------------+-------+-------+------------+-----------------------------------------------+


+------------------------------------------------------------------------------------------------------------------------------------------------------------------------------------------------------------------------------------------------------------------------------------------------------------------------------------------------------------------------------------------------------------------+
; Board Trace Model Assignments                                                                                                                                                                                                                                                                                                                                                                                    ;
+---------------+--------------+-------------------+-------------------------+-------------------------+---------------+---------------------+----------------+------------------+--------+------------------+------------------------+------------------------+--------------+---------------+-----------------+-------+---------------------+--------------------+---------------+-----------------+-------------+
; Pin           ; I/O Standard ; Near Tline Length ; Near Tline L per Length ; Near Tline C per Length ; Near Series R ; Near Differential R ; Near Pull-up R ; Near Pull-down R ; Near C ; Far Tline Length ; Far Tline L per Length ; Far Tline C per Length ; Far Series R ; Far Pull-up R ; Far Pull-down R ; Far C ; Termination Voltage ; Far Differential R ; EBD File Name ; EBD Signal Name ; EBD Far-end ;
+---------------+--------------+-------------------+-------------------------+-------------------------+---------------+---------------------+----------------+------------------+--------+------------------+------------------------+------------------------+--------------+---------------+-----------------+-------+---------------------+--------------------+---------------+-----------------+-------------+
; alarma        ; 2.5 V        ; 0 in              ; 0 H/in                  ; 0 F/in                  ; short         ; -                   ; open           ; open             ; open   ; 0 in             ; 0 H/in                 ; 0 F/in                 ; short        ; open          ; open            ; open  ; 0 V                 ; -                  ; n/a           ; n/a             ; n/a         ;
; felicitacion  ; 2.5 V        ; 0 in              ; 0 H/in                  ; 0 F/in                  ; short         ; -                   ; open           ; open             ; open   ; 0 in             ; 0 H/in                 ; 0 F/in                 ; short        ; open          ; open            ; open  ; 0 V                 ; -                  ; n/a           ; n/a             ; n/a         ;
; HEX0_D[0]     ; 2.5 V        ; 0 in              ; 0 H/in                  ; 0 F/in                  ; short         ; -                   ; open           ; open             ; open   ; 0 in             ; 0 H/in                 ; 0 F/in                 ; short        ; open          ; open            ; open  ; 0 V                 ; -                  ; n/a           ; n/a             ; n/a         ;
; HEX0_D[1]     ; 2.5 V        ; 0 in              ; 0 H/in                  ; 0 F/in                  ; short         ; -                   ; open           ; open             ; open   ; 0 in             ; 0 H/in                 ; 0 F/in                 ; short        ; open          ; open            ; open  ; 0 V                 ; -                  ; n/a           ; n/a             ; n/a         ;
; HEX0_D[2]     ; 2.5 V        ; 0 in              ; 0 H/in                  ; 0 F/in                  ; short         ; -                   ; open           ; open             ; open   ; 0 in             ; 0 H/in                 ; 0 F/in                 ; short        ; open          ; open            ; open  ; 0 V                 ; -                  ; n/a           ; n/a             ; n/a         ;
; HEX0_D[3]     ; 2.5 V        ; 0 in              ; 0 H/in                  ; 0 F/in                  ; short         ; -                   ; open           ; open             ; open   ; 0 in             ; 0 H/in                 ; 0 F/in                 ; short        ; open          ; open            ; open  ; 0 V                 ; -                  ; n/a           ; n/a             ; n/a         ;
; HEX0_D[4]     ; 2.5 V        ; 0 in              ; 0 H/in                  ; 0 F/in                  ; short         ; -                   ; open           ; open             ; open   ; 0 in             ; 0 H/in                 ; 0 F/in                 ; short        ; open          ; open            ; open  ; 0 V                 ; -                  ; n/a           ; n/a             ; n/a         ;
; HEX0_D[5]     ; 2.5 V        ; 0 in              ; 0 H/in                  ; 0 F/in                  ; short         ; -                   ; open           ; open             ; open   ; 0 in             ; 0 H/in                 ; 0 F/in                 ; short        ; open          ; open            ; open  ; 0 V                 ; -                  ; n/a           ; n/a             ; n/a         ;
; HEX0_D[6]     ; 2.5 V        ; 0 in              ; 0 H/in                  ; 0 F/in                  ; short         ; -                   ; open           ; open             ; open   ; 0 in             ; 0 H/in                 ; 0 F/in                 ; short        ; open          ; open            ; open  ; 0 V                 ; -                  ; n/a           ; n/a             ; n/a         ;
; HEX1_D[0]     ; 2.5 V        ; 0 in              ; 0 H/in                  ; 0 F/in                  ; short         ; -                   ; open           ; open             ; open   ; 0 in             ; 0 H/in                 ; 0 F/in                 ; short        ; open          ; open            ; open  ; 0 V                 ; -                  ; n/a           ; n/a             ; n/a         ;
; HEX1_D[1]     ; 2.5 V        ; 0 in              ; 0 H/in                  ; 0 F/in                  ; short         ; -                   ; open           ; open             ; open   ; 0 in             ; 0 H/in                 ; 0 F/in                 ; short        ; open          ; open            ; open  ; 0 V                 ; -                  ; n/a           ; n/a             ; n/a         ;
; HEX1_D[2]     ; 2.5 V        ; 0 in              ; 0 H/in                  ; 0 F/in                  ; short         ; -                   ; open           ; open             ; open   ; 0 in             ; 0 H/in                 ; 0 F/in                 ; short        ; open          ; open            ; open  ; 0 V                 ; -                  ; n/a           ; n/a             ; n/a         ;
; HEX1_D[3]     ; 2.5 V        ; 0 in              ; 0 H/in                  ; 0 F/in                  ; short         ; -                   ; open           ; open             ; open   ; 0 in             ; 0 H/in                 ; 0 F/in                 ; short        ; open          ; open            ; open  ; 0 V                 ; -                  ; n/a           ; n/a             ; n/a         ;
; HEX1_D[4]     ; 2.5 V        ; 0 in              ; 0 H/in                  ; 0 F/in                  ; short         ; -                   ; open           ; open             ; open   ; 0 in             ; 0 H/in                 ; 0 F/in                 ; short        ; open          ; open            ; open  ; 0 V                 ; -                  ; n/a           ; n/a             ; n/a         ;
; HEX1_D[5]     ; 2.5 V        ; 0 in              ; 0 H/in                  ; 0 F/in                  ; short         ; -                   ; open           ; open             ; open   ; 0 in             ; 0 H/in                 ; 0 F/in                 ; short        ; open          ; open            ; open  ; 0 V                 ; -                  ; n/a           ; n/a             ; n/a         ;
; HEX1_D[6]     ; 2.5 V        ; 0 in              ; 0 H/in                  ; 0 F/in                  ; short         ; -                   ; open           ; open             ; open   ; 0 in             ; 0 H/in                 ; 0 F/in                 ; short        ; open          ; open            ; open  ; 0 V                 ; -                  ; n/a           ; n/a             ; n/a         ;
; HEX2_D[0]     ; 2.5 V        ; 0 in              ; 0 H/in                  ; 0 F/in                  ; short         ; -                   ; open           ; open             ; open   ; 0 in             ; 0 H/in                 ; 0 F/in                 ; short        ; open          ; open            ; open  ; 0 V                 ; -                  ; n/a           ; n/a             ; n/a         ;
; HEX2_D[1]     ; 2.5 V        ; 0 in              ; 0 H/in                  ; 0 F/in                  ; short         ; -                   ; open           ; open             ; open   ; 0 in             ; 0 H/in                 ; 0 F/in                 ; short        ; open          ; open            ; open  ; 0 V                 ; -                  ; n/a           ; n/a             ; n/a         ;
; HEX2_D[2]     ; 2.5 V        ; 0 in              ; 0 H/in                  ; 0 F/in                  ; short         ; -                   ; open           ; open             ; open   ; 0 in             ; 0 H/in                 ; 0 F/in                 ; short        ; open          ; open            ; open  ; 0 V                 ; -                  ; n/a           ; n/a             ; n/a         ;
; HEX2_D[3]     ; 2.5 V        ; 0 in              ; 0 H/in                  ; 0 F/in                  ; short         ; -                   ; open           ; open             ; open   ; 0 in             ; 0 H/in                 ; 0 F/in                 ; short        ; open          ; open            ; open  ; 0 V                 ; -                  ; n/a           ; n/a             ; n/a         ;
; HEX2_D[4]     ; 2.5 V        ; 0 in              ; 0 H/in                  ; 0 F/in                  ; short         ; -                   ; open           ; open             ; open   ; 0 in             ; 0 H/in                 ; 0 F/in                 ; short        ; open          ; open            ; open  ; 0 V                 ; -                  ; n/a           ; n/a             ; n/a         ;
; HEX2_D[5]     ; 2.5 V        ; 0 in              ; 0 H/in                  ; 0 F/in                  ; short         ; -                   ; open           ; open             ; open   ; 0 in             ; 0 H/in                 ; 0 F/in                 ; short        ; open          ; open            ; open  ; 0 V                 ; -                  ; n/a           ; n/a             ; n/a         ;
; HEX2_D[6]     ; 2.5 V        ; 0 in              ; 0 H/in                  ; 0 F/in                  ; short         ; -                   ; open           ; open             ; open   ; 0 in             ; 0 H/in                 ; 0 F/in                 ; short        ; open          ; open            ; open  ; 0 V                 ; -                  ; n/a           ; n/a             ; n/a         ;
; HEX3_D[0]     ; 2.5 V        ; 0 in              ; 0 H/in                  ; 0 F/in                  ; short         ; -                   ; open           ; open             ; open   ; 0 in             ; 0 H/in                 ; 0 F/in                 ; short        ; open          ; open            ; open  ; 0 V                 ; -                  ; n/a           ; n/a             ; n/a         ;
; HEX3_D[1]     ; 2.5 V        ; 0 in              ; 0 H/in                  ; 0 F/in                  ; short         ; -                   ; open           ; open             ; open   ; 0 in             ; 0 H/in                 ; 0 F/in                 ; short        ; open          ; open            ; open  ; 0 V                 ; -                  ; n/a           ; n/a             ; n/a         ;
; HEX3_D[2]     ; 2.5 V        ; 0 in              ; 0 H/in                  ; 0 F/in                  ; short         ; -                   ; open           ; open             ; open   ; 0 in             ; 0 H/in                 ; 0 F/in                 ; short        ; open          ; open            ; open  ; 0 V                 ; -                  ; n/a           ; n/a             ; n/a         ;
; HEX3_D[3]     ; 2.5 V        ; 0 in              ; 0 H/in                  ; 0 F/in                  ; short         ; -                   ; open           ; open             ; open   ; 0 in             ; 0 H/in                 ; 0 F/in                 ; short        ; open          ; open            ; open  ; 0 V                 ; -                  ; n/a           ; n/a             ; n/a         ;
; HEX3_D[4]     ; 2.5 V        ; 0 in              ; 0 H/in                  ; 0 F/in                  ; short         ; -                   ; open           ; open             ; open   ; 0 in             ; 0 H/in                 ; 0 F/in                 ; short        ; open          ; open            ; open  ; 0 V                 ; -                  ; n/a           ; n/a             ; n/a         ;
; HEX3_D[5]     ; 2.5 V        ; 0 in              ; 0 H/in                  ; 0 F/in                  ; short         ; -                   ; open           ; open             ; open   ; 0 in             ; 0 H/in                 ; 0 F/in                 ; short        ; open          ; open            ; open  ; 0 V                 ; -                  ; n/a           ; n/a             ; n/a         ;
; HEX3_D[6]     ; 2.5 V        ; 0 in              ; 0 H/in                  ; 0 F/in                  ; short         ; -                   ; open           ; open             ; open   ; 0 in             ; 0 H/in                 ; 0 F/in                 ; short        ; open          ; open            ; open  ; 0 V                 ; -                  ; n/a           ; n/a             ; n/a         ;
; ~ALTERA_DCLK~ ; 2.5 V        ; 0 in              ; 0 H/in                  ; 0 F/in                  ; short         ; -                   ; open           ; open             ; open   ; 0 in             ; 0 H/in                 ; 0 F/in                 ; short        ; open          ; open            ; open  ; 0 V                 ; -                  ; n/a           ; n/a             ; n/a         ;
; ~ALTERA_nCEO~ ; 2.5 V        ; 0 in              ; 0 H/in                  ; 0 F/in                  ; short         ; -                   ; open           ; open             ; open   ; 0 in             ; 0 H/in                 ; 0 F/in                 ; short        ; open          ; open            ; open  ; 0 V                 ; -                  ; n/a           ; n/a             ; n/a         ;
+---------------+--------------+-------------------+-------------------------+-------------------------+---------------+---------------------+----------------+------------------+--------+------------------+------------------------+------------------------+--------------+---------------+-----------------+-------+---------------------+--------------------+---------------+-----------------+-------------+


+----------------------------------------------------------------------------+
; Input Transition Times                                                     ;
+-------------------------+--------------+-----------------+-----------------+
; Pin                     ; I/O Standard ; 10-90 Rise Time ; 90-10 Fall Time ;
+-------------------------+--------------+-----------------+-----------------+
; CLOCK_50                ; 2.5 V        ; 2000 ps         ; 2000 ps         ;
; BUTTON[0]               ; 2.5 V        ; 2000 ps         ; 2000 ps         ;
; BUTTON[1]               ; 2.5 V        ; 2000 ps         ; 2000 ps         ;
; BUTTON[2]               ; 2.5 V        ; 2000 ps         ; 2000 ps         ;
; ~ALTERA_ASDO_DATA1~     ; 2.5 V        ; 2000 ps         ; 2000 ps         ;
; ~ALTERA_FLASH_nCE_nCSO~ ; 2.5 V        ; 2000 ps         ; 2000 ps         ;
; ~ALTERA_DATA0~          ; 2.5 V        ; 2000 ps         ; 2000 ps         ;
+-------------------------+--------------+-----------------+-----------------+


+--------------------------------------------------------------------------------------------------------------------------------------------------------------------------------------------------------------------------------------------------------------------------------------------------------------------------------------------------------------------------------------------------------------------------------------------------------------------------------------------------------------------------------------------------------------------------------------------------------------------------------------------------------------------------------------------+
; Slow Corner Signal Integrity Metrics                                                                                                                                                                                                                                                                                                                                                                                                                                                                                                                                                                                                                                                       ;
+---------------+--------------+---------------------+---------------------+------------------------------+------------------------------+---------------------+---------------------+--------------------------------------+--------------------------------------+-----------------------------+-----------------------------+----------------------------+----------------------------+-----------------------------+-----------------------------+--------------------+--------------------+-------------------------------------+-------------------------------------+----------------------------+----------------------------+---------------------------+---------------------------+
; Pin           ; I/O Standard ; Board Delay on Rise ; Board Delay on Fall ; Steady State Voh at FPGA Pin ; Steady State Vol at FPGA Pin ; Voh Max at FPGA Pin ; Vol Min at FPGA Pin ; Ringback Voltage on Rise at FPGA Pin ; Ringback Voltage on Fall at FPGA Pin ; 10-90 Rise Time at FPGA Pin ; 90-10 Fall Time at FPGA Pin ; Monotonic Rise at FPGA Pin ; Monotonic Fall at FPGA Pin ; Steady State Voh at Far-end ; Steady State Vol at Far-end ; Voh Max at Far-end ; Vol Min at Far-end ; Ringback Voltage on Rise at Far-end ; Ringback Voltage on Fall at Far-end ; 10-90 Rise Time at Far-end ; 90-10 Fall Time at Far-end ; Monotonic Rise at Far-end ; Monotonic Fall at Far-end ;
+---------------+--------------+---------------------+---------------------+------------------------------+------------------------------+---------------------+---------------------+--------------------------------------+--------------------------------------+-----------------------------+-----------------------------+----------------------------+----------------------------+-----------------------------+-----------------------------+--------------------+--------------------+-------------------------------------+-------------------------------------+----------------------------+----------------------------+---------------------------+---------------------------+
; alarma        ; 2.5 V        ; 0 s                 ; 0 s                 ; 2.32 V                       ; 7.25e-07 V                   ; 2.35 V              ; -0.0111 V           ; 0.113 V                              ; 0.035 V                              ; 7.76e-10 s                  ; 8.04e-10 s                  ; Yes                        ; Yes                        ; 2.32 V                      ; 7.25e-07 V                  ; 2.35 V             ; -0.0111 V          ; 0.113 V                             ; 0.035 V                             ; 7.76e-10 s                 ; 8.04e-10 s                 ; Yes                       ; Yes                       ;
; felicitacion  ; 2.5 V        ; 0 s                 ; 0 s                 ; 2.32 V                       ; 7.25e-07 V                   ; 2.35 V              ; -0.0111 V           ; 0.113 V                              ; 0.035 V                              ; 7.76e-10 s                  ; 8.04e-10 s                  ; Yes                        ; Yes                        ; 2.32 V                      ; 7.25e-07 V                  ; 2.35 V             ; -0.0111 V          ; 0.113 V                             ; 0.035 V                             ; 7.76e-10 s                 ; 8.04e-10 s                 ; Yes                       ; Yes                       ;
; HEX0_D[0]     ; 2.5 V        ; 0 s                 ; 0 s                 ; 2.32 V                       ; 1.08e-06 V                   ; 2.36 V              ; -0.0113 V           ; 0.122 V                              ; 0.022 V                              ; 4.5e-10 s                   ; 4.45e-10 s                  ; Yes                        ; Yes                        ; 2.32 V                      ; 1.08e-06 V                  ; 2.36 V             ; -0.0113 V          ; 0.122 V                             ; 0.022 V                             ; 4.5e-10 s                  ; 4.45e-10 s                 ; Yes                       ; Yes                       ;
; HEX0_D[1]     ; 2.5 V        ; 0 s                 ; 0 s                 ; 2.32 V                       ; 1.08e-06 V                   ; 2.36 V              ; -0.0113 V           ; 0.122 V                              ; 0.022 V                              ; 4.5e-10 s                   ; 4.45e-10 s                  ; Yes                        ; Yes                        ; 2.32 V                      ; 1.08e-06 V                  ; 2.36 V             ; -0.0113 V          ; 0.122 V                             ; 0.022 V                             ; 4.5e-10 s                  ; 4.45e-10 s                 ; Yes                       ; Yes                       ;
; HEX0_D[2]     ; 2.5 V        ; 0 s                 ; 0 s                 ; 2.32 V                       ; 1.08e-06 V                   ; 2.36 V              ; -0.0113 V           ; 0.122 V                              ; 0.022 V                              ; 4.5e-10 s                   ; 4.45e-10 s                  ; Yes                        ; Yes                        ; 2.32 V                      ; 1.08e-06 V                  ; 2.36 V             ; -0.0113 V          ; 0.122 V                             ; 0.022 V                             ; 4.5e-10 s                  ; 4.45e-10 s                 ; Yes                       ; Yes                       ;
; HEX0_D[3]     ; 2.5 V        ; 0 s                 ; 0 s                 ; 2.32 V                       ; 1.08e-06 V                   ; 2.36 V              ; -0.0113 V           ; 0.122 V                              ; 0.022 V                              ; 4.5e-10 s                   ; 4.45e-10 s                  ; Yes                        ; Yes                        ; 2.32 V                      ; 1.08e-06 V                  ; 2.36 V             ; -0.0113 V          ; 0.122 V                             ; 0.022 V                             ; 4.5e-10 s                  ; 4.45e-10 s                 ; Yes                       ; Yes                       ;
; HEX0_D[4]     ; 2.5 V        ; 0 s                 ; 0 s                 ; 2.32 V                       ; 1.08e-06 V                   ; 2.36 V              ; -0.0113 V           ; 0.122 V                              ; 0.022 V                              ; 4.5e-10 s                   ; 4.45e-10 s                  ; Yes                        ; Yes                        ; 2.32 V                      ; 1.08e-06 V                  ; 2.36 V             ; -0.0113 V          ; 0.122 V                             ; 0.022 V                             ; 4.5e-10 s                  ; 4.45e-10 s                 ; Yes                       ; Yes                       ;
; HEX0_D[5]     ; 2.5 V        ; 0 s                 ; 0 s                 ; 2.32 V                       ; 1.08e-06 V                   ; 2.36 V              ; -0.0113 V           ; 0.122 V                              ; 0.022 V                              ; 4.5e-10 s                   ; 4.45e-10 s                  ; Yes                        ; Yes                        ; 2.32 V                      ; 1.08e-06 V                  ; 2.36 V             ; -0.0113 V          ; 0.122 V                             ; 0.022 V                             ; 4.5e-10 s                  ; 4.45e-10 s                 ; Yes                       ; Yes                       ;
; HEX0_D[6]     ; 2.5 V        ; 0 s                 ; 0 s                 ; 2.32 V                       ; 1.08e-06 V                   ; 2.36 V              ; -0.0113 V           ; 0.122 V                              ; 0.022 V                              ; 4.5e-10 s                   ; 4.45e-10 s                  ; Yes                        ; Yes                        ; 2.32 V                      ; 1.08e-06 V                  ; 2.36 V             ; -0.0113 V          ; 0.122 V                             ; 0.022 V                             ; 4.5e-10 s                  ; 4.45e-10 s                 ; Yes                       ; Yes                       ;
; HEX1_D[0]     ; 2.5 V        ; 0 s                 ; 0 s                 ; 2.32 V                       ; 1.08e-06 V                   ; 2.36 V              ; -0.0113 V           ; 0.122 V                              ; 0.022 V                              ; 4.5e-10 s                   ; 4.45e-10 s                  ; Yes                        ; Yes                        ; 2.32 V                      ; 1.08e-06 V                  ; 2.36 V             ; -0.0113 V          ; 0.122 V                             ; 0.022 V                             ; 4.5e-10 s                  ; 4.45e-10 s                 ; Yes                       ; Yes                       ;
; HEX1_D[1]     ; 2.5 V        ; 0 s                 ; 0 s                 ; 2.32 V                       ; 1.08e-06 V                   ; 2.36 V              ; -0.0113 V           ; 0.122 V                              ; 0.022 V                              ; 4.5e-10 s                   ; 4.45e-10 s                  ; Yes                        ; Yes                        ; 2.32 V                      ; 1.08e-06 V                  ; 2.36 V             ; -0.0113 V          ; 0.122 V                             ; 0.022 V                             ; 4.5e-10 s                  ; 4.45e-10 s                 ; Yes                       ; Yes                       ;
; HEX1_D[2]     ; 2.5 V        ; 0 s                 ; 0 s                 ; 2.32 V                       ; 1.08e-06 V                   ; 2.36 V              ; -0.0113 V           ; 0.122 V                              ; 0.022 V                              ; 4.5e-10 s                   ; 4.45e-10 s                  ; Yes                        ; Yes                        ; 2.32 V                      ; 1.08e-06 V                  ; 2.36 V             ; -0.0113 V          ; 0.122 V                             ; 0.022 V                             ; 4.5e-10 s                  ; 4.45e-10 s                 ; Yes                       ; Yes                       ;
; HEX1_D[3]     ; 2.5 V        ; 0 s                 ; 0 s                 ; 2.32 V                       ; 1.08e-06 V                   ; 2.36 V              ; -0.0113 V           ; 0.122 V                              ; 0.022 V                              ; 4.5e-10 s                   ; 4.45e-10 s                  ; Yes                        ; Yes                        ; 2.32 V                      ; 1.08e-06 V                  ; 2.36 V             ; -0.0113 V          ; 0.122 V                             ; 0.022 V                             ; 4.5e-10 s                  ; 4.45e-10 s                 ; Yes                       ; Yes                       ;
; HEX1_D[4]     ; 2.5 V        ; 0 s                 ; 0 s                 ; 2.32 V                       ; 1.08e-06 V                   ; 2.36 V              ; -0.0113 V           ; 0.122 V                              ; 0.022 V                              ; 4.5e-10 s                   ; 4.45e-10 s                  ; Yes                        ; Yes                        ; 2.32 V                      ; 1.08e-06 V                  ; 2.36 V             ; -0.0113 V          ; 0.122 V                             ; 0.022 V                             ; 4.5e-10 s                  ; 4.45e-10 s                 ; Yes                       ; Yes                       ;
; HEX1_D[5]     ; 2.5 V        ; 0 s                 ; 0 s                 ; 2.32 V                       ; 1.08e-06 V                   ; 2.36 V              ; -0.0113 V           ; 0.122 V                              ; 0.022 V                              ; 4.5e-10 s                   ; 4.45e-10 s                  ; Yes                        ; Yes                        ; 2.32 V                      ; 1.08e-06 V                  ; 2.36 V             ; -0.0113 V          ; 0.122 V                             ; 0.022 V                             ; 4.5e-10 s                  ; 4.45e-10 s                 ; Yes                       ; Yes                       ;
; HEX1_D[6]     ; 2.5 V        ; 0 s                 ; 0 s                 ; 2.32 V                       ; 1.08e-06 V                   ; 2.36 V              ; -0.0113 V           ; 0.122 V                              ; 0.022 V                              ; 4.5e-10 s                   ; 4.45e-10 s                  ; Yes                        ; Yes                        ; 2.32 V                      ; 1.08e-06 V                  ; 2.36 V             ; -0.0113 V          ; 0.122 V                             ; 0.022 V                             ; 4.5e-10 s                  ; 4.45e-10 s                 ; Yes                       ; Yes                       ;
; HEX2_D[0]     ; 2.5 V        ; 0 s                 ; 0 s                 ; 2.32 V                       ; 1.08e-06 V                   ; 2.36 V              ; -0.0113 V           ; 0.122 V                              ; 0.022 V                              ; 4.5e-10 s                   ; 4.45e-10 s                  ; Yes                        ; Yes                        ; 2.32 V                      ; 1.08e-06 V                  ; 2.36 V             ; -0.0113 V          ; 0.122 V                             ; 0.022 V                             ; 4.5e-10 s                  ; 4.45e-10 s                 ; Yes                       ; Yes                       ;
; HEX2_D[1]     ; 2.5 V        ; 0 s                 ; 0 s                 ; 2.32 V                       ; 1.08e-06 V                   ; 2.36 V              ; -0.0113 V           ; 0.122 V                              ; 0.022 V                              ; 4.5e-10 s                   ; 4.45e-10 s                  ; Yes                        ; Yes                        ; 2.32 V                      ; 1.08e-06 V                  ; 2.36 V             ; -0.0113 V          ; 0.122 V                             ; 0.022 V                             ; 4.5e-10 s                  ; 4.45e-10 s                 ; Yes                       ; Yes                       ;
; HEX2_D[2]     ; 2.5 V        ; 0 s                 ; 0 s                 ; 2.32 V                       ; 1.08e-06 V                   ; 2.36 V              ; -0.0113 V           ; 0.122 V                              ; 0.022 V                              ; 4.5e-10 s                   ; 4.45e-10 s                  ; Yes                        ; Yes                        ; 2.32 V                      ; 1.08e-06 V                  ; 2.36 V             ; -0.0113 V          ; 0.122 V                             ; 0.022 V                             ; 4.5e-10 s                  ; 4.45e-10 s                 ; Yes                       ; Yes                       ;
; HEX2_D[3]     ; 2.5 V        ; 0 s                 ; 0 s                 ; 2.32 V                       ; 1.08e-06 V                   ; 2.36 V              ; -0.0113 V           ; 0.122 V                              ; 0.022 V                              ; 4.5e-10 s                   ; 4.45e-10 s                  ; Yes                        ; Yes                        ; 2.32 V                      ; 1.08e-06 V                  ; 2.36 V             ; -0.0113 V          ; 0.122 V                             ; 0.022 V                             ; 4.5e-10 s                  ; 4.45e-10 s                 ; Yes                       ; Yes                       ;
; HEX2_D[4]     ; 2.5 V        ; 0 s                 ; 0 s                 ; 2.32 V                       ; 1.08e-06 V                   ; 2.36 V              ; -0.0113 V           ; 0.122 V                              ; 0.022 V                              ; 4.5e-10 s                   ; 4.45e-10 s                  ; Yes                        ; Yes                        ; 2.32 V                      ; 1.08e-06 V                  ; 2.36 V             ; -0.0113 V          ; 0.122 V                             ; 0.022 V                             ; 4.5e-10 s                  ; 4.45e-10 s                 ; Yes                       ; Yes                       ;
; HEX2_D[5]     ; 2.5 V        ; 0 s                 ; 0 s                 ; 2.32 V                       ; 1.08e-06 V                   ; 2.36 V              ; -0.0113 V           ; 0.122 V                              ; 0.022 V                              ; 4.5e-10 s                   ; 4.45e-10 s                  ; Yes                        ; Yes                        ; 2.32 V                      ; 1.08e-06 V                  ; 2.36 V             ; -0.0113 V          ; 0.122 V                             ; 0.022 V                             ; 4.5e-10 s                  ; 4.45e-10 s                 ; Yes                       ; Yes                       ;
; HEX2_D[6]     ; 2.5 V        ; 0 s                 ; 0 s                 ; 2.32 V                       ; 1.08e-06 V                   ; 2.36 V              ; -0.0113 V           ; 0.122 V                              ; 0.022 V                              ; 4.5e-10 s                   ; 4.45e-10 s                  ; Yes                        ; Yes                        ; 2.32 V                      ; 1.08e-06 V                  ; 2.36 V             ; -0.0113 V          ; 0.122 V                             ; 0.022 V                             ; 4.5e-10 s                  ; 4.45e-10 s                 ; Yes                       ; Yes                       ;
; HEX3_D[0]     ; 2.5 V        ; 0 s                 ; 0 s                 ; 2.32 V                       ; 1.08e-06 V                   ; 2.36 V              ; -0.0113 V           ; 0.122 V                              ; 0.022 V                              ; 4.5e-10 s                   ; 4.45e-10 s                  ; Yes                        ; Yes                        ; 2.32 V                      ; 1.08e-06 V                  ; 2.36 V             ; -0.0113 V          ; 0.122 V                             ; 0.022 V                             ; 4.5e-10 s                  ; 4.45e-10 s                 ; Yes                       ; Yes                       ;
; HEX3_D[1]     ; 2.5 V        ; 0 s                 ; 0 s                 ; 2.32 V                       ; 1.08e-06 V                   ; 2.36 V              ; -0.0113 V           ; 0.122 V                              ; 0.022 V                              ; 4.5e-10 s                   ; 4.45e-10 s                  ; Yes                        ; Yes                        ; 2.32 V                      ; 1.08e-06 V                  ; 2.36 V             ; -0.0113 V          ; 0.122 V                             ; 0.022 V                             ; 4.5e-10 s                  ; 4.45e-10 s                 ; Yes                       ; Yes                       ;
; HEX3_D[2]     ; 2.5 V        ; 0 s                 ; 0 s                 ; 2.32 V                       ; 1.08e-06 V                   ; 2.36 V              ; -0.0113 V           ; 0.122 V                              ; 0.022 V                              ; 4.5e-10 s                   ; 4.45e-10 s                  ; Yes                        ; Yes                        ; 2.32 V                      ; 1.08e-06 V                  ; 2.36 V             ; -0.0113 V          ; 0.122 V                             ; 0.022 V                             ; 4.5e-10 s                  ; 4.45e-10 s                 ; Yes                       ; Yes                       ;
; HEX3_D[3]     ; 2.5 V        ; 0 s                 ; 0 s                 ; 2.32 V                       ; 1.08e-06 V                   ; 2.36 V              ; -0.0113 V           ; 0.122 V                              ; 0.022 V                              ; 4.5e-10 s                   ; 4.45e-10 s                  ; Yes                        ; Yes                        ; 2.32 V                      ; 1.08e-06 V                  ; 2.36 V             ; -0.0113 V          ; 0.122 V                             ; 0.022 V                             ; 4.5e-10 s                  ; 4.45e-10 s                 ; Yes                       ; Yes                       ;
; HEX3_D[4]     ; 2.5 V        ; 0 s                 ; 0 s                 ; 2.32 V                       ; 1.08e-06 V                   ; 2.36 V              ; -0.0113 V           ; 0.122 V                              ; 0.022 V                              ; 4.5e-10 s                   ; 4.45e-10 s                  ; Yes                        ; Yes                        ; 2.32 V                      ; 1.08e-06 V                  ; 2.36 V             ; -0.0113 V          ; 0.122 V                             ; 0.022 V                             ; 4.5e-10 s                  ; 4.45e-10 s                 ; Yes                       ; Yes                       ;
; HEX3_D[5]     ; 2.5 V        ; 0 s                 ; 0 s                 ; 2.32 V                       ; 1.08e-06 V                   ; 2.36 V              ; -0.0113 V           ; 0.122 V                              ; 0.022 V                              ; 4.5e-10 s                   ; 4.45e-10 s                  ; Yes                        ; Yes                        ; 2.32 V                      ; 1.08e-06 V                  ; 2.36 V             ; -0.0113 V          ; 0.122 V                             ; 0.022 V                             ; 4.5e-10 s                  ; 4.45e-10 s                 ; Yes                       ; Yes                       ;
; HEX3_D[6]     ; 2.5 V        ; 0 s                 ; 0 s                 ; 2.32 V                       ; 1.08e-06 V                   ; 2.36 V              ; -0.0113 V           ; 0.122 V                              ; 0.022 V                              ; 4.5e-10 s                   ; 4.45e-10 s                  ; Yes                        ; Yes                        ; 2.32 V                      ; 1.08e-06 V                  ; 2.36 V             ; -0.0113 V          ; 0.122 V                             ; 0.022 V                             ; 4.5e-10 s                  ; 4.45e-10 s                 ; Yes                       ; Yes                       ;
; ~ALTERA_DCLK~ ; 2.5 V        ; 0 s                 ; 0 s                 ; 2.32 V                       ; 5.68e-07 V                   ; 2.35 V              ; -0.0132 V           ; 0.2 V                                ; 0.027 V                              ; 5.26e-10 s                  ; 4.81e-10 s                  ; Yes                        ; Yes                        ; 2.32 V                      ; 5.68e-07 V                  ; 2.35 V             ; -0.0132 V          ; 0.2 V                               ; 0.027 V                             ; 5.26e-10 s                 ; 4.81e-10 s                 ; Yes                       ; Yes                       ;
; ~ALTERA_nCEO~ ; 2.5 V        ; 0 s                 ; 0 s                 ; 2.32 V                       ; 9.36e-07 V                   ; 2.35 V              ; -0.00444 V          ; 0.18 V                               ; 0.019 V                              ; 7.23e-10 s                  ; 9.82e-10 s                  ; Yes                        ; Yes                        ; 2.32 V                      ; 9.36e-07 V                  ; 2.35 V             ; -0.00444 V         ; 0.18 V                              ; 0.019 V                             ; 7.23e-10 s                 ; 9.82e-10 s                 ; Yes                       ; Yes                       ;
+---------------+--------------+---------------------+---------------------+------------------------------+------------------------------+---------------------+---------------------+--------------------------------------+--------------------------------------+-----------------------------+-----------------------------+----------------------------+----------------------------+-----------------------------+-----------------------------+--------------------+--------------------+-------------------------------------+-------------------------------------+----------------------------+----------------------------+---------------------------+---------------------------+


+--------------------------------------------------------------------------------------------------------------------------------------------------------------------------------------------------------------------------------------------------------------------------------------------------------------------------------------------------------------------------------------------------------------------------------------------------------------------------------------------------------------------------------------------------------------------------------------------------------------------------------------------------------------------------------------------+
; Fast Corner Signal Integrity Metrics                                                                                                                                                                                                                                                                                                                                                                                                                                                                                                                                                                                                                                                       ;
+---------------+--------------+---------------------+---------------------+------------------------------+------------------------------+---------------------+---------------------+--------------------------------------+--------------------------------------+-----------------------------+-----------------------------+----------------------------+----------------------------+-----------------------------+-----------------------------+--------------------+--------------------+-------------------------------------+-------------------------------------+----------------------------+----------------------------+---------------------------+---------------------------+
; Pin           ; I/O Standard ; Board Delay on Rise ; Board Delay on Fall ; Steady State Voh at FPGA Pin ; Steady State Vol at FPGA Pin ; Voh Max at FPGA Pin ; Vol Min at FPGA Pin ; Ringback Voltage on Rise at FPGA Pin ; Ringback Voltage on Fall at FPGA Pin ; 10-90 Rise Time at FPGA Pin ; 90-10 Fall Time at FPGA Pin ; Monotonic Rise at FPGA Pin ; Monotonic Fall at FPGA Pin ; Steady State Voh at Far-end ; Steady State Vol at Far-end ; Voh Max at Far-end ; Vol Min at Far-end ; Ringback Voltage on Rise at Far-end ; Ringback Voltage on Fall at Far-end ; 10-90 Rise Time at Far-end ; 90-10 Fall Time at Far-end ; Monotonic Rise at Far-end ; Monotonic Fall at Far-end ;
+---------------+--------------+---------------------+---------------------+------------------------------+------------------------------+---------------------+---------------------+--------------------------------------+--------------------------------------+-----------------------------+-----------------------------+----------------------------+----------------------------+-----------------------------+-----------------------------+--------------------+--------------------+-------------------------------------+-------------------------------------+----------------------------+----------------------------+---------------------------+---------------------------+
; alarma        ; 2.5 V        ; 0 s                 ; 0 s                 ; 2.62 V                       ; 2.78e-08 V                   ; 2.71 V              ; -0.0349 V           ; 0.253 V                              ; 0.069 V                              ; 4.96e-10 s                  ; 5.19e-10 s                  ; No                         ; Yes                        ; 2.62 V                      ; 2.78e-08 V                  ; 2.71 V             ; -0.0349 V          ; 0.253 V                             ; 0.069 V                             ; 4.96e-10 s                 ; 5.19e-10 s                 ; No                        ; Yes                       ;
; felicitacion  ; 2.5 V        ; 0 s                 ; 0 s                 ; 2.62 V                       ; 2.78e-08 V                   ; 2.71 V              ; -0.0349 V           ; 0.253 V                              ; 0.069 V                              ; 4.96e-10 s                  ; 5.19e-10 s                  ; No                         ; Yes                        ; 2.62 V                      ; 2.78e-08 V                  ; 2.71 V             ; -0.0349 V          ; 0.253 V                             ; 0.069 V                             ; 4.96e-10 s                 ; 5.19e-10 s                 ; No                        ; Yes                       ;
; HEX0_D[0]     ; 2.5 V        ; 0 s                 ; 0 s                 ; 2.62 V                       ; 4.11e-08 V                   ; 2.73 V              ; -0.0566 V           ; 0.191 V                              ; 0.12 V                               ; 2.69e-10 s                  ; 2.76e-10 s                  ; Yes                        ; Yes                        ; 2.62 V                      ; 4.11e-08 V                  ; 2.73 V             ; -0.0566 V          ; 0.191 V                             ; 0.12 V                              ; 2.69e-10 s                 ; 2.76e-10 s                 ; Yes                       ; Yes                       ;
; HEX0_D[1]     ; 2.5 V        ; 0 s                 ; 0 s                 ; 2.62 V                       ; 4.11e-08 V                   ; 2.73 V              ; -0.0566 V           ; 0.191 V                              ; 0.12 V                               ; 2.69e-10 s                  ; 2.76e-10 s                  ; Yes                        ; Yes                        ; 2.62 V                      ; 4.11e-08 V                  ; 2.73 V             ; -0.0566 V          ; 0.191 V                             ; 0.12 V                              ; 2.69e-10 s                 ; 2.76e-10 s                 ; Yes                       ; Yes                       ;
; HEX0_D[2]     ; 2.5 V        ; 0 s                 ; 0 s                 ; 2.62 V                       ; 4.11e-08 V                   ; 2.73 V              ; -0.0566 V           ; 0.191 V                              ; 0.12 V                               ; 2.69e-10 s                  ; 2.76e-10 s                  ; Yes                        ; Yes                        ; 2.62 V                      ; 4.11e-08 V                  ; 2.73 V             ; -0.0566 V          ; 0.191 V                             ; 0.12 V                              ; 2.69e-10 s                 ; 2.76e-10 s                 ; Yes                       ; Yes                       ;
; HEX0_D[3]     ; 2.5 V        ; 0 s                 ; 0 s                 ; 2.62 V                       ; 4.11e-08 V                   ; 2.73 V              ; -0.0566 V           ; 0.191 V                              ; 0.12 V                               ; 2.69e-10 s                  ; 2.76e-10 s                  ; Yes                        ; Yes                        ; 2.62 V                      ; 4.11e-08 V                  ; 2.73 V             ; -0.0566 V          ; 0.191 V                             ; 0.12 V                              ; 2.69e-10 s                 ; 2.76e-10 s                 ; Yes                       ; Yes                       ;
; HEX0_D[4]     ; 2.5 V        ; 0 s                 ; 0 s                 ; 2.62 V                       ; 4.11e-08 V                   ; 2.73 V              ; -0.0566 V           ; 0.191 V                              ; 0.12 V                               ; 2.69e-10 s                  ; 2.76e-10 s                  ; Yes                        ; Yes                        ; 2.62 V                      ; 4.11e-08 V                  ; 2.73 V             ; -0.0566 V          ; 0.191 V                             ; 0.12 V                              ; 2.69e-10 s                 ; 2.76e-10 s                 ; Yes                       ; Yes                       ;
; HEX0_D[5]     ; 2.5 V        ; 0 s                 ; 0 s                 ; 2.62 V                       ; 4.11e-08 V                   ; 2.73 V              ; -0.0566 V           ; 0.191 V                              ; 0.12 V                               ; 2.69e-10 s                  ; 2.76e-10 s                  ; Yes                        ; Yes                        ; 2.62 V                      ; 4.11e-08 V                  ; 2.73 V             ; -0.0566 V          ; 0.191 V                             ; 0.12 V                              ; 2.69e-10 s                 ; 2.76e-10 s                 ; Yes                       ; Yes                       ;
; HEX0_D[6]     ; 2.5 V        ; 0 s                 ; 0 s                 ; 2.62 V                       ; 4.11e-08 V                   ; 2.73 V              ; -0.0566 V           ; 0.191 V                              ; 0.12 V                               ; 2.69e-10 s                  ; 2.76e-10 s                  ; Yes                        ; Yes                        ; 2.62 V                      ; 4.11e-08 V                  ; 2.73 V             ; -0.0566 V          ; 0.191 V                             ; 0.12 V                              ; 2.69e-10 s                 ; 2.76e-10 s                 ; Yes                       ; Yes                       ;
; HEX1_D[0]     ; 2.5 V        ; 0 s                 ; 0 s                 ; 2.62 V                       ; 4.11e-08 V                   ; 2.73 V              ; -0.0566 V           ; 0.191 V                              ; 0.12 V                               ; 2.69e-10 s                  ; 2.76e-10 s                  ; Yes                        ; Yes                        ; 2.62 V                      ; 4.11e-08 V                  ; 2.73 V             ; -0.0566 V          ; 0.191 V                             ; 0.12 V                              ; 2.69e-10 s                 ; 2.76e-10 s                 ; Yes                       ; Yes                       ;
; HEX1_D[1]     ; 2.5 V        ; 0 s                 ; 0 s                 ; 2.62 V                       ; 4.11e-08 V                   ; 2.73 V              ; -0.0566 V           ; 0.191 V                              ; 0.12 V                               ; 2.69e-10 s                  ; 2.76e-10 s                  ; Yes                        ; Yes                        ; 2.62 V                      ; 4.11e-08 V                  ; 2.73 V             ; -0.0566 V          ; 0.191 V                             ; 0.12 V                              ; 2.69e-10 s                 ; 2.76e-10 s                 ; Yes                       ; Yes                       ;
; HEX1_D[2]     ; 2.5 V        ; 0 s                 ; 0 s                 ; 2.62 V                       ; 4.11e-08 V                   ; 2.73 V              ; -0.0566 V           ; 0.191 V                              ; 0.12 V                               ; 2.69e-10 s                  ; 2.76e-10 s                  ; Yes                        ; Yes                        ; 2.62 V                      ; 4.11e-08 V                  ; 2.73 V             ; -0.0566 V          ; 0.191 V                             ; 0.12 V                              ; 2.69e-10 s                 ; 2.76e-10 s                 ; Yes                       ; Yes                       ;
; HEX1_D[3]     ; 2.5 V        ; 0 s                 ; 0 s                 ; 2.62 V                       ; 4.11e-08 V                   ; 2.73 V              ; -0.0566 V           ; 0.191 V                              ; 0.12 V                               ; 2.69e-10 s                  ; 2.76e-10 s                  ; Yes                        ; Yes                        ; 2.62 V                      ; 4.11e-08 V                  ; 2.73 V             ; -0.0566 V          ; 0.191 V                             ; 0.12 V                              ; 2.69e-10 s                 ; 2.76e-10 s                 ; Yes                       ; Yes                       ;
; HEX1_D[4]     ; 2.5 V        ; 0 s                 ; 0 s                 ; 2.62 V                       ; 4.11e-08 V                   ; 2.73 V              ; -0.0566 V           ; 0.191 V                              ; 0.12 V                               ; 2.69e-10 s                  ; 2.76e-10 s                  ; Yes                        ; Yes                        ; 2.62 V                      ; 4.11e-08 V                  ; 2.73 V             ; -0.0566 V          ; 0.191 V                             ; 0.12 V                              ; 2.69e-10 s                 ; 2.76e-10 s                 ; Yes                       ; Yes                       ;
; HEX1_D[5]     ; 2.5 V        ; 0 s                 ; 0 s                 ; 2.62 V                       ; 4.11e-08 V                   ; 2.73 V              ; -0.0566 V           ; 0.191 V                              ; 0.12 V                               ; 2.69e-10 s                  ; 2.76e-10 s                  ; Yes                        ; Yes                        ; 2.62 V                      ; 4.11e-08 V                  ; 2.73 V             ; -0.0566 V          ; 0.191 V                             ; 0.12 V                              ; 2.69e-10 s                 ; 2.76e-10 s                 ; Yes                       ; Yes                       ;
; HEX1_D[6]     ; 2.5 V        ; 0 s                 ; 0 s                 ; 2.62 V                       ; 4.11e-08 V                   ; 2.73 V              ; -0.0566 V           ; 0.191 V                              ; 0.12 V                               ; 2.69e-10 s                  ; 2.76e-10 s                  ; Yes                        ; Yes                        ; 2.62 V                      ; 4.11e-08 V                  ; 2.73 V             ; -0.0566 V          ; 0.191 V                             ; 0.12 V                              ; 2.69e-10 s                 ; 2.76e-10 s                 ; Yes                       ; Yes                       ;
; HEX2_D[0]     ; 2.5 V        ; 0 s                 ; 0 s                 ; 2.62 V                       ; 4.11e-08 V                   ; 2.73 V              ; -0.0566 V           ; 0.191 V                              ; 0.12 V                               ; 2.69e-10 s                  ; 2.76e-10 s                  ; Yes                        ; Yes                        ; 2.62 V                      ; 4.11e-08 V                  ; 2.73 V             ; -0.0566 V          ; 0.191 V                             ; 0.12 V                              ; 2.69e-10 s                 ; 2.76e-10 s                 ; Yes                       ; Yes                       ;
; HEX2_D[1]     ; 2.5 V        ; 0 s                 ; 0 s                 ; 2.62 V                       ; 4.11e-08 V                   ; 2.73 V              ; -0.0566 V           ; 0.191 V                              ; 0.12 V                               ; 2.69e-10 s                  ; 2.76e-10 s                  ; Yes                        ; Yes                        ; 2.62 V                      ; 4.11e-08 V                  ; 2.73 V             ; -0.0566 V          ; 0.191 V                             ; 0.12 V                              ; 2.69e-10 s                 ; 2.76e-10 s                 ; Yes                       ; Yes                       ;
; HEX2_D[2]     ; 2.5 V        ; 0 s                 ; 0 s                 ; 2.62 V                       ; 4.11e-08 V                   ; 2.73 V              ; -0.0566 V           ; 0.191 V                              ; 0.12 V                               ; 2.69e-10 s                  ; 2.76e-10 s                  ; Yes                        ; Yes                        ; 2.62 V                      ; 4.11e-08 V                  ; 2.73 V             ; -0.0566 V          ; 0.191 V                             ; 0.12 V                              ; 2.69e-10 s                 ; 2.76e-10 s                 ; Yes                       ; Yes                       ;
; HEX2_D[3]     ; 2.5 V        ; 0 s                 ; 0 s                 ; 2.62 V                       ; 4.11e-08 V                   ; 2.73 V              ; -0.0566 V           ; 0.191 V                              ; 0.12 V                               ; 2.69e-10 s                  ; 2.76e-10 s                  ; Yes                        ; Yes                        ; 2.62 V                      ; 4.11e-08 V                  ; 2.73 V             ; -0.0566 V          ; 0.191 V                             ; 0.12 V                              ; 2.69e-10 s                 ; 2.76e-10 s                 ; Yes                       ; Yes                       ;
; HEX2_D[4]     ; 2.5 V        ; 0 s                 ; 0 s                 ; 2.62 V                       ; 4.11e-08 V                   ; 2.73 V              ; -0.0566 V           ; 0.191 V                              ; 0.12 V                               ; 2.69e-10 s                  ; 2.76e-10 s                  ; Yes                        ; Yes                        ; 2.62 V                      ; 4.11e-08 V                  ; 2.73 V             ; -0.0566 V          ; 0.191 V                             ; 0.12 V                              ; 2.69e-10 s                 ; 2.76e-10 s                 ; Yes                       ; Yes                       ;
; HEX2_D[5]     ; 2.5 V        ; 0 s                 ; 0 s                 ; 2.62 V                       ; 4.11e-08 V                   ; 2.73 V              ; -0.0566 V           ; 0.191 V                              ; 0.12 V                               ; 2.69e-10 s                  ; 2.76e-10 s                  ; Yes                        ; Yes                        ; 2.62 V                      ; 4.11e-08 V                  ; 2.73 V             ; -0.0566 V          ; 0.191 V                             ; 0.12 V                              ; 2.69e-10 s                 ; 2.76e-10 s                 ; Yes                       ; Yes                       ;
; HEX2_D[6]     ; 2.5 V        ; 0 s                 ; 0 s                 ; 2.62 V                       ; 4.11e-08 V                   ; 2.73 V              ; -0.0566 V           ; 0.191 V                              ; 0.12 V                               ; 2.69e-10 s                  ; 2.76e-10 s                  ; Yes                        ; Yes                        ; 2.62 V                      ; 4.11e-08 V                  ; 2.73 V             ; -0.0566 V          ; 0.191 V                             ; 0.12 V                              ; 2.69e-10 s                 ; 2.76e-10 s                 ; Yes                       ; Yes                       ;
; HEX3_D[0]     ; 2.5 V        ; 0 s                 ; 0 s                 ; 2.62 V                       ; 4.11e-08 V                   ; 2.73 V              ; -0.0566 V           ; 0.191 V                              ; 0.12 V                               ; 2.69e-10 s                  ; 2.76e-10 s                  ; Yes                        ; Yes                        ; 2.62 V                      ; 4.11e-08 V                  ; 2.73 V             ; -0.0566 V          ; 0.191 V                             ; 0.12 V                              ; 2.69e-10 s                 ; 2.76e-10 s                 ; Yes                       ; Yes                       ;
; HEX3_D[1]     ; 2.5 V        ; 0 s                 ; 0 s                 ; 2.62 V                       ; 4.11e-08 V                   ; 2.73 V              ; -0.0566 V           ; 0.191 V                              ; 0.12 V                               ; 2.69e-10 s                  ; 2.76e-10 s                  ; Yes                        ; Yes                        ; 2.62 V                      ; 4.11e-08 V                  ; 2.73 V             ; -0.0566 V          ; 0.191 V                             ; 0.12 V                              ; 2.69e-10 s                 ; 2.76e-10 s                 ; Yes                       ; Yes                       ;
; HEX3_D[2]     ; 2.5 V        ; 0 s                 ; 0 s                 ; 2.62 V                       ; 4.11e-08 V                   ; 2.73 V              ; -0.0566 V           ; 0.191 V                              ; 0.12 V                               ; 2.69e-10 s                  ; 2.76e-10 s                  ; Yes                        ; Yes                        ; 2.62 V                      ; 4.11e-08 V                  ; 2.73 V             ; -0.0566 V          ; 0.191 V                             ; 0.12 V                              ; 2.69e-10 s                 ; 2.76e-10 s                 ; Yes                       ; Yes                       ;
; HEX3_D[3]     ; 2.5 V        ; 0 s                 ; 0 s                 ; 2.62 V                       ; 4.11e-08 V                   ; 2.73 V              ; -0.0566 V           ; 0.191 V                              ; 0.12 V                               ; 2.69e-10 s                  ; 2.76e-10 s                  ; Yes                        ; Yes                        ; 2.62 V                      ; 4.11e-08 V                  ; 2.73 V             ; -0.0566 V          ; 0.191 V                             ; 0.12 V                              ; 2.69e-10 s                 ; 2.76e-10 s                 ; Yes                       ; Yes                       ;
; HEX3_D[4]     ; 2.5 V        ; 0 s                 ; 0 s                 ; 2.62 V                       ; 4.11e-08 V                   ; 2.73 V              ; -0.0566 V           ; 0.191 V                              ; 0.12 V                               ; 2.69e-10 s                  ; 2.76e-10 s                  ; Yes                        ; Yes                        ; 2.62 V                      ; 4.11e-08 V                  ; 2.73 V             ; -0.0566 V          ; 0.191 V                             ; 0.12 V                              ; 2.69e-10 s                 ; 2.76e-10 s                 ; Yes                       ; Yes                       ;
; HEX3_D[5]     ; 2.5 V        ; 0 s                 ; 0 s                 ; 2.62 V                       ; 4.11e-08 V                   ; 2.73 V              ; -0.0566 V           ; 0.191 V                              ; 0.12 V                               ; 2.69e-10 s                  ; 2.76e-10 s                  ; Yes                        ; Yes                        ; 2.62 V                      ; 4.11e-08 V                  ; 2.73 V             ; -0.0566 V          ; 0.191 V                             ; 0.12 V                              ; 2.69e-10 s                 ; 2.76e-10 s                 ; Yes                       ; Yes                       ;
; HEX3_D[6]     ; 2.5 V        ; 0 s                 ; 0 s                 ; 2.62 V                       ; 4.11e-08 V                   ; 2.73 V              ; -0.0566 V           ; 0.191 V                              ; 0.12 V                               ; 2.69e-10 s                  ; 2.76e-10 s                  ; Yes                        ; Yes                        ; 2.62 V                      ; 4.11e-08 V                  ; 2.73 V             ; -0.0566 V          ; 0.191 V                             ; 0.12 V                              ; 2.69e-10 s                 ; 2.76e-10 s                 ; Yes                       ; Yes                       ;
; ~ALTERA_DCLK~ ; 2.5 V        ; 0 s                 ; 0 s                 ; 2.62 V                       ; 2.22e-08 V                   ; 2.72 V              ; -0.0747 V           ; 0.28 V                               ; 0.169 V                              ; 3.1e-10 s                   ; 3.01e-10 s                  ; No                         ; Yes                        ; 2.62 V                      ; 2.22e-08 V                  ; 2.72 V             ; -0.0747 V          ; 0.28 V                              ; 0.169 V                             ; 3.1e-10 s                  ; 3.01e-10 s                 ; No                        ; Yes                       ;
; ~ALTERA_nCEO~ ; 2.5 V        ; 0 s                 ; 0 s                 ; 2.62 V                       ; 3.53e-08 V                   ; 2.7 V               ; -0.0212 V           ; 0.204 V                              ; 0.049 V                              ; 4.85e-10 s                  ; 6.73e-10 s                  ; No                         ; Yes                        ; 2.62 V                      ; 3.53e-08 V                  ; 2.7 V              ; -0.0212 V          ; 0.204 V                             ; 0.049 V                             ; 4.85e-10 s                 ; 6.73e-10 s                 ; No                        ; Yes                       ;
+---------------+--------------+---------------------+---------------------+------------------------------+------------------------------+---------------------+---------------------+--------------------------------------+--------------------------------------+-----------------------------+-----------------------------+----------------------------+----------------------------+-----------------------------+-----------------------------+--------------------+--------------------+-------------------------------------+-------------------------------------+----------------------------+----------------------------+---------------------------+---------------------------+


+-------------------------------------------------------------------------------------------------------------------------------------------+
; Setup Transfers                                                                                                                           ;
+-----------------------------------------------+-----------------------------------------------+----------+----------+----------+----------+
; From Clock                                    ; To Clock                                      ; RR Paths ; FR Paths ; RF Paths ; FF Paths ;
+-----------------------------------------------+-----------------------------------------------+----------+----------+----------+----------+
; CLOCK_50                                      ; CLOCK_50                                      ; 2185     ; 0        ; 0        ; 0        ;
; divisor_frecuencia:INST_DIVISOR|reloj_1hz_reg ; CLOCK_50                                      ; 59       ; 1        ; 0        ; 0        ;
; CLOCK_50                                      ; divisor_frecuencia:INST_DIVISOR|reloj_1hz_reg ; 15       ; 0        ; 0        ; 0        ;
; divisor_frecuencia:INST_DIVISOR|reloj_1hz_reg ; divisor_frecuencia:INST_DIVISOR|reloj_1hz_reg ; 167      ; 0        ; 0        ; 0        ;
+-----------------------------------------------+-----------------------------------------------+----------+----------+----------+----------+
Entries labeled "false path" only account for clock-to-clock false paths and not path-based false paths. As a result, actual path counts may be lower than reported.


+-------------------------------------------------------------------------------------------------------------------------------------------+
; Hold Transfers                                                                                                                            ;
+-----------------------------------------------+-----------------------------------------------+----------+----------+----------+----------+
; From Clock                                    ; To Clock                                      ; RR Paths ; FR Paths ; RF Paths ; FF Paths ;
+-----------------------------------------------+-----------------------------------------------+----------+----------+----------+----------+
; CLOCK_50                                      ; CLOCK_50                                      ; 2185     ; 0        ; 0        ; 0        ;
; divisor_frecuencia:INST_DIVISOR|reloj_1hz_reg ; CLOCK_50                                      ; 59       ; 1        ; 0        ; 0        ;
; CLOCK_50                                      ; divisor_frecuencia:INST_DIVISOR|reloj_1hz_reg ; 15       ; 0        ; 0        ; 0        ;
; divisor_frecuencia:INST_DIVISOR|reloj_1hz_reg ; divisor_frecuencia:INST_DIVISOR|reloj_1hz_reg ; 167      ; 0        ; 0        ; 0        ;
+-----------------------------------------------+-----------------------------------------------+----------+----------+----------+----------+
Entries labeled "false path" only account for clock-to-clock false paths and not path-based false paths. As a result, actual path counts may be lower than reported.


+--------------------------------------------------------------------------------------------------------+
; Recovery Transfers                                                                                     ;
+------------+-----------------------------------------------+----------+----------+----------+----------+
; From Clock ; To Clock                                      ; RR Paths ; FR Paths ; RF Paths ; FF Paths ;
+------------+-----------------------------------------------+----------+----------+----------+----------+
; CLOCK_50   ; divisor_frecuencia:INST_DIVISOR|reloj_1hz_reg ; 15       ; 0        ; 0        ; 0        ;
+------------+-----------------------------------------------+----------+----------+----------+----------+
Entries labeled "false path" only account for clock-to-clock false paths and not path-based false paths. As a result, actual path counts may be lower than reported.


+--------------------------------------------------------------------------------------------------------+
; Removal Transfers                                                                                      ;
+------------+-----------------------------------------------+----------+----------+----------+----------+
; From Clock ; To Clock                                      ; RR Paths ; FR Paths ; RF Paths ; FF Paths ;
+------------+-----------------------------------------------+----------+----------+----------+----------+
; CLOCK_50   ; divisor_frecuencia:INST_DIVISOR|reloj_1hz_reg ; 15       ; 0        ; 0        ; 0        ;
+------------+-----------------------------------------------+----------+----------+----------+----------+
Entries labeled "false path" only account for clock-to-clock false paths and not path-based false paths. As a result, actual path counts may be lower than reported.


---------------
; Report TCCS ;
---------------
No dedicated SERDES Transmitter circuitry present in device or used in design


---------------
; Report RSKM ;
---------------
No non-DPA dedicated SERDES Receiver circuitry present in device or used in design


+------------------------------------------------+
; Unconstrained Paths                            ;
+---------------------------------+-------+------+
; Property                        ; Setup ; Hold ;
+---------------------------------+-------+------+
; Illegal Clocks                  ; 0     ; 0    ;
; Unconstrained Clocks            ; 0     ; 0    ;
; Unconstrained Input Ports       ; 3     ; 3    ;
; Unconstrained Input Port Paths  ; 82    ; 82   ;
; Unconstrained Output Ports      ; 29    ; 29   ;
; Unconstrained Output Port Paths ; 88    ; 88   ;
+---------------------------------+-------+------+


+------------------------------------+
; TimeQuest Timing Analyzer Messages ;
+------------------------------------+
Info: *******************************************************************
Info: Running Quartus II 64-Bit TimeQuest Timing Analyzer
    Info: Version 13.1.0 Build 162 10/23/2013 SJ Web Edition
    Info: Processing started: Wed Sep 23 06:15:46 2026
Info: Command: quartus_sta Proyecto -c Proyecto
Info: qsta_default_script.tcl version: #1
Warning (20028): Parallel compilation is not licensed and has been disabled
Info (21077): Core supply voltage is 1.2V
Info (21077): Low junction temperature is 0 degrees C
Info (21077): High junction temperature is 85 degrees C
Critical Warning (332012): Synopsys Design Constraints File file not found: 'Proyecto.sdc'. A Synopsys Design Constraints File is required by the TimeQuest Timing Analyzer to get proper timing constraints. Without it, the Compiler will not properly optimize the design.
Info (332142): No user constrained base clocks found in the design. Calling "derive_clocks -period 1.0"
Info (332105): Deriving Clocks
    Info (332105): create_clock -period 1.000 -name CLOCK_50 CLOCK_50
    Info (332105): create_clock -period 1.000 -name divisor_frecuencia:INST_DIVISOR|reloj_1hz_reg divisor_frecuencia:INST_DIVISOR|reloj_1hz_reg
Info (332143): No user constrained clock uncertainty found in the design. Calling "derive_clock_uncertainty"
Info (332123): Deriving Clock Uncertainty. Please refer to report_sdc in TimeQuest to see clock uncertainties.
Info: Found TIMEQUEST_REPORT_SCRIPT_INCLUDE_DEFAULT_ANALYSIS = ON
Info: Analyzing Slow 1200mV 85C Model
Critical Warning (332148): Timing requirements not met
    Info (11105): For recommendations on closing timing, run Report Timing Closure Recommendations in the TimeQuest Timing Analyzer.
Info (332146): Worst-case setup slack is -3.080
    Info (332119):     Slack       End Point TNS Clock 
    Info (332119): ========= =================== =====================
    Info (332119):    -3.080            -130.119 CLOCK_50 
    Info (332119):    -1.290             -15.909 divisor_frecuencia:INST_DIVISOR|reloj_1hz_reg 
Info (332146): Worst-case hold slack is -0.040
    Info (332119):     Slack       End Point TNS Clock 
    Info (332119): ========= =================== =====================
    Info (332119):    -0.040              -0.040 CLOCK_50 
    Info (332119):     0.325               0.000 divisor_frecuencia:INST_DIVISOR|reloj_1hz_reg 
Info (332146): Worst-case recovery slack is -0.635
    Info (332119):     Slack       End Point TNS Clock 
    Info (332119): ========= =================== =====================
    Info (332119):    -0.635              -4.680 divisor_frecuencia:INST_DIVISOR|reloj_1hz_reg 
Info (332146): Worst-case removal slack is 0.701
    Info (332119):     Slack       End Point TNS Clock 
    Info (332119): ========= =================== =====================
    Info (332119):     0.701               0.000 divisor_frecuencia:INST_DIVISOR|reloj_1hz_reg 
Info (332146): Worst-case minimum pulse width slack is -3.000
    Info (332119):     Slack       End Point TNS Clock 
    Info (332119): ========= =================== =====================
    Info (332119):    -3.000             -68.000 CLOCK_50 
    Info (332119):    -1.000             -15.000 divisor_frecuencia:INST_DIVISOR|reloj_1hz_reg 
Info: Analyzing Slow 1200mV 0C Model
Info (334003): Started post-fitting delay annotation
Info (334004): Delay annotation completed successfully
Info (332123): Deriving Clock Uncertainty. Please refer to report_sdc in TimeQuest to see clock uncertainties.
Critical Warning (332148): Timing requirements not met
    Info (11105): For recommendations on closing timing, run Report Timing Closure Recommendations in the TimeQuest Timing Analyzer.
Info (332146): Worst-case setup slack is -2.656
    Info (332119):     Slack       End Point TNS Clock 
    Info (332119): ========= =================== =====================
    Info (332119):    -2.656            -110.551 CLOCK_50 
    Info (332119):    -1.067             -12.740 divisor_frecuencia:INST_DIVISOR|reloj_1hz_reg 
Info (332146): Worst-case hold slack is -0.081
    Info (332119):     Slack       End Point TNS Clock 
    Info (332119): ========= =================== =====================
    Info (332119):    -0.081              -0.081 CLOCK_50 
    Info (332119):     0.313               0.000 divisor_frecuencia:INST_DIVISOR|reloj_1hz_reg 
Info (332146): Worst-case recovery slack is -0.509
    Info (332119):     Slack       End Point TNS Clock 
    Info (332119): ========= =================== =====================
    Info (332119):    -0.509              -3.356 divisor_frecuencia:INST_DIVISOR|reloj_1hz_reg 
Info (332146): Worst-case removal slack is 0.667
    Info (332119):     Slack       End Point TNS Clock 
    Info (332119): ========= =================== =====================
    Info (332119):     0.667               0.000 divisor_frecuencia:INST_DIVISOR|reloj_1hz_reg 
Info (332146): Worst-case minimum pulse width slack is -3.000
    Info (332119):     Slack       End Point TNS Clock 
    Info (332119): ========= =================== =====================
    Info (332119):    -3.000             -68.000 CLOCK_50 
    Info (332119):    -1.000             -15.000 divisor_frecuencia:INST_DIVISOR|reloj_1hz_reg 
Info: Analyzing Fast 1200mV 0C Model
Info (332123): Deriving Clock Uncertainty. Please refer to report_sdc in TimeQuest to see clock uncertainties.
Critical Warning (332148): Timing requirements not met
    Info (11105): For recommendations on closing timing, run Report Timing Closure Recommendations in the TimeQuest Timing Analyzer.
Info (332146): Worst-case setup slack is -1.337
    Info (332119):     Slack       End Point TNS Clock 
    Info (332119): ========= =================== =====================
    Info (332119):    -1.337             -46.706 CLOCK_50 
    Info (332119):    -0.295              -2.654 divisor_frecuencia:INST_DIVISOR|reloj_1hz_reg 
Info (332146): Worst-case hold slack is -0.117
    Info (332119):     Slack       End Point TNS Clock 
    Info (332119): ========= =================== =====================
    Info (332119):    -0.117              -0.117 CLOCK_50 
    Info (332119):     0.155               0.000 divisor_frecuencia:INST_DIVISOR|reloj_1hz_reg 
Info (332146): Worst-case recovery slack is 0.036
    Info (332119):     Slack       End Point TNS Clock 
    Info (332119): ========= =================== =====================
    Info (332119):     0.036               0.000 divisor_frecuencia:INST_DIVISOR|reloj_1hz_reg 
Info (332146): Worst-case removal slack is 0.378
    Info (332119):     Slack       End Point TNS Clock 
    Info (332119): ========= =================== =====================
    Info (332119):     0.378               0.000 divisor_frecuencia:INST_DIVISOR|reloj_1hz_reg 
Info (332146): Worst-case minimum pulse width slack is -3.000
    Info (332119):     Slack       End Point TNS Clock 
    Info (332119): ========= =================== =====================
    Info (332119):    -3.000             -71.695 CLOCK_50 
    Info (332119):    -1.000             -15.000 divisor_frecuencia:INST_DIVISOR|reloj_1hz_reg 
Info (332102): Design is not fully constrained for setup requirements
Info (332102): Design is not fully constrained for hold requirements
Info: Quartus II 64-Bit TimeQuest Timing Analyzer was successful. 0 errors, 5 warnings
    Info: Peak virtual memory: 4621 megabytes
    Info: Processing ended: Wed Sep 23 06:15:49 2026
    Info: Elapsed time: 00:00:03
    Info: Total CPU time (on all processors): 00:00:02


