TimeQuest Timing Analyzer report for timer_top
Wed Sep 23 06:29:24 2026
Quartus II 64-Bit Version 13.1.0 Build 162 10/23/2013 SJ Web Edition


---------------------
; Table of Contents ;
---------------------
  1. Legal Notice
  2. TimeQuest Timing Analyzer Summary
  3. Parallel Compilation
  4. Clocks
  5. Slow 1200mV 85C Model Fmax Summary
  6. Timing Closure Recommendations
  7. Slow 1200mV 85C Model Setup Summary
  8. Slow 1200mV 85C Model Hold Summary
  9. Slow 1200mV 85C Model Recovery Summary
 10. Slow 1200mV 85C Model Removal Summary
 11. Slow 1200mV 85C Model Minimum Pulse Width Summary
 12. Slow 1200mV 85C Model Setup: 'clk_50'
 13. Slow 1200mV 85C Model Setup: 'divisor_frecuencia:INST_DIVISOR|reloj_1hz_reg'
 14. Slow 1200mV 85C Model Hold: 'clk_50'
 15. Slow 1200mV 85C Model Hold: 'divisor_frecuencia:INST_DIVISOR|reloj_1hz_reg'
 16. Slow 1200mV 85C Model Minimum Pulse Width: 'clk_50'
 17. Slow 1200mV 85C Model Minimum Pulse Width: 'divisor_frecuencia:INST_DIVISOR|reloj_1hz_reg'
 18. Setup Times
 19. Hold Times
 20. Clock to Output Times
 21. Minimum Clock to Output Times
 22. Slow 1200mV 85C Model Metastability Report
 23. Slow 1200mV 0C Model Fmax Summary
 24. Slow 1200mV 0C Model Setup Summary
 25. Slow 1200mV 0C Model Hold Summary
 26. Slow 1200mV 0C Model Recovery Summary
 27. Slow 1200mV 0C Model Removal Summary
 28. Slow 1200mV 0C Model Minimum Pulse Width Summary
 29. Slow 1200mV 0C Model Setup: 'clk_50'
 30. Slow 1200mV 0C Model Setup: 'divisor_frecuencia:INST_DIVISOR|reloj_1hz_reg'
 31. Slow 1200mV 0C Model Hold: 'clk_50'
 32. Slow 1200mV 0C Model Hold: 'divisor_frecuencia:INST_DIVISOR|reloj_1hz_reg'
 33. Slow 1200mV 0C Model Minimum Pulse Width: 'clk_50'
 34. Slow 1200mV 0C Model Minimum Pulse Width: 'divisor_frecuencia:INST_DIVISOR|reloj_1hz_reg'
 35. Setup Times
 36. Hold Times
 37. Clock to Output Times
 38. Minimum Clock to Output Times
 39. Slow 1200mV 0C Model Metastability Report
 40. Fast 1200mV 0C Model Setup Summary
 41. Fast 1200mV 0C Model Hold Summary
 42. Fast 1200mV 0C Model Recovery Summary
 43. Fast 1200mV 0C Model Removal Summary
 44. Fast 1200mV 0C Model Minimum Pulse Width Summary
 45. Fast 1200mV 0C Model Setup: 'clk_50'
 46. Fast 1200mV 0C Model Setup: 'divisor_frecuencia:INST_DIVISOR|reloj_1hz_reg'
 47. Fast 1200mV 0C Model Hold: 'clk_50'
 48. Fast 1200mV 0C Model Hold: 'divisor_frecuencia:INST_DIVISOR|reloj_1hz_reg'
 49. Fast 1200mV 0C Model Minimum Pulse Width: 'clk_50'
 50. Fast 1200mV 0C Model Minimum Pulse Width: 'divisor_frecuencia:INST_DIVISOR|reloj_1hz_reg'
 51. Setup Times
 52. Hold Times
 53. Clock to Output Times
 54. Minimum Clock to Output Times
 55. Fast 1200mV 0C Model Metastability Report
 56. Multicorner Timing Analysis Summary
 57. Setup Times
 58. Hold Times
 59. Clock to Output Times
 60. Minimum Clock to Output Times
 61. Board Trace Model Assignments
 62. Input Transition Times
 63. Slow Corner Signal Integrity Metrics
 64. Fast Corner Signal Integrity Metrics
 65. Setup Transfers
 66. Hold Transfers
 67. Report TCCS
 68. Report RSKM
 69. Unconstrained Paths
 70. TimeQuest Timing Analyzer Messages



----------------
; Legal Notice ;
----------------
Copyright (C) 1991-2013 Altera Corporation
Your use of Altera Corporation's design tools, logic functions 
and other software and tools, and its AMPP partner logic 
functions, and any output files from any of the foregoing 
(including device programming or simulation files), and any 
associated documentation or information are expressly subject 
to the terms and conditions of the Altera Program License 
Subscription Agreement, Altera MegaCore Function License 
Agreement, or other applicable license agreement, including, 
without limitation, that your use is for the sole purpose of 
programming logic devices manufactured by Altera and sold by 
Altera or its authorized distributors.  Please refer to the 
applicable agreement for further details.



+-------------------------------------------------------------------------+
; TimeQuest Timing Analyzer Summary                                       ;
+--------------------+----------------------------------------------------+
; Quartus II Version ; Version 13.1.0 Build 162 10/23/2013 SJ Web Edition ;
; Revision Name      ; timer_top                                          ;
; Device Family      ; Cyclone III                                        ;
; Device Name        ; EP3C16F484C6                                       ;
; Timing Models      ; Final                                              ;
; Delay Model        ; Combined                                           ;
; Rise/Fall Delays   ; Enabled                                            ;
+--------------------+----------------------------------------------------+


Parallel compilation was disabled, but you have multiple processors available. Enable parallel compilation to reduce compilation time.
+-------------------------------------+
; Parallel Compilation                ;
+----------------------------+--------+
; Processors                 ; Number ;
+----------------------------+--------+
; Number detected on machine ; 4      ;
; Maximum allowed            ; 1      ;
+----------------------------+--------+


+--------------------------------------------------------------------------------------------------------------------------------------------------------------------------------------------------------------------------------------------------------------+
; Clocks                                                                                                                                                                                                                                                       ;
+-----------------------------------------------+------+--------+------------+-------+-------+------------+-----------+-------------+-------+--------+-----------+------------+----------+--------+--------+---------------------------------------------------+
; Clock Name                                    ; Type ; Period ; Frequency  ; Rise  ; Fall  ; Duty Cycle ; Divide by ; Multiply by ; Phase ; Offset ; Edge List ; Edge Shift ; Inverted ; Master ; Source ; Targets                                           ;
+-----------------------------------------------+------+--------+------------+-------+-------+------------+-----------+-------------+-------+--------+-----------+------------+----------+--------+--------+---------------------------------------------------+
; clk_50                                        ; Base ; 1.000  ; 1000.0 MHz ; 0.000 ; 0.500 ;            ;           ;             ;       ;        ;           ;            ;          ;        ;        ; { clk_50 }                                        ;
; divisor_frecuencia:INST_DIVISOR|reloj_1hz_reg ; Base ; 1.000  ; 1000.0 MHz ; 0.000 ; 0.500 ;            ;           ;             ;       ;        ;           ;            ;          ;        ;        ; { divisor_frecuencia:INST_DIVISOR|reloj_1hz_reg } ;
+-----------------------------------------------+------+--------+------------+-------+-------+------------+-----------+-------------+-------+--------+-----------+------------+----------+--------+--------+---------------------------------------------------+


+----------------------------------------------------------------------------------------------------------------------------------------------+
; Slow 1200mV 85C Model Fmax Summary                                                                                                           ;
+------------+-----------------+-----------------------------------------------+---------------------------------------------------------------+
; Fmax       ; Restricted Fmax ; Clock Name                                    ; Note                                                          ;
+------------+-----------------+-----------------------------------------------+---------------------------------------------------------------+
; 282.33 MHz ; 250.0 MHz       ; clk_50                                        ; limit due to minimum period restriction (max I/O toggle rate) ;
; 404.04 MHz ; 404.04 MHz      ; divisor_frecuencia:INST_DIVISOR|reloj_1hz_reg ;                                                               ;
+------------+-----------------+-----------------------------------------------+---------------------------------------------------------------+
This panel reports FMAX for every clock in the design, regardless of the user-specified clock periods.  FMAX is only computed for paths where the source and destination registers or ports are driven by the same clock.  Paths of different clocks, including generated clocks, are ignored.  For paths between a clock and its inversion, FMAX is computed as if the rising and falling edges are scaled along with FMAX, such that the duty cycle (in terms of a percentage) is maintained. Altera recommends that you always use clock constraints and other slack reports for sign-off analysis.


----------------------------------
; Timing Closure Recommendations ;
----------------------------------
HTML report is unavailable in plain text report export.


+------------------------------------------------------------------------+
; Slow 1200mV 85C Model Setup Summary                                    ;
+-----------------------------------------------+--------+---------------+
; Clock                                         ; Slack  ; End Point TNS ;
+-----------------------------------------------+--------+---------------+
; clk_50                                        ; -2.542 ; -49.649       ;
; divisor_frecuencia:INST_DIVISOR|reloj_1hz_reg ; -1.475 ; -10.804       ;
+-----------------------------------------------+--------+---------------+


+-----------------------------------------------------------------------+
; Slow 1200mV 85C Model Hold Summary                                    ;
+-----------------------------------------------+-------+---------------+
; Clock                                         ; Slack ; End Point TNS ;
+-----------------------------------------------+-------+---------------+
; clk_50                                        ; 0.247 ; 0.000         ;
; divisor_frecuencia:INST_DIVISOR|reloj_1hz_reg ; 0.358 ; 0.000         ;
+-----------------------------------------------+-------+---------------+


------------------------------------------
; Slow 1200mV 85C Model Recovery Summary ;
------------------------------------------
No paths to report.


-----------------------------------------
; Slow 1200mV 85C Model Removal Summary ;
-----------------------------------------
No paths to report.


+------------------------------------------------------------------------+
; Slow 1200mV 85C Model Minimum Pulse Width Summary                      ;
+-----------------------------------------------+--------+---------------+
; Clock                                         ; Slack  ; End Point TNS ;
+-----------------------------------------------+--------+---------------+
; clk_50                                        ; -3.000 ; -33.000       ;
; divisor_frecuencia:INST_DIVISOR|reloj_1hz_reg ; -1.000 ; -11.000       ;
+-----------------------------------------------+--------+---------------+


+------------------------------------------------------------------------------------------------------------------------------------------------------------------------------------------------------------------------------------+
; Slow 1200mV 85C Model Setup: 'clk_50'                                                                                                                                                                                              ;
+--------+--------------------------------------------------------------+-----------------------------------------------------+-----------------------------------------------+-------------+--------------+------------+------------+
; Slack  ; From Node                                                    ; To Node                                             ; Launch Clock                                  ; Latch Clock ; Relationship ; Clock Skew ; Data Delay ;
+--------+--------------------------------------------------------------+-----------------------------------------------------+-----------------------------------------------+-------------+--------------+------------+------------+
; -2.542 ; divisor_frecuencia:INST_DIVISOR|contador_ciclos[9]           ; divisor_frecuencia:INST_DIVISOR|reloj_1hz_reg       ; clk_50                                        ; clk_50      ; 1.000        ; -0.064     ; 3.473      ;
; -2.523 ; divisor_frecuencia:INST_DIVISOR|contador_ciclos[6]           ; divisor_frecuencia:INST_DIVISOR|reloj_1hz_reg       ; clk_50                                        ; clk_50      ; 1.000        ; -0.064     ; 3.454      ;
; -2.517 ; divisor_frecuencia:INST_DIVISOR|contador_ciclos[7]           ; divisor_frecuencia:INST_DIVISOR|reloj_1hz_reg       ; clk_50                                        ; clk_50      ; 1.000        ; -0.064     ; 3.448      ;
; -2.517 ; divisor_frecuencia:INST_DIVISOR|contador_ciclos[13]          ; divisor_frecuencia:INST_DIVISOR|reloj_1hz_reg       ; clk_50                                        ; clk_50      ; 1.000        ; -0.061     ; 3.451      ;
; -2.468 ; divisor_frecuencia:INST_DIVISOR|contador_ciclos[25]          ; divisor_frecuencia:INST_DIVISOR|reloj_1hz_reg       ; clk_50                                        ; clk_50      ; 1.000        ; -0.061     ; 3.402      ;
; -2.450 ; divisor_frecuencia:INST_DIVISOR|contador_ciclos[10]          ; divisor_frecuencia:INST_DIVISOR|reloj_1hz_reg       ; clk_50                                        ; clk_50      ; 1.000        ; -0.064     ; 3.381      ;
; -2.389 ; divisor_frecuencia:INST_DIVISOR|contador_ciclos[23]          ; divisor_frecuencia:INST_DIVISOR|reloj_1hz_reg       ; clk_50                                        ; clk_50      ; 1.000        ; -0.061     ; 3.323      ;
; -2.385 ; divisor_frecuencia:INST_DIVISOR|contador_ciclos[12]          ; divisor_frecuencia:INST_DIVISOR|reloj_1hz_reg       ; clk_50                                        ; clk_50      ; 1.000        ; -0.064     ; 3.316      ;
; -2.383 ; divisor_frecuencia:INST_DIVISOR|contador_ciclos[20]          ; divisor_frecuencia:INST_DIVISOR|reloj_1hz_reg       ; clk_50                                        ; clk_50      ; 1.000        ; -0.061     ; 3.317      ;
; -2.333 ; divisor_frecuencia:INST_DIVISOR|contador_ciclos[18]          ; divisor_frecuencia:INST_DIVISOR|reloj_1hz_reg       ; clk_50                                        ; clk_50      ; 1.000        ; -0.061     ; 3.267      ;
; -2.332 ; divisor_frecuencia:INST_DIVISOR|contador_ciclos[1]           ; divisor_frecuencia:INST_DIVISOR|contador_ciclos[24] ; clk_50                                        ; clk_50      ; 1.000        ; -0.064     ; 3.263      ;
; -2.312 ; divisor_frecuencia:INST_DIVISOR|contador_ciclos[19]          ; divisor_frecuencia:INST_DIVISOR|reloj_1hz_reg       ; clk_50                                        ; clk_50      ; 1.000        ; -0.061     ; 3.246      ;
; -2.302 ; divisor_frecuencia:INST_DIVISOR|contador_ciclos[21]          ; divisor_frecuencia:INST_DIVISOR|reloj_1hz_reg       ; clk_50                                        ; clk_50      ; 1.000        ; -0.061     ; 3.236      ;
; -2.291 ; divisor_frecuencia:INST_DIVISOR|contador_ciclos[2]           ; divisor_frecuencia:INST_DIVISOR|reloj_1hz_reg       ; clk_50                                        ; clk_50      ; 1.000        ; -0.064     ; 3.222      ;
; -2.283 ; divisor_frecuencia:INST_DIVISOR|contador_ciclos[5]           ; divisor_frecuencia:INST_DIVISOR|reloj_1hz_reg       ; clk_50                                        ; clk_50      ; 1.000        ; -0.064     ; 3.214      ;
; -2.276 ; divisor_frecuencia:INST_DIVISOR|contador_ciclos[24]          ; divisor_frecuencia:INST_DIVISOR|reloj_1hz_reg       ; clk_50                                        ; clk_50      ; 1.000        ; -0.061     ; 3.210      ;
; -2.275 ; divisor_frecuencia:INST_DIVISOR|contador_ciclos[8]           ; divisor_frecuencia:INST_DIVISOR|reloj_1hz_reg       ; clk_50                                        ; clk_50      ; 1.000        ; -0.064     ; 3.206      ;
; -2.251 ; divisor_frecuencia:INST_DIVISOR|contador_ciclos[0]           ; divisor_frecuencia:INST_DIVISOR|contador_ciclos[24] ; clk_50                                        ; clk_50      ; 1.000        ; -0.064     ; 3.182      ;
; -2.223 ; divisor_frecuencia:INST_DIVISOR|contador_ciclos[1]           ; divisor_frecuencia:INST_DIVISOR|reloj_1hz_reg       ; clk_50                                        ; clk_50      ; 1.000        ; -0.064     ; 3.154      ;
; -2.218 ; divisor_frecuencia:INST_DIVISOR|contador_ciclos[22]          ; divisor_frecuencia:INST_DIVISOR|reloj_1hz_reg       ; clk_50                                        ; clk_50      ; 1.000        ; -0.061     ; 3.152      ;
; -2.205 ; divisor_frecuencia:INST_DIVISOR|contador_ciclos[3]           ; divisor_frecuencia:INST_DIVISOR|contador_ciclos[24] ; clk_50                                        ; clk_50      ; 1.000        ; -0.064     ; 3.136      ;
; -2.202 ; divisor_frecuencia:INST_DIVISOR|contador_ciclos[11]          ; divisor_frecuencia:INST_DIVISOR|reloj_1hz_reg       ; clk_50                                        ; clk_50      ; 1.000        ; -0.061     ; 3.136      ;
; -2.186 ; divisor_frecuencia:INST_DIVISOR|contador_ciclos[4]           ; divisor_frecuencia:INST_DIVISOR|reloj_1hz_reg       ; clk_50                                        ; clk_50      ; 1.000        ; -0.064     ; 3.117      ;
; -2.165 ; control_temporizador:INST_CONTROL|estado                     ; divisor_frecuencia:INST_DIVISOR|reloj_1hz_reg       ; clk_50                                        ; clk_50      ; 1.000        ; -0.079     ; 3.081      ;
; -2.141 ; divisor_frecuencia:INST_DIVISOR|contador_ciclos[11]          ; divisor_frecuencia:INST_DIVISOR|contador_ciclos[24] ; clk_50                                        ; clk_50      ; 1.000        ; -0.061     ; 3.075      ;
; -2.130 ; divisor_frecuencia:INST_DIVISOR|contador_ciclos[2]           ; divisor_frecuencia:INST_DIVISOR|contador_ciclos[24] ; clk_50                                        ; clk_50      ; 1.000        ; -0.064     ; 3.061      ;
; -2.129 ; divisor_frecuencia:INST_DIVISOR|contador_ciclos[14]          ; divisor_frecuencia:INST_DIVISOR|reloj_1hz_reg       ; clk_50                                        ; clk_50      ; 1.000        ; -0.061     ; 3.063      ;
; -2.125 ; divisor_frecuencia:INST_DIVISOR|contador_ciclos[16]          ; divisor_frecuencia:INST_DIVISOR|reloj_1hz_reg       ; clk_50                                        ; clk_50      ; 1.000        ; -0.061     ; 3.059      ;
; -2.117 ; divisor_frecuencia:INST_DIVISOR|contador_ciclos[0]           ; divisor_frecuencia:INST_DIVISOR|contador_ciclos[19] ; clk_50                                        ; clk_50      ; 1.000        ; -0.064     ; 3.048      ;
; -2.117 ; divisor_frecuencia:INST_DIVISOR|contador_ciclos[1]           ; divisor_frecuencia:INST_DIVISOR|contador_ciclos[19] ; clk_50                                        ; clk_50      ; 1.000        ; -0.064     ; 3.048      ;
; -2.100 ; divisor_frecuencia:INST_DIVISOR|contador_ciclos[1]           ; divisor_frecuencia:INST_DIVISOR|contador_ciclos[18] ; clk_50                                        ; clk_50      ; 1.000        ; -0.064     ; 3.031      ;
; -2.093 ; divisor_frecuencia:INST_DIVISOR|contador_ciclos[5]           ; divisor_frecuencia:INST_DIVISOR|contador_ciclos[24] ; clk_50                                        ; clk_50      ; 1.000        ; -0.064     ; 3.024      ;
; -2.083 ; divisor_frecuencia:INST_DIVISOR|contador_ciclos[17]          ; divisor_frecuencia:INST_DIVISOR|reloj_1hz_reg       ; clk_50                                        ; clk_50      ; 1.000        ; -0.061     ; 3.017      ;
; -2.078 ; divisor_frecuencia:INST_DIVISOR|contador_ciclos[1]           ; divisor_frecuencia:INST_DIVISOR|contador_ciclos[20] ; clk_50                                        ; clk_50      ; 1.000        ; -0.065     ; 3.008      ;
; -2.069 ; divisor_frecuencia:INST_DIVISOR|contador_ciclos[0]           ; divisor_frecuencia:INST_DIVISOR|contador_ciclos[21] ; clk_50                                        ; clk_50      ; 1.000        ; -0.064     ; 3.000      ;
; -2.068 ; divisor_frecuencia:INST_DIVISOR|contador_ciclos[1]           ; divisor_frecuencia:INST_DIVISOR|contador_ciclos[21] ; clk_50                                        ; clk_50      ; 1.000        ; -0.064     ; 2.999      ;
; -2.060 ; divisor_frecuencia:INST_DIVISOR|contador_ciclos[0]           ; divisor_frecuencia:INST_DIVISOR|reloj_1hz_reg       ; clk_50                                        ; clk_50      ; 1.000        ; -0.064     ; 2.991      ;
; -2.054 ; divisor_frecuencia:INST_DIVISOR|contador_ciclos[1]           ; divisor_frecuencia:INST_DIVISOR|contador_ciclos[22] ; clk_50                                        ; clk_50      ; 1.000        ; -0.065     ; 2.984      ;
; -2.049 ; divisor_frecuencia:INST_DIVISOR|contador_ciclos[3]           ; divisor_frecuencia:INST_DIVISOR|reloj_1hz_reg       ; clk_50                                        ; clk_50      ; 1.000        ; -0.064     ; 2.980      ;
; -2.046 ; divisor_frecuencia:INST_DIVISOR|contador_ciclos[1]           ; divisor_frecuencia:INST_DIVISOR|contador_ciclos[16] ; clk_50                                        ; clk_50      ; 1.000        ; -0.064     ; 2.977      ;
; -2.022 ; divisor_frecuencia:INST_DIVISOR|contador_ciclos[1]           ; divisor_frecuencia:INST_DIVISOR|contador_ciclos[14] ; clk_50                                        ; clk_50      ; 1.000        ; -0.064     ; 2.953      ;
; -2.019 ; divisor_frecuencia:INST_DIVISOR|contador_ciclos[0]           ; divisor_frecuencia:INST_DIVISOR|contador_ciclos[18] ; clk_50                                        ; clk_50      ; 1.000        ; -0.064     ; 2.950      ;
; -2.010 ; divisor_frecuencia:INST_DIVISOR|contador_ciclos[4]           ; divisor_frecuencia:INST_DIVISOR|contador_ciclos[24] ; clk_50                                        ; clk_50      ; 1.000        ; -0.064     ; 2.941      ;
; -1.997 ; divisor_frecuencia:INST_DIVISOR|contador_ciclos[0]           ; divisor_frecuencia:INST_DIVISOR|contador_ciclos[20] ; clk_50                                        ; clk_50      ; 1.000        ; -0.065     ; 2.927      ;
; -1.990 ; divisor_frecuencia:INST_DIVISOR|contador_ciclos[2]           ; divisor_frecuencia:INST_DIVISOR|contador_ciclos[19] ; clk_50                                        ; clk_50      ; 1.000        ; -0.064     ; 2.921      ;
; -1.990 ; divisor_frecuencia:INST_DIVISOR|contador_ciclos[3]           ; divisor_frecuencia:INST_DIVISOR|contador_ciclos[19] ; clk_50                                        ; clk_50      ; 1.000        ; -0.064     ; 2.921      ;
; -1.987 ; contador_unidades_segundo:INST_CONTADOR_UNIDADES|contador[1] ; control_temporizador:INST_CONTROL|estado            ; divisor_frecuencia:INST_DIVISOR|reloj_1hz_reg ; clk_50      ; 0.500        ; -0.662     ; 1.810      ;
; -1.986 ; divisor_frecuencia:INST_DIVISOR|contador_ciclos[7]           ; divisor_frecuencia:INST_DIVISOR|contador_ciclos[24] ; clk_50                                        ; clk_50      ; 1.000        ; -0.064     ; 2.917      ;
; -1.982 ; divisor_frecuencia:INST_DIVISOR|contador_ciclos[15]          ; divisor_frecuencia:INST_DIVISOR|reloj_1hz_reg       ; clk_50                                        ; clk_50      ; 1.000        ; -0.061     ; 2.916      ;
; -1.973 ; divisor_frecuencia:INST_DIVISOR|contador_ciclos[3]           ; divisor_frecuencia:INST_DIVISOR|contador_ciclos[18] ; clk_50                                        ; clk_50      ; 1.000        ; -0.064     ; 2.904      ;
; -1.973 ; divisor_frecuencia:INST_DIVISOR|contador_ciclos[0]           ; divisor_frecuencia:INST_DIVISOR|contador_ciclos[22] ; clk_50                                        ; clk_50      ; 1.000        ; -0.065     ; 2.903      ;
; -1.965 ; divisor_frecuencia:INST_DIVISOR|contador_ciclos[0]           ; divisor_frecuencia:INST_DIVISOR|contador_ciclos[16] ; clk_50                                        ; clk_50      ; 1.000        ; -0.064     ; 2.896      ;
; -1.951 ; divisor_frecuencia:INST_DIVISOR|contador_ciclos[3]           ; divisor_frecuencia:INST_DIVISOR|contador_ciclos[20] ; clk_50                                        ; clk_50      ; 1.000        ; -0.065     ; 2.881      ;
; -1.944 ; contador_minutos:INST_CONTADOR_MINUTOS|contador[1]           ; control_temporizador:INST_CONTROL|estado            ; divisor_frecuencia:INST_DIVISOR|reloj_1hz_reg ; clk_50      ; 0.500        ; -0.661     ; 1.768      ;
; -1.942 ; divisor_frecuencia:INST_DIVISOR|contador_ciclos[2]           ; divisor_frecuencia:INST_DIVISOR|contador_ciclos[21] ; clk_50                                        ; clk_50      ; 1.000        ; -0.064     ; 2.873      ;
; -1.941 ; divisor_frecuencia:INST_DIVISOR|contador_ciclos[3]           ; divisor_frecuencia:INST_DIVISOR|contador_ciclos[21] ; clk_50                                        ; clk_50      ; 1.000        ; -0.064     ; 2.872      ;
; -1.941 ; divisor_frecuencia:INST_DIVISOR|contador_ciclos[0]           ; divisor_frecuencia:INST_DIVISOR|contador_ciclos[14] ; clk_50                                        ; clk_50      ; 1.000        ; -0.064     ; 2.872      ;
; -1.934 ; contador_unidades_segundo:INST_CONTADOR_UNIDADES|contador[3] ; control_temporizador:INST_CONTROL|estado            ; divisor_frecuencia:INST_DIVISOR|reloj_1hz_reg ; clk_50      ; 0.500        ; -0.662     ; 1.757      ;
; -1.930 ; contador_decenas_segundo:INST_CONTADOR_DECENAS|contador[1]   ; control_temporizador:INST_CONTROL|estado            ; divisor_frecuencia:INST_DIVISOR|reloj_1hz_reg ; clk_50      ; 0.500        ; -0.661     ; 1.754      ;
; -1.927 ; divisor_frecuencia:INST_DIVISOR|contador_ciclos[3]           ; divisor_frecuencia:INST_DIVISOR|contador_ciclos[22] ; clk_50                                        ; clk_50      ; 1.000        ; -0.065     ; 2.857      ;
; -1.926 ; divisor_frecuencia:INST_DIVISOR|contador_ciclos[11]          ; divisor_frecuencia:INST_DIVISOR|contador_ciclos[19] ; clk_50                                        ; clk_50      ; 1.000        ; -0.061     ; 2.860      ;
; -1.919 ; divisor_frecuencia:INST_DIVISOR|contador_ciclos[3]           ; divisor_frecuencia:INST_DIVISOR|contador_ciclos[16] ; clk_50                                        ; clk_50      ; 1.000        ; -0.064     ; 2.850      ;
; -1.909 ; divisor_frecuencia:INST_DIVISOR|contador_ciclos[11]          ; divisor_frecuencia:INST_DIVISOR|contador_ciclos[18] ; clk_50                                        ; clk_50      ; 1.000        ; -0.061     ; 2.843      ;
; -1.904 ; divisor_frecuencia:INST_DIVISOR|contador_ciclos[6]           ; divisor_frecuencia:INST_DIVISOR|contador_ciclos[24] ; clk_50                                        ; clk_50      ; 1.000        ; -0.064     ; 2.835      ;
; -1.898 ; divisor_frecuencia:INST_DIVISOR|contador_ciclos[2]           ; divisor_frecuencia:INST_DIVISOR|contador_ciclos[18] ; clk_50                                        ; clk_50      ; 1.000        ; -0.064     ; 2.829      ;
; -1.895 ; divisor_frecuencia:INST_DIVISOR|contador_ciclos[3]           ; divisor_frecuencia:INST_DIVISOR|contador_ciclos[14] ; clk_50                                        ; clk_50      ; 1.000        ; -0.064     ; 2.826      ;
; -1.887 ; divisor_frecuencia:INST_DIVISOR|contador_ciclos[11]          ; divisor_frecuencia:INST_DIVISOR|contador_ciclos[20] ; clk_50                                        ; clk_50      ; 1.000        ; -0.062     ; 2.820      ;
; -1.882 ; divisor_frecuencia:INST_DIVISOR|contador_ciclos[9]           ; divisor_frecuencia:INST_DIVISOR|contador_ciclos[22] ; clk_50                                        ; clk_50      ; 1.000        ; -0.065     ; 2.812      ;
; -1.881 ; divisor_frecuencia:INST_DIVISOR|contador_ciclos[9]           ; divisor_frecuencia:INST_DIVISOR|contador_ciclos[13] ; clk_50                                        ; clk_50      ; 1.000        ; -0.065     ; 2.811      ;
; -1.880 ; divisor_frecuencia:INST_DIVISOR|contador_ciclos[9]           ; divisor_frecuencia:INST_DIVISOR|contador_ciclos[6]  ; clk_50                                        ; clk_50      ; 1.000        ; -0.062     ; 2.813      ;
; -1.880 ; divisor_frecuencia:INST_DIVISOR|contador_ciclos[9]           ; divisor_frecuencia:INST_DIVISOR|contador_ciclos[12] ; clk_50                                        ; clk_50      ; 1.000        ; -0.062     ; 2.813      ;
; -1.878 ; divisor_frecuencia:INST_DIVISOR|contador_ciclos[4]           ; divisor_frecuencia:INST_DIVISOR|contador_ciclos[19] ; clk_50                                        ; clk_50      ; 1.000        ; -0.064     ; 2.809      ;
; -1.878 ; divisor_frecuencia:INST_DIVISOR|contador_ciclos[5]           ; divisor_frecuencia:INST_DIVISOR|contador_ciclos[19] ; clk_50                                        ; clk_50      ; 1.000        ; -0.064     ; 2.809      ;
; -1.877 ; divisor_frecuencia:INST_DIVISOR|contador_ciclos[11]          ; divisor_frecuencia:INST_DIVISOR|contador_ciclos[21] ; clk_50                                        ; clk_50      ; 1.000        ; -0.061     ; 2.811      ;
; -1.876 ; divisor_frecuencia:INST_DIVISOR|contador_ciclos[2]           ; divisor_frecuencia:INST_DIVISOR|contador_ciclos[20] ; clk_50                                        ; clk_50      ; 1.000        ; -0.065     ; 2.806      ;
; -1.868 ; divisor_frecuencia:INST_DIVISOR|contador_ciclos[9]           ; divisor_frecuencia:INST_DIVISOR|contador_ciclos[24] ; clk_50                                        ; clk_50      ; 1.000        ; -0.064     ; 2.799      ;
; -1.863 ; divisor_frecuencia:INST_DIVISOR|contador_ciclos[11]          ; divisor_frecuencia:INST_DIVISOR|contador_ciclos[22] ; clk_50                                        ; clk_50      ; 1.000        ; -0.062     ; 2.796      ;
; -1.863 ; divisor_frecuencia:INST_DIVISOR|contador_ciclos[6]           ; divisor_frecuencia:INST_DIVISOR|contador_ciclos[22] ; clk_50                                        ; clk_50      ; 1.000        ; -0.065     ; 2.793      ;
; -1.863 ; divisor_frecuencia:INST_DIVISOR|contador_ciclos[13]          ; divisor_frecuencia:INST_DIVISOR|contador_ciclos[13] ; clk_50                                        ; clk_50      ; 1.000        ; -0.062     ; 2.796      ;
; -1.862 ; divisor_frecuencia:INST_DIVISOR|contador_ciclos[6]           ; divisor_frecuencia:INST_DIVISOR|contador_ciclos[13] ; clk_50                                        ; clk_50      ; 1.000        ; -0.065     ; 2.792      ;
; -1.862 ; divisor_frecuencia:INST_DIVISOR|contador_ciclos[13]          ; divisor_frecuencia:INST_DIVISOR|contador_ciclos[22] ; clk_50                                        ; clk_50      ; 1.000        ; -0.062     ; 2.795      ;
; -1.861 ; divisor_frecuencia:INST_DIVISOR|contador_ciclos[5]           ; divisor_frecuencia:INST_DIVISOR|contador_ciclos[18] ; clk_50                                        ; clk_50      ; 1.000        ; -0.064     ; 2.792      ;
; -1.861 ; divisor_frecuencia:INST_DIVISOR|contador_ciclos[6]           ; divisor_frecuencia:INST_DIVISOR|contador_ciclos[6]  ; clk_50                                        ; clk_50      ; 1.000        ; -0.062     ; 2.794      ;
; -1.861 ; divisor_frecuencia:INST_DIVISOR|contador_ciclos[6]           ; divisor_frecuencia:INST_DIVISOR|contador_ciclos[12] ; clk_50                                        ; clk_50      ; 1.000        ; -0.062     ; 2.794      ;
; -1.861 ; contador_unidades_segundo:INST_CONTADOR_UNIDADES|contador[2] ; control_temporizador:INST_CONTROL|estado            ; divisor_frecuencia:INST_DIVISOR|reloj_1hz_reg ; clk_50      ; 0.500        ; -0.661     ; 1.685      ;
; -1.858 ; divisor_frecuencia:INST_DIVISOR|contador_ciclos[0]           ; divisor_frecuencia:INST_DIVISOR|contador_ciclos[25] ; clk_50                                        ; clk_50      ; 1.000        ; -0.065     ; 2.788      ;
; -1.857 ; divisor_frecuencia:INST_DIVISOR|contador_ciclos[7]           ; divisor_frecuencia:INST_DIVISOR|contador_ciclos[22] ; clk_50                                        ; clk_50      ; 1.000        ; -0.065     ; 2.787      ;
; -1.857 ; divisor_frecuencia:INST_DIVISOR|contador_ciclos[1]           ; divisor_frecuencia:INST_DIVISOR|contador_ciclos[25] ; clk_50                                        ; clk_50      ; 1.000        ; -0.065     ; 2.787      ;
; -1.856 ; divisor_frecuencia:INST_DIVISOR|contador_ciclos[7]           ; divisor_frecuencia:INST_DIVISOR|contador_ciclos[13] ; clk_50                                        ; clk_50      ; 1.000        ; -0.065     ; 2.786      ;
; -1.855 ; divisor_frecuencia:INST_DIVISOR|contador_ciclos[11]          ; divisor_frecuencia:INST_DIVISOR|contador_ciclos[16] ; clk_50                                        ; clk_50      ; 1.000        ; -0.061     ; 2.789      ;
; -1.855 ; divisor_frecuencia:INST_DIVISOR|contador_ciclos[7]           ; divisor_frecuencia:INST_DIVISOR|contador_ciclos[6]  ; clk_50                                        ; clk_50      ; 1.000        ; -0.062     ; 2.788      ;
; -1.855 ; divisor_frecuencia:INST_DIVISOR|contador_ciclos[7]           ; divisor_frecuencia:INST_DIVISOR|contador_ciclos[12] ; clk_50                                        ; clk_50      ; 1.000        ; -0.062     ; 2.788      ;
; -1.853 ; divisor_frecuencia:INST_DIVISOR|contador_ciclos[13]          ; divisor_frecuencia:INST_DIVISOR|contador_ciclos[6]  ; clk_50                                        ; clk_50      ; 1.000        ; -0.059     ; 2.789      ;
; -1.853 ; divisor_frecuencia:INST_DIVISOR|contador_ciclos[13]          ; divisor_frecuencia:INST_DIVISOR|contador_ciclos[12] ; clk_50                                        ; clk_50      ; 1.000        ; -0.059     ; 2.789      ;
; -1.852 ; divisor_frecuencia:INST_DIVISOR|contador_ciclos[2]           ; divisor_frecuencia:INST_DIVISOR|contador_ciclos[22] ; clk_50                                        ; clk_50      ; 1.000        ; -0.065     ; 2.782      ;
; -1.845 ; contador_unidades_segundo:INST_CONTADOR_UNIDADES|contador[0] ; control_temporizador:INST_CONTROL|estado            ; divisor_frecuencia:INST_DIVISOR|reloj_1hz_reg ; clk_50      ; 0.500        ; -0.662     ; 1.668      ;
; -1.844 ; divisor_frecuencia:INST_DIVISOR|contador_ciclos[2]           ; divisor_frecuencia:INST_DIVISOR|contador_ciclos[16] ; clk_50                                        ; clk_50      ; 1.000        ; -0.064     ; 2.775      ;
; -1.839 ; divisor_frecuencia:INST_DIVISOR|contador_ciclos[5]           ; divisor_frecuencia:INST_DIVISOR|contador_ciclos[20] ; clk_50                                        ; clk_50      ; 1.000        ; -0.065     ; 2.769      ;
; -1.831 ; divisor_frecuencia:INST_DIVISOR|contador_ciclos[11]          ; divisor_frecuencia:INST_DIVISOR|contador_ciclos[14] ; clk_50                                        ; clk_50      ; 1.000        ; -0.061     ; 2.765      ;
; -1.830 ; divisor_frecuencia:INST_DIVISOR|contador_ciclos[4]           ; divisor_frecuencia:INST_DIVISOR|contador_ciclos[21] ; clk_50                                        ; clk_50      ; 1.000        ; -0.064     ; 2.761      ;
+--------+--------------------------------------------------------------+-----------------------------------------------------+-----------------------------------------------+-------------+--------------+------------+------------+


+-------------------------------------------------------------------------------------------------------------------------------------------------------------------------------------------------------------------------------------------------------------------------------+
; Slow 1200mV 85C Model Setup: 'divisor_frecuencia:INST_DIVISOR|reloj_1hz_reg'                                                                                                                                                                                                  ;
+--------+--------------------------------------------------------------+--------------------------------------------------------------+-----------------------------------------------+-----------------------------------------------+--------------+------------+------------+
; Slack  ; From Node                                                    ; To Node                                                      ; Launch Clock                                  ; Latch Clock                                   ; Relationship ; Clock Skew ; Data Delay ;
+--------+--------------------------------------------------------------+--------------------------------------------------------------+-----------------------------------------------+-----------------------------------------------+--------------+------------+------------+
; -1.475 ; contador_unidades_segundo:INST_CONTADOR_UNIDADES|contador[1] ; contador_decenas_segundo:INST_CONTADOR_DECENAS|contador[1]   ; divisor_frecuencia:INST_DIVISOR|reloj_1hz_reg ; divisor_frecuencia:INST_DIVISOR|reloj_1hz_reg ; 1.000        ; -0.063     ; 2.407      ;
; -1.475 ; contador_unidades_segundo:INST_CONTADOR_UNIDADES|contador[1] ; contador_decenas_segundo:INST_CONTADOR_DECENAS|contador[2]   ; divisor_frecuencia:INST_DIVISOR|reloj_1hz_reg ; divisor_frecuencia:INST_DIVISOR|reloj_1hz_reg ; 1.000        ; -0.063     ; 2.407      ;
; -1.475 ; contador_unidades_segundo:INST_CONTADOR_UNIDADES|contador[1] ; contador_decenas_segundo:INST_CONTADOR_DECENAS|contador[0]   ; divisor_frecuencia:INST_DIVISOR|reloj_1hz_reg ; divisor_frecuencia:INST_DIVISOR|reloj_1hz_reg ; 1.000        ; -0.063     ; 2.407      ;
; -1.404 ; contador_unidades_segundo:INST_CONTADOR_UNIDADES|contador[3] ; contador_decenas_segundo:INST_CONTADOR_DECENAS|contador[1]   ; divisor_frecuencia:INST_DIVISOR|reloj_1hz_reg ; divisor_frecuencia:INST_DIVISOR|reloj_1hz_reg ; 1.000        ; -0.063     ; 2.336      ;
; -1.404 ; contador_unidades_segundo:INST_CONTADOR_UNIDADES|contador[3] ; contador_decenas_segundo:INST_CONTADOR_DECENAS|contador[2]   ; divisor_frecuencia:INST_DIVISOR|reloj_1hz_reg ; divisor_frecuencia:INST_DIVISOR|reloj_1hz_reg ; 1.000        ; -0.063     ; 2.336      ;
; -1.404 ; contador_unidades_segundo:INST_CONTADOR_UNIDADES|contador[3] ; contador_decenas_segundo:INST_CONTADOR_DECENAS|contador[0]   ; divisor_frecuencia:INST_DIVISOR|reloj_1hz_reg ; divisor_frecuencia:INST_DIVISOR|reloj_1hz_reg ; 1.000        ; -0.063     ; 2.336      ;
; -1.349 ; contador_unidades_segundo:INST_CONTADOR_UNIDADES|contador[2] ; contador_decenas_segundo:INST_CONTADOR_DECENAS|contador[1]   ; divisor_frecuencia:INST_DIVISOR|reloj_1hz_reg ; divisor_frecuencia:INST_DIVISOR|reloj_1hz_reg ; 1.000        ; -0.062     ; 2.282      ;
; -1.349 ; contador_unidades_segundo:INST_CONTADOR_UNIDADES|contador[2] ; contador_decenas_segundo:INST_CONTADOR_DECENAS|contador[2]   ; divisor_frecuencia:INST_DIVISOR|reloj_1hz_reg ; divisor_frecuencia:INST_DIVISOR|reloj_1hz_reg ; 1.000        ; -0.062     ; 2.282      ;
; -1.349 ; contador_unidades_segundo:INST_CONTADOR_UNIDADES|contador[2] ; contador_decenas_segundo:INST_CONTADOR_DECENAS|contador[0]   ; divisor_frecuencia:INST_DIVISOR|reloj_1hz_reg ; divisor_frecuencia:INST_DIVISOR|reloj_1hz_reg ; 1.000        ; -0.062     ; 2.282      ;
; -1.315 ; contador_unidades_segundo:INST_CONTADOR_UNIDADES|contador[0] ; contador_decenas_segundo:INST_CONTADOR_DECENAS|contador[1]   ; divisor_frecuencia:INST_DIVISOR|reloj_1hz_reg ; divisor_frecuencia:INST_DIVISOR|reloj_1hz_reg ; 1.000        ; -0.063     ; 2.247      ;
; -1.315 ; contador_unidades_segundo:INST_CONTADOR_UNIDADES|contador[0] ; contador_decenas_segundo:INST_CONTADOR_DECENAS|contador[2]   ; divisor_frecuencia:INST_DIVISOR|reloj_1hz_reg ; divisor_frecuencia:INST_DIVISOR|reloj_1hz_reg ; 1.000        ; -0.063     ; 2.247      ;
; -1.315 ; contador_unidades_segundo:INST_CONTADOR_UNIDADES|contador[0] ; contador_decenas_segundo:INST_CONTADOR_DECENAS|contador[0]   ; divisor_frecuencia:INST_DIVISOR|reloj_1hz_reg ; divisor_frecuencia:INST_DIVISOR|reloj_1hz_reg ; 1.000        ; -0.063     ; 2.247      ;
; -1.238 ; contador_unidades_segundo:INST_CONTADOR_UNIDADES|contador[1] ; contador_minutos:INST_CONTADOR_MINUTOS|contador[1]           ; divisor_frecuencia:INST_DIVISOR|reloj_1hz_reg ; divisor_frecuencia:INST_DIVISOR|reloj_1hz_reg ; 1.000        ; -0.062     ; 2.171      ;
; -1.237 ; contador_unidades_segundo:INST_CONTADOR_UNIDADES|contador[1] ; contador_minutos:INST_CONTADOR_MINUTOS|contador[3]           ; divisor_frecuencia:INST_DIVISOR|reloj_1hz_reg ; divisor_frecuencia:INST_DIVISOR|reloj_1hz_reg ; 1.000        ; -0.062     ; 2.170      ;
; -1.235 ; contador_unidades_segundo:INST_CONTADOR_UNIDADES|contador[1] ; contador_minutos:INST_CONTADOR_MINUTOS|contador[2]           ; divisor_frecuencia:INST_DIVISOR|reloj_1hz_reg ; divisor_frecuencia:INST_DIVISOR|reloj_1hz_reg ; 1.000        ; -0.062     ; 2.168      ;
; -1.189 ; contador_unidades_segundo:INST_CONTADOR_UNIDADES|contador[3] ; contador_minutos:INST_CONTADOR_MINUTOS|contador[1]           ; divisor_frecuencia:INST_DIVISOR|reloj_1hz_reg ; divisor_frecuencia:INST_DIVISOR|reloj_1hz_reg ; 1.000        ; -0.062     ; 2.122      ;
; -1.188 ; contador_unidades_segundo:INST_CONTADOR_UNIDADES|contador[3] ; contador_minutos:INST_CONTADOR_MINUTOS|contador[3]           ; divisor_frecuencia:INST_DIVISOR|reloj_1hz_reg ; divisor_frecuencia:INST_DIVISOR|reloj_1hz_reg ; 1.000        ; -0.062     ; 2.121      ;
; -1.186 ; contador_unidades_segundo:INST_CONTADOR_UNIDADES|contador[3] ; contador_minutos:INST_CONTADOR_MINUTOS|contador[2]           ; divisor_frecuencia:INST_DIVISOR|reloj_1hz_reg ; divisor_frecuencia:INST_DIVISOR|reloj_1hz_reg ; 1.000        ; -0.062     ; 2.119      ;
; -1.146 ; contador_unidades_segundo:INST_CONTADOR_UNIDADES|contador[1] ; contador_minutos:INST_CONTADOR_MINUTOS|contador[0]           ; divisor_frecuencia:INST_DIVISOR|reloj_1hz_reg ; divisor_frecuencia:INST_DIVISOR|reloj_1hz_reg ; 1.000        ; -0.062     ; 2.079      ;
; -1.100 ; contador_unidades_segundo:INST_CONTADOR_UNIDADES|contador[0] ; contador_minutos:INST_CONTADOR_MINUTOS|contador[1]           ; divisor_frecuencia:INST_DIVISOR|reloj_1hz_reg ; divisor_frecuencia:INST_DIVISOR|reloj_1hz_reg ; 1.000        ; -0.062     ; 2.033      ;
; -1.100 ; contador_unidades_segundo:INST_CONTADOR_UNIDADES|contador[2] ; contador_minutos:INST_CONTADOR_MINUTOS|contador[1]           ; divisor_frecuencia:INST_DIVISOR|reloj_1hz_reg ; divisor_frecuencia:INST_DIVISOR|reloj_1hz_reg ; 1.000        ; -0.061     ; 2.034      ;
; -1.099 ; contador_unidades_segundo:INST_CONTADOR_UNIDADES|contador[0] ; contador_minutos:INST_CONTADOR_MINUTOS|contador[3]           ; divisor_frecuencia:INST_DIVISOR|reloj_1hz_reg ; divisor_frecuencia:INST_DIVISOR|reloj_1hz_reg ; 1.000        ; -0.062     ; 2.032      ;
; -1.099 ; contador_unidades_segundo:INST_CONTADOR_UNIDADES|contador[2] ; contador_minutos:INST_CONTADOR_MINUTOS|contador[3]           ; divisor_frecuencia:INST_DIVISOR|reloj_1hz_reg ; divisor_frecuencia:INST_DIVISOR|reloj_1hz_reg ; 1.000        ; -0.061     ; 2.033      ;
; -1.098 ; contador_unidades_segundo:INST_CONTADOR_UNIDADES|contador[2] ; contador_minutos:INST_CONTADOR_MINUTOS|contador[2]           ; divisor_frecuencia:INST_DIVISOR|reloj_1hz_reg ; divisor_frecuencia:INST_DIVISOR|reloj_1hz_reg ; 1.000        ; -0.061     ; 2.032      ;
; -1.097 ; contador_unidades_segundo:INST_CONTADOR_UNIDADES|contador[0] ; contador_minutos:INST_CONTADOR_MINUTOS|contador[2]           ; divisor_frecuencia:INST_DIVISOR|reloj_1hz_reg ; divisor_frecuencia:INST_DIVISOR|reloj_1hz_reg ; 1.000        ; -0.062     ; 2.030      ;
; -1.097 ; contador_unidades_segundo:INST_CONTADOR_UNIDADES|contador[3] ; contador_minutos:INST_CONTADOR_MINUTOS|contador[0]           ; divisor_frecuencia:INST_DIVISOR|reloj_1hz_reg ; divisor_frecuencia:INST_DIVISOR|reloj_1hz_reg ; 1.000        ; -0.062     ; 2.030      ;
; -1.032 ; contador_decenas_segundo:INST_CONTADOR_DECENAS|contador[1]   ; contador_minutos:INST_CONTADOR_MINUTOS|contador[1]           ; divisor_frecuencia:INST_DIVISOR|reloj_1hz_reg ; divisor_frecuencia:INST_DIVISOR|reloj_1hz_reg ; 1.000        ; -0.061     ; 1.966      ;
; -1.031 ; contador_decenas_segundo:INST_CONTADOR_DECENAS|contador[1]   ; contador_minutos:INST_CONTADOR_MINUTOS|contador[3]           ; divisor_frecuencia:INST_DIVISOR|reloj_1hz_reg ; divisor_frecuencia:INST_DIVISOR|reloj_1hz_reg ; 1.000        ; -0.061     ; 1.965      ;
; -1.030 ; contador_decenas_segundo:INST_CONTADOR_DECENAS|contador[1]   ; contador_minutos:INST_CONTADOR_MINUTOS|contador[2]           ; divisor_frecuencia:INST_DIVISOR|reloj_1hz_reg ; divisor_frecuencia:INST_DIVISOR|reloj_1hz_reg ; 1.000        ; -0.061     ; 1.964      ;
; -1.017 ; contador_unidades_segundo:INST_CONTADOR_UNIDADES|contador[2] ; contador_minutos:INST_CONTADOR_MINUTOS|contador[0]           ; divisor_frecuencia:INST_DIVISOR|reloj_1hz_reg ; divisor_frecuencia:INST_DIVISOR|reloj_1hz_reg ; 1.000        ; -0.061     ; 1.951      ;
; -1.008 ; contador_unidades_segundo:INST_CONTADOR_UNIDADES|contador[0] ; contador_minutos:INST_CONTADOR_MINUTOS|contador[0]           ; divisor_frecuencia:INST_DIVISOR|reloj_1hz_reg ; divisor_frecuencia:INST_DIVISOR|reloj_1hz_reg ; 1.000        ; -0.062     ; 1.941      ;
; -0.973 ; contador_decenas_segundo:INST_CONTADOR_DECENAS|contador[2]   ; contador_minutos:INST_CONTADOR_MINUTOS|contador[1]           ; divisor_frecuencia:INST_DIVISOR|reloj_1hz_reg ; divisor_frecuencia:INST_DIVISOR|reloj_1hz_reg ; 1.000        ; -0.061     ; 1.907      ;
; -0.972 ; contador_decenas_segundo:INST_CONTADOR_DECENAS|contador[2]   ; contador_minutos:INST_CONTADOR_MINUTOS|contador[3]           ; divisor_frecuencia:INST_DIVISOR|reloj_1hz_reg ; divisor_frecuencia:INST_DIVISOR|reloj_1hz_reg ; 1.000        ; -0.061     ; 1.906      ;
; -0.970 ; contador_decenas_segundo:INST_CONTADOR_DECENAS|contador[2]   ; contador_minutos:INST_CONTADOR_MINUTOS|contador[2]           ; divisor_frecuencia:INST_DIVISOR|reloj_1hz_reg ; divisor_frecuencia:INST_DIVISOR|reloj_1hz_reg ; 1.000        ; -0.061     ; 1.904      ;
; -0.955 ; contador_minutos:INST_CONTADOR_MINUTOS|contador[2]           ; contador_minutos:INST_CONTADOR_MINUTOS|contador[1]           ; divisor_frecuencia:INST_DIVISOR|reloj_1hz_reg ; divisor_frecuencia:INST_DIVISOR|reloj_1hz_reg ; 1.000        ; -0.061     ; 1.889      ;
; -0.954 ; contador_minutos:INST_CONTADOR_MINUTOS|contador[2]           ; contador_minutos:INST_CONTADOR_MINUTOS|contador[3]           ; divisor_frecuencia:INST_DIVISOR|reloj_1hz_reg ; divisor_frecuencia:INST_DIVISOR|reloj_1hz_reg ; 1.000        ; -0.061     ; 1.888      ;
; -0.953 ; contador_minutos:INST_CONTADOR_MINUTOS|contador[2]           ; contador_minutos:INST_CONTADOR_MINUTOS|contador[2]           ; divisor_frecuencia:INST_DIVISOR|reloj_1hz_reg ; divisor_frecuencia:INST_DIVISOR|reloj_1hz_reg ; 1.000        ; -0.061     ; 1.887      ;
; -0.838 ; contador_minutos:INST_CONTADOR_MINUTOS|contador[3]           ; contador_minutos:INST_CONTADOR_MINUTOS|contador[1]           ; divisor_frecuencia:INST_DIVISOR|reloj_1hz_reg ; divisor_frecuencia:INST_DIVISOR|reloj_1hz_reg ; 1.000        ; -0.061     ; 1.772      ;
; -0.837 ; contador_minutos:INST_CONTADOR_MINUTOS|contador[3]           ; contador_minutos:INST_CONTADOR_MINUTOS|contador[3]           ; divisor_frecuencia:INST_DIVISOR|reloj_1hz_reg ; divisor_frecuencia:INST_DIVISOR|reloj_1hz_reg ; 1.000        ; -0.061     ; 1.771      ;
; -0.836 ; contador_minutos:INST_CONTADOR_MINUTOS|contador[3]           ; contador_minutos:INST_CONTADOR_MINUTOS|contador[2]           ; divisor_frecuencia:INST_DIVISOR|reloj_1hz_reg ; divisor_frecuencia:INST_DIVISOR|reloj_1hz_reg ; 1.000        ; -0.061     ; 1.770      ;
; -0.834 ; contador_decenas_segundo:INST_CONTADOR_DECENAS|contador[0]   ; contador_minutos:INST_CONTADOR_MINUTOS|contador[1]           ; divisor_frecuencia:INST_DIVISOR|reloj_1hz_reg ; divisor_frecuencia:INST_DIVISOR|reloj_1hz_reg ; 1.000        ; -0.061     ; 1.768      ;
; -0.833 ; contador_decenas_segundo:INST_CONTADOR_DECENAS|contador[0]   ; contador_minutos:INST_CONTADOR_MINUTOS|contador[3]           ; divisor_frecuencia:INST_DIVISOR|reloj_1hz_reg ; divisor_frecuencia:INST_DIVISOR|reloj_1hz_reg ; 1.000        ; -0.061     ; 1.767      ;
; -0.831 ; contador_decenas_segundo:INST_CONTADOR_DECENAS|contador[0]   ; contador_minutos:INST_CONTADOR_MINUTOS|contador[2]           ; divisor_frecuencia:INST_DIVISOR|reloj_1hz_reg ; divisor_frecuencia:INST_DIVISOR|reloj_1hz_reg ; 1.000        ; -0.061     ; 1.765      ;
; -0.760 ; contador_minutos:INST_CONTADOR_MINUTOS|contador[2]           ; contador_minutos:INST_CONTADOR_MINUTOS|contador[0]           ; divisor_frecuencia:INST_DIVISOR|reloj_1hz_reg ; divisor_frecuencia:INST_DIVISOR|reloj_1hz_reg ; 1.000        ; -0.061     ; 1.694      ;
; -0.676 ; control_temporizador:INST_CONTROL|estado                     ; contador_decenas_segundo:INST_CONTADOR_DECENAS|contador[0]   ; clk_50                                        ; divisor_frecuencia:INST_DIVISOR|reloj_1hz_reg ; 0.500        ; 0.439      ; 1.600      ;
; -0.676 ; control_temporizador:INST_CONTROL|estado                     ; contador_decenas_segundo:INST_CONTADOR_DECENAS|contador[2]   ; clk_50                                        ; divisor_frecuencia:INST_DIVISOR|reloj_1hz_reg ; 0.500        ; 0.439      ; 1.600      ;
; -0.676 ; control_temporizador:INST_CONTROL|estado                     ; contador_decenas_segundo:INST_CONTADOR_DECENAS|contador[1]   ; clk_50                                        ; divisor_frecuencia:INST_DIVISOR|reloj_1hz_reg ; 0.500        ; 0.439      ; 1.600      ;
; -0.670 ; contador_minutos:INST_CONTADOR_MINUTOS|contador[0]           ; contador_minutos:INST_CONTADOR_MINUTOS|contador[1]           ; divisor_frecuencia:INST_DIVISOR|reloj_1hz_reg ; divisor_frecuencia:INST_DIVISOR|reloj_1hz_reg ; 1.000        ; -0.061     ; 1.604      ;
; -0.669 ; contador_minutos:INST_CONTADOR_MINUTOS|contador[0]           ; contador_minutos:INST_CONTADOR_MINUTOS|contador[3]           ; divisor_frecuencia:INST_DIVISOR|reloj_1hz_reg ; divisor_frecuencia:INST_DIVISOR|reloj_1hz_reg ; 1.000        ; -0.061     ; 1.603      ;
; -0.668 ; contador_minutos:INST_CONTADOR_MINUTOS|contador[0]           ; contador_minutos:INST_CONTADOR_MINUTOS|contador[2]           ; divisor_frecuencia:INST_DIVISOR|reloj_1hz_reg ; divisor_frecuencia:INST_DIVISOR|reloj_1hz_reg ; 1.000        ; -0.061     ; 1.602      ;
; -0.643 ; contador_minutos:INST_CONTADOR_MINUTOS|contador[3]           ; contador_minutos:INST_CONTADOR_MINUTOS|contador[0]           ; divisor_frecuencia:INST_DIVISOR|reloj_1hz_reg ; divisor_frecuencia:INST_DIVISOR|reloj_1hz_reg ; 1.000        ; -0.061     ; 1.577      ;
; -0.634 ; contador_minutos:INST_CONTADOR_MINUTOS|contador[1]           ; contador_minutos:INST_CONTADOR_MINUTOS|contador[1]           ; divisor_frecuencia:INST_DIVISOR|reloj_1hz_reg ; divisor_frecuencia:INST_DIVISOR|reloj_1hz_reg ; 1.000        ; -0.061     ; 1.568      ;
; -0.633 ; contador_minutos:INST_CONTADOR_MINUTOS|contador[1]           ; contador_minutos:INST_CONTADOR_MINUTOS|contador[3]           ; divisor_frecuencia:INST_DIVISOR|reloj_1hz_reg ; divisor_frecuencia:INST_DIVISOR|reloj_1hz_reg ; 1.000        ; -0.061     ; 1.567      ;
; -0.632 ; contador_minutos:INST_CONTADOR_MINUTOS|contador[1]           ; contador_minutos:INST_CONTADOR_MINUTOS|contador[2]           ; divisor_frecuencia:INST_DIVISOR|reloj_1hz_reg ; divisor_frecuencia:INST_DIVISOR|reloj_1hz_reg ; 1.000        ; -0.061     ; 1.566      ;
; -0.526 ; contador_unidades_segundo:INST_CONTADOR_UNIDADES|contador[2] ; contador_unidades_segundo:INST_CONTADOR_UNIDADES|contador[3] ; divisor_frecuencia:INST_DIVISOR|reloj_1hz_reg ; divisor_frecuencia:INST_DIVISOR|reloj_1hz_reg ; 1.000        ; -0.060     ; 1.461      ;
; -0.510 ; contador_decenas_segundo:INST_CONTADOR_DECENAS|contador[1]   ; contador_minutos:INST_CONTADOR_MINUTOS|contador[0]           ; divisor_frecuencia:INST_DIVISOR|reloj_1hz_reg ; divisor_frecuencia:INST_DIVISOR|reloj_1hz_reg ; 1.000        ; -0.061     ; 1.444      ;
; -0.479 ; contador_unidades_segundo:INST_CONTADOR_UNIDADES|contador[2] ; contador_unidades_segundo:INST_CONTADOR_UNIDADES|contador[1] ; divisor_frecuencia:INST_DIVISOR|reloj_1hz_reg ; divisor_frecuencia:INST_DIVISOR|reloj_1hz_reg ; 1.000        ; -0.060     ; 1.414      ;
; -0.475 ; contador_minutos:INST_CONTADOR_MINUTOS|contador[0]           ; contador_minutos:INST_CONTADOR_MINUTOS|contador[0]           ; divisor_frecuencia:INST_DIVISOR|reloj_1hz_reg ; divisor_frecuencia:INST_DIVISOR|reloj_1hz_reg ; 1.000        ; -0.061     ; 1.409      ;
; -0.461 ; control_temporizador:INST_CONTROL|estado                     ; contador_minutos:INST_CONTADOR_MINUTOS|contador[1]           ; clk_50                                        ; divisor_frecuencia:INST_DIVISOR|reloj_1hz_reg ; 0.500        ; 0.440      ; 1.386      ;
; -0.460 ; control_temporizador:INST_CONTROL|estado                     ; contador_minutos:INST_CONTADOR_MINUTOS|contador[3]           ; clk_50                                        ; divisor_frecuencia:INST_DIVISOR|reloj_1hz_reg ; 0.500        ; 0.440      ; 1.385      ;
; -0.458 ; control_temporizador:INST_CONTROL|estado                     ; contador_minutos:INST_CONTADOR_MINUTOS|contador[2]           ; clk_50                                        ; divisor_frecuencia:INST_DIVISOR|reloj_1hz_reg ; 0.500        ; 0.440      ; 1.383      ;
; -0.439 ; contador_minutos:INST_CONTADOR_MINUTOS|contador[1]           ; contador_minutos:INST_CONTADOR_MINUTOS|contador[0]           ; divisor_frecuencia:INST_DIVISOR|reloj_1hz_reg ; divisor_frecuencia:INST_DIVISOR|reloj_1hz_reg ; 1.000        ; -0.061     ; 1.373      ;
; -0.401 ; contador_decenas_segundo:INST_CONTADOR_DECENAS|contador[2]   ; contador_minutos:INST_CONTADOR_MINUTOS|contador[0]           ; divisor_frecuencia:INST_DIVISOR|reloj_1hz_reg ; divisor_frecuencia:INST_DIVISOR|reloj_1hz_reg ; 1.000        ; -0.061     ; 1.335      ;
; -0.369 ; control_temporizador:INST_CONTROL|estado                     ; contador_minutos:INST_CONTADOR_MINUTOS|contador[0]           ; clk_50                                        ; divisor_frecuencia:INST_DIVISOR|reloj_1hz_reg ; 0.500        ; 0.440      ; 1.294      ;
; -0.340 ; control_temporizador:INST_CONTROL|estado                     ; contador_unidades_segundo:INST_CONTADOR_UNIDADES|contador[1] ; clk_50                                        ; divisor_frecuencia:INST_DIVISOR|reloj_1hz_reg ; 0.500        ; 0.441      ; 1.266      ;
; -0.340 ; control_temporizador:INST_CONTROL|estado                     ; contador_unidades_segundo:INST_CONTADOR_UNIDADES|contador[3] ; clk_50                                        ; divisor_frecuencia:INST_DIVISOR|reloj_1hz_reg ; 0.500        ; 0.441      ; 1.266      ;
; -0.340 ; control_temporizador:INST_CONTROL|estado                     ; contador_unidades_segundo:INST_CONTADOR_UNIDADES|contador[0] ; clk_50                                        ; divisor_frecuencia:INST_DIVISOR|reloj_1hz_reg ; 0.500        ; 0.441      ; 1.266      ;
; -0.273 ; contador_decenas_segundo:INST_CONTADOR_DECENAS|contador[2]   ; contador_decenas_segundo:INST_CONTADOR_DECENAS|contador[1]   ; divisor_frecuencia:INST_DIVISOR|reloj_1hz_reg ; divisor_frecuencia:INST_DIVISOR|reloj_1hz_reg ; 1.000        ; -0.062     ; 1.206      ;
; -0.262 ; contador_decenas_segundo:INST_CONTADOR_DECENAS|contador[0]   ; contador_minutos:INST_CONTADOR_MINUTOS|contador[0]           ; divisor_frecuencia:INST_DIVISOR|reloj_1hz_reg ; divisor_frecuencia:INST_DIVISOR|reloj_1hz_reg ; 1.000        ; -0.061     ; 1.196      ;
; -0.236 ; contador_decenas_segundo:INST_CONTADOR_DECENAS|contador[1]   ; contador_decenas_segundo:INST_CONTADOR_DECENAS|contador[2]   ; divisor_frecuencia:INST_DIVISOR|reloj_1hz_reg ; divisor_frecuencia:INST_DIVISOR|reloj_1hz_reg ; 1.000        ; -0.062     ; 1.169      ;
; -0.200 ; contador_decenas_segundo:INST_CONTADOR_DECENAS|contador[0]   ; contador_decenas_segundo:INST_CONTADOR_DECENAS|contador[2]   ; divisor_frecuencia:INST_DIVISOR|reloj_1hz_reg ; divisor_frecuencia:INST_DIVISOR|reloj_1hz_reg ; 1.000        ; -0.062     ; 1.133      ;
; -0.196 ; contador_decenas_segundo:INST_CONTADOR_DECENAS|contador[0]   ; contador_decenas_segundo:INST_CONTADOR_DECENAS|contador[1]   ; divisor_frecuencia:INST_DIVISOR|reloj_1hz_reg ; divisor_frecuencia:INST_DIVISOR|reloj_1hz_reg ; 1.000        ; -0.062     ; 1.129      ;
; -0.178 ; contador_unidades_segundo:INST_CONTADOR_UNIDADES|contador[1] ; contador_unidades_segundo:INST_CONTADOR_UNIDADES|contador[2] ; divisor_frecuencia:INST_DIVISOR|reloj_1hz_reg ; divisor_frecuencia:INST_DIVISOR|reloj_1hz_reg ; 1.000        ; -0.062     ; 1.111      ;
; -0.176 ; control_temporizador:INST_CONTROL|estado                     ; contador_unidades_segundo:INST_CONTADOR_UNIDADES|contador[2] ; clk_50                                        ; divisor_frecuencia:INST_DIVISOR|reloj_1hz_reg ; 0.500        ; 0.440      ; 1.101      ;
; -0.062 ; contador_unidades_segundo:INST_CONTADOR_UNIDADES|contador[3] ; contador_unidades_segundo:INST_CONTADOR_UNIDADES|contador[1] ; divisor_frecuencia:INST_DIVISOR|reloj_1hz_reg ; divisor_frecuencia:INST_DIVISOR|reloj_1hz_reg ; 1.000        ; -0.061     ; 0.996      ;
; -0.056 ; contador_unidades_segundo:INST_CONTADOR_UNIDADES|contador[0] ; contador_unidades_segundo:INST_CONTADOR_UNIDADES|contador[3] ; divisor_frecuencia:INST_DIVISOR|reloj_1hz_reg ; divisor_frecuencia:INST_DIVISOR|reloj_1hz_reg ; 1.000        ; -0.061     ; 0.990      ;
; 0.031  ; contador_unidades_segundo:INST_CONTADOR_UNIDADES|contador[0] ; contador_unidades_segundo:INST_CONTADOR_UNIDADES|contador[2] ; divisor_frecuencia:INST_DIVISOR|reloj_1hz_reg ; divisor_frecuencia:INST_DIVISOR|reloj_1hz_reg ; 1.000        ; -0.062     ; 0.902      ;
; 0.175  ; contador_unidades_segundo:INST_CONTADOR_UNIDADES|contador[1] ; contador_unidades_segundo:INST_CONTADOR_UNIDADES|contador[3] ; divisor_frecuencia:INST_DIVISOR|reloj_1hz_reg ; divisor_frecuencia:INST_DIVISOR|reloj_1hz_reg ; 1.000        ; -0.061     ; 0.759      ;
; 0.192  ; contador_unidades_segundo:INST_CONTADOR_UNIDADES|contador[0] ; contador_unidades_segundo:INST_CONTADOR_UNIDADES|contador[1] ; divisor_frecuencia:INST_DIVISOR|reloj_1hz_reg ; divisor_frecuencia:INST_DIVISOR|reloj_1hz_reg ; 1.000        ; -0.061     ; 0.742      ;
; 0.274  ; contador_decenas_segundo:INST_CONTADOR_DECENAS|contador[0]   ; contador_decenas_segundo:INST_CONTADOR_DECENAS|contador[0]   ; divisor_frecuencia:INST_DIVISOR|reloj_1hz_reg ; divisor_frecuencia:INST_DIVISOR|reloj_1hz_reg ; 1.000        ; -0.062     ; 0.659      ;
; 0.274  ; contador_decenas_segundo:INST_CONTADOR_DECENAS|contador[2]   ; contador_decenas_segundo:INST_CONTADOR_DECENAS|contador[2]   ; divisor_frecuencia:INST_DIVISOR|reloj_1hz_reg ; divisor_frecuencia:INST_DIVISOR|reloj_1hz_reg ; 1.000        ; -0.062     ; 0.659      ;
; 0.274  ; contador_decenas_segundo:INST_CONTADOR_DECENAS|contador[1]   ; contador_decenas_segundo:INST_CONTADOR_DECENAS|contador[1]   ; divisor_frecuencia:INST_DIVISOR|reloj_1hz_reg ; divisor_frecuencia:INST_DIVISOR|reloj_1hz_reg ; 1.000        ; -0.062     ; 0.659      ;
; 0.275  ; contador_unidades_segundo:INST_CONTADOR_UNIDADES|contador[0] ; contador_unidades_segundo:INST_CONTADOR_UNIDADES|contador[0] ; divisor_frecuencia:INST_DIVISOR|reloj_1hz_reg ; divisor_frecuencia:INST_DIVISOR|reloj_1hz_reg ; 1.000        ; -0.061     ; 0.659      ;
; 0.275  ; contador_unidades_segundo:INST_CONTADOR_UNIDADES|contador[3] ; contador_unidades_segundo:INST_CONTADOR_UNIDADES|contador[3] ; divisor_frecuencia:INST_DIVISOR|reloj_1hz_reg ; divisor_frecuencia:INST_DIVISOR|reloj_1hz_reg ; 1.000        ; -0.061     ; 0.659      ;
; 0.275  ; contador_unidades_segundo:INST_CONTADOR_UNIDADES|contador[1] ; contador_unidades_segundo:INST_CONTADOR_UNIDADES|contador[1] ; divisor_frecuencia:INST_DIVISOR|reloj_1hz_reg ; divisor_frecuencia:INST_DIVISOR|reloj_1hz_reg ; 1.000        ; -0.061     ; 0.659      ;
; 0.275  ; contador_unidades_segundo:INST_CONTADOR_UNIDADES|contador[2] ; contador_unidades_segundo:INST_CONTADOR_UNIDADES|contador[2] ; divisor_frecuencia:INST_DIVISOR|reloj_1hz_reg ; divisor_frecuencia:INST_DIVISOR|reloj_1hz_reg ; 1.000        ; -0.061     ; 0.659      ;
+--------+--------------------------------------------------------------+--------------------------------------------------------------+-----------------------------------------------+-----------------------------------------------+--------------+------------+------------+


+--------------------------------------------------------------------------------------------------------------------------------------------------------------------------------------------------------------------------+
; Slow 1200mV 85C Model Hold: 'clk_50'                                                                                                                                                                                     ;
+-------+-----------------------------------------------------+-----------------------------------------------------+-----------------------------------------------+-------------+--------------+------------+------------+
; Slack ; From Node                                           ; To Node                                             ; Launch Clock                                  ; Latch Clock ; Relationship ; Clock Skew ; Data Delay ;
+-------+-----------------------------------------------------+-----------------------------------------------------+-----------------------------------------------+-------------+--------------+------------+------------+
; 0.247 ; divisor_frecuencia:INST_DIVISOR|reloj_1hz_reg       ; divisor_frecuencia:INST_DIVISOR|reloj_1hz_reg       ; divisor_frecuencia:INST_DIVISOR|reloj_1hz_reg ; clk_50      ; 0.000        ; 2.417      ; 3.050      ;
; 0.390 ; divisor_frecuencia:INST_DIVISOR|contador_ciclos[25] ; divisor_frecuencia:INST_DIVISOR|contador_ciclos[25] ; clk_50                                        ; clk_50      ; 0.000        ; 0.062      ; 0.609      ;
; 0.557 ; divisor_frecuencia:INST_DIVISOR|contador_ciclos[3]  ; divisor_frecuencia:INST_DIVISOR|contador_ciclos[3]  ; clk_50                                        ; clk_50      ; 0.000        ; 0.062      ; 0.776      ;
; 0.558 ; divisor_frecuencia:INST_DIVISOR|contador_ciclos[2]  ; divisor_frecuencia:INST_DIVISOR|contador_ciclos[2]  ; clk_50                                        ; clk_50      ; 0.000        ; 0.062      ; 0.777      ;
; 0.560 ; divisor_frecuencia:INST_DIVISOR|contador_ciclos[5]  ; divisor_frecuencia:INST_DIVISOR|contador_ciclos[5]  ; clk_50                                        ; clk_50      ; 0.000        ; 0.062      ; 0.779      ;
; 0.562 ; divisor_frecuencia:INST_DIVISOR|contador_ciclos[4]  ; divisor_frecuencia:INST_DIVISOR|contador_ciclos[4]  ; clk_50                                        ; clk_50      ; 0.000        ; 0.062      ; 0.781      ;
; 0.569 ; divisor_frecuencia:INST_DIVISOR|contador_ciclos[10] ; divisor_frecuencia:INST_DIVISOR|contador_ciclos[10] ; clk_50                                        ; clk_50      ; 0.000        ; 0.062      ; 0.788      ;
; 0.570 ; divisor_frecuencia:INST_DIVISOR|contador_ciclos[15] ; divisor_frecuencia:INST_DIVISOR|contador_ciclos[15] ; clk_50                                        ; clk_50      ; 0.000        ; 0.062      ; 0.789      ;
; 0.570 ; divisor_frecuencia:INST_DIVISOR|contador_ciclos[9]  ; divisor_frecuencia:INST_DIVISOR|contador_ciclos[9]  ; clk_50                                        ; clk_50      ; 0.000        ; 0.062      ; 0.789      ;
; 0.570 ; divisor_frecuencia:INST_DIVISOR|contador_ciclos[8]  ; divisor_frecuencia:INST_DIVISOR|contador_ciclos[8]  ; clk_50                                        ; clk_50      ; 0.000        ; 0.062      ; 0.789      ;
; 0.571 ; divisor_frecuencia:INST_DIVISOR|contador_ciclos[17] ; divisor_frecuencia:INST_DIVISOR|contador_ciclos[17] ; clk_50                                        ; clk_50      ; 0.000        ; 0.062      ; 0.790      ;
; 0.571 ; divisor_frecuencia:INST_DIVISOR|contador_ciclos[7]  ; divisor_frecuencia:INST_DIVISOR|contador_ciclos[7]  ; clk_50                                        ; clk_50      ; 0.000        ; 0.062      ; 0.790      ;
; 0.571 ; divisor_frecuencia:INST_DIVISOR|contador_ciclos[1]  ; divisor_frecuencia:INST_DIVISOR|contador_ciclos[1]  ; clk_50                                        ; clk_50      ; 0.000        ; 0.062      ; 0.790      ;
; 0.572 ; divisor_frecuencia:INST_DIVISOR|contador_ciclos[23] ; divisor_frecuencia:INST_DIVISOR|contador_ciclos[23] ; clk_50                                        ; clk_50      ; 0.000        ; 0.062      ; 0.791      ;
; 0.587 ; divisor_frecuencia:INST_DIVISOR|contador_ciclos[0]  ; divisor_frecuencia:INST_DIVISOR|contador_ciclos[0]  ; clk_50                                        ; clk_50      ; 0.000        ; 0.062      ; 0.806      ;
; 0.607 ; control_temporizador:INST_CONTROL|inicio_anterior   ; control_temporizador:INST_CONTROL|estado            ; clk_50                                        ; clk_50      ; 0.000        ; 0.062      ; 0.826      ;
; 0.825 ; divisor_frecuencia:INST_DIVISOR|reloj_1hz_reg       ; divisor_frecuencia:INST_DIVISOR|reloj_1hz_reg       ; divisor_frecuencia:INST_DIVISOR|reloj_1hz_reg ; clk_50      ; -0.500       ; 2.417      ; 3.128      ;
; 0.832 ; divisor_frecuencia:INST_DIVISOR|contador_ciclos[3]  ; divisor_frecuencia:INST_DIVISOR|contador_ciclos[4]  ; clk_50                                        ; clk_50      ; 0.000        ; 0.062      ; 1.051      ;
; 0.844 ; divisor_frecuencia:INST_DIVISOR|contador_ciclos[9]  ; divisor_frecuencia:INST_DIVISOR|contador_ciclos[10] ; clk_50                                        ; clk_50      ; 0.000        ; 0.062      ; 1.063      ;
; 0.845 ; divisor_frecuencia:INST_DIVISOR|contador_ciclos[1]  ; divisor_frecuencia:INST_DIVISOR|contador_ciclos[2]  ; clk_50                                        ; clk_50      ; 0.000        ; 0.062      ; 1.064      ;
; 0.845 ; divisor_frecuencia:INST_DIVISOR|contador_ciclos[7]  ; divisor_frecuencia:INST_DIVISOR|contador_ciclos[8]  ; clk_50                                        ; clk_50      ; 0.000        ; 0.062      ; 1.064      ;
; 0.846 ; divisor_frecuencia:INST_DIVISOR|contador_ciclos[2]  ; divisor_frecuencia:INST_DIVISOR|contador_ciclos[3]  ; clk_50                                        ; clk_50      ; 0.000        ; 0.062      ; 1.065      ;
; 0.848 ; divisor_frecuencia:INST_DIVISOR|contador_ciclos[2]  ; divisor_frecuencia:INST_DIVISOR|contador_ciclos[4]  ; clk_50                                        ; clk_50      ; 0.000        ; 0.062      ; 1.067      ;
; 0.849 ; divisor_frecuencia:INST_DIVISOR|contador_ciclos[4]  ; divisor_frecuencia:INST_DIVISOR|contador_ciclos[5]  ; clk_50                                        ; clk_50      ; 0.000        ; 0.062      ; 1.068      ;
; 0.857 ; divisor_frecuencia:INST_DIVISOR|contador_ciclos[0]  ; divisor_frecuencia:INST_DIVISOR|contador_ciclos[1]  ; clk_50                                        ; clk_50      ; 0.000        ; 0.062      ; 1.076      ;
; 0.858 ; divisor_frecuencia:INST_DIVISOR|contador_ciclos[8]  ; divisor_frecuencia:INST_DIVISOR|contador_ciclos[9]  ; clk_50                                        ; clk_50      ; 0.000        ; 0.062      ; 1.077      ;
; 0.858 ; divisor_frecuencia:INST_DIVISOR|contador_ciclos[22] ; divisor_frecuencia:INST_DIVISOR|contador_ciclos[23] ; clk_50                                        ; clk_50      ; 0.000        ; 0.062      ; 1.077      ;
; 0.859 ; divisor_frecuencia:INST_DIVISOR|contador_ciclos[0]  ; divisor_frecuencia:INST_DIVISOR|contador_ciclos[2]  ; clk_50                                        ; clk_50      ; 0.000        ; 0.062      ; 1.078      ;
; 0.860 ; divisor_frecuencia:INST_DIVISOR|contador_ciclos[8]  ; divisor_frecuencia:INST_DIVISOR|contador_ciclos[10] ; clk_50                                        ; clk_50      ; 0.000        ; 0.062      ; 1.079      ;
; 0.861 ; divisor_frecuencia:INST_DIVISOR|contador_ciclos[22] ; divisor_frecuencia:INST_DIVISOR|contador_ciclos[22] ; clk_50                                        ; clk_50      ; 0.000        ; 0.062      ; 1.080      ;
; 0.861 ; divisor_frecuencia:INST_DIVISOR|contador_ciclos[6]  ; divisor_frecuencia:INST_DIVISOR|contador_ciclos[7]  ; clk_50                                        ; clk_50      ; 0.000        ; 0.062      ; 1.080      ;
; 0.863 ; divisor_frecuencia:INST_DIVISOR|contador_ciclos[6]  ; divisor_frecuencia:INST_DIVISOR|contador_ciclos[8]  ; clk_50                                        ; clk_50      ; 0.000        ; 0.062      ; 1.082      ;
; 0.867 ; divisor_frecuencia:INST_DIVISOR|contador_ciclos[13] ; divisor_frecuencia:INST_DIVISOR|contador_ciclos[13] ; clk_50                                        ; clk_50      ; 0.000        ; 0.062      ; 1.086      ;
; 0.942 ; divisor_frecuencia:INST_DIVISOR|contador_ciclos[3]  ; divisor_frecuencia:INST_DIVISOR|contador_ciclos[5]  ; clk_50                                        ; clk_50      ; 0.000        ; 0.062      ; 1.161      ;
; 0.944 ; divisor_frecuencia:INST_DIVISOR|contador_ciclos[5]  ; divisor_frecuencia:INST_DIVISOR|contador_ciclos[7]  ; clk_50                                        ; clk_50      ; 0.000        ; 0.062      ; 1.163      ;
; 0.946 ; divisor_frecuencia:INST_DIVISOR|contador_ciclos[5]  ; divisor_frecuencia:INST_DIVISOR|contador_ciclos[8]  ; clk_50                                        ; clk_50      ; 0.000        ; 0.062      ; 1.165      ;
; 0.954 ; divisor_frecuencia:INST_DIVISOR|contador_ciclos[15] ; divisor_frecuencia:INST_DIVISOR|contador_ciclos[17] ; clk_50                                        ; clk_50      ; 0.000        ; 0.062      ; 1.173      ;
; 0.955 ; divisor_frecuencia:INST_DIVISOR|contador_ciclos[1]  ; divisor_frecuencia:INST_DIVISOR|contador_ciclos[3]  ; clk_50                                        ; clk_50      ; 0.000        ; 0.062      ; 1.174      ;
; 0.955 ; divisor_frecuencia:INST_DIVISOR|contador_ciclos[7]  ; divisor_frecuencia:INST_DIVISOR|contador_ciclos[9]  ; clk_50                                        ; clk_50      ; 0.000        ; 0.062      ; 1.174      ;
; 0.956 ; divisor_frecuencia:INST_DIVISOR|contador_ciclos[23] ; divisor_frecuencia:INST_DIVISOR|contador_ciclos[25] ; clk_50                                        ; clk_50      ; 0.000        ; 0.062      ; 1.175      ;
; 0.957 ; divisor_frecuencia:INST_DIVISOR|contador_ciclos[13] ; divisor_frecuencia:INST_DIVISOR|contador_ciclos[15] ; clk_50                                        ; clk_50      ; 0.000        ; 0.062      ; 1.176      ;
; 0.957 ; divisor_frecuencia:INST_DIVISOR|contador_ciclos[1]  ; divisor_frecuencia:INST_DIVISOR|contador_ciclos[4]  ; clk_50                                        ; clk_50      ; 0.000        ; 0.062      ; 1.176      ;
; 0.957 ; divisor_frecuencia:INST_DIVISOR|contador_ciclos[7]  ; divisor_frecuencia:INST_DIVISOR|contador_ciclos[10] ; clk_50                                        ; clk_50      ; 0.000        ; 0.062      ; 1.176      ;
; 0.958 ; divisor_frecuencia:INST_DIVISOR|contador_ciclos[2]  ; divisor_frecuencia:INST_DIVISOR|contador_ciclos[5]  ; clk_50                                        ; clk_50      ; 0.000        ; 0.062      ; 1.177      ;
; 0.961 ; divisor_frecuencia:INST_DIVISOR|contador_ciclos[4]  ; divisor_frecuencia:INST_DIVISOR|contador_ciclos[7]  ; clk_50                                        ; clk_50      ; 0.000        ; 0.062      ; 1.180      ;
; 0.963 ; divisor_frecuencia:INST_DIVISOR|contador_ciclos[4]  ; divisor_frecuencia:INST_DIVISOR|contador_ciclos[8]  ; clk_50                                        ; clk_50      ; 0.000        ; 0.062      ; 1.182      ;
; 0.969 ; divisor_frecuencia:INST_DIVISOR|contador_ciclos[0]  ; divisor_frecuencia:INST_DIVISOR|contador_ciclos[3]  ; clk_50                                        ; clk_50      ; 0.000        ; 0.062      ; 1.188      ;
; 0.970 ; divisor_frecuencia:INST_DIVISOR|contador_ciclos[22] ; divisor_frecuencia:INST_DIVISOR|contador_ciclos[25] ; clk_50                                        ; clk_50      ; 0.000        ; 0.062      ; 1.189      ;
; 0.971 ; divisor_frecuencia:INST_DIVISOR|contador_ciclos[0]  ; divisor_frecuencia:INST_DIVISOR|contador_ciclos[4]  ; clk_50                                        ; clk_50      ; 0.000        ; 0.062      ; 1.190      ;
; 0.973 ; divisor_frecuencia:INST_DIVISOR|contador_ciclos[20] ; divisor_frecuencia:INST_DIVISOR|contador_ciclos[20] ; clk_50                                        ; clk_50      ; 0.000        ; 0.062      ; 1.192      ;
; 0.973 ; divisor_frecuencia:INST_DIVISOR|contador_ciclos[20] ; divisor_frecuencia:INST_DIVISOR|contador_ciclos[23] ; clk_50                                        ; clk_50      ; 0.000        ; 0.062      ; 1.192      ;
; 0.973 ; divisor_frecuencia:INST_DIVISOR|contador_ciclos[6]  ; divisor_frecuencia:INST_DIVISOR|contador_ciclos[9]  ; clk_50                                        ; clk_50      ; 0.000        ; 0.062      ; 1.192      ;
; 0.975 ; divisor_frecuencia:INST_DIVISOR|contador_ciclos[6]  ; divisor_frecuencia:INST_DIVISOR|contador_ciclos[10] ; clk_50                                        ; clk_50      ; 0.000        ; 0.062      ; 1.194      ;
; 0.977 ; divisor_frecuencia:INST_DIVISOR|contador_ciclos[12] ; divisor_frecuencia:INST_DIVISOR|contador_ciclos[12] ; clk_50                                        ; clk_50      ; 0.000        ; 0.062      ; 1.196      ;
; 0.978 ; divisor_frecuencia:INST_DIVISOR|contador_ciclos[12] ; divisor_frecuencia:INST_DIVISOR|contador_ciclos[15] ; clk_50                                        ; clk_50      ; 0.000        ; 0.059      ; 1.194      ;
; 0.992 ; divisor_frecuencia:INST_DIVISOR|contador_ciclos[14] ; divisor_frecuencia:INST_DIVISOR|contador_ciclos[15] ; clk_50                                        ; clk_50      ; 0.000        ; 0.061      ; 1.210      ;
; 0.994 ; divisor_frecuencia:INST_DIVISOR|contador_ciclos[24] ; divisor_frecuencia:INST_DIVISOR|contador_ciclos[25] ; clk_50                                        ; clk_50      ; 0.000        ; 0.061      ; 1.212      ;
; 1.026 ; divisor_frecuencia:INST_DIVISOR|contador_ciclos[16] ; divisor_frecuencia:INST_DIVISOR|contador_ciclos[17] ; clk_50                                        ; clk_50      ; 0.000        ; 0.061      ; 1.244      ;
; 1.054 ; divisor_frecuencia:INST_DIVISOR|contador_ciclos[3]  ; divisor_frecuencia:INST_DIVISOR|contador_ciclos[7]  ; clk_50                                        ; clk_50      ; 0.000        ; 0.062      ; 1.273      ;
; 1.056 ; divisor_frecuencia:INST_DIVISOR|contador_ciclos[3]  ; divisor_frecuencia:INST_DIVISOR|contador_ciclos[8]  ; clk_50                                        ; clk_50      ; 0.000        ; 0.062      ; 1.275      ;
; 1.056 ; divisor_frecuencia:INST_DIVISOR|contador_ciclos[5]  ; divisor_frecuencia:INST_DIVISOR|contador_ciclos[9]  ; clk_50                                        ; clk_50      ; 0.000        ; 0.062      ; 1.275      ;
; 1.058 ; divisor_frecuencia:INST_DIVISOR|contador_ciclos[5]  ; divisor_frecuencia:INST_DIVISOR|contador_ciclos[10] ; clk_50                                        ; clk_50      ; 0.000        ; 0.062      ; 1.277      ;
; 1.067 ; divisor_frecuencia:INST_DIVISOR|contador_ciclos[1]  ; divisor_frecuencia:INST_DIVISOR|contador_ciclos[5]  ; clk_50                                        ; clk_50      ; 0.000        ; 0.062      ; 1.286      ;
; 1.069 ; divisor_frecuencia:INST_DIVISOR|contador_ciclos[13] ; divisor_frecuencia:INST_DIVISOR|contador_ciclos[17] ; clk_50                                        ; clk_50      ; 0.000        ; 0.062      ; 1.288      ;
; 1.070 ; divisor_frecuencia:INST_DIVISOR|contador_ciclos[2]  ; divisor_frecuencia:INST_DIVISOR|contador_ciclos[7]  ; clk_50                                        ; clk_50      ; 0.000        ; 0.062      ; 1.289      ;
; 1.072 ; divisor_frecuencia:INST_DIVISOR|contador_ciclos[2]  ; divisor_frecuencia:INST_DIVISOR|contador_ciclos[8]  ; clk_50                                        ; clk_50      ; 0.000        ; 0.062      ; 1.291      ;
; 1.073 ; divisor_frecuencia:INST_DIVISOR|contador_ciclos[4]  ; divisor_frecuencia:INST_DIVISOR|contador_ciclos[9]  ; clk_50                                        ; clk_50      ; 0.000        ; 0.062      ; 1.292      ;
; 1.075 ; divisor_frecuencia:INST_DIVISOR|contador_ciclos[4]  ; divisor_frecuencia:INST_DIVISOR|contador_ciclos[10] ; clk_50                                        ; clk_50      ; 0.000        ; 0.062      ; 1.294      ;
; 1.081 ; divisor_frecuencia:INST_DIVISOR|contador_ciclos[0]  ; divisor_frecuencia:INST_DIVISOR|contador_ciclos[5]  ; clk_50                                        ; clk_50      ; 0.000        ; 0.062      ; 1.300      ;
; 1.084 ; divisor_frecuencia:INST_DIVISOR|contador_ciclos[10] ; divisor_frecuencia:INST_DIVISOR|contador_ciclos[15] ; clk_50                                        ; clk_50      ; 0.000        ; 0.059      ; 1.300      ;
; 1.085 ; divisor_frecuencia:INST_DIVISOR|contador_ciclos[6]  ; divisor_frecuencia:INST_DIVISOR|contador_ciclos[6]  ; clk_50                                        ; clk_50      ; 0.000        ; 0.062      ; 1.304      ;
; 1.085 ; divisor_frecuencia:INST_DIVISOR|contador_ciclos[20] ; divisor_frecuencia:INST_DIVISOR|contador_ciclos[25] ; clk_50                                        ; clk_50      ; 0.000        ; 0.062      ; 1.304      ;
; 1.090 ; divisor_frecuencia:INST_DIVISOR|contador_ciclos[12] ; divisor_frecuencia:INST_DIVISOR|contador_ciclos[17] ; clk_50                                        ; clk_50      ; 0.000        ; 0.059      ; 1.306      ;
; 1.104 ; divisor_frecuencia:INST_DIVISOR|contador_ciclos[14] ; divisor_frecuencia:INST_DIVISOR|contador_ciclos[17] ; clk_50                                        ; clk_50      ; 0.000        ; 0.061      ; 1.322      ;
; 1.124 ; divisor_frecuencia:INST_DIVISOR|contador_ciclos[21] ; divisor_frecuencia:INST_DIVISOR|contador_ciclos[23] ; clk_50                                        ; clk_50      ; 0.000        ; 0.061      ; 1.342      ;
; 1.154 ; divisor_frecuencia:INST_DIVISOR|contador_ciclos[20] ; divisor_frecuencia:INST_DIVISOR|contador_ciclos[22] ; clk_50                                        ; clk_50      ; 0.000        ; 0.062      ; 1.373      ;
; 1.159 ; divisor_frecuencia:INST_DIVISOR|contador_ciclos[24] ; divisor_frecuencia:INST_DIVISOR|contador_ciclos[24] ; clk_50                                        ; clk_50      ; 0.000        ; 0.061      ; 1.377      ;
; 1.162 ; divisor_frecuencia:INST_DIVISOR|contador_ciclos[12] ; divisor_frecuencia:INST_DIVISOR|contador_ciclos[13] ; clk_50                                        ; clk_50      ; 0.000        ; 0.059      ; 1.378      ;
; 1.165 ; divisor_frecuencia:INST_DIVISOR|contador_ciclos[21] ; divisor_frecuencia:INST_DIVISOR|contador_ciclos[21] ; clk_50                                        ; clk_50      ; 0.000        ; 0.061      ; 1.383      ;
; 1.166 ; divisor_frecuencia:INST_DIVISOR|contador_ciclos[3]  ; divisor_frecuencia:INST_DIVISOR|contador_ciclos[9]  ; clk_50                                        ; clk_50      ; 0.000        ; 0.062      ; 1.385      ;
; 1.168 ; divisor_frecuencia:INST_DIVISOR|contador_ciclos[3]  ; divisor_frecuencia:INST_DIVISOR|contador_ciclos[10] ; clk_50                                        ; clk_50      ; 0.000        ; 0.062      ; 1.387      ;
; 1.179 ; divisor_frecuencia:INST_DIVISOR|contador_ciclos[17] ; divisor_frecuencia:INST_DIVISOR|contador_ciclos[23] ; clk_50                                        ; clk_50      ; 0.000        ; 0.062      ; 1.398      ;
; 1.179 ; divisor_frecuencia:INST_DIVISOR|contador_ciclos[1]  ; divisor_frecuencia:INST_DIVISOR|contador_ciclos[7]  ; clk_50                                        ; clk_50      ; 0.000        ; 0.062      ; 1.398      ;
; 1.181 ; divisor_frecuencia:INST_DIVISOR|contador_ciclos[1]  ; divisor_frecuencia:INST_DIVISOR|contador_ciclos[8]  ; clk_50                                        ; clk_50      ; 0.000        ; 0.062      ; 1.400      ;
; 1.181 ; divisor_frecuencia:INST_DIVISOR|contador_ciclos[9]  ; divisor_frecuencia:INST_DIVISOR|contador_ciclos[15] ; clk_50                                        ; clk_50      ; 0.000        ; 0.059      ; 1.397      ;
; 1.182 ; divisor_frecuencia:INST_DIVISOR|contador_ciclos[2]  ; divisor_frecuencia:INST_DIVISOR|contador_ciclos[9]  ; clk_50                                        ; clk_50      ; 0.000        ; 0.062      ; 1.401      ;
; 1.184 ; divisor_frecuencia:INST_DIVISOR|contador_ciclos[2]  ; divisor_frecuencia:INST_DIVISOR|contador_ciclos[10] ; clk_50                                        ; clk_50      ; 0.000        ; 0.062      ; 1.403      ;
; 1.193 ; divisor_frecuencia:INST_DIVISOR|contador_ciclos[0]  ; divisor_frecuencia:INST_DIVISOR|contador_ciclos[7]  ; clk_50                                        ; clk_50      ; 0.000        ; 0.062      ; 1.412      ;
; 1.195 ; divisor_frecuencia:INST_DIVISOR|contador_ciclos[0]  ; divisor_frecuencia:INST_DIVISOR|contador_ciclos[8]  ; clk_50                                        ; clk_50      ; 0.000        ; 0.062      ; 1.414      ;
; 1.196 ; divisor_frecuencia:INST_DIVISOR|contador_ciclos[10] ; divisor_frecuencia:INST_DIVISOR|contador_ciclos[17] ; clk_50                                        ; clk_50      ; 0.000        ; 0.059      ; 1.412      ;
; 1.197 ; divisor_frecuencia:INST_DIVISOR|contador_ciclos[8]  ; divisor_frecuencia:INST_DIVISOR|contador_ciclos[15] ; clk_50                                        ; clk_50      ; 0.000        ; 0.059      ; 1.413      ;
; 1.203 ; divisor_frecuencia:INST_DIVISOR|contador_ciclos[19] ; divisor_frecuencia:INST_DIVISOR|contador_ciclos[23] ; clk_50                                        ; clk_50      ; 0.000        ; 0.061      ; 1.421      ;
; 1.236 ; divisor_frecuencia:INST_DIVISOR|contador_ciclos[21] ; divisor_frecuencia:INST_DIVISOR|contador_ciclos[25] ; clk_50                                        ; clk_50      ; 0.000        ; 0.061      ; 1.454      ;
; 1.250 ; divisor_frecuencia:INST_DIVISOR|contador_ciclos[18] ; divisor_frecuencia:INST_DIVISOR|contador_ciclos[23] ; clk_50                                        ; clk_50      ; 0.000        ; 0.061      ; 1.468      ;
; 1.260 ; divisor_frecuencia:INST_DIVISOR|contador_ciclos[10] ; divisor_frecuencia:INST_DIVISOR|contador_ciclos[12] ; clk_50                                        ; clk_50      ; 0.000        ; 0.062      ; 1.479      ;
; 1.268 ; divisor_frecuencia:INST_DIVISOR|contador_ciclos[10] ; divisor_frecuencia:INST_DIVISOR|contador_ciclos[13] ; clk_50                                        ; clk_50      ; 0.000        ; 0.059      ; 1.484      ;
; 1.271 ; divisor_frecuencia:INST_DIVISOR|contador_ciclos[19] ; divisor_frecuencia:INST_DIVISOR|contador_ciclos[19] ; clk_50                                        ; clk_50      ; 0.000        ; 0.061      ; 1.489      ;
; 1.276 ; divisor_frecuencia:INST_DIVISOR|contador_ciclos[18] ; divisor_frecuencia:INST_DIVISOR|contador_ciclos[18] ; clk_50                                        ; clk_50      ; 0.000        ; 0.061      ; 1.494      ;
; 1.287 ; divisor_frecuencia:INST_DIVISOR|contador_ciclos[20] ; divisor_frecuencia:INST_DIVISOR|contador_ciclos[21] ; clk_50                                        ; clk_50      ; 0.000        ; 0.062      ; 1.506      ;
; 1.290 ; divisor_frecuencia:INST_DIVISOR|contador_ciclos[15] ; divisor_frecuencia:INST_DIVISOR|contador_ciclos[23] ; clk_50                                        ; clk_50      ; 0.000        ; 0.062      ; 1.509      ;
+-------+-----------------------------------------------------+-----------------------------------------------------+-----------------------------------------------+-------------+--------------+------------+------------+


+------------------------------------------------------------------------------------------------------------------------------------------------------------------------------------------------------------------------------------------------------------------------------+
; Slow 1200mV 85C Model Hold: 'divisor_frecuencia:INST_DIVISOR|reloj_1hz_reg'                                                                                                                                                                                                  ;
+-------+--------------------------------------------------------------+--------------------------------------------------------------+-----------------------------------------------+-----------------------------------------------+--------------+------------+------------+
; Slack ; From Node                                                    ; To Node                                                      ; Launch Clock                                  ; Latch Clock                                   ; Relationship ; Clock Skew ; Data Delay ;
+-------+--------------------------------------------------------------+--------------------------------------------------------------+-----------------------------------------------+-----------------------------------------------+--------------+------------+------------+
; 0.358 ; contador_decenas_segundo:INST_CONTADOR_DECENAS|contador[1]   ; contador_decenas_segundo:INST_CONTADOR_DECENAS|contador[1]   ; divisor_frecuencia:INST_DIVISOR|reloj_1hz_reg ; divisor_frecuencia:INST_DIVISOR|reloj_1hz_reg ; 0.000        ; 0.062      ; 0.577      ;
; 0.358 ; contador_decenas_segundo:INST_CONTADOR_DECENAS|contador[2]   ; contador_decenas_segundo:INST_CONTADOR_DECENAS|contador[2]   ; divisor_frecuencia:INST_DIVISOR|reloj_1hz_reg ; divisor_frecuencia:INST_DIVISOR|reloj_1hz_reg ; 0.000        ; 0.062      ; 0.577      ;
; 0.359 ; contador_minutos:INST_CONTADOR_MINUTOS|contador[1]           ; contador_minutos:INST_CONTADOR_MINUTOS|contador[1]           ; divisor_frecuencia:INST_DIVISOR|reloj_1hz_reg ; divisor_frecuencia:INST_DIVISOR|reloj_1hz_reg ; 0.000        ; 0.061      ; 0.577      ;
; 0.359 ; contador_minutos:INST_CONTADOR_MINUTOS|contador[3]           ; contador_minutos:INST_CONTADOR_MINUTOS|contador[3]           ; divisor_frecuencia:INST_DIVISOR|reloj_1hz_reg ; divisor_frecuencia:INST_DIVISOR|reloj_1hz_reg ; 0.000        ; 0.061      ; 0.577      ;
; 0.359 ; contador_minutos:INST_CONTADOR_MINUTOS|contador[2]           ; contador_minutos:INST_CONTADOR_MINUTOS|contador[2]           ; divisor_frecuencia:INST_DIVISOR|reloj_1hz_reg ; divisor_frecuencia:INST_DIVISOR|reloj_1hz_reg ; 0.000        ; 0.061      ; 0.577      ;
; 0.359 ; contador_minutos:INST_CONTADOR_MINUTOS|contador[0]           ; contador_minutos:INST_CONTADOR_MINUTOS|contador[0]           ; divisor_frecuencia:INST_DIVISOR|reloj_1hz_reg ; divisor_frecuencia:INST_DIVISOR|reloj_1hz_reg ; 0.000        ; 0.061      ; 0.577      ;
; 0.359 ; contador_unidades_segundo:INST_CONTADOR_UNIDADES|contador[3] ; contador_unidades_segundo:INST_CONTADOR_UNIDADES|contador[3] ; divisor_frecuencia:INST_DIVISOR|reloj_1hz_reg ; divisor_frecuencia:INST_DIVISOR|reloj_1hz_reg ; 0.000        ; 0.061      ; 0.577      ;
; 0.359 ; contador_unidades_segundo:INST_CONTADOR_UNIDADES|contador[1] ; contador_unidades_segundo:INST_CONTADOR_UNIDADES|contador[1] ; divisor_frecuencia:INST_DIVISOR|reloj_1hz_reg ; divisor_frecuencia:INST_DIVISOR|reloj_1hz_reg ; 0.000        ; 0.061      ; 0.577      ;
; 0.359 ; contador_unidades_segundo:INST_CONTADOR_UNIDADES|contador[2] ; contador_unidades_segundo:INST_CONTADOR_UNIDADES|contador[2] ; divisor_frecuencia:INST_DIVISOR|reloj_1hz_reg ; divisor_frecuencia:INST_DIVISOR|reloj_1hz_reg ; 0.000        ; 0.061      ; 0.577      ;
; 0.361 ; contador_decenas_segundo:INST_CONTADOR_DECENAS|contador[0]   ; contador_decenas_segundo:INST_CONTADOR_DECENAS|contador[0]   ; divisor_frecuencia:INST_DIVISOR|reloj_1hz_reg ; divisor_frecuencia:INST_DIVISOR|reloj_1hz_reg ; 0.000        ; 0.062      ; 0.580      ;
; 0.362 ; contador_unidades_segundo:INST_CONTADOR_UNIDADES|contador[0] ; contador_unidades_segundo:INST_CONTADOR_UNIDADES|contador[0] ; divisor_frecuencia:INST_DIVISOR|reloj_1hz_reg ; divisor_frecuencia:INST_DIVISOR|reloj_1hz_reg ; 0.000        ; 0.061      ; 0.580      ;
; 0.418 ; contador_unidades_segundo:INST_CONTADOR_UNIDADES|contador[0] ; contador_unidades_segundo:INST_CONTADOR_UNIDADES|contador[1] ; divisor_frecuencia:INST_DIVISOR|reloj_1hz_reg ; divisor_frecuencia:INST_DIVISOR|reloj_1hz_reg ; 0.000        ; 0.061      ; 0.636      ;
; 0.425 ; contador_unidades_segundo:INST_CONTADOR_UNIDADES|contador[1] ; contador_unidades_segundo:INST_CONTADOR_UNIDADES|contador[3] ; divisor_frecuencia:INST_DIVISOR|reloj_1hz_reg ; divisor_frecuencia:INST_DIVISOR|reloj_1hz_reg ; 0.000        ; 0.061      ; 0.643      ;
; 0.583 ; contador_unidades_segundo:INST_CONTADOR_UNIDADES|contador[0] ; contador_unidades_segundo:INST_CONTADOR_UNIDADES|contador[2] ; divisor_frecuencia:INST_DIVISOR|reloj_1hz_reg ; divisor_frecuencia:INST_DIVISOR|reloj_1hz_reg ; 0.000        ; 0.060      ; 0.800      ;
; 0.594 ; control_temporizador:INST_CONTROL|estado                     ; contador_unidades_segundo:INST_CONTADOR_UNIDADES|contador[2] ; clk_50                                        ; divisor_frecuencia:INST_DIVISOR|reloj_1hz_reg ; -0.500       ; 0.661      ; 0.942      ;
; 0.602 ; contador_unidades_segundo:INST_CONTADOR_UNIDADES|contador[0] ; contador_unidades_segundo:INST_CONTADOR_UNIDADES|contador[3] ; divisor_frecuencia:INST_DIVISOR|reloj_1hz_reg ; divisor_frecuencia:INST_DIVISOR|reloj_1hz_reg ; 0.000        ; 0.061      ; 0.820      ;
; 0.656 ; contador_unidades_segundo:INST_CONTADOR_UNIDADES|contador[3] ; contador_unidades_segundo:INST_CONTADOR_UNIDADES|contador[1] ; divisor_frecuencia:INST_DIVISOR|reloj_1hz_reg ; divisor_frecuencia:INST_DIVISOR|reloj_1hz_reg ; 0.000        ; 0.061      ; 0.874      ;
; 0.737 ; contador_unidades_segundo:INST_CONTADOR_UNIDADES|contador[1] ; contador_unidades_segundo:INST_CONTADOR_UNIDADES|contador[2] ; divisor_frecuencia:INST_DIVISOR|reloj_1hz_reg ; divisor_frecuencia:INST_DIVISOR|reloj_1hz_reg ; 0.000        ; 0.060      ; 0.954      ;
; 0.764 ; control_temporizador:INST_CONTROL|estado                     ; contador_minutos:INST_CONTADOR_MINUTOS|contador[0]           ; clk_50                                        ; divisor_frecuencia:INST_DIVISOR|reloj_1hz_reg ; -0.500       ; 0.661      ; 1.112      ;
; 0.776 ; contador_decenas_segundo:INST_CONTADOR_DECENAS|contador[1]   ; contador_decenas_segundo:INST_CONTADOR_DECENAS|contador[2]   ; divisor_frecuencia:INST_DIVISOR|reloj_1hz_reg ; divisor_frecuencia:INST_DIVISOR|reloj_1hz_reg ; 0.000        ; 0.062      ; 0.995      ;
; 0.812 ; contador_decenas_segundo:INST_CONTADOR_DECENAS|contador[0]   ; contador_decenas_segundo:INST_CONTADOR_DECENAS|contador[1]   ; divisor_frecuencia:INST_DIVISOR|reloj_1hz_reg ; divisor_frecuencia:INST_DIVISOR|reloj_1hz_reg ; 0.000        ; 0.062      ; 1.031      ;
; 0.814 ; contador_decenas_segundo:INST_CONTADOR_DECENAS|contador[0]   ; contador_decenas_segundo:INST_CONTADOR_DECENAS|contador[2]   ; divisor_frecuencia:INST_DIVISOR|reloj_1hz_reg ; divisor_frecuencia:INST_DIVISOR|reloj_1hz_reg ; 0.000        ; 0.062      ; 1.033      ;
; 0.832 ; contador_decenas_segundo:INST_CONTADOR_DECENAS|contador[2]   ; contador_decenas_segundo:INST_CONTADOR_DECENAS|contador[1]   ; divisor_frecuencia:INST_DIVISOR|reloj_1hz_reg ; divisor_frecuencia:INST_DIVISOR|reloj_1hz_reg ; 0.000        ; 0.062      ; 1.051      ;
; 0.854 ; contador_decenas_segundo:INST_CONTADOR_DECENAS|contador[0]   ; contador_minutos:INST_CONTADOR_MINUTOS|contador[0]           ; divisor_frecuencia:INST_DIVISOR|reloj_1hz_reg ; divisor_frecuencia:INST_DIVISOR|reloj_1hz_reg ; 0.000        ; 0.062      ; 1.073      ;
; 0.887 ; control_temporizador:INST_CONTROL|estado                     ; contador_minutos:INST_CONTADOR_MINUTOS|contador[2]           ; clk_50                                        ; divisor_frecuencia:INST_DIVISOR|reloj_1hz_reg ; -0.500       ; 0.661      ; 1.235      ;
; 0.888 ; control_temporizador:INST_CONTROL|estado                     ; contador_minutos:INST_CONTADOR_MINUTOS|contador[3]           ; clk_50                                        ; divisor_frecuencia:INST_DIVISOR|reloj_1hz_reg ; -0.500       ; 0.661      ; 1.236      ;
; 0.889 ; control_temporizador:INST_CONTROL|estado                     ; contador_minutos:INST_CONTADOR_MINUTOS|contador[1]           ; clk_50                                        ; divisor_frecuencia:INST_DIVISOR|reloj_1hz_reg ; -0.500       ; 0.661      ; 1.237      ;
; 0.941 ; control_temporizador:INST_CONTROL|estado                     ; contador_unidades_segundo:INST_CONTADOR_UNIDADES|contador[1] ; clk_50                                        ; divisor_frecuencia:INST_DIVISOR|reloj_1hz_reg ; -0.500       ; 0.662      ; 1.290      ;
; 0.941 ; control_temporizador:INST_CONTROL|estado                     ; contador_unidades_segundo:INST_CONTADOR_UNIDADES|contador[3] ; clk_50                                        ; divisor_frecuencia:INST_DIVISOR|reloj_1hz_reg ; -0.500       ; 0.662      ; 1.290      ;
; 0.941 ; control_temporizador:INST_CONTROL|estado                     ; contador_unidades_segundo:INST_CONTADOR_UNIDADES|contador[0] ; clk_50                                        ; divisor_frecuencia:INST_DIVISOR|reloj_1hz_reg ; -0.500       ; 0.662      ; 1.290      ;
; 0.958 ; contador_decenas_segundo:INST_CONTADOR_DECENAS|contador[2]   ; contador_minutos:INST_CONTADOR_MINUTOS|contador[0]           ; divisor_frecuencia:INST_DIVISOR|reloj_1hz_reg ; divisor_frecuencia:INST_DIVISOR|reloj_1hz_reg ; 0.000        ; 0.062      ; 1.177      ;
; 1.029 ; contador_unidades_segundo:INST_CONTADOR_UNIDADES|contador[2] ; contador_unidades_segundo:INST_CONTADOR_UNIDADES|contador[1] ; divisor_frecuencia:INST_DIVISOR|reloj_1hz_reg ; divisor_frecuencia:INST_DIVISOR|reloj_1hz_reg ; 0.000        ; 0.062      ; 1.248      ;
; 1.035 ; contador_minutos:INST_CONTADOR_MINUTOS|contador[0]           ; contador_minutos:INST_CONTADOR_MINUTOS|contador[2]           ; divisor_frecuencia:INST_DIVISOR|reloj_1hz_reg ; divisor_frecuencia:INST_DIVISOR|reloj_1hz_reg ; 0.000        ; 0.061      ; 1.253      ;
; 1.036 ; contador_unidades_segundo:INST_CONTADOR_UNIDADES|contador[2] ; contador_unidades_segundo:INST_CONTADOR_UNIDADES|contador[3] ; divisor_frecuencia:INST_DIVISOR|reloj_1hz_reg ; divisor_frecuencia:INST_DIVISOR|reloj_1hz_reg ; 0.000        ; 0.062      ; 1.255      ;
; 1.036 ; contador_minutos:INST_CONTADOR_MINUTOS|contador[0]           ; contador_minutos:INST_CONTADOR_MINUTOS|contador[3]           ; divisor_frecuencia:INST_DIVISOR|reloj_1hz_reg ; divisor_frecuencia:INST_DIVISOR|reloj_1hz_reg ; 0.000        ; 0.061      ; 1.254      ;
; 1.037 ; contador_minutos:INST_CONTADOR_MINUTOS|contador[0]           ; contador_minutos:INST_CONTADOR_MINUTOS|contador[1]           ; divisor_frecuencia:INST_DIVISOR|reloj_1hz_reg ; divisor_frecuencia:INST_DIVISOR|reloj_1hz_reg ; 0.000        ; 0.061      ; 1.255      ;
; 1.039 ; contador_minutos:INST_CONTADOR_MINUTOS|contador[1]           ; contador_minutos:INST_CONTADOR_MINUTOS|contador[0]           ; divisor_frecuencia:INST_DIVISOR|reloj_1hz_reg ; divisor_frecuencia:INST_DIVISOR|reloj_1hz_reg ; 0.000        ; 0.061      ; 1.257      ;
; 1.064 ; contador_decenas_segundo:INST_CONTADOR_DECENAS|contador[1]   ; contador_minutos:INST_CONTADOR_MINUTOS|contador[0]           ; divisor_frecuencia:INST_DIVISOR|reloj_1hz_reg ; divisor_frecuencia:INST_DIVISOR|reloj_1hz_reg ; 0.000        ; 0.062      ; 1.283      ;
; 1.133 ; contador_minutos:INST_CONTADOR_MINUTOS|contador[2]           ; contador_minutos:INST_CONTADOR_MINUTOS|contador[3]           ; divisor_frecuencia:INST_DIVISOR|reloj_1hz_reg ; divisor_frecuencia:INST_DIVISOR|reloj_1hz_reg ; 0.000        ; 0.061      ; 1.351      ;
; 1.155 ; contador_minutos:INST_CONTADOR_MINUTOS|contador[3]           ; contador_minutos:INST_CONTADOR_MINUTOS|contador[0]           ; divisor_frecuencia:INST_DIVISOR|reloj_1hz_reg ; divisor_frecuencia:INST_DIVISOR|reloj_1hz_reg ; 0.000        ; 0.061      ; 1.373      ;
; 1.172 ; contador_minutos:INST_CONTADOR_MINUTOS|contador[1]           ; contador_minutos:INST_CONTADOR_MINUTOS|contador[2]           ; divisor_frecuencia:INST_DIVISOR|reloj_1hz_reg ; divisor_frecuencia:INST_DIVISOR|reloj_1hz_reg ; 0.000        ; 0.061      ; 1.390      ;
; 1.173 ; contador_minutos:INST_CONTADOR_MINUTOS|contador[1]           ; contador_minutos:INST_CONTADOR_MINUTOS|contador[3]           ; divisor_frecuencia:INST_DIVISOR|reloj_1hz_reg ; divisor_frecuencia:INST_DIVISOR|reloj_1hz_reg ; 0.000        ; 0.061      ; 1.391      ;
; 1.259 ; control_temporizador:INST_CONTROL|estado                     ; contador_decenas_segundo:INST_CONTADOR_DECENAS|contador[0]   ; clk_50                                        ; divisor_frecuencia:INST_DIVISOR|reloj_1hz_reg ; -0.500       ; 0.661      ; 1.607      ;
; 1.259 ; control_temporizador:INST_CONTROL|estado                     ; contador_decenas_segundo:INST_CONTADOR_DECENAS|contador[2]   ; clk_50                                        ; divisor_frecuencia:INST_DIVISOR|reloj_1hz_reg ; -0.500       ; 0.661      ; 1.607      ;
; 1.259 ; control_temporizador:INST_CONTROL|estado                     ; contador_decenas_segundo:INST_CONTADOR_DECENAS|contador[1]   ; clk_50                                        ; divisor_frecuencia:INST_DIVISOR|reloj_1hz_reg ; -0.500       ; 0.661      ; 1.607      ;
; 1.346 ; contador_minutos:INST_CONTADOR_MINUTOS|contador[2]           ; contador_minutos:INST_CONTADOR_MINUTOS|contador[0]           ; divisor_frecuencia:INST_DIVISOR|reloj_1hz_reg ; divisor_frecuencia:INST_DIVISOR|reloj_1hz_reg ; 0.000        ; 0.061      ; 1.564      ;
; 1.353 ; contador_decenas_segundo:INST_CONTADOR_DECENAS|contador[0]   ; contador_minutos:INST_CONTADOR_MINUTOS|contador[2]           ; divisor_frecuencia:INST_DIVISOR|reloj_1hz_reg ; divisor_frecuencia:INST_DIVISOR|reloj_1hz_reg ; 0.000        ; 0.062      ; 1.572      ;
; 1.354 ; contador_decenas_segundo:INST_CONTADOR_DECENAS|contador[0]   ; contador_minutos:INST_CONTADOR_MINUTOS|contador[3]           ; divisor_frecuencia:INST_DIVISOR|reloj_1hz_reg ; divisor_frecuencia:INST_DIVISOR|reloj_1hz_reg ; 0.000        ; 0.062      ; 1.573      ;
; 1.355 ; contador_decenas_segundo:INST_CONTADOR_DECENAS|contador[0]   ; contador_minutos:INST_CONTADOR_MINUTOS|contador[1]           ; divisor_frecuencia:INST_DIVISOR|reloj_1hz_reg ; divisor_frecuencia:INST_DIVISOR|reloj_1hz_reg ; 0.000        ; 0.062      ; 1.574      ;
; 1.373 ; contador_minutos:INST_CONTADOR_MINUTOS|contador[3]           ; contador_minutos:INST_CONTADOR_MINUTOS|contador[2]           ; divisor_frecuencia:INST_DIVISOR|reloj_1hz_reg ; divisor_frecuencia:INST_DIVISOR|reloj_1hz_reg ; 0.000        ; 0.061      ; 1.591      ;
; 1.376 ; contador_minutos:INST_CONTADOR_MINUTOS|contador[3]           ; contador_minutos:INST_CONTADOR_MINUTOS|contador[1]           ; divisor_frecuencia:INST_DIVISOR|reloj_1hz_reg ; divisor_frecuencia:INST_DIVISOR|reloj_1hz_reg ; 0.000        ; 0.061      ; 1.594      ;
; 1.457 ; contador_decenas_segundo:INST_CONTADOR_DECENAS|contador[2]   ; contador_minutos:INST_CONTADOR_MINUTOS|contador[2]           ; divisor_frecuencia:INST_DIVISOR|reloj_1hz_reg ; divisor_frecuencia:INST_DIVISOR|reloj_1hz_reg ; 0.000        ; 0.062      ; 1.676      ;
; 1.458 ; contador_decenas_segundo:INST_CONTADOR_DECENAS|contador[2]   ; contador_minutos:INST_CONTADOR_MINUTOS|contador[3]           ; divisor_frecuencia:INST_DIVISOR|reloj_1hz_reg ; divisor_frecuencia:INST_DIVISOR|reloj_1hz_reg ; 0.000        ; 0.062      ; 1.677      ;
; 1.459 ; contador_decenas_segundo:INST_CONTADOR_DECENAS|contador[2]   ; contador_minutos:INST_CONTADOR_MINUTOS|contador[1]           ; divisor_frecuencia:INST_DIVISOR|reloj_1hz_reg ; divisor_frecuencia:INST_DIVISOR|reloj_1hz_reg ; 0.000        ; 0.062      ; 1.678      ;
; 1.489 ; contador_unidades_segundo:INST_CONTADOR_UNIDADES|contador[0] ; contador_minutos:INST_CONTADOR_MINUTOS|contador[0]           ; divisor_frecuencia:INST_DIVISOR|reloj_1hz_reg ; divisor_frecuencia:INST_DIVISOR|reloj_1hz_reg ; 0.000        ; 0.060      ; 1.706      ;
; 1.559 ; contador_unidades_segundo:INST_CONTADOR_UNIDADES|contador[3] ; contador_minutos:INST_CONTADOR_MINUTOS|contador[0]           ; divisor_frecuencia:INST_DIVISOR|reloj_1hz_reg ; divisor_frecuencia:INST_DIVISOR|reloj_1hz_reg ; 0.000        ; 0.060      ; 1.776      ;
; 1.567 ; contador_minutos:INST_CONTADOR_MINUTOS|contador[2]           ; contador_minutos:INST_CONTADOR_MINUTOS|contador[1]           ; divisor_frecuencia:INST_DIVISOR|reloj_1hz_reg ; divisor_frecuencia:INST_DIVISOR|reloj_1hz_reg ; 0.000        ; 0.061      ; 1.785      ;
; 1.596 ; contador_unidades_segundo:INST_CONTADOR_UNIDADES|contador[2] ; contador_minutos:INST_CONTADOR_MINUTOS|contador[0]           ; divisor_frecuencia:INST_DIVISOR|reloj_1hz_reg ; divisor_frecuencia:INST_DIVISOR|reloj_1hz_reg ; 0.000        ; 0.061      ; 1.814      ;
; 1.609 ; contador_decenas_segundo:INST_CONTADOR_DECENAS|contador[1]   ; contador_minutos:INST_CONTADOR_MINUTOS|contador[2]           ; divisor_frecuencia:INST_DIVISOR|reloj_1hz_reg ; divisor_frecuencia:INST_DIVISOR|reloj_1hz_reg ; 0.000        ; 0.062      ; 1.828      ;
; 1.611 ; contador_decenas_segundo:INST_CONTADOR_DECENAS|contador[1]   ; contador_minutos:INST_CONTADOR_MINUTOS|contador[3]           ; divisor_frecuencia:INST_DIVISOR|reloj_1hz_reg ; divisor_frecuencia:INST_DIVISOR|reloj_1hz_reg ; 0.000        ; 0.062      ; 1.830      ;
; 1.612 ; contador_unidades_segundo:INST_CONTADOR_UNIDADES|contador[0] ; contador_minutos:INST_CONTADOR_MINUTOS|contador[2]           ; divisor_frecuencia:INST_DIVISOR|reloj_1hz_reg ; divisor_frecuencia:INST_DIVISOR|reloj_1hz_reg ; 0.000        ; 0.060      ; 1.829      ;
; 1.612 ; contador_decenas_segundo:INST_CONTADOR_DECENAS|contador[1]   ; contador_minutos:INST_CONTADOR_MINUTOS|contador[1]           ; divisor_frecuencia:INST_DIVISOR|reloj_1hz_reg ; divisor_frecuencia:INST_DIVISOR|reloj_1hz_reg ; 0.000        ; 0.062      ; 1.831      ;
; 1.613 ; contador_unidades_segundo:INST_CONTADOR_UNIDADES|contador[0] ; contador_minutos:INST_CONTADOR_MINUTOS|contador[3]           ; divisor_frecuencia:INST_DIVISOR|reloj_1hz_reg ; divisor_frecuencia:INST_DIVISOR|reloj_1hz_reg ; 0.000        ; 0.060      ; 1.830      ;
; 1.614 ; contador_unidades_segundo:INST_CONTADOR_UNIDADES|contador[0] ; contador_minutos:INST_CONTADOR_MINUTOS|contador[1]           ; divisor_frecuencia:INST_DIVISOR|reloj_1hz_reg ; divisor_frecuencia:INST_DIVISOR|reloj_1hz_reg ; 0.000        ; 0.060      ; 1.831      ;
; 1.682 ; contador_unidades_segundo:INST_CONTADOR_UNIDADES|contador[3] ; contador_minutos:INST_CONTADOR_MINUTOS|contador[2]           ; divisor_frecuencia:INST_DIVISOR|reloj_1hz_reg ; divisor_frecuencia:INST_DIVISOR|reloj_1hz_reg ; 0.000        ; 0.060      ; 1.899      ;
; 1.683 ; contador_unidades_segundo:INST_CONTADOR_UNIDADES|contador[3] ; contador_minutos:INST_CONTADOR_MINUTOS|contador[3]           ; divisor_frecuencia:INST_DIVISOR|reloj_1hz_reg ; divisor_frecuencia:INST_DIVISOR|reloj_1hz_reg ; 0.000        ; 0.060      ; 1.900      ;
; 1.684 ; contador_unidades_segundo:INST_CONTADOR_UNIDADES|contador[3] ; contador_minutos:INST_CONTADOR_MINUTOS|contador[1]           ; divisor_frecuencia:INST_DIVISOR|reloj_1hz_reg ; divisor_frecuencia:INST_DIVISOR|reloj_1hz_reg ; 0.000        ; 0.060      ; 1.901      ;
; 1.691 ; contador_unidades_segundo:INST_CONTADOR_UNIDADES|contador[2] ; contador_minutos:INST_CONTADOR_MINUTOS|contador[2]           ; divisor_frecuencia:INST_DIVISOR|reloj_1hz_reg ; divisor_frecuencia:INST_DIVISOR|reloj_1hz_reg ; 0.000        ; 0.061      ; 1.909      ;
; 1.693 ; contador_unidades_segundo:INST_CONTADOR_UNIDADES|contador[2] ; contador_minutos:INST_CONTADOR_MINUTOS|contador[3]           ; divisor_frecuencia:INST_DIVISOR|reloj_1hz_reg ; divisor_frecuencia:INST_DIVISOR|reloj_1hz_reg ; 0.000        ; 0.061      ; 1.911      ;
; 1.694 ; contador_unidades_segundo:INST_CONTADOR_UNIDADES|contador[2] ; contador_minutos:INST_CONTADOR_MINUTOS|contador[1]           ; divisor_frecuencia:INST_DIVISOR|reloj_1hz_reg ; divisor_frecuencia:INST_DIVISOR|reloj_1hz_reg ; 0.000        ; 0.061      ; 1.912      ;
; 1.717 ; contador_unidades_segundo:INST_CONTADOR_UNIDADES|contador[1] ; contador_minutos:INST_CONTADOR_MINUTOS|contador[0]           ; divisor_frecuencia:INST_DIVISOR|reloj_1hz_reg ; divisor_frecuencia:INST_DIVISOR|reloj_1hz_reg ; 0.000        ; 0.060      ; 1.934      ;
; 1.840 ; contador_unidades_segundo:INST_CONTADOR_UNIDADES|contador[1] ; contador_minutos:INST_CONTADOR_MINUTOS|contador[2]           ; divisor_frecuencia:INST_DIVISOR|reloj_1hz_reg ; divisor_frecuencia:INST_DIVISOR|reloj_1hz_reg ; 0.000        ; 0.060      ; 2.057      ;
; 1.841 ; contador_unidades_segundo:INST_CONTADOR_UNIDADES|contador[1] ; contador_minutos:INST_CONTADOR_MINUTOS|contador[3]           ; divisor_frecuencia:INST_DIVISOR|reloj_1hz_reg ; divisor_frecuencia:INST_DIVISOR|reloj_1hz_reg ; 0.000        ; 0.060      ; 2.058      ;
; 1.842 ; contador_unidades_segundo:INST_CONTADOR_UNIDADES|contador[1] ; contador_minutos:INST_CONTADOR_MINUTOS|contador[1]           ; divisor_frecuencia:INST_DIVISOR|reloj_1hz_reg ; divisor_frecuencia:INST_DIVISOR|reloj_1hz_reg ; 0.000        ; 0.060      ; 2.059      ;
; 1.984 ; contador_unidades_segundo:INST_CONTADOR_UNIDADES|contador[0] ; contador_decenas_segundo:INST_CONTADOR_DECENAS|contador[1]   ; divisor_frecuencia:INST_DIVISOR|reloj_1hz_reg ; divisor_frecuencia:INST_DIVISOR|reloj_1hz_reg ; 0.000        ; 0.060      ; 2.201      ;
; 1.984 ; contador_unidades_segundo:INST_CONTADOR_UNIDADES|contador[0] ; contador_decenas_segundo:INST_CONTADOR_DECENAS|contador[2]   ; divisor_frecuencia:INST_DIVISOR|reloj_1hz_reg ; divisor_frecuencia:INST_DIVISOR|reloj_1hz_reg ; 0.000        ; 0.060      ; 2.201      ;
; 1.984 ; contador_unidades_segundo:INST_CONTADOR_UNIDADES|contador[0] ; contador_decenas_segundo:INST_CONTADOR_DECENAS|contador[0]   ; divisor_frecuencia:INST_DIVISOR|reloj_1hz_reg ; divisor_frecuencia:INST_DIVISOR|reloj_1hz_reg ; 0.000        ; 0.060      ; 2.201      ;
; 2.031 ; contador_unidades_segundo:INST_CONTADOR_UNIDADES|contador[2] ; contador_decenas_segundo:INST_CONTADOR_DECENAS|contador[1]   ; divisor_frecuencia:INST_DIVISOR|reloj_1hz_reg ; divisor_frecuencia:INST_DIVISOR|reloj_1hz_reg ; 0.000        ; 0.061      ; 2.249      ;
; 2.031 ; contador_unidades_segundo:INST_CONTADOR_UNIDADES|contador[2] ; contador_decenas_segundo:INST_CONTADOR_DECENAS|contador[2]   ; divisor_frecuencia:INST_DIVISOR|reloj_1hz_reg ; divisor_frecuencia:INST_DIVISOR|reloj_1hz_reg ; 0.000        ; 0.061      ; 2.249      ;
; 2.031 ; contador_unidades_segundo:INST_CONTADOR_UNIDADES|contador[2] ; contador_decenas_segundo:INST_CONTADOR_DECENAS|contador[0]   ; divisor_frecuencia:INST_DIVISOR|reloj_1hz_reg ; divisor_frecuencia:INST_DIVISOR|reloj_1hz_reg ; 0.000        ; 0.061      ; 2.249      ;
; 2.054 ; contador_unidades_segundo:INST_CONTADOR_UNIDADES|contador[3] ; contador_decenas_segundo:INST_CONTADOR_DECENAS|contador[1]   ; divisor_frecuencia:INST_DIVISOR|reloj_1hz_reg ; divisor_frecuencia:INST_DIVISOR|reloj_1hz_reg ; 0.000        ; 0.060      ; 2.271      ;
; 2.054 ; contador_unidades_segundo:INST_CONTADOR_UNIDADES|contador[3] ; contador_decenas_segundo:INST_CONTADOR_DECENAS|contador[2]   ; divisor_frecuencia:INST_DIVISOR|reloj_1hz_reg ; divisor_frecuencia:INST_DIVISOR|reloj_1hz_reg ; 0.000        ; 0.060      ; 2.271      ;
; 2.054 ; contador_unidades_segundo:INST_CONTADOR_UNIDADES|contador[3] ; contador_decenas_segundo:INST_CONTADOR_DECENAS|contador[0]   ; divisor_frecuencia:INST_DIVISOR|reloj_1hz_reg ; divisor_frecuencia:INST_DIVISOR|reloj_1hz_reg ; 0.000        ; 0.060      ; 2.271      ;
; 2.186 ; contador_unidades_segundo:INST_CONTADOR_UNIDADES|contador[1] ; contador_decenas_segundo:INST_CONTADOR_DECENAS|contador[1]   ; divisor_frecuencia:INST_DIVISOR|reloj_1hz_reg ; divisor_frecuencia:INST_DIVISOR|reloj_1hz_reg ; 0.000        ; 0.060      ; 2.403      ;
; 2.186 ; contador_unidades_segundo:INST_CONTADOR_UNIDADES|contador[1] ; contador_decenas_segundo:INST_CONTADOR_DECENAS|contador[2]   ; divisor_frecuencia:INST_DIVISOR|reloj_1hz_reg ; divisor_frecuencia:INST_DIVISOR|reloj_1hz_reg ; 0.000        ; 0.060      ; 2.403      ;
; 2.186 ; contador_unidades_segundo:INST_CONTADOR_UNIDADES|contador[1] ; contador_decenas_segundo:INST_CONTADOR_DECENAS|contador[0]   ; divisor_frecuencia:INST_DIVISOR|reloj_1hz_reg ; divisor_frecuencia:INST_DIVISOR|reloj_1hz_reg ; 0.000        ; 0.060      ; 2.403      ;
+-------+--------------------------------------------------------------+--------------------------------------------------------------+-----------------------------------------------+-----------------------------------------------+--------------+------------+------------+


+---------------------------------------------------------------------------------------------------------------------------------------+
; Slow 1200mV 85C Model Minimum Pulse Width: 'clk_50'                                                                                   ;
+--------+--------------+----------------+------------------+--------+------------+-----------------------------------------------------+
; Slack  ; Actual Width ; Required Width ; Type             ; Clock  ; Clock Edge ; Target                                              ;
+--------+--------------+----------------+------------------+--------+------------+-----------------------------------------------------+
; -3.000 ; 1.000        ; 4.000          ; Port Rate        ; clk_50 ; Rise       ; clk_50                                              ;
; -1.000 ; 1.000        ; 2.000          ; Min Period       ; clk_50 ; Rise       ; control_temporizador:INST_CONTROL|estado            ;
; -1.000 ; 1.000        ; 2.000          ; Min Period       ; clk_50 ; Rise       ; control_temporizador:INST_CONTROL|inicio_anterior   ;
; -1.000 ; 1.000        ; 2.000          ; Min Period       ; clk_50 ; Rise       ; control_temporizador:INST_CONTROL|parar_anterior    ;
; -1.000 ; 1.000        ; 2.000          ; Min Period       ; clk_50 ; Rise       ; divisor_frecuencia:INST_DIVISOR|contador_ciclos[0]  ;
; -1.000 ; 1.000        ; 2.000          ; Min Period       ; clk_50 ; Rise       ; divisor_frecuencia:INST_DIVISOR|contador_ciclos[10] ;
; -1.000 ; 1.000        ; 2.000          ; Min Period       ; clk_50 ; Rise       ; divisor_frecuencia:INST_DIVISOR|contador_ciclos[11] ;
; -1.000 ; 1.000        ; 2.000          ; Min Period       ; clk_50 ; Rise       ; divisor_frecuencia:INST_DIVISOR|contador_ciclos[12] ;
; -1.000 ; 1.000        ; 2.000          ; Min Period       ; clk_50 ; Rise       ; divisor_frecuencia:INST_DIVISOR|contador_ciclos[13] ;
; -1.000 ; 1.000        ; 2.000          ; Min Period       ; clk_50 ; Rise       ; divisor_frecuencia:INST_DIVISOR|contador_ciclos[14] ;
; -1.000 ; 1.000        ; 2.000          ; Min Period       ; clk_50 ; Rise       ; divisor_frecuencia:INST_DIVISOR|contador_ciclos[15] ;
; -1.000 ; 1.000        ; 2.000          ; Min Period       ; clk_50 ; Rise       ; divisor_frecuencia:INST_DIVISOR|contador_ciclos[16] ;
; -1.000 ; 1.000        ; 2.000          ; Min Period       ; clk_50 ; Rise       ; divisor_frecuencia:INST_DIVISOR|contador_ciclos[17] ;
; -1.000 ; 1.000        ; 2.000          ; Min Period       ; clk_50 ; Rise       ; divisor_frecuencia:INST_DIVISOR|contador_ciclos[18] ;
; -1.000 ; 1.000        ; 2.000          ; Min Period       ; clk_50 ; Rise       ; divisor_frecuencia:INST_DIVISOR|contador_ciclos[19] ;
; -1.000 ; 1.000        ; 2.000          ; Min Period       ; clk_50 ; Rise       ; divisor_frecuencia:INST_DIVISOR|contador_ciclos[1]  ;
; -1.000 ; 1.000        ; 2.000          ; Min Period       ; clk_50 ; Rise       ; divisor_frecuencia:INST_DIVISOR|contador_ciclos[20] ;
; -1.000 ; 1.000        ; 2.000          ; Min Period       ; clk_50 ; Rise       ; divisor_frecuencia:INST_DIVISOR|contador_ciclos[21] ;
; -1.000 ; 1.000        ; 2.000          ; Min Period       ; clk_50 ; Rise       ; divisor_frecuencia:INST_DIVISOR|contador_ciclos[22] ;
; -1.000 ; 1.000        ; 2.000          ; Min Period       ; clk_50 ; Rise       ; divisor_frecuencia:INST_DIVISOR|contador_ciclos[23] ;
; -1.000 ; 1.000        ; 2.000          ; Min Period       ; clk_50 ; Rise       ; divisor_frecuencia:INST_DIVISOR|contador_ciclos[24] ;
; -1.000 ; 1.000        ; 2.000          ; Min Period       ; clk_50 ; Rise       ; divisor_frecuencia:INST_DIVISOR|contador_ciclos[25] ;
; -1.000 ; 1.000        ; 2.000          ; Min Period       ; clk_50 ; Rise       ; divisor_frecuencia:INST_DIVISOR|contador_ciclos[2]  ;
; -1.000 ; 1.000        ; 2.000          ; Min Period       ; clk_50 ; Rise       ; divisor_frecuencia:INST_DIVISOR|contador_ciclos[3]  ;
; -1.000 ; 1.000        ; 2.000          ; Min Period       ; clk_50 ; Rise       ; divisor_frecuencia:INST_DIVISOR|contador_ciclos[4]  ;
; -1.000 ; 1.000        ; 2.000          ; Min Period       ; clk_50 ; Rise       ; divisor_frecuencia:INST_DIVISOR|contador_ciclos[5]  ;
; -1.000 ; 1.000        ; 2.000          ; Min Period       ; clk_50 ; Rise       ; divisor_frecuencia:INST_DIVISOR|contador_ciclos[6]  ;
; -1.000 ; 1.000        ; 2.000          ; Min Period       ; clk_50 ; Rise       ; divisor_frecuencia:INST_DIVISOR|contador_ciclos[7]  ;
; -1.000 ; 1.000        ; 2.000          ; Min Period       ; clk_50 ; Rise       ; divisor_frecuencia:INST_DIVISOR|contador_ciclos[8]  ;
; -1.000 ; 1.000        ; 2.000          ; Min Period       ; clk_50 ; Rise       ; divisor_frecuencia:INST_DIVISOR|contador_ciclos[9]  ;
; -1.000 ; 1.000        ; 2.000          ; Min Period       ; clk_50 ; Rise       ; divisor_frecuencia:INST_DIVISOR|reloj_1hz_reg       ;
; 0.188  ; 0.372        ; 0.184          ; Low Pulse Width  ; clk_50 ; Rise       ; divisor_frecuencia:INST_DIVISOR|contador_ciclos[11] ;
; 0.188  ; 0.372        ; 0.184          ; Low Pulse Width  ; clk_50 ; Rise       ; divisor_frecuencia:INST_DIVISOR|contador_ciclos[13] ;
; 0.188  ; 0.372        ; 0.184          ; Low Pulse Width  ; clk_50 ; Rise       ; divisor_frecuencia:INST_DIVISOR|contador_ciclos[14] ;
; 0.188  ; 0.372        ; 0.184          ; Low Pulse Width  ; clk_50 ; Rise       ; divisor_frecuencia:INST_DIVISOR|contador_ciclos[15] ;
; 0.188  ; 0.372        ; 0.184          ; Low Pulse Width  ; clk_50 ; Rise       ; divisor_frecuencia:INST_DIVISOR|contador_ciclos[16] ;
; 0.188  ; 0.372        ; 0.184          ; Low Pulse Width  ; clk_50 ; Rise       ; divisor_frecuencia:INST_DIVISOR|contador_ciclos[17] ;
; 0.188  ; 0.372        ; 0.184          ; Low Pulse Width  ; clk_50 ; Rise       ; divisor_frecuencia:INST_DIVISOR|contador_ciclos[18] ;
; 0.188  ; 0.372        ; 0.184          ; Low Pulse Width  ; clk_50 ; Rise       ; divisor_frecuencia:INST_DIVISOR|contador_ciclos[19] ;
; 0.188  ; 0.372        ; 0.184          ; Low Pulse Width  ; clk_50 ; Rise       ; divisor_frecuencia:INST_DIVISOR|contador_ciclos[20] ;
; 0.188  ; 0.372        ; 0.184          ; Low Pulse Width  ; clk_50 ; Rise       ; divisor_frecuencia:INST_DIVISOR|contador_ciclos[21] ;
; 0.188  ; 0.372        ; 0.184          ; Low Pulse Width  ; clk_50 ; Rise       ; divisor_frecuencia:INST_DIVISOR|contador_ciclos[22] ;
; 0.188  ; 0.372        ; 0.184          ; Low Pulse Width  ; clk_50 ; Rise       ; divisor_frecuencia:INST_DIVISOR|contador_ciclos[23] ;
; 0.188  ; 0.372        ; 0.184          ; Low Pulse Width  ; clk_50 ; Rise       ; divisor_frecuencia:INST_DIVISOR|contador_ciclos[24] ;
; 0.188  ; 0.372        ; 0.184          ; Low Pulse Width  ; clk_50 ; Rise       ; divisor_frecuencia:INST_DIVISOR|contador_ciclos[25] ;
; 0.188  ; 0.372        ; 0.184          ; Low Pulse Width  ; clk_50 ; Rise       ; divisor_frecuencia:INST_DIVISOR|reloj_1hz_reg       ;
; 0.189  ; 0.373        ; 0.184          ; Low Pulse Width  ; clk_50 ; Rise       ; divisor_frecuencia:INST_DIVISOR|contador_ciclos[0]  ;
; 0.189  ; 0.373        ; 0.184          ; Low Pulse Width  ; clk_50 ; Rise       ; divisor_frecuencia:INST_DIVISOR|contador_ciclos[10] ;
; 0.189  ; 0.373        ; 0.184          ; Low Pulse Width  ; clk_50 ; Rise       ; divisor_frecuencia:INST_DIVISOR|contador_ciclos[12] ;
; 0.189  ; 0.373        ; 0.184          ; Low Pulse Width  ; clk_50 ; Rise       ; divisor_frecuencia:INST_DIVISOR|contador_ciclos[1]  ;
; 0.189  ; 0.373        ; 0.184          ; Low Pulse Width  ; clk_50 ; Rise       ; divisor_frecuencia:INST_DIVISOR|contador_ciclos[2]  ;
; 0.189  ; 0.373        ; 0.184          ; Low Pulse Width  ; clk_50 ; Rise       ; divisor_frecuencia:INST_DIVISOR|contador_ciclos[3]  ;
; 0.189  ; 0.373        ; 0.184          ; Low Pulse Width  ; clk_50 ; Rise       ; divisor_frecuencia:INST_DIVISOR|contador_ciclos[4]  ;
; 0.189  ; 0.373        ; 0.184          ; Low Pulse Width  ; clk_50 ; Rise       ; divisor_frecuencia:INST_DIVISOR|contador_ciclos[5]  ;
; 0.189  ; 0.373        ; 0.184          ; Low Pulse Width  ; clk_50 ; Rise       ; divisor_frecuencia:INST_DIVISOR|contador_ciclos[6]  ;
; 0.189  ; 0.373        ; 0.184          ; Low Pulse Width  ; clk_50 ; Rise       ; divisor_frecuencia:INST_DIVISOR|contador_ciclos[7]  ;
; 0.189  ; 0.373        ; 0.184          ; Low Pulse Width  ; clk_50 ; Rise       ; divisor_frecuencia:INST_DIVISOR|contador_ciclos[8]  ;
; 0.189  ; 0.373        ; 0.184          ; Low Pulse Width  ; clk_50 ; Rise       ; divisor_frecuencia:INST_DIVISOR|contador_ciclos[9]  ;
; 0.190  ; 0.374        ; 0.184          ; Low Pulse Width  ; clk_50 ; Rise       ; control_temporizador:INST_CONTROL|estado            ;
; 0.190  ; 0.374        ; 0.184          ; Low Pulse Width  ; clk_50 ; Rise       ; control_temporizador:INST_CONTROL|inicio_anterior   ;
; 0.190  ; 0.374        ; 0.184          ; Low Pulse Width  ; clk_50 ; Rise       ; control_temporizador:INST_CONTROL|parar_anterior    ;
; 0.339  ; 0.339        ; 0.000          ; Low Pulse Width  ; clk_50 ; Rise       ; clk_50~input|o                                      ;
; 0.349  ; 0.349        ; 0.000          ; Low Pulse Width  ; clk_50 ; Rise       ; INST_DIVISOR|contador_ciclos[11]|clk                ;
; 0.349  ; 0.349        ; 0.000          ; Low Pulse Width  ; clk_50 ; Rise       ; INST_DIVISOR|contador_ciclos[13]|clk                ;
; 0.349  ; 0.349        ; 0.000          ; Low Pulse Width  ; clk_50 ; Rise       ; INST_DIVISOR|contador_ciclos[14]|clk                ;
; 0.349  ; 0.349        ; 0.000          ; Low Pulse Width  ; clk_50 ; Rise       ; INST_DIVISOR|contador_ciclos[15]|clk                ;
; 0.349  ; 0.349        ; 0.000          ; Low Pulse Width  ; clk_50 ; Rise       ; INST_DIVISOR|contador_ciclos[16]|clk                ;
; 0.349  ; 0.349        ; 0.000          ; Low Pulse Width  ; clk_50 ; Rise       ; INST_DIVISOR|contador_ciclos[17]|clk                ;
; 0.349  ; 0.349        ; 0.000          ; Low Pulse Width  ; clk_50 ; Rise       ; INST_DIVISOR|contador_ciclos[18]|clk                ;
; 0.349  ; 0.349        ; 0.000          ; Low Pulse Width  ; clk_50 ; Rise       ; INST_DIVISOR|contador_ciclos[19]|clk                ;
; 0.349  ; 0.349        ; 0.000          ; Low Pulse Width  ; clk_50 ; Rise       ; INST_DIVISOR|contador_ciclos[20]|clk                ;
; 0.349  ; 0.349        ; 0.000          ; Low Pulse Width  ; clk_50 ; Rise       ; INST_DIVISOR|contador_ciclos[21]|clk                ;
; 0.349  ; 0.349        ; 0.000          ; Low Pulse Width  ; clk_50 ; Rise       ; INST_DIVISOR|contador_ciclos[22]|clk                ;
; 0.349  ; 0.349        ; 0.000          ; Low Pulse Width  ; clk_50 ; Rise       ; INST_DIVISOR|contador_ciclos[23]|clk                ;
; 0.349  ; 0.349        ; 0.000          ; Low Pulse Width  ; clk_50 ; Rise       ; INST_DIVISOR|contador_ciclos[24]|clk                ;
; 0.349  ; 0.349        ; 0.000          ; Low Pulse Width  ; clk_50 ; Rise       ; INST_DIVISOR|contador_ciclos[25]|clk                ;
; 0.349  ; 0.349        ; 0.000          ; Low Pulse Width  ; clk_50 ; Rise       ; INST_DIVISOR|reloj_1hz_reg|clk                      ;
; 0.350  ; 0.350        ; 0.000          ; Low Pulse Width  ; clk_50 ; Rise       ; INST_DIVISOR|contador_ciclos[0]|clk                 ;
; 0.350  ; 0.350        ; 0.000          ; Low Pulse Width  ; clk_50 ; Rise       ; INST_DIVISOR|contador_ciclos[10]|clk                ;
; 0.350  ; 0.350        ; 0.000          ; Low Pulse Width  ; clk_50 ; Rise       ; INST_DIVISOR|contador_ciclos[12]|clk                ;
; 0.350  ; 0.350        ; 0.000          ; Low Pulse Width  ; clk_50 ; Rise       ; INST_DIVISOR|contador_ciclos[1]|clk                 ;
; 0.350  ; 0.350        ; 0.000          ; Low Pulse Width  ; clk_50 ; Rise       ; INST_DIVISOR|contador_ciclos[2]|clk                 ;
; 0.350  ; 0.350        ; 0.000          ; Low Pulse Width  ; clk_50 ; Rise       ; INST_DIVISOR|contador_ciclos[3]|clk                 ;
; 0.350  ; 0.350        ; 0.000          ; Low Pulse Width  ; clk_50 ; Rise       ; INST_DIVISOR|contador_ciclos[4]|clk                 ;
; 0.350  ; 0.350        ; 0.000          ; Low Pulse Width  ; clk_50 ; Rise       ; INST_DIVISOR|contador_ciclos[5]|clk                 ;
; 0.350  ; 0.350        ; 0.000          ; Low Pulse Width  ; clk_50 ; Rise       ; INST_DIVISOR|contador_ciclos[6]|clk                 ;
; 0.350  ; 0.350        ; 0.000          ; Low Pulse Width  ; clk_50 ; Rise       ; INST_DIVISOR|contador_ciclos[7]|clk                 ;
; 0.350  ; 0.350        ; 0.000          ; Low Pulse Width  ; clk_50 ; Rise       ; INST_DIVISOR|contador_ciclos[8]|clk                 ;
; 0.350  ; 0.350        ; 0.000          ; Low Pulse Width  ; clk_50 ; Rise       ; INST_DIVISOR|contador_ciclos[9]|clk                 ;
; 0.351  ; 0.351        ; 0.000          ; Low Pulse Width  ; clk_50 ; Rise       ; INST_CONTROL|estado|clk                             ;
; 0.351  ; 0.351        ; 0.000          ; Low Pulse Width  ; clk_50 ; Rise       ; INST_CONTROL|inicio_anterior|clk                    ;
; 0.351  ; 0.351        ; 0.000          ; Low Pulse Width  ; clk_50 ; Rise       ; INST_CONTROL|parar_anterior|clk                     ;
; 0.356  ; 0.356        ; 0.000          ; Low Pulse Width  ; clk_50 ; Rise       ; clk_50~inputclkctrl|inclk[0]                        ;
; 0.356  ; 0.356        ; 0.000          ; Low Pulse Width  ; clk_50 ; Rise       ; clk_50~inputclkctrl|outclk                          ;
; 0.409  ; 0.625        ; 0.216          ; High Pulse Width ; clk_50 ; Rise       ; control_temporizador:INST_CONTROL|estado            ;
; 0.409  ; 0.625        ; 0.216          ; High Pulse Width ; clk_50 ; Rise       ; control_temporizador:INST_CONTROL|inicio_anterior   ;
; 0.409  ; 0.625        ; 0.216          ; High Pulse Width ; clk_50 ; Rise       ; control_temporizador:INST_CONTROL|parar_anterior    ;
; 0.410  ; 0.626        ; 0.216          ; High Pulse Width ; clk_50 ; Rise       ; divisor_frecuencia:INST_DIVISOR|contador_ciclos[0]  ;
; 0.410  ; 0.626        ; 0.216          ; High Pulse Width ; clk_50 ; Rise       ; divisor_frecuencia:INST_DIVISOR|contador_ciclos[10] ;
; 0.410  ; 0.626        ; 0.216          ; High Pulse Width ; clk_50 ; Rise       ; divisor_frecuencia:INST_DIVISOR|contador_ciclos[12] ;
+--------+--------------+----------------+------------------+--------+------------+-----------------------------------------------------+


+---------------------------------------------------------------------------------------------------------------------------------------------------------------------------------------+
; Slow 1200mV 85C Model Minimum Pulse Width: 'divisor_frecuencia:INST_DIVISOR|reloj_1hz_reg'                                                                                            ;
+--------+--------------+----------------+------------------+-----------------------------------------------+------------+--------------------------------------------------------------+
; Slack  ; Actual Width ; Required Width ; Type             ; Clock                                         ; Clock Edge ; Target                                                       ;
+--------+--------------+----------------+------------------+-----------------------------------------------+------------+--------------------------------------------------------------+
; -1.000 ; 1.000        ; 2.000          ; Min Period       ; divisor_frecuencia:INST_DIVISOR|reloj_1hz_reg ; Fall       ; contador_decenas_segundo:INST_CONTADOR_DECENAS|contador[0]   ;
; -1.000 ; 1.000        ; 2.000          ; Min Period       ; divisor_frecuencia:INST_DIVISOR|reloj_1hz_reg ; Fall       ; contador_decenas_segundo:INST_CONTADOR_DECENAS|contador[1]   ;
; -1.000 ; 1.000        ; 2.000          ; Min Period       ; divisor_frecuencia:INST_DIVISOR|reloj_1hz_reg ; Fall       ; contador_decenas_segundo:INST_CONTADOR_DECENAS|contador[2]   ;
; -1.000 ; 1.000        ; 2.000          ; Min Period       ; divisor_frecuencia:INST_DIVISOR|reloj_1hz_reg ; Fall       ; contador_minutos:INST_CONTADOR_MINUTOS|contador[0]           ;
; -1.000 ; 1.000        ; 2.000          ; Min Period       ; divisor_frecuencia:INST_DIVISOR|reloj_1hz_reg ; Fall       ; contador_minutos:INST_CONTADOR_MINUTOS|contador[1]           ;
; -1.000 ; 1.000        ; 2.000          ; Min Period       ; divisor_frecuencia:INST_DIVISOR|reloj_1hz_reg ; Fall       ; contador_minutos:INST_CONTADOR_MINUTOS|contador[2]           ;
; -1.000 ; 1.000        ; 2.000          ; Min Period       ; divisor_frecuencia:INST_DIVISOR|reloj_1hz_reg ; Fall       ; contador_minutos:INST_CONTADOR_MINUTOS|contador[3]           ;
; -1.000 ; 1.000        ; 2.000          ; Min Period       ; divisor_frecuencia:INST_DIVISOR|reloj_1hz_reg ; Fall       ; contador_unidades_segundo:INST_CONTADOR_UNIDADES|contador[0] ;
; -1.000 ; 1.000        ; 2.000          ; Min Period       ; divisor_frecuencia:INST_DIVISOR|reloj_1hz_reg ; Fall       ; contador_unidades_segundo:INST_CONTADOR_UNIDADES|contador[1] ;
; -1.000 ; 1.000        ; 2.000          ; Min Period       ; divisor_frecuencia:INST_DIVISOR|reloj_1hz_reg ; Fall       ; contador_unidades_segundo:INST_CONTADOR_UNIDADES|contador[2] ;
; -1.000 ; 1.000        ; 2.000          ; Min Period       ; divisor_frecuencia:INST_DIVISOR|reloj_1hz_reg ; Fall       ; contador_unidades_segundo:INST_CONTADOR_UNIDADES|contador[3] ;
; 0.188  ; 0.404        ; 0.216          ; High Pulse Width ; divisor_frecuencia:INST_DIVISOR|reloj_1hz_reg ; Fall       ; contador_decenas_segundo:INST_CONTADOR_DECENAS|contador[0]   ;
; 0.188  ; 0.404        ; 0.216          ; High Pulse Width ; divisor_frecuencia:INST_DIVISOR|reloj_1hz_reg ; Fall       ; contador_decenas_segundo:INST_CONTADOR_DECENAS|contador[1]   ;
; 0.188  ; 0.404        ; 0.216          ; High Pulse Width ; divisor_frecuencia:INST_DIVISOR|reloj_1hz_reg ; Fall       ; contador_decenas_segundo:INST_CONTADOR_DECENAS|contador[2]   ;
; 0.188  ; 0.404        ; 0.216          ; High Pulse Width ; divisor_frecuencia:INST_DIVISOR|reloj_1hz_reg ; Fall       ; contador_minutos:INST_CONTADOR_MINUTOS|contador[0]           ;
; 0.188  ; 0.404        ; 0.216          ; High Pulse Width ; divisor_frecuencia:INST_DIVISOR|reloj_1hz_reg ; Fall       ; contador_minutos:INST_CONTADOR_MINUTOS|contador[1]           ;
; 0.188  ; 0.404        ; 0.216          ; High Pulse Width ; divisor_frecuencia:INST_DIVISOR|reloj_1hz_reg ; Fall       ; contador_minutos:INST_CONTADOR_MINUTOS|contador[2]           ;
; 0.188  ; 0.404        ; 0.216          ; High Pulse Width ; divisor_frecuencia:INST_DIVISOR|reloj_1hz_reg ; Fall       ; contador_minutos:INST_CONTADOR_MINUTOS|contador[3]           ;
; 0.188  ; 0.404        ; 0.216          ; High Pulse Width ; divisor_frecuencia:INST_DIVISOR|reloj_1hz_reg ; Fall       ; contador_unidades_segundo:INST_CONTADOR_UNIDADES|contador[0] ;
; 0.188  ; 0.404        ; 0.216          ; High Pulse Width ; divisor_frecuencia:INST_DIVISOR|reloj_1hz_reg ; Fall       ; contador_unidades_segundo:INST_CONTADOR_UNIDADES|contador[1] ;
; 0.188  ; 0.404        ; 0.216          ; High Pulse Width ; divisor_frecuencia:INST_DIVISOR|reloj_1hz_reg ; Fall       ; contador_unidades_segundo:INST_CONTADOR_UNIDADES|contador[2] ;
; 0.188  ; 0.404        ; 0.216          ; High Pulse Width ; divisor_frecuencia:INST_DIVISOR|reloj_1hz_reg ; Fall       ; contador_unidades_segundo:INST_CONTADOR_UNIDADES|contador[3] ;
; 0.395  ; 0.395        ; 0.000          ; Low Pulse Width  ; divisor_frecuencia:INST_DIVISOR|reloj_1hz_reg ; Rise       ; INST_CONTADOR_DECENAS|contador[0]|clk                        ;
; 0.395  ; 0.395        ; 0.000          ; Low Pulse Width  ; divisor_frecuencia:INST_DIVISOR|reloj_1hz_reg ; Rise       ; INST_CONTADOR_DECENAS|contador[1]|clk                        ;
; 0.395  ; 0.395        ; 0.000          ; Low Pulse Width  ; divisor_frecuencia:INST_DIVISOR|reloj_1hz_reg ; Rise       ; INST_CONTADOR_DECENAS|contador[2]|clk                        ;
; 0.395  ; 0.395        ; 0.000          ; Low Pulse Width  ; divisor_frecuencia:INST_DIVISOR|reloj_1hz_reg ; Rise       ; INST_CONTADOR_MINUTOS|contador[0]|clk                        ;
; 0.395  ; 0.395        ; 0.000          ; Low Pulse Width  ; divisor_frecuencia:INST_DIVISOR|reloj_1hz_reg ; Rise       ; INST_CONTADOR_MINUTOS|contador[1]|clk                        ;
; 0.395  ; 0.395        ; 0.000          ; Low Pulse Width  ; divisor_frecuencia:INST_DIVISOR|reloj_1hz_reg ; Rise       ; INST_CONTADOR_MINUTOS|contador[2]|clk                        ;
; 0.395  ; 0.395        ; 0.000          ; Low Pulse Width  ; divisor_frecuencia:INST_DIVISOR|reloj_1hz_reg ; Rise       ; INST_CONTADOR_MINUTOS|contador[3]|clk                        ;
; 0.395  ; 0.395        ; 0.000          ; Low Pulse Width  ; divisor_frecuencia:INST_DIVISOR|reloj_1hz_reg ; Rise       ; INST_CONTADOR_UNIDADES|contador[0]|clk                       ;
; 0.395  ; 0.395        ; 0.000          ; Low Pulse Width  ; divisor_frecuencia:INST_DIVISOR|reloj_1hz_reg ; Rise       ; INST_CONTADOR_UNIDADES|contador[1]|clk                       ;
; 0.395  ; 0.395        ; 0.000          ; Low Pulse Width  ; divisor_frecuencia:INST_DIVISOR|reloj_1hz_reg ; Rise       ; INST_CONTADOR_UNIDADES|contador[2]|clk                       ;
; 0.395  ; 0.395        ; 0.000          ; Low Pulse Width  ; divisor_frecuencia:INST_DIVISOR|reloj_1hz_reg ; Rise       ; INST_CONTADOR_UNIDADES|contador[3]|clk                       ;
; 0.404  ; 0.404        ; 0.000          ; Low Pulse Width  ; divisor_frecuencia:INST_DIVISOR|reloj_1hz_reg ; Rise       ; INST_DIVISOR|reloj_1hz_reg~clkctrl|inclk[0]                  ;
; 0.404  ; 0.404        ; 0.000          ; Low Pulse Width  ; divisor_frecuencia:INST_DIVISOR|reloj_1hz_reg ; Rise       ; INST_DIVISOR|reloj_1hz_reg~clkctrl|outclk                    ;
; 0.412  ; 0.596        ; 0.184          ; Low Pulse Width  ; divisor_frecuencia:INST_DIVISOR|reloj_1hz_reg ; Fall       ; contador_decenas_segundo:INST_CONTADOR_DECENAS|contador[0]   ;
; 0.412  ; 0.596        ; 0.184          ; Low Pulse Width  ; divisor_frecuencia:INST_DIVISOR|reloj_1hz_reg ; Fall       ; contador_decenas_segundo:INST_CONTADOR_DECENAS|contador[1]   ;
; 0.412  ; 0.596        ; 0.184          ; Low Pulse Width  ; divisor_frecuencia:INST_DIVISOR|reloj_1hz_reg ; Fall       ; contador_decenas_segundo:INST_CONTADOR_DECENAS|contador[2]   ;
; 0.412  ; 0.596        ; 0.184          ; Low Pulse Width  ; divisor_frecuencia:INST_DIVISOR|reloj_1hz_reg ; Fall       ; contador_minutos:INST_CONTADOR_MINUTOS|contador[0]           ;
; 0.412  ; 0.596        ; 0.184          ; Low Pulse Width  ; divisor_frecuencia:INST_DIVISOR|reloj_1hz_reg ; Fall       ; contador_minutos:INST_CONTADOR_MINUTOS|contador[1]           ;
; 0.412  ; 0.596        ; 0.184          ; Low Pulse Width  ; divisor_frecuencia:INST_DIVISOR|reloj_1hz_reg ; Fall       ; contador_minutos:INST_CONTADOR_MINUTOS|contador[2]           ;
; 0.412  ; 0.596        ; 0.184          ; Low Pulse Width  ; divisor_frecuencia:INST_DIVISOR|reloj_1hz_reg ; Fall       ; contador_minutos:INST_CONTADOR_MINUTOS|contador[3]           ;
; 0.412  ; 0.596        ; 0.184          ; Low Pulse Width  ; divisor_frecuencia:INST_DIVISOR|reloj_1hz_reg ; Fall       ; contador_unidades_segundo:INST_CONTADOR_UNIDADES|contador[0] ;
; 0.412  ; 0.596        ; 0.184          ; Low Pulse Width  ; divisor_frecuencia:INST_DIVISOR|reloj_1hz_reg ; Fall       ; contador_unidades_segundo:INST_CONTADOR_UNIDADES|contador[1] ;
; 0.412  ; 0.596        ; 0.184          ; Low Pulse Width  ; divisor_frecuencia:INST_DIVISOR|reloj_1hz_reg ; Fall       ; contador_unidades_segundo:INST_CONTADOR_UNIDADES|contador[2] ;
; 0.412  ; 0.596        ; 0.184          ; Low Pulse Width  ; divisor_frecuencia:INST_DIVISOR|reloj_1hz_reg ; Fall       ; contador_unidades_segundo:INST_CONTADOR_UNIDADES|contador[3] ;
; 0.500  ; 0.500        ; 0.000          ; High Pulse Width ; divisor_frecuencia:INST_DIVISOR|reloj_1hz_reg ; Rise       ; INST_DIVISOR|reloj_1hz_reg|q                                 ;
; 0.500  ; 0.500        ; 0.000          ; Low Pulse Width  ; divisor_frecuencia:INST_DIVISOR|reloj_1hz_reg ; Rise       ; INST_DIVISOR|reloj_1hz_reg|q                                 ;
; 0.593  ; 0.593        ; 0.000          ; High Pulse Width ; divisor_frecuencia:INST_DIVISOR|reloj_1hz_reg ; Rise       ; INST_DIVISOR|reloj_1hz_reg~clkctrl|inclk[0]                  ;
; 0.593  ; 0.593        ; 0.000          ; High Pulse Width ; divisor_frecuencia:INST_DIVISOR|reloj_1hz_reg ; Rise       ; INST_DIVISOR|reloj_1hz_reg~clkctrl|outclk                    ;
; 0.602  ; 0.602        ; 0.000          ; High Pulse Width ; divisor_frecuencia:INST_DIVISOR|reloj_1hz_reg ; Rise       ; INST_CONTADOR_DECENAS|contador[0]|clk                        ;
; 0.602  ; 0.602        ; 0.000          ; High Pulse Width ; divisor_frecuencia:INST_DIVISOR|reloj_1hz_reg ; Rise       ; INST_CONTADOR_DECENAS|contador[1]|clk                        ;
; 0.602  ; 0.602        ; 0.000          ; High Pulse Width ; divisor_frecuencia:INST_DIVISOR|reloj_1hz_reg ; Rise       ; INST_CONTADOR_DECENAS|contador[2]|clk                        ;
; 0.602  ; 0.602        ; 0.000          ; High Pulse Width ; divisor_frecuencia:INST_DIVISOR|reloj_1hz_reg ; Rise       ; INST_CONTADOR_MINUTOS|contador[0]|clk                        ;
; 0.602  ; 0.602        ; 0.000          ; High Pulse Width ; divisor_frecuencia:INST_DIVISOR|reloj_1hz_reg ; Rise       ; INST_CONTADOR_MINUTOS|contador[1]|clk                        ;
; 0.602  ; 0.602        ; 0.000          ; High Pulse Width ; divisor_frecuencia:INST_DIVISOR|reloj_1hz_reg ; Rise       ; INST_CONTADOR_MINUTOS|contador[2]|clk                        ;
; 0.602  ; 0.602        ; 0.000          ; High Pulse Width ; divisor_frecuencia:INST_DIVISOR|reloj_1hz_reg ; Rise       ; INST_CONTADOR_MINUTOS|contador[3]|clk                        ;
; 0.602  ; 0.602        ; 0.000          ; High Pulse Width ; divisor_frecuencia:INST_DIVISOR|reloj_1hz_reg ; Rise       ; INST_CONTADOR_UNIDADES|contador[0]|clk                       ;
; 0.602  ; 0.602        ; 0.000          ; High Pulse Width ; divisor_frecuencia:INST_DIVISOR|reloj_1hz_reg ; Rise       ; INST_CONTADOR_UNIDADES|contador[1]|clk                       ;
; 0.602  ; 0.602        ; 0.000          ; High Pulse Width ; divisor_frecuencia:INST_DIVISOR|reloj_1hz_reg ; Rise       ; INST_CONTADOR_UNIDADES|contador[2]|clk                       ;
; 0.602  ; 0.602        ; 0.000          ; High Pulse Width ; divisor_frecuencia:INST_DIVISOR|reloj_1hz_reg ; Rise       ; INST_CONTADOR_UNIDADES|contador[3]|clk                       ;
+--------+--------------+----------------+------------------+-----------------------------------------------+------------+--------------------------------------------------------------+


+-----------------------------------------------------------------------+
; Setup Times                                                           ;
+-----------+------------+-------+-------+------------+-----------------+
; Data Port ; Clock Port ; Rise  ; Fall  ; Clock Edge ; Clock Reference ;
+-----------+------------+-------+-------+------------+-----------------+
; start     ; clk_50     ; 2.468 ; 2.920 ; Rise       ; clk_50          ;
; stop      ; clk_50     ; 3.054 ; 3.592 ; Rise       ; clk_50          ;
+-----------+------------+-------+-------+------------+-----------------+


+-------------------------------------------------------------------------+
; Hold Times                                                              ;
+-----------+------------+--------+--------+------------+-----------------+
; Data Port ; Clock Port ; Rise   ; Fall   ; Clock Edge ; Clock Reference ;
+-----------+------------+--------+--------+------------+-----------------+
; start     ; clk_50     ; -1.886 ; -2.345 ; Rise       ; clk_50          ;
; stop      ; clk_50     ; -1.932 ; -2.375 ; Rise       ; clk_50          ;
+-----------+------------+--------+--------+------------+-----------------+


+--------------------------------------------------------------------------------------------------------------------------------------------+
; Clock to Output Times                                                                                                                      ;
+---------------+-----------------------------------------------+-------+-------+------------+-----------------------------------------------+
; Data Port     ; Clock Port                                    ; Rise  ; Fall  ; Clock Edge ; Clock Reference                               ;
+---------------+-----------------------------------------------+-------+-------+------------+-----------------------------------------------+
; ssd_min[*]    ; divisor_frecuencia:INST_DIVISOR|reloj_1hz_reg ; 7.741 ; 7.640 ; Fall       ; divisor_frecuencia:INST_DIVISOR|reloj_1hz_reg ;
;  ssd_min[0]   ; divisor_frecuencia:INST_DIVISOR|reloj_1hz_reg ; 7.041 ; 6.972 ; Fall       ; divisor_frecuencia:INST_DIVISOR|reloj_1hz_reg ;
;  ssd_min[1]   ; divisor_frecuencia:INST_DIVISOR|reloj_1hz_reg ; 7.499 ; 7.374 ; Fall       ; divisor_frecuencia:INST_DIVISOR|reloj_1hz_reg ;
;  ssd_min[2]   ; divisor_frecuencia:INST_DIVISOR|reloj_1hz_reg ; 7.638 ; 7.616 ; Fall       ; divisor_frecuencia:INST_DIVISOR|reloj_1hz_reg ;
;  ssd_min[3]   ; divisor_frecuencia:INST_DIVISOR|reloj_1hz_reg ; 7.741 ; 7.640 ; Fall       ; divisor_frecuencia:INST_DIVISOR|reloj_1hz_reg ;
;  ssd_min[4]   ; divisor_frecuencia:INST_DIVISOR|reloj_1hz_reg ; 7.289 ; 7.202 ; Fall       ; divisor_frecuencia:INST_DIVISOR|reloj_1hz_reg ;
;  ssd_min[5]   ; divisor_frecuencia:INST_DIVISOR|reloj_1hz_reg ; 7.269 ; 7.256 ; Fall       ; divisor_frecuencia:INST_DIVISOR|reloj_1hz_reg ;
;  ssd_min[6]   ; divisor_frecuencia:INST_DIVISOR|reloj_1hz_reg ; 7.422 ; 7.499 ; Fall       ; divisor_frecuencia:INST_DIVISOR|reloj_1hz_reg ;
; ssd_seg_d[*]  ; divisor_frecuencia:INST_DIVISOR|reloj_1hz_reg ; 7.210 ; 7.144 ; Fall       ; divisor_frecuencia:INST_DIVISOR|reloj_1hz_reg ;
;  ssd_seg_d[0] ; divisor_frecuencia:INST_DIVISOR|reloj_1hz_reg ; 7.143 ; 7.073 ; Fall       ; divisor_frecuencia:INST_DIVISOR|reloj_1hz_reg ;
;  ssd_seg_d[1] ; divisor_frecuencia:INST_DIVISOR|reloj_1hz_reg ; 7.108 ; 7.103 ; Fall       ; divisor_frecuencia:INST_DIVISOR|reloj_1hz_reg ;
;  ssd_seg_d[2] ; divisor_frecuencia:INST_DIVISOR|reloj_1hz_reg ; 7.008 ; 6.887 ; Fall       ; divisor_frecuencia:INST_DIVISOR|reloj_1hz_reg ;
;  ssd_seg_d[3] ; divisor_frecuencia:INST_DIVISOR|reloj_1hz_reg ; 7.210 ; 7.144 ; Fall       ; divisor_frecuencia:INST_DIVISOR|reloj_1hz_reg ;
;  ssd_seg_d[4] ; divisor_frecuencia:INST_DIVISOR|reloj_1hz_reg ; 7.180 ; 7.105 ; Fall       ; divisor_frecuencia:INST_DIVISOR|reloj_1hz_reg ;
;  ssd_seg_d[5] ; divisor_frecuencia:INST_DIVISOR|reloj_1hz_reg ; 6.696 ; 6.566 ; Fall       ; divisor_frecuencia:INST_DIVISOR|reloj_1hz_reg ;
;  ssd_seg_d[6] ; divisor_frecuencia:INST_DIVISOR|reloj_1hz_reg ; 6.964 ; 6.855 ; Fall       ; divisor_frecuencia:INST_DIVISOR|reloj_1hz_reg ;
; ssd_seg_u[*]  ; divisor_frecuencia:INST_DIVISOR|reloj_1hz_reg ; 7.403 ; 7.350 ; Fall       ; divisor_frecuencia:INST_DIVISOR|reloj_1hz_reg ;
;  ssd_seg_u[0] ; divisor_frecuencia:INST_DIVISOR|reloj_1hz_reg ; 7.403 ; 7.350 ; Fall       ; divisor_frecuencia:INST_DIVISOR|reloj_1hz_reg ;
;  ssd_seg_u[1] ; divisor_frecuencia:INST_DIVISOR|reloj_1hz_reg ; 7.298 ; 7.310 ; Fall       ; divisor_frecuencia:INST_DIVISOR|reloj_1hz_reg ;
;  ssd_seg_u[2] ; divisor_frecuencia:INST_DIVISOR|reloj_1hz_reg ; 6.856 ; 6.861 ; Fall       ; divisor_frecuencia:INST_DIVISOR|reloj_1hz_reg ;
;  ssd_seg_u[3] ; divisor_frecuencia:INST_DIVISOR|reloj_1hz_reg ; 7.220 ; 7.180 ; Fall       ; divisor_frecuencia:INST_DIVISOR|reloj_1hz_reg ;
;  ssd_seg_u[4] ; divisor_frecuencia:INST_DIVISOR|reloj_1hz_reg ; 6.827 ; 6.848 ; Fall       ; divisor_frecuencia:INST_DIVISOR|reloj_1hz_reg ;
;  ssd_seg_u[5] ; divisor_frecuencia:INST_DIVISOR|reloj_1hz_reg ; 7.225 ; 7.204 ; Fall       ; divisor_frecuencia:INST_DIVISOR|reloj_1hz_reg ;
;  ssd_seg_u[6] ; divisor_frecuencia:INST_DIVISOR|reloj_1hz_reg ; 6.823 ; 6.908 ; Fall       ; divisor_frecuencia:INST_DIVISOR|reloj_1hz_reg ;
+---------------+-----------------------------------------------+-------+-------+------------+-----------------------------------------------+


+--------------------------------------------------------------------------------------------------------------------------------------------+
; Minimum Clock to Output Times                                                                                                              ;
+---------------+-----------------------------------------------+-------+-------+------------+-----------------------------------------------+
; Data Port     ; Clock Port                                    ; Rise  ; Fall  ; Clock Edge ; Clock Reference                               ;
+---------------+-----------------------------------------------+-------+-------+------------+-----------------------------------------------+
; ssd_min[*]    ; divisor_frecuencia:INST_DIVISOR|reloj_1hz_reg ; 6.371 ; 6.309 ; Fall       ; divisor_frecuencia:INST_DIVISOR|reloj_1hz_reg ;
;  ssd_min[0]   ; divisor_frecuencia:INST_DIVISOR|reloj_1hz_reg ; 6.371 ; 6.309 ; Fall       ; divisor_frecuencia:INST_DIVISOR|reloj_1hz_reg ;
;  ssd_min[1]   ; divisor_frecuencia:INST_DIVISOR|reloj_1hz_reg ; 6.886 ; 6.820 ; Fall       ; divisor_frecuencia:INST_DIVISOR|reloj_1hz_reg ;
;  ssd_min[2]   ; divisor_frecuencia:INST_DIVISOR|reloj_1hz_reg ; 6.738 ; 6.677 ; Fall       ; divisor_frecuencia:INST_DIVISOR|reloj_1hz_reg ;
;  ssd_min[3]   ; divisor_frecuencia:INST_DIVISOR|reloj_1hz_reg ; 6.763 ; 6.677 ; Fall       ; divisor_frecuencia:INST_DIVISOR|reloj_1hz_reg ;
;  ssd_min[4]   ; divisor_frecuencia:INST_DIVISOR|reloj_1hz_reg ; 6.714 ; 6.658 ; Fall       ; divisor_frecuencia:INST_DIVISOR|reloj_1hz_reg ;
;  ssd_min[5]   ; divisor_frecuencia:INST_DIVISOR|reloj_1hz_reg ; 6.729 ; 6.657 ; Fall       ; divisor_frecuencia:INST_DIVISOR|reloj_1hz_reg ;
;  ssd_min[6]   ; divisor_frecuencia:INST_DIVISOR|reloj_1hz_reg ; 6.795 ; 6.885 ; Fall       ; divisor_frecuencia:INST_DIVISOR|reloj_1hz_reg ;
; ssd_seg_d[*]  ; divisor_frecuencia:INST_DIVISOR|reloj_1hz_reg ; 6.286 ; 6.276 ; Fall       ; divisor_frecuencia:INST_DIVISOR|reloj_1hz_reg ;
;  ssd_seg_d[0] ; divisor_frecuencia:INST_DIVISOR|reloj_1hz_reg ; 6.804 ; 6.702 ; Fall       ; divisor_frecuencia:INST_DIVISOR|reloj_1hz_reg ;
;  ssd_seg_d[1] ; divisor_frecuencia:INST_DIVISOR|reloj_1hz_reg ; 6.809 ; 6.726 ; Fall       ; divisor_frecuencia:INST_DIVISOR|reloj_1hz_reg ;
;  ssd_seg_d[2] ; divisor_frecuencia:INST_DIVISOR|reloj_1hz_reg ; 6.656 ; 6.569 ; Fall       ; divisor_frecuencia:INST_DIVISOR|reloj_1hz_reg ;
;  ssd_seg_d[3] ; divisor_frecuencia:INST_DIVISOR|reloj_1hz_reg ; 6.828 ; 6.776 ; Fall       ; divisor_frecuencia:INST_DIVISOR|reloj_1hz_reg ;
;  ssd_seg_d[4] ; divisor_frecuencia:INST_DIVISOR|reloj_1hz_reg ; 6.841 ; 6.795 ; Fall       ; divisor_frecuencia:INST_DIVISOR|reloj_1hz_reg ;
;  ssd_seg_d[5] ; divisor_frecuencia:INST_DIVISOR|reloj_1hz_reg ; 6.286 ; 6.276 ; Fall       ; divisor_frecuencia:INST_DIVISOR|reloj_1hz_reg ;
;  ssd_seg_d[6] ; divisor_frecuencia:INST_DIVISOR|reloj_1hz_reg ; 6.572 ; 6.515 ; Fall       ; divisor_frecuencia:INST_DIVISOR|reloj_1hz_reg ;
; ssd_seg_u[*]  ; divisor_frecuencia:INST_DIVISOR|reloj_1hz_reg ; 5.878 ; 5.885 ; Fall       ; divisor_frecuencia:INST_DIVISOR|reloj_1hz_reg ;
;  ssd_seg_u[0] ; divisor_frecuencia:INST_DIVISOR|reloj_1hz_reg ; 6.457 ; 6.364 ; Fall       ; divisor_frecuencia:INST_DIVISOR|reloj_1hz_reg ;
;  ssd_seg_u[1] ; divisor_frecuencia:INST_DIVISOR|reloj_1hz_reg ; 6.419 ; 6.327 ; Fall       ; divisor_frecuencia:INST_DIVISOR|reloj_1hz_reg ;
;  ssd_seg_u[2] ; divisor_frecuencia:INST_DIVISOR|reloj_1hz_reg ; 5.968 ; 5.965 ; Fall       ; divisor_frecuencia:INST_DIVISOR|reloj_1hz_reg ;
;  ssd_seg_u[3] ; divisor_frecuencia:INST_DIVISOR|reloj_1hz_reg ; 6.118 ; 6.046 ; Fall       ; divisor_frecuencia:INST_DIVISOR|reloj_1hz_reg ;
;  ssd_seg_u[4] ; divisor_frecuencia:INST_DIVISOR|reloj_1hz_reg ; 5.957 ; 5.885 ; Fall       ; divisor_frecuencia:INST_DIVISOR|reloj_1hz_reg ;
;  ssd_seg_u[5] ; divisor_frecuencia:INST_DIVISOR|reloj_1hz_reg ; 6.118 ; 6.067 ; Fall       ; divisor_frecuencia:INST_DIVISOR|reloj_1hz_reg ;
;  ssd_seg_u[6] ; divisor_frecuencia:INST_DIVISOR|reloj_1hz_reg ; 5.878 ; 5.950 ; Fall       ; divisor_frecuencia:INST_DIVISOR|reloj_1hz_reg ;
+---------------+-----------------------------------------------+-------+-------+------------+-----------------------------------------------+


----------------------------------------------
; Slow 1200mV 85C Model Metastability Report ;
----------------------------------------------
No synchronizer chains to report.


+----------------------------------------------------------------------------------------------------------------------------------------------+
; Slow 1200mV 0C Model Fmax Summary                                                                                                            ;
+------------+-----------------+-----------------------------------------------+---------------------------------------------------------------+
; Fmax       ; Restricted Fmax ; Clock Name                                    ; Note                                                          ;
+------------+-----------------+-----------------------------------------------+---------------------------------------------------------------+
; 313.58 MHz ; 250.0 MHz       ; clk_50                                        ; limit due to minimum period restriction (max I/O toggle rate) ;
; 446.23 MHz ; 446.23 MHz      ; divisor_frecuencia:INST_DIVISOR|reloj_1hz_reg ;                                                               ;
+------------+-----------------+-----------------------------------------------+---------------------------------------------------------------+
This panel reports FMAX for every clock in the design, regardless of the user-specified clock periods.  FMAX is only computed for paths where the source and destination registers or ports are driven by the same clock.  Paths of different clocks, including generated clocks, are ignored.  For paths between a clock and its inversion, FMAX is computed as if the rising and falling edges are scaled along with FMAX, such that the duty cycle (in terms of a percentage) is maintained. Altera recommends that you always use clock constraints and other slack reports for sign-off analysis.


+------------------------------------------------------------------------+
; Slow 1200mV 0C Model Setup Summary                                     ;
+-----------------------------------------------+--------+---------------+
; Clock                                         ; Slack  ; End Point TNS ;
+-----------------------------------------------+--------+---------------+
; clk_50                                        ; -2.189 ; -41.113       ;
; divisor_frecuencia:INST_DIVISOR|reloj_1hz_reg ; -1.241 ; -8.963        ;
+-----------------------------------------------+--------+---------------+


+-----------------------------------------------------------------------+
; Slow 1200mV 0C Model Hold Summary                                     ;
+-----------------------------------------------+-------+---------------+
; Clock                                         ; Slack ; End Point TNS ;
+-----------------------------------------------+-------+---------------+
; clk_50                                        ; 0.196 ; 0.000         ;
; divisor_frecuencia:INST_DIVISOR|reloj_1hz_reg ; 0.312 ; 0.000         ;
+-----------------------------------------------+-------+---------------+


-----------------------------------------
; Slow 1200mV 0C Model Recovery Summary ;
-----------------------------------------
No paths to report.


----------------------------------------
; Slow 1200mV 0C Model Removal Summary ;
----------------------------------------
No paths to report.


+------------------------------------------------------------------------+
; Slow 1200mV 0C Model Minimum Pulse Width Summary                       ;
+-----------------------------------------------+--------+---------------+
; Clock                                         ; Slack  ; End Point TNS ;
+-----------------------------------------------+--------+---------------+
; clk_50                                        ; -3.000 ; -33.000       ;
; divisor_frecuencia:INST_DIVISOR|reloj_1hz_reg ; -1.000 ; -11.000       ;
+-----------------------------------------------+--------+---------------+


+------------------------------------------------------------------------------------------------------------------------------------------------------------------------------------------------------------------------------------+
; Slow 1200mV 0C Model Setup: 'clk_50'                                                                                                                                                                                               ;
+--------+--------------------------------------------------------------+-----------------------------------------------------+-----------------------------------------------+-------------+--------------+------------+------------+
; Slack  ; From Node                                                    ; To Node                                             ; Launch Clock                                  ; Latch Clock ; Relationship ; Clock Skew ; Data Delay ;
+--------+--------------------------------------------------------------+-----------------------------------------------------+-----------------------------------------------+-------------+--------------+------------+------------+
; -2.189 ; divisor_frecuencia:INST_DIVISOR|contador_ciclos[9]           ; divisor_frecuencia:INST_DIVISOR|reloj_1hz_reg       ; clk_50                                        ; clk_50      ; 1.000        ; -0.055     ; 3.129      ;
; -2.180 ; divisor_frecuencia:INST_DIVISOR|contador_ciclos[6]           ; divisor_frecuencia:INST_DIVISOR|reloj_1hz_reg       ; clk_50                                        ; clk_50      ; 1.000        ; -0.055     ; 3.120      ;
; -2.168 ; divisor_frecuencia:INST_DIVISOR|contador_ciclos[7]           ; divisor_frecuencia:INST_DIVISOR|reloj_1hz_reg       ; clk_50                                        ; clk_50      ; 1.000        ; -0.055     ; 3.108      ;
; -2.136 ; divisor_frecuencia:INST_DIVISOR|contador_ciclos[13]          ; divisor_frecuencia:INST_DIVISOR|reloj_1hz_reg       ; clk_50                                        ; clk_50      ; 1.000        ; -0.054     ; 3.077      ;
; -2.119 ; divisor_frecuencia:INST_DIVISOR|contador_ciclos[25]          ; divisor_frecuencia:INST_DIVISOR|reloj_1hz_reg       ; clk_50                                        ; clk_50      ; 1.000        ; -0.054     ; 3.060      ;
; -2.110 ; divisor_frecuencia:INST_DIVISOR|contador_ciclos[10]          ; divisor_frecuencia:INST_DIVISOR|reloj_1hz_reg       ; clk_50                                        ; clk_50      ; 1.000        ; -0.055     ; 3.050      ;
; -2.048 ; divisor_frecuencia:INST_DIVISOR|contador_ciclos[23]          ; divisor_frecuencia:INST_DIVISOR|reloj_1hz_reg       ; clk_50                                        ; clk_50      ; 1.000        ; -0.054     ; 2.989      ;
; -2.026 ; divisor_frecuencia:INST_DIVISOR|contador_ciclos[12]          ; divisor_frecuencia:INST_DIVISOR|reloj_1hz_reg       ; clk_50                                        ; clk_50      ; 1.000        ; -0.055     ; 2.966      ;
; -2.020 ; divisor_frecuencia:INST_DIVISOR|contador_ciclos[20]          ; divisor_frecuencia:INST_DIVISOR|reloj_1hz_reg       ; clk_50                                        ; clk_50      ; 1.000        ; -0.054     ; 2.961      ;
; -1.975 ; divisor_frecuencia:INST_DIVISOR|contador_ciclos[18]          ; divisor_frecuencia:INST_DIVISOR|reloj_1hz_reg       ; clk_50                                        ; clk_50      ; 1.000        ; -0.054     ; 2.916      ;
; -1.956 ; divisor_frecuencia:INST_DIVISOR|contador_ciclos[8]           ; divisor_frecuencia:INST_DIVISOR|reloj_1hz_reg       ; clk_50                                        ; clk_50      ; 1.000        ; -0.055     ; 2.896      ;
; -1.955 ; divisor_frecuencia:INST_DIVISOR|contador_ciclos[19]          ; divisor_frecuencia:INST_DIVISOR|reloj_1hz_reg       ; clk_50                                        ; clk_50      ; 1.000        ; -0.054     ; 2.896      ;
; -1.946 ; divisor_frecuencia:INST_DIVISOR|contador_ciclos[21]          ; divisor_frecuencia:INST_DIVISOR|reloj_1hz_reg       ; clk_50                                        ; clk_50      ; 1.000        ; -0.054     ; 2.887      ;
; -1.945 ; divisor_frecuencia:INST_DIVISOR|contador_ciclos[1]           ; divisor_frecuencia:INST_DIVISOR|contador_ciclos[24] ; clk_50                                        ; clk_50      ; 1.000        ; -0.056     ; 2.884      ;
; -1.935 ; divisor_frecuencia:INST_DIVISOR|contador_ciclos[2]           ; divisor_frecuencia:INST_DIVISOR|reloj_1hz_reg       ; clk_50                                        ; clk_50      ; 1.000        ; -0.055     ; 2.875      ;
; -1.927 ; divisor_frecuencia:INST_DIVISOR|contador_ciclos[5]           ; divisor_frecuencia:INST_DIVISOR|reloj_1hz_reg       ; clk_50                                        ; clk_50      ; 1.000        ; -0.055     ; 2.867      ;
; -1.924 ; divisor_frecuencia:INST_DIVISOR|contador_ciclos[24]          ; divisor_frecuencia:INST_DIVISOR|reloj_1hz_reg       ; clk_50                                        ; clk_50      ; 1.000        ; -0.054     ; 2.865      ;
; -1.879 ; divisor_frecuencia:INST_DIVISOR|contador_ciclos[0]           ; divisor_frecuencia:INST_DIVISOR|contador_ciclos[24] ; clk_50                                        ; clk_50      ; 1.000        ; -0.056     ; 2.818      ;
; -1.869 ; divisor_frecuencia:INST_DIVISOR|contador_ciclos[1]           ; divisor_frecuencia:INST_DIVISOR|reloj_1hz_reg       ; clk_50                                        ; clk_50      ; 1.000        ; -0.055     ; 2.809      ;
; -1.867 ; divisor_frecuencia:INST_DIVISOR|contador_ciclos[22]          ; divisor_frecuencia:INST_DIVISOR|reloj_1hz_reg       ; clk_50                                        ; clk_50      ; 1.000        ; -0.054     ; 2.808      ;
; -1.862 ; divisor_frecuencia:INST_DIVISOR|contador_ciclos[11]          ; divisor_frecuencia:INST_DIVISOR|reloj_1hz_reg       ; clk_50                                        ; clk_50      ; 1.000        ; -0.054     ; 2.803      ;
; -1.846 ; divisor_frecuencia:INST_DIVISOR|contador_ciclos[4]           ; divisor_frecuencia:INST_DIVISOR|reloj_1hz_reg       ; clk_50                                        ; clk_50      ; 1.000        ; -0.055     ; 2.786      ;
; -1.834 ; divisor_frecuencia:INST_DIVISOR|contador_ciclos[3]           ; divisor_frecuencia:INST_DIVISOR|contador_ciclos[24] ; clk_50                                        ; clk_50      ; 1.000        ; -0.056     ; 2.773      ;
; -1.817 ; control_temporizador:INST_CONTROL|estado                     ; divisor_frecuencia:INST_DIVISOR|reloj_1hz_reg       ; clk_50                                        ; clk_50      ; 1.000        ; -0.071     ; 2.741      ;
; -1.795 ; divisor_frecuencia:INST_DIVISOR|contador_ciclos[14]          ; divisor_frecuencia:INST_DIVISOR|reloj_1hz_reg       ; clk_50                                        ; clk_50      ; 1.000        ; -0.054     ; 2.736      ;
; -1.792 ; divisor_frecuencia:INST_DIVISOR|contador_ciclos[11]          ; divisor_frecuencia:INST_DIVISOR|contador_ciclos[24] ; clk_50                                        ; clk_50      ; 1.000        ; -0.055     ; 2.732      ;
; -1.790 ; divisor_frecuencia:INST_DIVISOR|contador_ciclos[16]          ; divisor_frecuencia:INST_DIVISOR|reloj_1hz_reg       ; clk_50                                        ; clk_50      ; 1.000        ; -0.054     ; 2.731      ;
; -1.785 ; divisor_frecuencia:INST_DIVISOR|contador_ciclos[17]          ; divisor_frecuencia:INST_DIVISOR|reloj_1hz_reg       ; clk_50                                        ; clk_50      ; 1.000        ; -0.054     ; 2.726      ;
; -1.775 ; divisor_frecuencia:INST_DIVISOR|contador_ciclos[2]           ; divisor_frecuencia:INST_DIVISOR|contador_ciclos[24] ; clk_50                                        ; clk_50      ; 1.000        ; -0.056     ; 2.714      ;
; -1.749 ; divisor_frecuencia:INST_DIVISOR|contador_ciclos[0]           ; divisor_frecuencia:INST_DIVISOR|contador_ciclos[19] ; clk_50                                        ; clk_50      ; 1.000        ; -0.056     ; 2.688      ;
; -1.738 ; divisor_frecuencia:INST_DIVISOR|contador_ciclos[5]           ; divisor_frecuencia:INST_DIVISOR|contador_ciclos[24] ; clk_50                                        ; clk_50      ; 1.000        ; -0.056     ; 2.677      ;
; -1.731 ; divisor_frecuencia:INST_DIVISOR|contador_ciclos[1]           ; divisor_frecuencia:INST_DIVISOR|contador_ciclos[19] ; clk_50                                        ; clk_50      ; 1.000        ; -0.056     ; 2.670      ;
; -1.724 ; divisor_frecuencia:INST_DIVISOR|contador_ciclos[1]           ; divisor_frecuencia:INST_DIVISOR|contador_ciclos[18] ; clk_50                                        ; clk_50      ; 1.000        ; -0.056     ; 2.663      ;
; -1.721 ; divisor_frecuencia:INST_DIVISOR|contador_ciclos[3]           ; divisor_frecuencia:INST_DIVISOR|reloj_1hz_reg       ; clk_50                                        ; clk_50      ; 1.000        ; -0.055     ; 2.661      ;
; -1.721 ; divisor_frecuencia:INST_DIVISOR|contador_ciclos[0]           ; divisor_frecuencia:INST_DIVISOR|reloj_1hz_reg       ; clk_50                                        ; clk_50      ; 1.000        ; -0.055     ; 2.661      ;
; -1.719 ; divisor_frecuencia:INST_DIVISOR|contador_ciclos[0]           ; divisor_frecuencia:INST_DIVISOR|contador_ciclos[21] ; clk_50                                        ; clk_50      ; 1.000        ; -0.056     ; 2.658      ;
; -1.713 ; divisor_frecuencia:INST_DIVISOR|contador_ciclos[1]           ; divisor_frecuencia:INST_DIVISOR|contador_ciclos[16] ; clk_50                                        ; clk_50      ; 1.000        ; -0.056     ; 2.652      ;
; -1.701 ; divisor_frecuencia:INST_DIVISOR|contador_ciclos[1]           ; divisor_frecuencia:INST_DIVISOR|contador_ciclos[20] ; clk_50                                        ; clk_50      ; 1.000        ; -0.056     ; 2.640      ;
; -1.691 ; divisor_frecuencia:INST_DIVISOR|contador_ciclos[15]          ; divisor_frecuencia:INST_DIVISOR|reloj_1hz_reg       ; clk_50                                        ; clk_50      ; 1.000        ; -0.054     ; 2.632      ;
; -1.687 ; divisor_frecuencia:INST_DIVISOR|contador_ciclos[1]           ; divisor_frecuencia:INST_DIVISOR|contador_ciclos[14] ; clk_50                                        ; clk_50      ; 1.000        ; -0.056     ; 2.626      ;
; -1.686 ; divisor_frecuencia:INST_DIVISOR|contador_ciclos[1]           ; divisor_frecuencia:INST_DIVISOR|contador_ciclos[22] ; clk_50                                        ; clk_50      ; 1.000        ; -0.056     ; 2.625      ;
; -1.679 ; divisor_frecuencia:INST_DIVISOR|contador_ciclos[1]           ; divisor_frecuencia:INST_DIVISOR|contador_ciclos[21] ; clk_50                                        ; clk_50      ; 1.000        ; -0.056     ; 2.618      ;
; -1.667 ; divisor_frecuencia:INST_DIVISOR|contador_ciclos[4]           ; divisor_frecuencia:INST_DIVISOR|contador_ciclos[24] ; clk_50                                        ; clk_50      ; 1.000        ; -0.056     ; 2.606      ;
; -1.658 ; divisor_frecuencia:INST_DIVISOR|contador_ciclos[0]           ; divisor_frecuencia:INST_DIVISOR|contador_ciclos[18] ; clk_50                                        ; clk_50      ; 1.000        ; -0.056     ; 2.597      ;
; -1.649 ; contador_unidades_segundo:INST_CONTADOR_UNIDADES|contador[1] ; control_temporizador:INST_CONTROL|estado            ; divisor_frecuencia:INST_DIVISOR|reloj_1hz_reg ; clk_50      ; 0.500        ; -0.499     ; 1.635      ;
; -1.647 ; divisor_frecuencia:INST_DIVISOR|contador_ciclos[7]           ; divisor_frecuencia:INST_DIVISOR|contador_ciclos[24] ; clk_50                                        ; clk_50      ; 1.000        ; -0.056     ; 2.586      ;
; -1.647 ; divisor_frecuencia:INST_DIVISOR|contador_ciclos[0]           ; divisor_frecuencia:INST_DIVISOR|contador_ciclos[16] ; clk_50                                        ; clk_50      ; 1.000        ; -0.056     ; 2.586      ;
; -1.639 ; divisor_frecuencia:INST_DIVISOR|contador_ciclos[2]           ; divisor_frecuencia:INST_DIVISOR|contador_ciclos[19] ; clk_50                                        ; clk_50      ; 1.000        ; -0.056     ; 2.578      ;
; -1.635 ; divisor_frecuencia:INST_DIVISOR|contador_ciclos[0]           ; divisor_frecuencia:INST_DIVISOR|contador_ciclos[20] ; clk_50                                        ; clk_50      ; 1.000        ; -0.056     ; 2.574      ;
; -1.621 ; divisor_frecuencia:INST_DIVISOR|contador_ciclos[0]           ; divisor_frecuencia:INST_DIVISOR|contador_ciclos[14] ; clk_50                                        ; clk_50      ; 1.000        ; -0.056     ; 2.560      ;
; -1.620 ; divisor_frecuencia:INST_DIVISOR|contador_ciclos[3]           ; divisor_frecuencia:INST_DIVISOR|contador_ciclos[19] ; clk_50                                        ; clk_50      ; 1.000        ; -0.056     ; 2.559      ;
; -1.620 ; divisor_frecuencia:INST_DIVISOR|contador_ciclos[0]           ; divisor_frecuencia:INST_DIVISOR|contador_ciclos[22] ; clk_50                                        ; clk_50      ; 1.000        ; -0.056     ; 2.559      ;
; -1.613 ; divisor_frecuencia:INST_DIVISOR|contador_ciclos[3]           ; divisor_frecuencia:INST_DIVISOR|contador_ciclos[18] ; clk_50                                        ; clk_50      ; 1.000        ; -0.056     ; 2.552      ;
; -1.609 ; divisor_frecuencia:INST_DIVISOR|contador_ciclos[2]           ; divisor_frecuencia:INST_DIVISOR|contador_ciclos[21] ; clk_50                                        ; clk_50      ; 1.000        ; -0.056     ; 2.548      ;
; -1.602 ; divisor_frecuencia:INST_DIVISOR|contador_ciclos[3]           ; divisor_frecuencia:INST_DIVISOR|contador_ciclos[16] ; clk_50                                        ; clk_50      ; 1.000        ; -0.056     ; 2.541      ;
; -1.598 ; divisor_frecuencia:INST_DIVISOR|contador_ciclos[9]           ; divisor_frecuencia:INST_DIVISOR|contador_ciclos[12] ; clk_50                                        ; clk_50      ; 1.000        ; -0.054     ; 2.539      ;
; -1.597 ; divisor_frecuencia:INST_DIVISOR|contador_ciclos[9]           ; divisor_frecuencia:INST_DIVISOR|contador_ciclos[6]  ; clk_50                                        ; clk_50      ; 1.000        ; -0.054     ; 2.538      ;
; -1.596 ; contador_unidades_segundo:INST_CONTADOR_UNIDADES|contador[3] ; control_temporizador:INST_CONTROL|estado            ; divisor_frecuencia:INST_DIVISOR|reloj_1hz_reg ; clk_50      ; 0.500        ; -0.499     ; 1.582      ;
; -1.595 ; contador_minutos:INST_CONTADOR_MINUTOS|contador[1]           ; control_temporizador:INST_CONTROL|estado            ; divisor_frecuencia:INST_DIVISOR|reloj_1hz_reg ; clk_50      ; 0.500        ; -0.498     ; 1.582      ;
; -1.595 ; contador_decenas_segundo:INST_CONTADOR_DECENAS|contador[1]   ; control_temporizador:INST_CONTROL|estado            ; divisor_frecuencia:INST_DIVISOR|reloj_1hz_reg ; clk_50      ; 0.500        ; -0.498     ; 1.582      ;
; -1.593 ; divisor_frecuencia:INST_DIVISOR|contador_ciclos[9]           ; divisor_frecuencia:INST_DIVISOR|contador_ciclos[22] ; clk_50                                        ; clk_50      ; 1.000        ; -0.056     ; 2.532      ;
; -1.592 ; divisor_frecuencia:INST_DIVISOR|contador_ciclos[9]           ; divisor_frecuencia:INST_DIVISOR|contador_ciclos[13] ; clk_50                                        ; clk_50      ; 1.000        ; -0.056     ; 2.531      ;
; -1.590 ; divisor_frecuencia:INST_DIVISOR|contador_ciclos[3]           ; divisor_frecuencia:INST_DIVISOR|contador_ciclos[20] ; clk_50                                        ; clk_50      ; 1.000        ; -0.056     ; 2.529      ;
; -1.589 ; divisor_frecuencia:INST_DIVISOR|contador_ciclos[6]           ; divisor_frecuencia:INST_DIVISOR|contador_ciclos[12] ; clk_50                                        ; clk_50      ; 1.000        ; -0.054     ; 2.530      ;
; -1.588 ; divisor_frecuencia:INST_DIVISOR|contador_ciclos[6]           ; divisor_frecuencia:INST_DIVISOR|contador_ciclos[6]  ; clk_50                                        ; clk_50      ; 1.000        ; -0.054     ; 2.529      ;
; -1.584 ; divisor_frecuencia:INST_DIVISOR|contador_ciclos[6]           ; divisor_frecuencia:INST_DIVISOR|contador_ciclos[22] ; clk_50                                        ; clk_50      ; 1.000        ; -0.056     ; 2.523      ;
; -1.583 ; divisor_frecuencia:INST_DIVISOR|contador_ciclos[6]           ; divisor_frecuencia:INST_DIVISOR|contador_ciclos[13] ; clk_50                                        ; clk_50      ; 1.000        ; -0.056     ; 2.522      ;
; -1.578 ; divisor_frecuencia:INST_DIVISOR|contador_ciclos[6]           ; divisor_frecuencia:INST_DIVISOR|contador_ciclos[24] ; clk_50                                        ; clk_50      ; 1.000        ; -0.056     ; 2.517      ;
; -1.578 ; divisor_frecuencia:INST_DIVISOR|contador_ciclos[11]          ; divisor_frecuencia:INST_DIVISOR|contador_ciclos[19] ; clk_50                                        ; clk_50      ; 1.000        ; -0.055     ; 2.518      ;
; -1.577 ; divisor_frecuencia:INST_DIVISOR|contador_ciclos[7]           ; divisor_frecuencia:INST_DIVISOR|contador_ciclos[12] ; clk_50                                        ; clk_50      ; 1.000        ; -0.054     ; 2.518      ;
; -1.576 ; divisor_frecuencia:INST_DIVISOR|contador_ciclos[3]           ; divisor_frecuencia:INST_DIVISOR|contador_ciclos[14] ; clk_50                                        ; clk_50      ; 1.000        ; -0.056     ; 2.515      ;
; -1.576 ; divisor_frecuencia:INST_DIVISOR|contador_ciclos[7]           ; divisor_frecuencia:INST_DIVISOR|contador_ciclos[6]  ; clk_50                                        ; clk_50      ; 1.000        ; -0.054     ; 2.517      ;
; -1.575 ; divisor_frecuencia:INST_DIVISOR|contador_ciclos[3]           ; divisor_frecuencia:INST_DIVISOR|contador_ciclos[22] ; clk_50                                        ; clk_50      ; 1.000        ; -0.056     ; 2.514      ;
; -1.572 ; divisor_frecuencia:INST_DIVISOR|contador_ciclos[7]           ; divisor_frecuencia:INST_DIVISOR|contador_ciclos[22] ; clk_50                                        ; clk_50      ; 1.000        ; -0.056     ; 2.511      ;
; -1.571 ; divisor_frecuencia:INST_DIVISOR|contador_ciclos[11]          ; divisor_frecuencia:INST_DIVISOR|contador_ciclos[18] ; clk_50                                        ; clk_50      ; 1.000        ; -0.055     ; 2.511      ;
; -1.571 ; divisor_frecuencia:INST_DIVISOR|contador_ciclos[7]           ; divisor_frecuencia:INST_DIVISOR|contador_ciclos[13] ; clk_50                                        ; clk_50      ; 1.000        ; -0.056     ; 2.510      ;
; -1.568 ; divisor_frecuencia:INST_DIVISOR|contador_ciclos[3]           ; divisor_frecuencia:INST_DIVISOR|contador_ciclos[21] ; clk_50                                        ; clk_50      ; 1.000        ; -0.056     ; 2.507      ;
; -1.560 ; divisor_frecuencia:INST_DIVISOR|contador_ciclos[11]          ; divisor_frecuencia:INST_DIVISOR|contador_ciclos[16] ; clk_50                                        ; clk_50      ; 1.000        ; -0.055     ; 2.500      ;
; -1.554 ; divisor_frecuencia:INST_DIVISOR|contador_ciclos[2]           ; divisor_frecuencia:INST_DIVISOR|contador_ciclos[18] ; clk_50                                        ; clk_50      ; 1.000        ; -0.056     ; 2.493      ;
; -1.549 ; divisor_frecuencia:INST_DIVISOR|contador_ciclos[13]          ; divisor_frecuencia:INST_DIVISOR|contador_ciclos[13] ; clk_50                                        ; clk_50      ; 1.000        ; -0.055     ; 2.489      ;
; -1.548 ; divisor_frecuencia:INST_DIVISOR|contador_ciclos[11]          ; divisor_frecuencia:INST_DIVISOR|contador_ciclos[20] ; clk_50                                        ; clk_50      ; 1.000        ; -0.055     ; 2.488      ;
; -1.547 ; divisor_frecuencia:INST_DIVISOR|contador_ciclos[13]          ; divisor_frecuencia:INST_DIVISOR|contador_ciclos[6]  ; clk_50                                        ; clk_50      ; 1.000        ; -0.053     ; 2.489      ;
; -1.547 ; divisor_frecuencia:INST_DIVISOR|contador_ciclos[13]          ; divisor_frecuencia:INST_DIVISOR|contador_ciclos[12] ; clk_50                                        ; clk_50      ; 1.000        ; -0.053     ; 2.489      ;
; -1.547 ; divisor_frecuencia:INST_DIVISOR|contador_ciclos[13]          ; divisor_frecuencia:INST_DIVISOR|contador_ciclos[22] ; clk_50                                        ; clk_50      ; 1.000        ; -0.055     ; 2.487      ;
; -1.545 ; divisor_frecuencia:INST_DIVISOR|contador_ciclos[9]           ; divisor_frecuencia:INST_DIVISOR|contador_ciclos[24] ; clk_50                                        ; clk_50      ; 1.000        ; -0.056     ; 2.484      ;
; -1.543 ; divisor_frecuencia:INST_DIVISOR|contador_ciclos[2]           ; divisor_frecuencia:INST_DIVISOR|contador_ciclos[16] ; clk_50                                        ; clk_50      ; 1.000        ; -0.056     ; 2.482      ;
; -1.542 ; divisor_frecuencia:INST_DIVISOR|contador_ciclos[4]           ; divisor_frecuencia:INST_DIVISOR|contador_ciclos[19] ; clk_50                                        ; clk_50      ; 1.000        ; -0.056     ; 2.481      ;
; -1.534 ; divisor_frecuencia:INST_DIVISOR|contador_ciclos[11]          ; divisor_frecuencia:INST_DIVISOR|contador_ciclos[14] ; clk_50                                        ; clk_50      ; 1.000        ; -0.055     ; 2.474      ;
; -1.533 ; divisor_frecuencia:INST_DIVISOR|contador_ciclos[11]          ; divisor_frecuencia:INST_DIVISOR|contador_ciclos[22] ; clk_50                                        ; clk_50      ; 1.000        ; -0.055     ; 2.473      ;
; -1.532 ; divisor_frecuencia:INST_DIVISOR|contador_ciclos[25]          ; divisor_frecuencia:INST_DIVISOR|contador_ciclos[13] ; clk_50                                        ; clk_50      ; 1.000        ; -0.055     ; 2.472      ;
; -1.531 ; divisor_frecuencia:INST_DIVISOR|contador_ciclos[2]           ; divisor_frecuencia:INST_DIVISOR|contador_ciclos[20] ; clk_50                                        ; clk_50      ; 1.000        ; -0.056     ; 2.470      ;
; -1.530 ; divisor_frecuencia:INST_DIVISOR|contador_ciclos[25]          ; divisor_frecuencia:INST_DIVISOR|contador_ciclos[6]  ; clk_50                                        ; clk_50      ; 1.000        ; -0.053     ; 2.472      ;
; -1.530 ; divisor_frecuencia:INST_DIVISOR|contador_ciclos[25]          ; divisor_frecuencia:INST_DIVISOR|contador_ciclos[12] ; clk_50                                        ; clk_50      ; 1.000        ; -0.053     ; 2.472      ;
; -1.530 ; divisor_frecuencia:INST_DIVISOR|contador_ciclos[25]          ; divisor_frecuencia:INST_DIVISOR|contador_ciclos[22] ; clk_50                                        ; clk_50      ; 1.000        ; -0.055     ; 2.470      ;
; -1.526 ; divisor_frecuencia:INST_DIVISOR|contador_ciclos[11]          ; divisor_frecuencia:INST_DIVISOR|contador_ciclos[21] ; clk_50                                        ; clk_50      ; 1.000        ; -0.055     ; 2.466      ;
; -1.525 ; contador_unidades_segundo:INST_CONTADOR_UNIDADES|contador[2] ; control_temporizador:INST_CONTROL|estado            ; divisor_frecuencia:INST_DIVISOR|reloj_1hz_reg ; clk_50      ; 0.500        ; -0.498     ; 1.512      ;
; -1.524 ; divisor_frecuencia:INST_DIVISOR|contador_ciclos[5]           ; divisor_frecuencia:INST_DIVISOR|contador_ciclos[19] ; clk_50                                        ; clk_50      ; 1.000        ; -0.056     ; 2.463      ;
; -1.523 ; divisor_frecuencia:INST_DIVISOR|contador_ciclos[10]          ; divisor_frecuencia:INST_DIVISOR|contador_ciclos[13] ; clk_50                                        ; clk_50      ; 1.000        ; -0.056     ; 2.462      ;
; -1.521 ; divisor_frecuencia:INST_DIVISOR|contador_ciclos[10]          ; divisor_frecuencia:INST_DIVISOR|contador_ciclos[6]  ; clk_50                                        ; clk_50      ; 1.000        ; -0.054     ; 2.462      ;
; -1.521 ; divisor_frecuencia:INST_DIVISOR|contador_ciclos[10]          ; divisor_frecuencia:INST_DIVISOR|contador_ciclos[12] ; clk_50                                        ; clk_50      ; 1.000        ; -0.054     ; 2.462      ;
+--------+--------------------------------------------------------------+-----------------------------------------------------+-----------------------------------------------+-------------+--------------+------------+------------+


+-------------------------------------------------------------------------------------------------------------------------------------------------------------------------------------------------------------------------------------------------------------------------------+
; Slow 1200mV 0C Model Setup: 'divisor_frecuencia:INST_DIVISOR|reloj_1hz_reg'                                                                                                                                                                                                   ;
+--------+--------------------------------------------------------------+--------------------------------------------------------------+-----------------------------------------------+-----------------------------------------------+--------------+------------+------------+
; Slack  ; From Node                                                    ; To Node                                                      ; Launch Clock                                  ; Latch Clock                                   ; Relationship ; Clock Skew ; Data Delay ;
+--------+--------------------------------------------------------------+--------------------------------------------------------------+-----------------------------------------------+-----------------------------------------------+--------------+------------+------------+
; -1.241 ; contador_unidades_segundo:INST_CONTADOR_UNIDADES|contador[1] ; contador_decenas_segundo:INST_CONTADOR_DECENAS|contador[1]   ; divisor_frecuencia:INST_DIVISOR|reloj_1hz_reg ; divisor_frecuencia:INST_DIVISOR|reloj_1hz_reg ; 1.000        ; -0.056     ; 2.180      ;
; -1.241 ; contador_unidades_segundo:INST_CONTADOR_UNIDADES|contador[1] ; contador_decenas_segundo:INST_CONTADOR_DECENAS|contador[2]   ; divisor_frecuencia:INST_DIVISOR|reloj_1hz_reg ; divisor_frecuencia:INST_DIVISOR|reloj_1hz_reg ; 1.000        ; -0.056     ; 2.180      ;
; -1.241 ; contador_unidades_segundo:INST_CONTADOR_UNIDADES|contador[1] ; contador_decenas_segundo:INST_CONTADOR_DECENAS|contador[0]   ; divisor_frecuencia:INST_DIVISOR|reloj_1hz_reg ; divisor_frecuencia:INST_DIVISOR|reloj_1hz_reg ; 1.000        ; -0.056     ; 2.180      ;
; -1.171 ; contador_unidades_segundo:INST_CONTADOR_UNIDADES|contador[3] ; contador_decenas_segundo:INST_CONTADOR_DECENAS|contador[1]   ; divisor_frecuencia:INST_DIVISOR|reloj_1hz_reg ; divisor_frecuencia:INST_DIVISOR|reloj_1hz_reg ; 1.000        ; -0.056     ; 2.110      ;
; -1.171 ; contador_unidades_segundo:INST_CONTADOR_UNIDADES|contador[3] ; contador_decenas_segundo:INST_CONTADOR_DECENAS|contador[2]   ; divisor_frecuencia:INST_DIVISOR|reloj_1hz_reg ; divisor_frecuencia:INST_DIVISOR|reloj_1hz_reg ; 1.000        ; -0.056     ; 2.110      ;
; -1.171 ; contador_unidades_segundo:INST_CONTADOR_UNIDADES|contador[3] ; contador_decenas_segundo:INST_CONTADOR_DECENAS|contador[0]   ; divisor_frecuencia:INST_DIVISOR|reloj_1hz_reg ; divisor_frecuencia:INST_DIVISOR|reloj_1hz_reg ; 1.000        ; -0.056     ; 2.110      ;
; -1.132 ; contador_unidades_segundo:INST_CONTADOR_UNIDADES|contador[2] ; contador_decenas_segundo:INST_CONTADOR_DECENAS|contador[1]   ; divisor_frecuencia:INST_DIVISOR|reloj_1hz_reg ; divisor_frecuencia:INST_DIVISOR|reloj_1hz_reg ; 1.000        ; -0.055     ; 2.072      ;
; -1.132 ; contador_unidades_segundo:INST_CONTADOR_UNIDADES|contador[2] ; contador_decenas_segundo:INST_CONTADOR_DECENAS|contador[2]   ; divisor_frecuencia:INST_DIVISOR|reloj_1hz_reg ; divisor_frecuencia:INST_DIVISOR|reloj_1hz_reg ; 1.000        ; -0.055     ; 2.072      ;
; -1.132 ; contador_unidades_segundo:INST_CONTADOR_UNIDADES|contador[2] ; contador_decenas_segundo:INST_CONTADOR_DECENAS|contador[0]   ; divisor_frecuencia:INST_DIVISOR|reloj_1hz_reg ; divisor_frecuencia:INST_DIVISOR|reloj_1hz_reg ; 1.000        ; -0.055     ; 2.072      ;
; -1.090 ; contador_unidades_segundo:INST_CONTADOR_UNIDADES|contador[0] ; contador_decenas_segundo:INST_CONTADOR_DECENAS|contador[1]   ; divisor_frecuencia:INST_DIVISOR|reloj_1hz_reg ; divisor_frecuencia:INST_DIVISOR|reloj_1hz_reg ; 1.000        ; -0.056     ; 2.029      ;
; -1.090 ; contador_unidades_segundo:INST_CONTADOR_UNIDADES|contador[0] ; contador_decenas_segundo:INST_CONTADOR_DECENAS|contador[2]   ; divisor_frecuencia:INST_DIVISOR|reloj_1hz_reg ; divisor_frecuencia:INST_DIVISOR|reloj_1hz_reg ; 1.000        ; -0.056     ; 2.029      ;
; -1.090 ; contador_unidades_segundo:INST_CONTADOR_UNIDADES|contador[0] ; contador_decenas_segundo:INST_CONTADOR_DECENAS|contador[0]   ; divisor_frecuencia:INST_DIVISOR|reloj_1hz_reg ; divisor_frecuencia:INST_DIVISOR|reloj_1hz_reg ; 1.000        ; -0.056     ; 2.029      ;
; -1.021 ; contador_unidades_segundo:INST_CONTADOR_UNIDADES|contador[1] ; contador_minutos:INST_CONTADOR_MINUTOS|contador[1]           ; divisor_frecuencia:INST_DIVISOR|reloj_1hz_reg ; divisor_frecuencia:INST_DIVISOR|reloj_1hz_reg ; 1.000        ; -0.056     ; 1.960      ;
; -1.021 ; contador_unidades_segundo:INST_CONTADOR_UNIDADES|contador[1] ; contador_minutos:INST_CONTADOR_MINUTOS|contador[3]           ; divisor_frecuencia:INST_DIVISOR|reloj_1hz_reg ; divisor_frecuencia:INST_DIVISOR|reloj_1hz_reg ; 1.000        ; -0.056     ; 1.960      ;
; -1.018 ; contador_unidades_segundo:INST_CONTADOR_UNIDADES|contador[1] ; contador_minutos:INST_CONTADOR_MINUTOS|contador[2]           ; divisor_frecuencia:INST_DIVISOR|reloj_1hz_reg ; divisor_frecuencia:INST_DIVISOR|reloj_1hz_reg ; 1.000        ; -0.056     ; 1.957      ;
; -0.968 ; contador_unidades_segundo:INST_CONTADOR_UNIDADES|contador[3] ; contador_minutos:INST_CONTADOR_MINUTOS|contador[1]           ; divisor_frecuencia:INST_DIVISOR|reloj_1hz_reg ; divisor_frecuencia:INST_DIVISOR|reloj_1hz_reg ; 1.000        ; -0.056     ; 1.907      ;
; -0.968 ; contador_unidades_segundo:INST_CONTADOR_UNIDADES|contador[3] ; contador_minutos:INST_CONTADOR_MINUTOS|contador[3]           ; divisor_frecuencia:INST_DIVISOR|reloj_1hz_reg ; divisor_frecuencia:INST_DIVISOR|reloj_1hz_reg ; 1.000        ; -0.056     ; 1.907      ;
; -0.965 ; contador_unidades_segundo:INST_CONTADOR_UNIDADES|contador[3] ; contador_minutos:INST_CONTADOR_MINUTOS|contador[2]           ; divisor_frecuencia:INST_DIVISOR|reloj_1hz_reg ; divisor_frecuencia:INST_DIVISOR|reloj_1hz_reg ; 1.000        ; -0.056     ; 1.904      ;
; -0.937 ; contador_unidades_segundo:INST_CONTADOR_UNIDADES|contador[1] ; contador_minutos:INST_CONTADOR_MINUTOS|contador[0]           ; divisor_frecuencia:INST_DIVISOR|reloj_1hz_reg ; divisor_frecuencia:INST_DIVISOR|reloj_1hz_reg ; 1.000        ; -0.056     ; 1.876      ;
; -0.890 ; contador_unidades_segundo:INST_CONTADOR_UNIDADES|contador[2] ; contador_minutos:INST_CONTADOR_MINUTOS|contador[1]           ; divisor_frecuencia:INST_DIVISOR|reloj_1hz_reg ; divisor_frecuencia:INST_DIVISOR|reloj_1hz_reg ; 1.000        ; -0.055     ; 1.830      ;
; -0.889 ; contador_unidades_segundo:INST_CONTADOR_UNIDADES|contador[2] ; contador_minutos:INST_CONTADOR_MINUTOS|contador[3]           ; divisor_frecuencia:INST_DIVISOR|reloj_1hz_reg ; divisor_frecuencia:INST_DIVISOR|reloj_1hz_reg ; 1.000        ; -0.055     ; 1.829      ;
; -0.888 ; contador_unidades_segundo:INST_CONTADOR_UNIDADES|contador[2] ; contador_minutos:INST_CONTADOR_MINUTOS|contador[2]           ; divisor_frecuencia:INST_DIVISOR|reloj_1hz_reg ; divisor_frecuencia:INST_DIVISOR|reloj_1hz_reg ; 1.000        ; -0.055     ; 1.828      ;
; -0.887 ; contador_unidades_segundo:INST_CONTADOR_UNIDADES|contador[0] ; contador_minutos:INST_CONTADOR_MINUTOS|contador[1]           ; divisor_frecuencia:INST_DIVISOR|reloj_1hz_reg ; divisor_frecuencia:INST_DIVISOR|reloj_1hz_reg ; 1.000        ; -0.056     ; 1.826      ;
; -0.887 ; contador_unidades_segundo:INST_CONTADOR_UNIDADES|contador[0] ; contador_minutos:INST_CONTADOR_MINUTOS|contador[3]           ; divisor_frecuencia:INST_DIVISOR|reloj_1hz_reg ; divisor_frecuencia:INST_DIVISOR|reloj_1hz_reg ; 1.000        ; -0.056     ; 1.826      ;
; -0.884 ; contador_unidades_segundo:INST_CONTADOR_UNIDADES|contador[0] ; contador_minutos:INST_CONTADOR_MINUTOS|contador[2]           ; divisor_frecuencia:INST_DIVISOR|reloj_1hz_reg ; divisor_frecuencia:INST_DIVISOR|reloj_1hz_reg ; 1.000        ; -0.056     ; 1.823      ;
; -0.884 ; contador_unidades_segundo:INST_CONTADOR_UNIDADES|contador[3] ; contador_minutos:INST_CONTADOR_MINUTOS|contador[0]           ; divisor_frecuencia:INST_DIVISOR|reloj_1hz_reg ; divisor_frecuencia:INST_DIVISOR|reloj_1hz_reg ; 1.000        ; -0.056     ; 1.823      ;
; -0.836 ; contador_decenas_segundo:INST_CONTADOR_DECENAS|contador[1]   ; contador_minutos:INST_CONTADOR_MINUTOS|contador[1]           ; divisor_frecuencia:INST_DIVISOR|reloj_1hz_reg ; divisor_frecuencia:INST_DIVISOR|reloj_1hz_reg ; 1.000        ; -0.055     ; 1.776      ;
; -0.835 ; contador_decenas_segundo:INST_CONTADOR_DECENAS|contador[1]   ; contador_minutos:INST_CONTADOR_MINUTOS|contador[3]           ; divisor_frecuencia:INST_DIVISOR|reloj_1hz_reg ; divisor_frecuencia:INST_DIVISOR|reloj_1hz_reg ; 1.000        ; -0.055     ; 1.775      ;
; -0.834 ; contador_decenas_segundo:INST_CONTADOR_DECENAS|contador[1]   ; contador_minutos:INST_CONTADOR_MINUTOS|contador[2]           ; divisor_frecuencia:INST_DIVISOR|reloj_1hz_reg ; divisor_frecuencia:INST_DIVISOR|reloj_1hz_reg ; 1.000        ; -0.055     ; 1.774      ;
; -0.807 ; contador_unidades_segundo:INST_CONTADOR_UNIDADES|contador[2] ; contador_minutos:INST_CONTADOR_MINUTOS|contador[0]           ; divisor_frecuencia:INST_DIVISOR|reloj_1hz_reg ; divisor_frecuencia:INST_DIVISOR|reloj_1hz_reg ; 1.000        ; -0.055     ; 1.747      ;
; -0.803 ; contador_unidades_segundo:INST_CONTADOR_UNIDADES|contador[0] ; contador_minutos:INST_CONTADOR_MINUTOS|contador[0]           ; divisor_frecuencia:INST_DIVISOR|reloj_1hz_reg ; divisor_frecuencia:INST_DIVISOR|reloj_1hz_reg ; 1.000        ; -0.056     ; 1.742      ;
; -0.761 ; contador_minutos:INST_CONTADOR_MINUTOS|contador[2]           ; contador_minutos:INST_CONTADOR_MINUTOS|contador[1]           ; divisor_frecuencia:INST_DIVISOR|reloj_1hz_reg ; divisor_frecuencia:INST_DIVISOR|reloj_1hz_reg ; 1.000        ; -0.055     ; 1.701      ;
; -0.761 ; contador_minutos:INST_CONTADOR_MINUTOS|contador[2]           ; contador_minutos:INST_CONTADOR_MINUTOS|contador[3]           ; divisor_frecuencia:INST_DIVISOR|reloj_1hz_reg ; divisor_frecuencia:INST_DIVISOR|reloj_1hz_reg ; 1.000        ; -0.055     ; 1.701      ;
; -0.759 ; contador_decenas_segundo:INST_CONTADOR_DECENAS|contador[2]   ; contador_minutos:INST_CONTADOR_MINUTOS|contador[1]           ; divisor_frecuencia:INST_DIVISOR|reloj_1hz_reg ; divisor_frecuencia:INST_DIVISOR|reloj_1hz_reg ; 1.000        ; -0.055     ; 1.699      ;
; -0.759 ; contador_decenas_segundo:INST_CONTADOR_DECENAS|contador[2]   ; contador_minutos:INST_CONTADOR_MINUTOS|contador[3]           ; divisor_frecuencia:INST_DIVISOR|reloj_1hz_reg ; divisor_frecuencia:INST_DIVISOR|reloj_1hz_reg ; 1.000        ; -0.055     ; 1.699      ;
; -0.758 ; contador_minutos:INST_CONTADOR_MINUTOS|contador[2]           ; contador_minutos:INST_CONTADOR_MINUTOS|contador[2]           ; divisor_frecuencia:INST_DIVISOR|reloj_1hz_reg ; divisor_frecuencia:INST_DIVISOR|reloj_1hz_reg ; 1.000        ; -0.055     ; 1.698      ;
; -0.756 ; contador_decenas_segundo:INST_CONTADOR_DECENAS|contador[2]   ; contador_minutos:INST_CONTADOR_MINUTOS|contador[2]           ; divisor_frecuencia:INST_DIVISOR|reloj_1hz_reg ; divisor_frecuencia:INST_DIVISOR|reloj_1hz_reg ; 1.000        ; -0.055     ; 1.696      ;
; -0.656 ; control_temporizador:INST_CONTROL|estado                     ; contador_decenas_segundo:INST_CONTADOR_DECENAS|contador[0]   ; clk_50                                        ; divisor_frecuencia:INST_DIVISOR|reloj_1hz_reg ; 0.500        ; 0.302      ; 1.443      ;
; -0.656 ; control_temporizador:INST_CONTROL|estado                     ; contador_decenas_segundo:INST_CONTADOR_DECENAS|contador[2]   ; clk_50                                        ; divisor_frecuencia:INST_DIVISOR|reloj_1hz_reg ; 0.500        ; 0.302      ; 1.443      ;
; -0.656 ; control_temporizador:INST_CONTROL|estado                     ; contador_decenas_segundo:INST_CONTADOR_DECENAS|contador[1]   ; clk_50                                        ; divisor_frecuencia:INST_DIVISOR|reloj_1hz_reg ; 0.500        ; 0.302      ; 1.443      ;
; -0.649 ; contador_minutos:INST_CONTADOR_MINUTOS|contador[3]           ; contador_minutos:INST_CONTADOR_MINUTOS|contador[1]           ; divisor_frecuencia:INST_DIVISOR|reloj_1hz_reg ; divisor_frecuencia:INST_DIVISOR|reloj_1hz_reg ; 1.000        ; -0.055     ; 1.589      ;
; -0.648 ; contador_minutos:INST_CONTADOR_MINUTOS|contador[3]           ; contador_minutos:INST_CONTADOR_MINUTOS|contador[3]           ; divisor_frecuencia:INST_DIVISOR|reloj_1hz_reg ; divisor_frecuencia:INST_DIVISOR|reloj_1hz_reg ; 1.000        ; -0.055     ; 1.588      ;
; -0.647 ; contador_minutos:INST_CONTADOR_MINUTOS|contador[3]           ; contador_minutos:INST_CONTADOR_MINUTOS|contador[2]           ; divisor_frecuencia:INST_DIVISOR|reloj_1hz_reg ; divisor_frecuencia:INST_DIVISOR|reloj_1hz_reg ; 1.000        ; -0.055     ; 1.587      ;
; -0.631 ; contador_decenas_segundo:INST_CONTADOR_DECENAS|contador[0]   ; contador_minutos:INST_CONTADOR_MINUTOS|contador[1]           ; divisor_frecuencia:INST_DIVISOR|reloj_1hz_reg ; divisor_frecuencia:INST_DIVISOR|reloj_1hz_reg ; 1.000        ; -0.055     ; 1.571      ;
; -0.631 ; contador_decenas_segundo:INST_CONTADOR_DECENAS|contador[0]   ; contador_minutos:INST_CONTADOR_MINUTOS|contador[3]           ; divisor_frecuencia:INST_DIVISOR|reloj_1hz_reg ; divisor_frecuencia:INST_DIVISOR|reloj_1hz_reg ; 1.000        ; -0.055     ; 1.571      ;
; -0.628 ; contador_decenas_segundo:INST_CONTADOR_DECENAS|contador[0]   ; contador_minutos:INST_CONTADOR_MINUTOS|contador[2]           ; divisor_frecuencia:INST_DIVISOR|reloj_1hz_reg ; divisor_frecuencia:INST_DIVISOR|reloj_1hz_reg ; 1.000        ; -0.055     ; 1.568      ;
; -0.566 ; contador_minutos:INST_CONTADOR_MINUTOS|contador[2]           ; contador_minutos:INST_CONTADOR_MINUTOS|contador[0]           ; divisor_frecuencia:INST_DIVISOR|reloj_1hz_reg ; divisor_frecuencia:INST_DIVISOR|reloj_1hz_reg ; 1.000        ; -0.055     ; 1.506      ;
; -0.502 ; contador_minutos:INST_CONTADOR_MINUTOS|contador[0]           ; contador_minutos:INST_CONTADOR_MINUTOS|contador[1]           ; divisor_frecuencia:INST_DIVISOR|reloj_1hz_reg ; divisor_frecuencia:INST_DIVISOR|reloj_1hz_reg ; 1.000        ; -0.055     ; 1.442      ;
; -0.502 ; contador_minutos:INST_CONTADOR_MINUTOS|contador[0]           ; contador_minutos:INST_CONTADOR_MINUTOS|contador[3]           ; divisor_frecuencia:INST_DIVISOR|reloj_1hz_reg ; divisor_frecuencia:INST_DIVISOR|reloj_1hz_reg ; 1.000        ; -0.055     ; 1.442      ;
; -0.499 ; contador_minutos:INST_CONTADOR_MINUTOS|contador[0]           ; contador_minutos:INST_CONTADOR_MINUTOS|contador[2]           ; divisor_frecuencia:INST_DIVISOR|reloj_1hz_reg ; divisor_frecuencia:INST_DIVISOR|reloj_1hz_reg ; 1.000        ; -0.055     ; 1.439      ;
; -0.476 ; contador_minutos:INST_CONTADOR_MINUTOS|contador[1]           ; contador_minutos:INST_CONTADOR_MINUTOS|contador[1]           ; divisor_frecuencia:INST_DIVISOR|reloj_1hz_reg ; divisor_frecuencia:INST_DIVISOR|reloj_1hz_reg ; 1.000        ; -0.055     ; 1.416      ;
; -0.475 ; contador_minutos:INST_CONTADOR_MINUTOS|contador[1]           ; contador_minutos:INST_CONTADOR_MINUTOS|contador[3]           ; divisor_frecuencia:INST_DIVISOR|reloj_1hz_reg ; divisor_frecuencia:INST_DIVISOR|reloj_1hz_reg ; 1.000        ; -0.055     ; 1.415      ;
; -0.474 ; contador_minutos:INST_CONTADOR_MINUTOS|contador[1]           ; contador_minutos:INST_CONTADOR_MINUTOS|contador[2]           ; divisor_frecuencia:INST_DIVISOR|reloj_1hz_reg ; divisor_frecuencia:INST_DIVISOR|reloj_1hz_reg ; 1.000        ; -0.055     ; 1.414      ;
; -0.462 ; contador_minutos:INST_CONTADOR_MINUTOS|contador[3]           ; contador_minutos:INST_CONTADOR_MINUTOS|contador[0]           ; divisor_frecuencia:INST_DIVISOR|reloj_1hz_reg ; divisor_frecuencia:INST_DIVISOR|reloj_1hz_reg ; 1.000        ; -0.055     ; 1.402      ;
; -0.453 ; control_temporizador:INST_CONTROL|estado                     ; contador_minutos:INST_CONTADOR_MINUTOS|contador[1]           ; clk_50                                        ; divisor_frecuencia:INST_DIVISOR|reloj_1hz_reg ; 0.500        ; 0.302      ; 1.240      ;
; -0.453 ; control_temporizador:INST_CONTROL|estado                     ; contador_minutos:INST_CONTADOR_MINUTOS|contador[3]           ; clk_50                                        ; divisor_frecuencia:INST_DIVISOR|reloj_1hz_reg ; 0.500        ; 0.302      ; 1.240      ;
; -0.450 ; control_temporizador:INST_CONTROL|estado                     ; contador_minutos:INST_CONTADOR_MINUTOS|contador[2]           ; clk_50                                        ; divisor_frecuencia:INST_DIVISOR|reloj_1hz_reg ; 0.500        ; 0.302      ; 1.237      ;
; -0.369 ; control_temporizador:INST_CONTROL|estado                     ; contador_minutos:INST_CONTADOR_MINUTOS|contador[0]           ; clk_50                                        ; divisor_frecuencia:INST_DIVISOR|reloj_1hz_reg ; 0.500        ; 0.302      ; 1.156      ;
; -0.361 ; contador_decenas_segundo:INST_CONTADOR_DECENAS|contador[1]   ; contador_minutos:INST_CONTADOR_MINUTOS|contador[0]           ; divisor_frecuencia:INST_DIVISOR|reloj_1hz_reg ; divisor_frecuencia:INST_DIVISOR|reloj_1hz_reg ; 1.000        ; -0.055     ; 1.301      ;
; -0.351 ; control_temporizador:INST_CONTROL|estado                     ; contador_unidades_segundo:INST_CONTADOR_UNIDADES|contador[1] ; clk_50                                        ; divisor_frecuencia:INST_DIVISOR|reloj_1hz_reg ; 0.500        ; 0.304      ; 1.140      ;
; -0.351 ; control_temporizador:INST_CONTROL|estado                     ; contador_unidades_segundo:INST_CONTADOR_UNIDADES|contador[3] ; clk_50                                        ; divisor_frecuencia:INST_DIVISOR|reloj_1hz_reg ; 0.500        ; 0.304      ; 1.140      ;
; -0.351 ; control_temporizador:INST_CONTROL|estado                     ; contador_unidades_segundo:INST_CONTADOR_UNIDADES|contador[0] ; clk_50                                        ; divisor_frecuencia:INST_DIVISOR|reloj_1hz_reg ; 0.500        ; 0.304      ; 1.140      ;
; -0.349 ; contador_unidades_segundo:INST_CONTADOR_UNIDADES|contador[2] ; contador_unidades_segundo:INST_CONTADOR_UNIDADES|contador[3] ; divisor_frecuencia:INST_DIVISOR|reloj_1hz_reg ; divisor_frecuencia:INST_DIVISOR|reloj_1hz_reg ; 1.000        ; -0.053     ; 1.291      ;
; -0.313 ; contador_minutos:INST_CONTADOR_MINUTOS|contador[0]           ; contador_minutos:INST_CONTADOR_MINUTOS|contador[0]           ; divisor_frecuencia:INST_DIVISOR|reloj_1hz_reg ; divisor_frecuencia:INST_DIVISOR|reloj_1hz_reg ; 1.000        ; -0.055     ; 1.253      ;
; -0.305 ; contador_unidades_segundo:INST_CONTADOR_UNIDADES|contador[2] ; contador_unidades_segundo:INST_CONTADOR_UNIDADES|contador[1] ; divisor_frecuencia:INST_DIVISOR|reloj_1hz_reg ; divisor_frecuencia:INST_DIVISOR|reloj_1hz_reg ; 1.000        ; -0.053     ; 1.247      ;
; -0.289 ; contador_minutos:INST_CONTADOR_MINUTOS|contador[1]           ; contador_minutos:INST_CONTADOR_MINUTOS|contador[0]           ; divisor_frecuencia:INST_DIVISOR|reloj_1hz_reg ; divisor_frecuencia:INST_DIVISOR|reloj_1hz_reg ; 1.000        ; -0.055     ; 1.229      ;
; -0.253 ; contador_decenas_segundo:INST_CONTADOR_DECENAS|contador[2]   ; contador_minutos:INST_CONTADOR_MINUTOS|contador[0]           ; divisor_frecuencia:INST_DIVISOR|reloj_1hz_reg ; divisor_frecuencia:INST_DIVISOR|reloj_1hz_reg ; 1.000        ; -0.055     ; 1.193      ;
; -0.190 ; control_temporizador:INST_CONTROL|estado                     ; contador_unidades_segundo:INST_CONTADOR_UNIDADES|contador[2] ; clk_50                                        ; divisor_frecuencia:INST_DIVISOR|reloj_1hz_reg ; 0.500        ; 0.302      ; 0.977      ;
; -0.133 ; contador_decenas_segundo:INST_CONTADOR_DECENAS|contador[2]   ; contador_decenas_segundo:INST_CONTADOR_DECENAS|contador[1]   ; divisor_frecuencia:INST_DIVISOR|reloj_1hz_reg ; divisor_frecuencia:INST_DIVISOR|reloj_1hz_reg ; 1.000        ; -0.055     ; 1.073      ;
; -0.125 ; contador_decenas_segundo:INST_CONTADOR_DECENAS|contador[0]   ; contador_minutos:INST_CONTADOR_MINUTOS|contador[0]           ; divisor_frecuencia:INST_DIVISOR|reloj_1hz_reg ; divisor_frecuencia:INST_DIVISOR|reloj_1hz_reg ; 1.000        ; -0.055     ; 1.065      ;
; -0.100 ; contador_decenas_segundo:INST_CONTADOR_DECENAS|contador[1]   ; contador_decenas_segundo:INST_CONTADOR_DECENAS|contador[2]   ; divisor_frecuencia:INST_DIVISOR|reloj_1hz_reg ; divisor_frecuencia:INST_DIVISOR|reloj_1hz_reg ; 1.000        ; -0.055     ; 1.040      ;
; -0.063 ; contador_decenas_segundo:INST_CONTADOR_DECENAS|contador[0]   ; contador_decenas_segundo:INST_CONTADOR_DECENAS|contador[2]   ; divisor_frecuencia:INST_DIVISOR|reloj_1hz_reg ; divisor_frecuencia:INST_DIVISOR|reloj_1hz_reg ; 1.000        ; -0.055     ; 1.003      ;
; -0.058 ; contador_decenas_segundo:INST_CONTADOR_DECENAS|contador[0]   ; contador_decenas_segundo:INST_CONTADOR_DECENAS|contador[1]   ; divisor_frecuencia:INST_DIVISOR|reloj_1hz_reg ; divisor_frecuencia:INST_DIVISOR|reloj_1hz_reg ; 1.000        ; -0.055     ; 0.998      ;
; -0.052 ; contador_unidades_segundo:INST_CONTADOR_UNIDADES|contador[1] ; contador_unidades_segundo:INST_CONTADOR_UNIDADES|contador[2] ; divisor_frecuencia:INST_DIVISOR|reloj_1hz_reg ; divisor_frecuencia:INST_DIVISOR|reloj_1hz_reg ; 1.000        ; -0.056     ; 0.991      ;
; 0.051  ; contador_unidades_segundo:INST_CONTADOR_UNIDADES|contador[3] ; contador_unidades_segundo:INST_CONTADOR_UNIDADES|contador[1] ; divisor_frecuencia:INST_DIVISOR|reloj_1hz_reg ; divisor_frecuencia:INST_DIVISOR|reloj_1hz_reg ; 1.000        ; -0.054     ; 0.890      ;
; 0.054  ; contador_unidades_segundo:INST_CONTADOR_UNIDADES|contador[0] ; contador_unidades_segundo:INST_CONTADOR_UNIDADES|contador[3] ; divisor_frecuencia:INST_DIVISOR|reloj_1hz_reg ; divisor_frecuencia:INST_DIVISOR|reloj_1hz_reg ; 1.000        ; -0.054     ; 0.887      ;
; 0.125  ; contador_unidades_segundo:INST_CONTADOR_UNIDADES|contador[0] ; contador_unidades_segundo:INST_CONTADOR_UNIDADES|contador[2] ; divisor_frecuencia:INST_DIVISOR|reloj_1hz_reg ; divisor_frecuencia:INST_DIVISOR|reloj_1hz_reg ; 1.000        ; -0.056     ; 0.814      ;
; 0.260  ; contador_unidades_segundo:INST_CONTADOR_UNIDADES|contador[1] ; contador_unidades_segundo:INST_CONTADOR_UNIDADES|contador[3] ; divisor_frecuencia:INST_DIVISOR|reloj_1hz_reg ; divisor_frecuencia:INST_DIVISOR|reloj_1hz_reg ; 1.000        ; -0.054     ; 0.681      ;
; 0.274  ; contador_unidades_segundo:INST_CONTADOR_UNIDADES|contador[0] ; contador_unidades_segundo:INST_CONTADOR_UNIDADES|contador[1] ; divisor_frecuencia:INST_DIVISOR|reloj_1hz_reg ; divisor_frecuencia:INST_DIVISOR|reloj_1hz_reg ; 1.000        ; -0.054     ; 0.667      ;
; 0.357  ; contador_decenas_segundo:INST_CONTADOR_DECENAS|contador[0]   ; contador_decenas_segundo:INST_CONTADOR_DECENAS|contador[0]   ; divisor_frecuencia:INST_DIVISOR|reloj_1hz_reg ; divisor_frecuencia:INST_DIVISOR|reloj_1hz_reg ; 1.000        ; -0.055     ; 0.583      ;
; 0.357  ; contador_decenas_segundo:INST_CONTADOR_DECENAS|contador[2]   ; contador_decenas_segundo:INST_CONTADOR_DECENAS|contador[2]   ; divisor_frecuencia:INST_DIVISOR|reloj_1hz_reg ; divisor_frecuencia:INST_DIVISOR|reloj_1hz_reg ; 1.000        ; -0.055     ; 0.583      ;
; 0.357  ; contador_decenas_segundo:INST_CONTADOR_DECENAS|contador[1]   ; contador_decenas_segundo:INST_CONTADOR_DECENAS|contador[1]   ; divisor_frecuencia:INST_DIVISOR|reloj_1hz_reg ; divisor_frecuencia:INST_DIVISOR|reloj_1hz_reg ; 1.000        ; -0.055     ; 0.583      ;
; 0.357  ; contador_unidades_segundo:INST_CONTADOR_UNIDADES|contador[2] ; contador_unidades_segundo:INST_CONTADOR_UNIDADES|contador[2] ; divisor_frecuencia:INST_DIVISOR|reloj_1hz_reg ; divisor_frecuencia:INST_DIVISOR|reloj_1hz_reg ; 1.000        ; -0.055     ; 0.583      ;
; 0.358  ; contador_unidades_segundo:INST_CONTADOR_UNIDADES|contador[0] ; contador_unidades_segundo:INST_CONTADOR_UNIDADES|contador[0] ; divisor_frecuencia:INST_DIVISOR|reloj_1hz_reg ; divisor_frecuencia:INST_DIVISOR|reloj_1hz_reg ; 1.000        ; -0.054     ; 0.583      ;
; 0.358  ; contador_unidades_segundo:INST_CONTADOR_UNIDADES|contador[3] ; contador_unidades_segundo:INST_CONTADOR_UNIDADES|contador[3] ; divisor_frecuencia:INST_DIVISOR|reloj_1hz_reg ; divisor_frecuencia:INST_DIVISOR|reloj_1hz_reg ; 1.000        ; -0.054     ; 0.583      ;
; 0.358  ; contador_unidades_segundo:INST_CONTADOR_UNIDADES|contador[1] ; contador_unidades_segundo:INST_CONTADOR_UNIDADES|contador[1] ; divisor_frecuencia:INST_DIVISOR|reloj_1hz_reg ; divisor_frecuencia:INST_DIVISOR|reloj_1hz_reg ; 1.000        ; -0.054     ; 0.583      ;
+--------+--------------------------------------------------------------+--------------------------------------------------------------+-----------------------------------------------+-----------------------------------------------+--------------+------------+------------+


+--------------------------------------------------------------------------------------------------------------------------------------------------------------------------------------------------------------------------+
; Slow 1200mV 0C Model Hold: 'clk_50'                                                                                                                                                                                      ;
+-------+-----------------------------------------------------+-----------------------------------------------------+-----------------------------------------------+-------------+--------------+------------+------------+
; Slack ; From Node                                           ; To Node                                             ; Launch Clock                                  ; Latch Clock ; Relationship ; Clock Skew ; Data Delay ;
+-------+-----------------------------------------------------+-----------------------------------------------------+-----------------------------------------------+-------------+--------------+------------+------------+
; 0.196 ; divisor_frecuencia:INST_DIVISOR|reloj_1hz_reg       ; divisor_frecuencia:INST_DIVISOR|reloj_1hz_reg       ; divisor_frecuencia:INST_DIVISOR|reloj_1hz_reg ; clk_50      ; 0.000        ; 2.226      ; 2.776      ;
; 0.347 ; divisor_frecuencia:INST_DIVISOR|contador_ciclos[25] ; divisor_frecuencia:INST_DIVISOR|contador_ciclos[25] ; clk_50                                        ; clk_50      ; 0.000        ; 0.055      ; 0.546      ;
; 0.501 ; divisor_frecuencia:INST_DIVISOR|contador_ciclos[3]  ; divisor_frecuencia:INST_DIVISOR|contador_ciclos[3]  ; clk_50                                        ; clk_50      ; 0.000        ; 0.054      ; 0.699      ;
; 0.503 ; divisor_frecuencia:INST_DIVISOR|contador_ciclos[5]  ; divisor_frecuencia:INST_DIVISOR|contador_ciclos[5]  ; clk_50                                        ; clk_50      ; 0.000        ; 0.054      ; 0.701      ;
; 0.503 ; divisor_frecuencia:INST_DIVISOR|contador_ciclos[2]  ; divisor_frecuencia:INST_DIVISOR|contador_ciclos[2]  ; clk_50                                        ; clk_50      ; 0.000        ; 0.054      ; 0.701      ;
; 0.506 ; divisor_frecuencia:INST_DIVISOR|contador_ciclos[4]  ; divisor_frecuencia:INST_DIVISOR|contador_ciclos[4]  ; clk_50                                        ; clk_50      ; 0.000        ; 0.054      ; 0.704      ;
; 0.512 ; divisor_frecuencia:INST_DIVISOR|contador_ciclos[10] ; divisor_frecuencia:INST_DIVISOR|contador_ciclos[10] ; clk_50                                        ; clk_50      ; 0.000        ; 0.054      ; 0.710      ;
; 0.513 ; divisor_frecuencia:INST_DIVISOR|contador_ciclos[15] ; divisor_frecuencia:INST_DIVISOR|contador_ciclos[15] ; clk_50                                        ; clk_50      ; 0.000        ; 0.055      ; 0.712      ;
; 0.513 ; divisor_frecuencia:INST_DIVISOR|contador_ciclos[8]  ; divisor_frecuencia:INST_DIVISOR|contador_ciclos[8]  ; clk_50                                        ; clk_50      ; 0.000        ; 0.054      ; 0.711      ;
; 0.514 ; divisor_frecuencia:INST_DIVISOR|contador_ciclos[17] ; divisor_frecuencia:INST_DIVISOR|contador_ciclos[17] ; clk_50                                        ; clk_50      ; 0.000        ; 0.055      ; 0.713      ;
; 0.514 ; divisor_frecuencia:INST_DIVISOR|contador_ciclos[9]  ; divisor_frecuencia:INST_DIVISOR|contador_ciclos[9]  ; clk_50                                        ; clk_50      ; 0.000        ; 0.054      ; 0.712      ;
; 0.514 ; divisor_frecuencia:INST_DIVISOR|contador_ciclos[1]  ; divisor_frecuencia:INST_DIVISOR|contador_ciclos[1]  ; clk_50                                        ; clk_50      ; 0.000        ; 0.054      ; 0.712      ;
; 0.515 ; divisor_frecuencia:INST_DIVISOR|contador_ciclos[23] ; divisor_frecuencia:INST_DIVISOR|contador_ciclos[23] ; clk_50                                        ; clk_50      ; 0.000        ; 0.055      ; 0.714      ;
; 0.515 ; divisor_frecuencia:INST_DIVISOR|contador_ciclos[7]  ; divisor_frecuencia:INST_DIVISOR|contador_ciclos[7]  ; clk_50                                        ; clk_50      ; 0.000        ; 0.054      ; 0.713      ;
; 0.527 ; divisor_frecuencia:INST_DIVISOR|contador_ciclos[0]  ; divisor_frecuencia:INST_DIVISOR|contador_ciclos[0]  ; clk_50                                        ; clk_50      ; 0.000        ; 0.054      ; 0.725      ;
; 0.554 ; control_temporizador:INST_CONTROL|inicio_anterior   ; control_temporizador:INST_CONTROL|estado            ; clk_50                                        ; clk_50      ; 0.000        ; 0.055      ; 0.753      ;
; 0.729 ; divisor_frecuencia:INST_DIVISOR|reloj_1hz_reg       ; divisor_frecuencia:INST_DIVISOR|reloj_1hz_reg       ; divisor_frecuencia:INST_DIVISOR|reloj_1hz_reg ; clk_50      ; -0.500       ; 2.226      ; 2.809      ;
; 0.745 ; divisor_frecuencia:INST_DIVISOR|contador_ciclos[3]  ; divisor_frecuencia:INST_DIVISOR|contador_ciclos[4]  ; clk_50                                        ; clk_50      ; 0.000        ; 0.054      ; 0.943      ;
; 0.752 ; divisor_frecuencia:INST_DIVISOR|contador_ciclos[2]  ; divisor_frecuencia:INST_DIVISOR|contador_ciclos[3]  ; clk_50                                        ; clk_50      ; 0.000        ; 0.054      ; 0.950      ;
; 0.755 ; divisor_frecuencia:INST_DIVISOR|contador_ciclos[4]  ; divisor_frecuencia:INST_DIVISOR|contador_ciclos[5]  ; clk_50                                        ; clk_50      ; 0.000        ; 0.054      ; 0.953      ;
; 0.759 ; divisor_frecuencia:INST_DIVISOR|contador_ciclos[1]  ; divisor_frecuencia:INST_DIVISOR|contador_ciclos[2]  ; clk_50                                        ; clk_50      ; 0.000        ; 0.054      ; 0.957      ;
; 0.759 ; divisor_frecuencia:INST_DIVISOR|contador_ciclos[9]  ; divisor_frecuencia:INST_DIVISOR|contador_ciclos[10] ; clk_50                                        ; clk_50      ; 0.000        ; 0.054      ; 0.957      ;
; 0.759 ; divisor_frecuencia:INST_DIVISOR|contador_ciclos[2]  ; divisor_frecuencia:INST_DIVISOR|contador_ciclos[4]  ; clk_50                                        ; clk_50      ; 0.000        ; 0.054      ; 0.957      ;
; 0.760 ; divisor_frecuencia:INST_DIVISOR|contador_ciclos[7]  ; divisor_frecuencia:INST_DIVISOR|contador_ciclos[8]  ; clk_50                                        ; clk_50      ; 0.000        ; 0.054      ; 0.958      ;
; 0.761 ; divisor_frecuencia:INST_DIVISOR|contador_ciclos[0]  ; divisor_frecuencia:INST_DIVISOR|contador_ciclos[1]  ; clk_50                                        ; clk_50      ; 0.000        ; 0.054      ; 0.959      ;
; 0.761 ; divisor_frecuencia:INST_DIVISOR|contador_ciclos[22] ; divisor_frecuencia:INST_DIVISOR|contador_ciclos[23] ; clk_50                                        ; clk_50      ; 0.000        ; 0.055      ; 0.960      ;
; 0.762 ; divisor_frecuencia:INST_DIVISOR|contador_ciclos[8]  ; divisor_frecuencia:INST_DIVISOR|contador_ciclos[9]  ; clk_50                                        ; clk_50      ; 0.000        ; 0.054      ; 0.960      ;
; 0.767 ; divisor_frecuencia:INST_DIVISOR|contador_ciclos[6]  ; divisor_frecuencia:INST_DIVISOR|contador_ciclos[7]  ; clk_50                                        ; clk_50      ; 0.000        ; 0.054      ; 0.965      ;
; 0.768 ; divisor_frecuencia:INST_DIVISOR|contador_ciclos[0]  ; divisor_frecuencia:INST_DIVISOR|contador_ciclos[2]  ; clk_50                                        ; clk_50      ; 0.000        ; 0.054      ; 0.966      ;
; 0.769 ; divisor_frecuencia:INST_DIVISOR|contador_ciclos[8]  ; divisor_frecuencia:INST_DIVISOR|contador_ciclos[10] ; clk_50                                        ; clk_50      ; 0.000        ; 0.054      ; 0.967      ;
; 0.774 ; divisor_frecuencia:INST_DIVISOR|contador_ciclos[6]  ; divisor_frecuencia:INST_DIVISOR|contador_ciclos[8]  ; clk_50                                        ; clk_50      ; 0.000        ; 0.054      ; 0.972      ;
; 0.779 ; divisor_frecuencia:INST_DIVISOR|contador_ciclos[22] ; divisor_frecuencia:INST_DIVISOR|contador_ciclos[22] ; clk_50                                        ; clk_50      ; 0.000        ; 0.055      ; 0.978      ;
; 0.784 ; divisor_frecuencia:INST_DIVISOR|contador_ciclos[13] ; divisor_frecuencia:INST_DIVISOR|contador_ciclos[13] ; clk_50                                        ; clk_50      ; 0.000        ; 0.055      ; 0.983      ;
; 0.834 ; divisor_frecuencia:INST_DIVISOR|contador_ciclos[3]  ; divisor_frecuencia:INST_DIVISOR|contador_ciclos[5]  ; clk_50                                        ; clk_50      ; 0.000        ; 0.054      ; 1.032      ;
; 0.837 ; divisor_frecuencia:INST_DIVISOR|contador_ciclos[5]  ; divisor_frecuencia:INST_DIVISOR|contador_ciclos[7]  ; clk_50                                        ; clk_50      ; 0.000        ; 0.054      ; 1.035      ;
; 0.844 ; divisor_frecuencia:INST_DIVISOR|contador_ciclos[5]  ; divisor_frecuencia:INST_DIVISOR|contador_ciclos[8]  ; clk_50                                        ; clk_50      ; 0.000        ; 0.054      ; 1.042      ;
; 0.847 ; divisor_frecuencia:INST_DIVISOR|contador_ciclos[13] ; divisor_frecuencia:INST_DIVISOR|contador_ciclos[15] ; clk_50                                        ; clk_50      ; 0.000        ; 0.055      ; 1.046      ;
; 0.847 ; divisor_frecuencia:INST_DIVISOR|contador_ciclos[15] ; divisor_frecuencia:INST_DIVISOR|contador_ciclos[17] ; clk_50                                        ; clk_50      ; 0.000        ; 0.055      ; 1.046      ;
; 0.848 ; divisor_frecuencia:INST_DIVISOR|contador_ciclos[1]  ; divisor_frecuencia:INST_DIVISOR|contador_ciclos[3]  ; clk_50                                        ; clk_50      ; 0.000        ; 0.054      ; 1.046      ;
; 0.848 ; divisor_frecuencia:INST_DIVISOR|contador_ciclos[2]  ; divisor_frecuencia:INST_DIVISOR|contador_ciclos[5]  ; clk_50                                        ; clk_50      ; 0.000        ; 0.054      ; 1.046      ;
; 0.849 ; divisor_frecuencia:INST_DIVISOR|contador_ciclos[23] ; divisor_frecuencia:INST_DIVISOR|contador_ciclos[25] ; clk_50                                        ; clk_50      ; 0.000        ; 0.055      ; 1.048      ;
; 0.849 ; divisor_frecuencia:INST_DIVISOR|contador_ciclos[7]  ; divisor_frecuencia:INST_DIVISOR|contador_ciclos[9]  ; clk_50                                        ; clk_50      ; 0.000        ; 0.054      ; 1.047      ;
; 0.851 ; divisor_frecuencia:INST_DIVISOR|contador_ciclos[4]  ; divisor_frecuencia:INST_DIVISOR|contador_ciclos[7]  ; clk_50                                        ; clk_50      ; 0.000        ; 0.054      ; 1.049      ;
; 0.855 ; divisor_frecuencia:INST_DIVISOR|contador_ciclos[1]  ; divisor_frecuencia:INST_DIVISOR|contador_ciclos[4]  ; clk_50                                        ; clk_50      ; 0.000        ; 0.054      ; 1.053      ;
; 0.856 ; divisor_frecuencia:INST_DIVISOR|contador_ciclos[7]  ; divisor_frecuencia:INST_DIVISOR|contador_ciclos[10] ; clk_50                                        ; clk_50      ; 0.000        ; 0.054      ; 1.054      ;
; 0.857 ; divisor_frecuencia:INST_DIVISOR|contador_ciclos[0]  ; divisor_frecuencia:INST_DIVISOR|contador_ciclos[3]  ; clk_50                                        ; clk_50      ; 0.000        ; 0.054      ; 1.055      ;
; 0.857 ; divisor_frecuencia:INST_DIVISOR|contador_ciclos[22] ; divisor_frecuencia:INST_DIVISOR|contador_ciclos[25] ; clk_50                                        ; clk_50      ; 0.000        ; 0.055      ; 1.056      ;
; 0.858 ; divisor_frecuencia:INST_DIVISOR|contador_ciclos[4]  ; divisor_frecuencia:INST_DIVISOR|contador_ciclos[8]  ; clk_50                                        ; clk_50      ; 0.000        ; 0.054      ; 1.056      ;
; 0.862 ; divisor_frecuencia:INST_DIVISOR|contador_ciclos[20] ; divisor_frecuencia:INST_DIVISOR|contador_ciclos[23] ; clk_50                                        ; clk_50      ; 0.000        ; 0.055      ; 1.061      ;
; 0.863 ; divisor_frecuencia:INST_DIVISOR|contador_ciclos[6]  ; divisor_frecuencia:INST_DIVISOR|contador_ciclos[9]  ; clk_50                                        ; clk_50      ; 0.000        ; 0.054      ; 1.061      ;
; 0.864 ; divisor_frecuencia:INST_DIVISOR|contador_ciclos[0]  ; divisor_frecuencia:INST_DIVISOR|contador_ciclos[4]  ; clk_50                                        ; clk_50      ; 0.000        ; 0.054      ; 1.062      ;
; 0.865 ; divisor_frecuencia:INST_DIVISOR|contador_ciclos[12] ; divisor_frecuencia:INST_DIVISOR|contador_ciclos[15] ; clk_50                                        ; clk_50      ; 0.000        ; 0.053      ; 1.062      ;
; 0.870 ; divisor_frecuencia:INST_DIVISOR|contador_ciclos[6]  ; divisor_frecuencia:INST_DIVISOR|contador_ciclos[10] ; clk_50                                        ; clk_50      ; 0.000        ; 0.054      ; 1.068      ;
; 0.879 ; divisor_frecuencia:INST_DIVISOR|contador_ciclos[20] ; divisor_frecuencia:INST_DIVISOR|contador_ciclos[20] ; clk_50                                        ; clk_50      ; 0.000        ; 0.055      ; 1.078      ;
; 0.883 ; divisor_frecuencia:INST_DIVISOR|contador_ciclos[12] ; divisor_frecuencia:INST_DIVISOR|contador_ciclos[12] ; clk_50                                        ; clk_50      ; 0.000        ; 0.054      ; 1.081      ;
; 0.891 ; divisor_frecuencia:INST_DIVISOR|contador_ciclos[14] ; divisor_frecuencia:INST_DIVISOR|contador_ciclos[15] ; clk_50                                        ; clk_50      ; 0.000        ; 0.055      ; 1.090      ;
; 0.892 ; divisor_frecuencia:INST_DIVISOR|contador_ciclos[24] ; divisor_frecuencia:INST_DIVISOR|contador_ciclos[25] ; clk_50                                        ; clk_50      ; 0.000        ; 0.055      ; 1.091      ;
; 0.922 ; divisor_frecuencia:INST_DIVISOR|contador_ciclos[16] ; divisor_frecuencia:INST_DIVISOR|contador_ciclos[17] ; clk_50                                        ; clk_50      ; 0.000        ; 0.055      ; 1.121      ;
; 0.930 ; divisor_frecuencia:INST_DIVISOR|contador_ciclos[3]  ; divisor_frecuencia:INST_DIVISOR|contador_ciclos[7]  ; clk_50                                        ; clk_50      ; 0.000        ; 0.054      ; 1.128      ;
; 0.933 ; divisor_frecuencia:INST_DIVISOR|contador_ciclos[5]  ; divisor_frecuencia:INST_DIVISOR|contador_ciclos[9]  ; clk_50                                        ; clk_50      ; 0.000        ; 0.054      ; 1.131      ;
; 0.937 ; divisor_frecuencia:INST_DIVISOR|contador_ciclos[3]  ; divisor_frecuencia:INST_DIVISOR|contador_ciclos[8]  ; clk_50                                        ; clk_50      ; 0.000        ; 0.054      ; 1.135      ;
; 0.940 ; divisor_frecuencia:INST_DIVISOR|contador_ciclos[5]  ; divisor_frecuencia:INST_DIVISOR|contador_ciclos[10] ; clk_50                                        ; clk_50      ; 0.000        ; 0.054      ; 1.138      ;
; 0.943 ; divisor_frecuencia:INST_DIVISOR|contador_ciclos[13] ; divisor_frecuencia:INST_DIVISOR|contador_ciclos[17] ; clk_50                                        ; clk_50      ; 0.000        ; 0.055      ; 1.142      ;
; 0.944 ; divisor_frecuencia:INST_DIVISOR|contador_ciclos[1]  ; divisor_frecuencia:INST_DIVISOR|contador_ciclos[5]  ; clk_50                                        ; clk_50      ; 0.000        ; 0.054      ; 1.142      ;
; 0.944 ; divisor_frecuencia:INST_DIVISOR|contador_ciclos[2]  ; divisor_frecuencia:INST_DIVISOR|contador_ciclos[7]  ; clk_50                                        ; clk_50      ; 0.000        ; 0.054      ; 1.142      ;
; 0.947 ; divisor_frecuencia:INST_DIVISOR|contador_ciclos[4]  ; divisor_frecuencia:INST_DIVISOR|contador_ciclos[9]  ; clk_50                                        ; clk_50      ; 0.000        ; 0.054      ; 1.145      ;
; 0.951 ; divisor_frecuencia:INST_DIVISOR|contador_ciclos[2]  ; divisor_frecuencia:INST_DIVISOR|contador_ciclos[8]  ; clk_50                                        ; clk_50      ; 0.000        ; 0.054      ; 1.149      ;
; 0.953 ; divisor_frecuencia:INST_DIVISOR|contador_ciclos[0]  ; divisor_frecuencia:INST_DIVISOR|contador_ciclos[5]  ; clk_50                                        ; clk_50      ; 0.000        ; 0.054      ; 1.151      ;
; 0.954 ; divisor_frecuencia:INST_DIVISOR|contador_ciclos[10] ; divisor_frecuencia:INST_DIVISOR|contador_ciclos[15] ; clk_50                                        ; clk_50      ; 0.000        ; 0.053      ; 1.151      ;
; 0.954 ; divisor_frecuencia:INST_DIVISOR|contador_ciclos[4]  ; divisor_frecuencia:INST_DIVISOR|contador_ciclos[10] ; clk_50                                        ; clk_50      ; 0.000        ; 0.054      ; 1.152      ;
; 0.958 ; divisor_frecuencia:INST_DIVISOR|contador_ciclos[20] ; divisor_frecuencia:INST_DIVISOR|contador_ciclos[25] ; clk_50                                        ; clk_50      ; 0.000        ; 0.055      ; 1.157      ;
; 0.961 ; divisor_frecuencia:INST_DIVISOR|contador_ciclos[12] ; divisor_frecuencia:INST_DIVISOR|contador_ciclos[17] ; clk_50                                        ; clk_50      ; 0.000        ; 0.053      ; 1.158      ;
; 0.978 ; divisor_frecuencia:INST_DIVISOR|contador_ciclos[6]  ; divisor_frecuencia:INST_DIVISOR|contador_ciclos[6]  ; clk_50                                        ; clk_50      ; 0.000        ; 0.054      ; 1.176      ;
; 0.987 ; divisor_frecuencia:INST_DIVISOR|contador_ciclos[14] ; divisor_frecuencia:INST_DIVISOR|contador_ciclos[17] ; clk_50                                        ; clk_50      ; 0.000        ; 0.055      ; 1.186      ;
; 0.998 ; divisor_frecuencia:INST_DIVISOR|contador_ciclos[21] ; divisor_frecuencia:INST_DIVISOR|contador_ciclos[23] ; clk_50                                        ; clk_50      ; 0.000        ; 0.055      ; 1.197      ;
; 1.026 ; divisor_frecuencia:INST_DIVISOR|contador_ciclos[3]  ; divisor_frecuencia:INST_DIVISOR|contador_ciclos[9]  ; clk_50                                        ; clk_50      ; 0.000        ; 0.054      ; 1.224      ;
; 1.033 ; divisor_frecuencia:INST_DIVISOR|contador_ciclos[3]  ; divisor_frecuencia:INST_DIVISOR|contador_ciclos[10] ; clk_50                                        ; clk_50      ; 0.000        ; 0.054      ; 1.231      ;
; 1.038 ; divisor_frecuencia:INST_DIVISOR|contador_ciclos[12] ; divisor_frecuencia:INST_DIVISOR|contador_ciclos[13] ; clk_50                                        ; clk_50      ; 0.000        ; 0.053      ; 1.235      ;
; 1.040 ; divisor_frecuencia:INST_DIVISOR|contador_ciclos[20] ; divisor_frecuencia:INST_DIVISOR|contador_ciclos[22] ; clk_50                                        ; clk_50      ; 0.000        ; 0.055      ; 1.239      ;
; 1.040 ; divisor_frecuencia:INST_DIVISOR|contador_ciclos[17] ; divisor_frecuencia:INST_DIVISOR|contador_ciclos[23] ; clk_50                                        ; clk_50      ; 0.000        ; 0.055      ; 1.239      ;
; 1.040 ; divisor_frecuencia:INST_DIVISOR|contador_ciclos[1]  ; divisor_frecuencia:INST_DIVISOR|contador_ciclos[7]  ; clk_50                                        ; clk_50      ; 0.000        ; 0.054      ; 1.238      ;
; 1.040 ; divisor_frecuencia:INST_DIVISOR|contador_ciclos[2]  ; divisor_frecuencia:INST_DIVISOR|contador_ciclos[9]  ; clk_50                                        ; clk_50      ; 0.000        ; 0.054      ; 1.238      ;
; 1.041 ; divisor_frecuencia:INST_DIVISOR|contador_ciclos[9]  ; divisor_frecuencia:INST_DIVISOR|contador_ciclos[15] ; clk_50                                        ; clk_50      ; 0.000        ; 0.053      ; 1.238      ;
; 1.047 ; divisor_frecuencia:INST_DIVISOR|contador_ciclos[1]  ; divisor_frecuencia:INST_DIVISOR|contador_ciclos[8]  ; clk_50                                        ; clk_50      ; 0.000        ; 0.054      ; 1.245      ;
; 1.047 ; divisor_frecuencia:INST_DIVISOR|contador_ciclos[2]  ; divisor_frecuencia:INST_DIVISOR|contador_ciclos[10] ; clk_50                                        ; clk_50      ; 0.000        ; 0.054      ; 1.245      ;
; 1.049 ; divisor_frecuencia:INST_DIVISOR|contador_ciclos[0]  ; divisor_frecuencia:INST_DIVISOR|contador_ciclos[7]  ; clk_50                                        ; clk_50      ; 0.000        ; 0.054      ; 1.247      ;
; 1.050 ; divisor_frecuencia:INST_DIVISOR|contador_ciclos[10] ; divisor_frecuencia:INST_DIVISOR|contador_ciclos[17] ; clk_50                                        ; clk_50      ; 0.000        ; 0.053      ; 1.247      ;
; 1.051 ; divisor_frecuencia:INST_DIVISOR|contador_ciclos[8]  ; divisor_frecuencia:INST_DIVISOR|contador_ciclos[15] ; clk_50                                        ; clk_50      ; 0.000        ; 0.053      ; 1.248      ;
; 1.055 ; divisor_frecuencia:INST_DIVISOR|contador_ciclos[24] ; divisor_frecuencia:INST_DIVISOR|contador_ciclos[24] ; clk_50                                        ; clk_50      ; 0.000        ; 0.055      ; 1.254      ;
; 1.056 ; divisor_frecuencia:INST_DIVISOR|contador_ciclos[0]  ; divisor_frecuencia:INST_DIVISOR|contador_ciclos[8]  ; clk_50                                        ; clk_50      ; 0.000        ; 0.054      ; 1.254      ;
; 1.065 ; divisor_frecuencia:INST_DIVISOR|contador_ciclos[21] ; divisor_frecuencia:INST_DIVISOR|contador_ciclos[21] ; clk_50                                        ; clk_50      ; 0.000        ; 0.055      ; 1.264      ;
; 1.072 ; divisor_frecuencia:INST_DIVISOR|contador_ciclos[19] ; divisor_frecuencia:INST_DIVISOR|contador_ciclos[23] ; clk_50                                        ; clk_50      ; 0.000        ; 0.055      ; 1.271      ;
; 1.094 ; divisor_frecuencia:INST_DIVISOR|contador_ciclos[21] ; divisor_frecuencia:INST_DIVISOR|contador_ciclos[25] ; clk_50                                        ; clk_50      ; 0.000        ; 0.055      ; 1.293      ;
; 1.114 ; divisor_frecuencia:INST_DIVISOR|contador_ciclos[18] ; divisor_frecuencia:INST_DIVISOR|contador_ciclos[23] ; clk_50                                        ; clk_50      ; 0.000        ; 0.055      ; 1.313      ;
; 1.127 ; divisor_frecuencia:INST_DIVISOR|contador_ciclos[10] ; divisor_frecuencia:INST_DIVISOR|contador_ciclos[13] ; clk_50                                        ; clk_50      ; 0.000        ; 0.053      ; 1.324      ;
; 1.132 ; divisor_frecuencia:INST_DIVISOR|contador_ciclos[10] ; divisor_frecuencia:INST_DIVISOR|contador_ciclos[12] ; clk_50                                        ; clk_50      ; 0.000        ; 0.054      ; 1.330      ;
; 1.135 ; divisor_frecuencia:INST_DIVISOR|contador_ciclos[15] ; divisor_frecuencia:INST_DIVISOR|contador_ciclos[23] ; clk_50                                        ; clk_50      ; 0.000        ; 0.055      ; 1.334      ;
; 1.136 ; divisor_frecuencia:INST_DIVISOR|contador_ciclos[17] ; divisor_frecuencia:INST_DIVISOR|contador_ciclos[25] ; clk_50                                        ; clk_50      ; 0.000        ; 0.055      ; 1.335      ;
; 1.136 ; divisor_frecuencia:INST_DIVISOR|contador_ciclos[1]  ; divisor_frecuencia:INST_DIVISOR|contador_ciclos[9]  ; clk_50                                        ; clk_50      ; 0.000        ; 0.054      ; 1.334      ;
; 1.137 ; divisor_frecuencia:INST_DIVISOR|contador_ciclos[9]  ; divisor_frecuencia:INST_DIVISOR|contador_ciclos[17] ; clk_50                                        ; clk_50      ; 0.000        ; 0.053      ; 1.334      ;
+-------+-----------------------------------------------------+-----------------------------------------------------+-----------------------------------------------+-------------+--------------+------------+------------+


+------------------------------------------------------------------------------------------------------------------------------------------------------------------------------------------------------------------------------------------------------------------------------+
; Slow 1200mV 0C Model Hold: 'divisor_frecuencia:INST_DIVISOR|reloj_1hz_reg'                                                                                                                                                                                                   ;
+-------+--------------------------------------------------------------+--------------------------------------------------------------+-----------------------------------------------+-----------------------------------------------+--------------+------------+------------+
; Slack ; From Node                                                    ; To Node                                                      ; Launch Clock                                  ; Latch Clock                                   ; Relationship ; Clock Skew ; Data Delay ;
+-------+--------------------------------------------------------------+--------------------------------------------------------------+-----------------------------------------------+-----------------------------------------------+--------------+------------+------------+
; 0.312 ; contador_minutos:INST_CONTADOR_MINUTOS|contador[1]           ; contador_minutos:INST_CONTADOR_MINUTOS|contador[1]           ; divisor_frecuencia:INST_DIVISOR|reloj_1hz_reg ; divisor_frecuencia:INST_DIVISOR|reloj_1hz_reg ; 0.000        ; 0.055      ; 0.511      ;
; 0.312 ; contador_minutos:INST_CONTADOR_MINUTOS|contador[3]           ; contador_minutos:INST_CONTADOR_MINUTOS|contador[3]           ; divisor_frecuencia:INST_DIVISOR|reloj_1hz_reg ; divisor_frecuencia:INST_DIVISOR|reloj_1hz_reg ; 0.000        ; 0.055      ; 0.511      ;
; 0.312 ; contador_minutos:INST_CONTADOR_MINUTOS|contador[2]           ; contador_minutos:INST_CONTADOR_MINUTOS|contador[2]           ; divisor_frecuencia:INST_DIVISOR|reloj_1hz_reg ; divisor_frecuencia:INST_DIVISOR|reloj_1hz_reg ; 0.000        ; 0.055      ; 0.511      ;
; 0.312 ; contador_minutos:INST_CONTADOR_MINUTOS|contador[0]           ; contador_minutos:INST_CONTADOR_MINUTOS|contador[0]           ; divisor_frecuencia:INST_DIVISOR|reloj_1hz_reg ; divisor_frecuencia:INST_DIVISOR|reloj_1hz_reg ; 0.000        ; 0.055      ; 0.511      ;
; 0.312 ; contador_decenas_segundo:INST_CONTADOR_DECENAS|contador[1]   ; contador_decenas_segundo:INST_CONTADOR_DECENAS|contador[1]   ; divisor_frecuencia:INST_DIVISOR|reloj_1hz_reg ; divisor_frecuencia:INST_DIVISOR|reloj_1hz_reg ; 0.000        ; 0.055      ; 0.511      ;
; 0.312 ; contador_decenas_segundo:INST_CONTADOR_DECENAS|contador[2]   ; contador_decenas_segundo:INST_CONTADOR_DECENAS|contador[2]   ; divisor_frecuencia:INST_DIVISOR|reloj_1hz_reg ; divisor_frecuencia:INST_DIVISOR|reloj_1hz_reg ; 0.000        ; 0.055      ; 0.511      ;
; 0.312 ; contador_unidades_segundo:INST_CONTADOR_UNIDADES|contador[2] ; contador_unidades_segundo:INST_CONTADOR_UNIDADES|contador[2] ; divisor_frecuencia:INST_DIVISOR|reloj_1hz_reg ; divisor_frecuencia:INST_DIVISOR|reloj_1hz_reg ; 0.000        ; 0.055      ; 0.511      ;
; 0.313 ; contador_unidades_segundo:INST_CONTADOR_UNIDADES|contador[3] ; contador_unidades_segundo:INST_CONTADOR_UNIDADES|contador[3] ; divisor_frecuencia:INST_DIVISOR|reloj_1hz_reg ; divisor_frecuencia:INST_DIVISOR|reloj_1hz_reg ; 0.000        ; 0.054      ; 0.511      ;
; 0.313 ; contador_unidades_segundo:INST_CONTADOR_UNIDADES|contador[1] ; contador_unidades_segundo:INST_CONTADOR_UNIDADES|contador[1] ; divisor_frecuencia:INST_DIVISOR|reloj_1hz_reg ; divisor_frecuencia:INST_DIVISOR|reloj_1hz_reg ; 0.000        ; 0.054      ; 0.511      ;
; 0.320 ; contador_decenas_segundo:INST_CONTADOR_DECENAS|contador[0]   ; contador_decenas_segundo:INST_CONTADOR_DECENAS|contador[0]   ; divisor_frecuencia:INST_DIVISOR|reloj_1hz_reg ; divisor_frecuencia:INST_DIVISOR|reloj_1hz_reg ; 0.000        ; 0.055      ; 0.519      ;
; 0.321 ; contador_unidades_segundo:INST_CONTADOR_UNIDADES|contador[0] ; contador_unidades_segundo:INST_CONTADOR_UNIDADES|contador[0] ; divisor_frecuencia:INST_DIVISOR|reloj_1hz_reg ; divisor_frecuencia:INST_DIVISOR|reloj_1hz_reg ; 0.000        ; 0.054      ; 0.519      ;
; 0.372 ; contador_unidades_segundo:INST_CONTADOR_UNIDADES|contador[0] ; contador_unidades_segundo:INST_CONTADOR_UNIDADES|contador[1] ; divisor_frecuencia:INST_DIVISOR|reloj_1hz_reg ; divisor_frecuencia:INST_DIVISOR|reloj_1hz_reg ; 0.000        ; 0.054      ; 0.570      ;
; 0.380 ; contador_unidades_segundo:INST_CONTADOR_UNIDADES|contador[1] ; contador_unidades_segundo:INST_CONTADOR_UNIDADES|contador[3] ; divisor_frecuencia:INST_DIVISOR|reloj_1hz_reg ; divisor_frecuencia:INST_DIVISOR|reloj_1hz_reg ; 0.000        ; 0.054      ; 0.578      ;
; 0.531 ; contador_unidades_segundo:INST_CONTADOR_UNIDADES|contador[0] ; contador_unidades_segundo:INST_CONTADOR_UNIDADES|contador[2] ; divisor_frecuencia:INST_DIVISOR|reloj_1hz_reg ; divisor_frecuencia:INST_DIVISOR|reloj_1hz_reg ; 0.000        ; 0.053      ; 0.728      ;
; 0.541 ; contador_unidades_segundo:INST_CONTADOR_UNIDADES|contador[0] ; contador_unidades_segundo:INST_CONTADOR_UNIDADES|contador[3] ; divisor_frecuencia:INST_DIVISOR|reloj_1hz_reg ; divisor_frecuencia:INST_DIVISOR|reloj_1hz_reg ; 0.000        ; 0.054      ; 0.739      ;
; 0.579 ; contador_unidades_segundo:INST_CONTADOR_UNIDADES|contador[3] ; contador_unidades_segundo:INST_CONTADOR_UNIDADES|contador[1] ; divisor_frecuencia:INST_DIVISOR|reloj_1hz_reg ; divisor_frecuencia:INST_DIVISOR|reloj_1hz_reg ; 0.000        ; 0.054      ; 0.777      ;
; 0.670 ; contador_unidades_segundo:INST_CONTADOR_UNIDADES|contador[1] ; contador_unidades_segundo:INST_CONTADOR_UNIDADES|contador[2] ; divisor_frecuencia:INST_DIVISOR|reloj_1hz_reg ; divisor_frecuencia:INST_DIVISOR|reloj_1hz_reg ; 0.000        ; 0.053      ; 0.867      ;
; 0.685 ; control_temporizador:INST_CONTROL|estado                     ; contador_unidades_segundo:INST_CONTADOR_UNIDADES|contador[2] ; clk_50                                        ; divisor_frecuencia:INST_DIVISOR|reloj_1hz_reg ; -0.500       ; 0.498      ; 0.857      ;
; 0.704 ; contador_decenas_segundo:INST_CONTADOR_DECENAS|contador[1]   ; contador_decenas_segundo:INST_CONTADOR_DECENAS|contador[2]   ; divisor_frecuencia:INST_DIVISOR|reloj_1hz_reg ; divisor_frecuencia:INST_DIVISOR|reloj_1hz_reg ; 0.000        ; 0.055      ; 0.903      ;
; 0.734 ; contador_decenas_segundo:INST_CONTADOR_DECENAS|contador[0]   ; contador_decenas_segundo:INST_CONTADOR_DECENAS|contador[1]   ; divisor_frecuencia:INST_DIVISOR|reloj_1hz_reg ; divisor_frecuencia:INST_DIVISOR|reloj_1hz_reg ; 0.000        ; 0.055      ; 0.933      ;
; 0.738 ; contador_decenas_segundo:INST_CONTADOR_DECENAS|contador[0]   ; contador_decenas_segundo:INST_CONTADOR_DECENAS|contador[2]   ; divisor_frecuencia:INST_DIVISOR|reloj_1hz_reg ; divisor_frecuencia:INST_DIVISOR|reloj_1hz_reg ; 0.000        ; 0.055      ; 0.937      ;
; 0.745 ; contador_decenas_segundo:INST_CONTADOR_DECENAS|contador[2]   ; contador_decenas_segundo:INST_CONTADOR_DECENAS|contador[1]   ; divisor_frecuencia:INST_DIVISOR|reloj_1hz_reg ; divisor_frecuencia:INST_DIVISOR|reloj_1hz_reg ; 0.000        ; 0.055      ; 0.944      ;
; 0.777 ; contador_decenas_segundo:INST_CONTADOR_DECENAS|contador[0]   ; contador_minutos:INST_CONTADOR_MINUTOS|contador[0]           ; divisor_frecuencia:INST_DIVISOR|reloj_1hz_reg ; divisor_frecuencia:INST_DIVISOR|reloj_1hz_reg ; 0.000        ; 0.055      ; 0.976      ;
; 0.835 ; control_temporizador:INST_CONTROL|estado                     ; contador_minutos:INST_CONTADOR_MINUTOS|contador[0]           ; clk_50                                        ; divisor_frecuencia:INST_DIVISOR|reloj_1hz_reg ; -0.500       ; 0.498      ; 1.007      ;
; 0.869 ; contador_decenas_segundo:INST_CONTADOR_DECENAS|contador[2]   ; contador_minutos:INST_CONTADOR_MINUTOS|contador[0]           ; divisor_frecuencia:INST_DIVISOR|reloj_1hz_reg ; divisor_frecuencia:INST_DIVISOR|reloj_1hz_reg ; 0.000        ; 0.055      ; 1.068      ;
; 0.921 ; contador_minutos:INST_CONTADOR_MINUTOS|contador[1]           ; contador_minutos:INST_CONTADOR_MINUTOS|contador[0]           ; divisor_frecuencia:INST_DIVISOR|reloj_1hz_reg ; divisor_frecuencia:INST_DIVISOR|reloj_1hz_reg ; 0.000        ; 0.055      ; 1.120      ;
; 0.927 ; contador_unidades_segundo:INST_CONTADOR_UNIDADES|contador[2] ; contador_unidades_segundo:INST_CONTADOR_UNIDADES|contador[1] ; divisor_frecuencia:INST_DIVISOR|reloj_1hz_reg ; divisor_frecuencia:INST_DIVISOR|reloj_1hz_reg ; 0.000        ; 0.056      ; 1.127      ;
; 0.931 ; contador_unidades_segundo:INST_CONTADOR_UNIDADES|contador[2] ; contador_unidades_segundo:INST_CONTADOR_UNIDADES|contador[3] ; divisor_frecuencia:INST_DIVISOR|reloj_1hz_reg ; divisor_frecuencia:INST_DIVISOR|reloj_1hz_reg ; 0.000        ; 0.056      ; 1.131      ;
; 0.935 ; contador_minutos:INST_CONTADOR_MINUTOS|contador[0]           ; contador_minutos:INST_CONTADOR_MINUTOS|contador[2]           ; divisor_frecuencia:INST_DIVISOR|reloj_1hz_reg ; divisor_frecuencia:INST_DIVISOR|reloj_1hz_reg ; 0.000        ; 0.055      ; 1.134      ;
; 0.936 ; contador_minutos:INST_CONTADOR_MINUTOS|contador[0]           ; contador_minutos:INST_CONTADOR_MINUTOS|contador[3]           ; divisor_frecuencia:INST_DIVISOR|reloj_1hz_reg ; divisor_frecuencia:INST_DIVISOR|reloj_1hz_reg ; 0.000        ; 0.055      ; 1.135      ;
; 0.937 ; contador_minutos:INST_CONTADOR_MINUTOS|contador[0]           ; contador_minutos:INST_CONTADOR_MINUTOS|contador[1]           ; divisor_frecuencia:INST_DIVISOR|reloj_1hz_reg ; divisor_frecuencia:INST_DIVISOR|reloj_1hz_reg ; 0.000        ; 0.055      ; 1.136      ;
; 0.945 ; contador_decenas_segundo:INST_CONTADOR_DECENAS|contador[1]   ; contador_minutos:INST_CONTADOR_MINUTOS|contador[0]           ; divisor_frecuencia:INST_DIVISOR|reloj_1hz_reg ; divisor_frecuencia:INST_DIVISOR|reloj_1hz_reg ; 0.000        ; 0.055      ; 1.144      ;
; 0.946 ; control_temporizador:INST_CONTROL|estado                     ; contador_minutos:INST_CONTADOR_MINUTOS|contador[2]           ; clk_50                                        ; divisor_frecuencia:INST_DIVISOR|reloj_1hz_reg ; -0.500       ; 0.498      ; 1.118      ;
; 0.947 ; control_temporizador:INST_CONTROL|estado                     ; contador_minutos:INST_CONTADOR_MINUTOS|contador[3]           ; clk_50                                        ; divisor_frecuencia:INST_DIVISOR|reloj_1hz_reg ; -0.500       ; 0.498      ; 1.119      ;
; 0.948 ; control_temporizador:INST_CONTROL|estado                     ; contador_minutos:INST_CONTADOR_MINUTOS|contador[1]           ; clk_50                                        ; divisor_frecuencia:INST_DIVISOR|reloj_1hz_reg ; -0.500       ; 0.498      ; 1.120      ;
; 1.002 ; control_temporizador:INST_CONTROL|estado                     ; contador_unidades_segundo:INST_CONTADOR_UNIDADES|contador[1] ; clk_50                                        ; divisor_frecuencia:INST_DIVISOR|reloj_1hz_reg ; -0.500       ; 0.499      ; 1.175      ;
; 1.002 ; control_temporizador:INST_CONTROL|estado                     ; contador_unidades_segundo:INST_CONTADOR_UNIDADES|contador[3] ; clk_50                                        ; divisor_frecuencia:INST_DIVISOR|reloj_1hz_reg ; -0.500       ; 0.499      ; 1.175      ;
; 1.002 ; control_temporizador:INST_CONTROL|estado                     ; contador_unidades_segundo:INST_CONTADOR_UNIDADES|contador[0] ; clk_50                                        ; divisor_frecuencia:INST_DIVISOR|reloj_1hz_reg ; -0.500       ; 0.499      ; 1.175      ;
; 1.028 ; contador_minutos:INST_CONTADOR_MINUTOS|contador[3]           ; contador_minutos:INST_CONTADOR_MINUTOS|contador[0]           ; divisor_frecuencia:INST_DIVISOR|reloj_1hz_reg ; divisor_frecuencia:INST_DIVISOR|reloj_1hz_reg ; 0.000        ; 0.055      ; 1.227      ;
; 1.045 ; contador_minutos:INST_CONTADOR_MINUTOS|contador[2]           ; contador_minutos:INST_CONTADOR_MINUTOS|contador[3]           ; divisor_frecuencia:INST_DIVISOR|reloj_1hz_reg ; divisor_frecuencia:INST_DIVISOR|reloj_1hz_reg ; 0.000        ; 0.055      ; 1.244      ;
; 1.068 ; contador_minutos:INST_CONTADOR_MINUTOS|contador[1]           ; contador_minutos:INST_CONTADOR_MINUTOS|contador[2]           ; divisor_frecuencia:INST_DIVISOR|reloj_1hz_reg ; divisor_frecuencia:INST_DIVISOR|reloj_1hz_reg ; 0.000        ; 0.055      ; 1.267      ;
; 1.069 ; contador_minutos:INST_CONTADOR_MINUTOS|contador[1]           ; contador_minutos:INST_CONTADOR_MINUTOS|contador[3]           ; divisor_frecuencia:INST_DIVISOR|reloj_1hz_reg ; divisor_frecuencia:INST_DIVISOR|reloj_1hz_reg ; 0.000        ; 0.055      ; 1.268      ;
; 1.201 ; contador_minutos:INST_CONTADOR_MINUTOS|contador[2]           ; contador_minutos:INST_CONTADOR_MINUTOS|contador[0]           ; divisor_frecuencia:INST_DIVISOR|reloj_1hz_reg ; divisor_frecuencia:INST_DIVISOR|reloj_1hz_reg ; 0.000        ; 0.055      ; 1.400      ;
; 1.231 ; contador_minutos:INST_CONTADOR_MINUTOS|contador[3]           ; contador_minutos:INST_CONTADOR_MINUTOS|contador[2]           ; divisor_frecuencia:INST_DIVISOR|reloj_1hz_reg ; divisor_frecuencia:INST_DIVISOR|reloj_1hz_reg ; 0.000        ; 0.055      ; 1.430      ;
; 1.232 ; contador_decenas_segundo:INST_CONTADOR_DECENAS|contador[0]   ; contador_minutos:INST_CONTADOR_MINUTOS|contador[2]           ; divisor_frecuencia:INST_DIVISOR|reloj_1hz_reg ; divisor_frecuencia:INST_DIVISOR|reloj_1hz_reg ; 0.000        ; 0.055      ; 1.431      ;
; 1.233 ; contador_decenas_segundo:INST_CONTADOR_DECENAS|contador[0]   ; contador_minutos:INST_CONTADOR_MINUTOS|contador[3]           ; divisor_frecuencia:INST_DIVISOR|reloj_1hz_reg ; divisor_frecuencia:INST_DIVISOR|reloj_1hz_reg ; 0.000        ; 0.055      ; 1.432      ;
; 1.234 ; contador_decenas_segundo:INST_CONTADOR_DECENAS|contador[0]   ; contador_minutos:INST_CONTADOR_MINUTOS|contador[1]           ; divisor_frecuencia:INST_DIVISOR|reloj_1hz_reg ; divisor_frecuencia:INST_DIVISOR|reloj_1hz_reg ; 0.000        ; 0.055      ; 1.433      ;
; 1.234 ; contador_minutos:INST_CONTADOR_MINUTOS|contador[3]           ; contador_minutos:INST_CONTADOR_MINUTOS|contador[1]           ; divisor_frecuencia:INST_DIVISOR|reloj_1hz_reg ; divisor_frecuencia:INST_DIVISOR|reloj_1hz_reg ; 0.000        ; 0.055      ; 1.433      ;
; 1.297 ; control_temporizador:INST_CONTROL|estado                     ; contador_decenas_segundo:INST_CONTADOR_DECENAS|contador[0]   ; clk_50                                        ; divisor_frecuencia:INST_DIVISOR|reloj_1hz_reg ; -0.500       ; 0.498      ; 1.469      ;
; 1.297 ; control_temporizador:INST_CONTROL|estado                     ; contador_decenas_segundo:INST_CONTADOR_DECENAS|contador[2]   ; clk_50                                        ; divisor_frecuencia:INST_DIVISOR|reloj_1hz_reg ; -0.500       ; 0.498      ; 1.469      ;
; 1.297 ; control_temporizador:INST_CONTROL|estado                     ; contador_decenas_segundo:INST_CONTADOR_DECENAS|contador[1]   ; clk_50                                        ; divisor_frecuencia:INST_DIVISOR|reloj_1hz_reg ; -0.500       ; 0.498      ; 1.469      ;
; 1.324 ; contador_decenas_segundo:INST_CONTADOR_DECENAS|contador[2]   ; contador_minutos:INST_CONTADOR_MINUTOS|contador[2]           ; divisor_frecuencia:INST_DIVISOR|reloj_1hz_reg ; divisor_frecuencia:INST_DIVISOR|reloj_1hz_reg ; 0.000        ; 0.055      ; 1.523      ;
; 1.325 ; contador_decenas_segundo:INST_CONTADOR_DECENAS|contador[2]   ; contador_minutos:INST_CONTADOR_MINUTOS|contador[3]           ; divisor_frecuencia:INST_DIVISOR|reloj_1hz_reg ; divisor_frecuencia:INST_DIVISOR|reloj_1hz_reg ; 0.000        ; 0.055      ; 1.524      ;
; 1.326 ; contador_decenas_segundo:INST_CONTADOR_DECENAS|contador[2]   ; contador_minutos:INST_CONTADOR_MINUTOS|contador[1]           ; divisor_frecuencia:INST_DIVISOR|reloj_1hz_reg ; divisor_frecuencia:INST_DIVISOR|reloj_1hz_reg ; 0.000        ; 0.055      ; 1.525      ;
; 1.356 ; contador_unidades_segundo:INST_CONTADOR_UNIDADES|contador[0] ; contador_minutos:INST_CONTADOR_MINUTOS|contador[0]           ; divisor_frecuencia:INST_DIVISOR|reloj_1hz_reg ; divisor_frecuencia:INST_DIVISOR|reloj_1hz_reg ; 0.000        ; 0.053      ; 1.553      ;
; 1.412 ; contador_minutos:INST_CONTADOR_MINUTOS|contador[2]           ; contador_minutos:INST_CONTADOR_MINUTOS|contador[1]           ; divisor_frecuencia:INST_DIVISOR|reloj_1hz_reg ; divisor_frecuencia:INST_DIVISOR|reloj_1hz_reg ; 0.000        ; 0.055      ; 1.611      ;
; 1.419 ; contador_unidades_segundo:INST_CONTADOR_UNIDADES|contador[3] ; contador_minutos:INST_CONTADOR_MINUTOS|contador[0]           ; divisor_frecuencia:INST_DIVISOR|reloj_1hz_reg ; divisor_frecuencia:INST_DIVISOR|reloj_1hz_reg ; 0.000        ; 0.053      ; 1.616      ;
; 1.429 ; contador_decenas_segundo:INST_CONTADOR_DECENAS|contador[1]   ; contador_minutos:INST_CONTADOR_MINUTOS|contador[2]           ; divisor_frecuencia:INST_DIVISOR|reloj_1hz_reg ; divisor_frecuencia:INST_DIVISOR|reloj_1hz_reg ; 0.000        ; 0.055      ; 1.628      ;
; 1.432 ; contador_decenas_segundo:INST_CONTADOR_DECENAS|contador[1]   ; contador_minutos:INST_CONTADOR_MINUTOS|contador[1]           ; divisor_frecuencia:INST_DIVISOR|reloj_1hz_reg ; divisor_frecuencia:INST_DIVISOR|reloj_1hz_reg ; 0.000        ; 0.055      ; 1.631      ;
; 1.432 ; contador_decenas_segundo:INST_CONTADOR_DECENAS|contador[1]   ; contador_minutos:INST_CONTADOR_MINUTOS|contador[3]           ; divisor_frecuencia:INST_DIVISOR|reloj_1hz_reg ; divisor_frecuencia:INST_DIVISOR|reloj_1hz_reg ; 0.000        ; 0.055      ; 1.631      ;
; 1.432 ; contador_unidades_segundo:INST_CONTADOR_UNIDADES|contador[2] ; contador_minutos:INST_CONTADOR_MINUTOS|contador[0]           ; divisor_frecuencia:INST_DIVISOR|reloj_1hz_reg ; divisor_frecuencia:INST_DIVISOR|reloj_1hz_reg ; 0.000        ; 0.055      ; 1.631      ;
; 1.467 ; contador_unidades_segundo:INST_CONTADOR_UNIDADES|contador[0] ; contador_minutos:INST_CONTADOR_MINUTOS|contador[2]           ; divisor_frecuencia:INST_DIVISOR|reloj_1hz_reg ; divisor_frecuencia:INST_DIVISOR|reloj_1hz_reg ; 0.000        ; 0.053      ; 1.664      ;
; 1.468 ; contador_unidades_segundo:INST_CONTADOR_UNIDADES|contador[0] ; contador_minutos:INST_CONTADOR_MINUTOS|contador[3]           ; divisor_frecuencia:INST_DIVISOR|reloj_1hz_reg ; divisor_frecuencia:INST_DIVISOR|reloj_1hz_reg ; 0.000        ; 0.053      ; 1.665      ;
; 1.469 ; contador_unidades_segundo:INST_CONTADOR_UNIDADES|contador[0] ; contador_minutos:INST_CONTADOR_MINUTOS|contador[1]           ; divisor_frecuencia:INST_DIVISOR|reloj_1hz_reg ; divisor_frecuencia:INST_DIVISOR|reloj_1hz_reg ; 0.000        ; 0.053      ; 1.666      ;
; 1.515 ; contador_unidades_segundo:INST_CONTADOR_UNIDADES|contador[2] ; contador_minutos:INST_CONTADOR_MINUTOS|contador[2]           ; divisor_frecuencia:INST_DIVISOR|reloj_1hz_reg ; divisor_frecuencia:INST_DIVISOR|reloj_1hz_reg ; 0.000        ; 0.055      ; 1.714      ;
; 1.518 ; contador_unidades_segundo:INST_CONTADOR_UNIDADES|contador[2] ; contador_minutos:INST_CONTADOR_MINUTOS|contador[1]           ; divisor_frecuencia:INST_DIVISOR|reloj_1hz_reg ; divisor_frecuencia:INST_DIVISOR|reloj_1hz_reg ; 0.000        ; 0.055      ; 1.717      ;
; 1.518 ; contador_unidades_segundo:INST_CONTADOR_UNIDADES|contador[2] ; contador_minutos:INST_CONTADOR_MINUTOS|contador[3]           ; divisor_frecuencia:INST_DIVISOR|reloj_1hz_reg ; divisor_frecuencia:INST_DIVISOR|reloj_1hz_reg ; 0.000        ; 0.055      ; 1.717      ;
; 1.530 ; contador_unidades_segundo:INST_CONTADOR_UNIDADES|contador[3] ; contador_minutos:INST_CONTADOR_MINUTOS|contador[2]           ; divisor_frecuencia:INST_DIVISOR|reloj_1hz_reg ; divisor_frecuencia:INST_DIVISOR|reloj_1hz_reg ; 0.000        ; 0.053      ; 1.727      ;
; 1.531 ; contador_unidades_segundo:INST_CONTADOR_UNIDADES|contador[3] ; contador_minutos:INST_CONTADOR_MINUTOS|contador[3]           ; divisor_frecuencia:INST_DIVISOR|reloj_1hz_reg ; divisor_frecuencia:INST_DIVISOR|reloj_1hz_reg ; 0.000        ; 0.053      ; 1.728      ;
; 1.532 ; contador_unidades_segundo:INST_CONTADOR_UNIDADES|contador[3] ; contador_minutos:INST_CONTADOR_MINUTOS|contador[1]           ; divisor_frecuencia:INST_DIVISOR|reloj_1hz_reg ; divisor_frecuencia:INST_DIVISOR|reloj_1hz_reg ; 0.000        ; 0.053      ; 1.729      ;
; 1.538 ; contador_unidades_segundo:INST_CONTADOR_UNIDADES|contador[1] ; contador_minutos:INST_CONTADOR_MINUTOS|contador[0]           ; divisor_frecuencia:INST_DIVISOR|reloj_1hz_reg ; divisor_frecuencia:INST_DIVISOR|reloj_1hz_reg ; 0.000        ; 0.053      ; 1.735      ;
; 1.649 ; contador_unidades_segundo:INST_CONTADOR_UNIDADES|contador[1] ; contador_minutos:INST_CONTADOR_MINUTOS|contador[2]           ; divisor_frecuencia:INST_DIVISOR|reloj_1hz_reg ; divisor_frecuencia:INST_DIVISOR|reloj_1hz_reg ; 0.000        ; 0.053      ; 1.846      ;
; 1.650 ; contador_unidades_segundo:INST_CONTADOR_UNIDADES|contador[1] ; contador_minutos:INST_CONTADOR_MINUTOS|contador[3]           ; divisor_frecuencia:INST_DIVISOR|reloj_1hz_reg ; divisor_frecuencia:INST_DIVISOR|reloj_1hz_reg ; 0.000        ; 0.053      ; 1.847      ;
; 1.651 ; contador_unidades_segundo:INST_CONTADOR_UNIDADES|contador[1] ; contador_minutos:INST_CONTADOR_MINUTOS|contador[1]           ; divisor_frecuencia:INST_DIVISOR|reloj_1hz_reg ; divisor_frecuencia:INST_DIVISOR|reloj_1hz_reg ; 0.000        ; 0.053      ; 1.848      ;
; 1.818 ; contador_unidades_segundo:INST_CONTADOR_UNIDADES|contador[0] ; contador_decenas_segundo:INST_CONTADOR_DECENAS|contador[1]   ; divisor_frecuencia:INST_DIVISOR|reloj_1hz_reg ; divisor_frecuencia:INST_DIVISOR|reloj_1hz_reg ; 0.000        ; 0.053      ; 2.015      ;
; 1.818 ; contador_unidades_segundo:INST_CONTADOR_UNIDADES|contador[0] ; contador_decenas_segundo:INST_CONTADOR_DECENAS|contador[2]   ; divisor_frecuencia:INST_DIVISOR|reloj_1hz_reg ; divisor_frecuencia:INST_DIVISOR|reloj_1hz_reg ; 0.000        ; 0.053      ; 2.015      ;
; 1.818 ; contador_unidades_segundo:INST_CONTADOR_UNIDADES|contador[0] ; contador_decenas_segundo:INST_CONTADOR_DECENAS|contador[0]   ; divisor_frecuencia:INST_DIVISOR|reloj_1hz_reg ; divisor_frecuencia:INST_DIVISOR|reloj_1hz_reg ; 0.000        ; 0.053      ; 2.015      ;
; 1.835 ; contador_unidades_segundo:INST_CONTADOR_UNIDADES|contador[2] ; contador_decenas_segundo:INST_CONTADOR_DECENAS|contador[1]   ; divisor_frecuencia:INST_DIVISOR|reloj_1hz_reg ; divisor_frecuencia:INST_DIVISOR|reloj_1hz_reg ; 0.000        ; 0.055      ; 2.034      ;
; 1.835 ; contador_unidades_segundo:INST_CONTADOR_UNIDADES|contador[2] ; contador_decenas_segundo:INST_CONTADOR_DECENAS|contador[2]   ; divisor_frecuencia:INST_DIVISOR|reloj_1hz_reg ; divisor_frecuencia:INST_DIVISOR|reloj_1hz_reg ; 0.000        ; 0.055      ; 2.034      ;
; 1.835 ; contador_unidades_segundo:INST_CONTADOR_UNIDADES|contador[2] ; contador_decenas_segundo:INST_CONTADOR_DECENAS|contador[0]   ; divisor_frecuencia:INST_DIVISOR|reloj_1hz_reg ; divisor_frecuencia:INST_DIVISOR|reloj_1hz_reg ; 0.000        ; 0.055      ; 2.034      ;
; 1.881 ; contador_unidades_segundo:INST_CONTADOR_UNIDADES|contador[3] ; contador_decenas_segundo:INST_CONTADOR_DECENAS|contador[1]   ; divisor_frecuencia:INST_DIVISOR|reloj_1hz_reg ; divisor_frecuencia:INST_DIVISOR|reloj_1hz_reg ; 0.000        ; 0.053      ; 2.078      ;
; 1.881 ; contador_unidades_segundo:INST_CONTADOR_UNIDADES|contador[3] ; contador_decenas_segundo:INST_CONTADOR_DECENAS|contador[2]   ; divisor_frecuencia:INST_DIVISOR|reloj_1hz_reg ; divisor_frecuencia:INST_DIVISOR|reloj_1hz_reg ; 0.000        ; 0.053      ; 2.078      ;
; 1.881 ; contador_unidades_segundo:INST_CONTADOR_UNIDADES|contador[3] ; contador_decenas_segundo:INST_CONTADOR_DECENAS|contador[0]   ; divisor_frecuencia:INST_DIVISOR|reloj_1hz_reg ; divisor_frecuencia:INST_DIVISOR|reloj_1hz_reg ; 0.000        ; 0.053      ; 2.078      ;
; 1.982 ; contador_unidades_segundo:INST_CONTADOR_UNIDADES|contador[1] ; contador_decenas_segundo:INST_CONTADOR_DECENAS|contador[1]   ; divisor_frecuencia:INST_DIVISOR|reloj_1hz_reg ; divisor_frecuencia:INST_DIVISOR|reloj_1hz_reg ; 0.000        ; 0.053      ; 2.179      ;
; 1.982 ; contador_unidades_segundo:INST_CONTADOR_UNIDADES|contador[1] ; contador_decenas_segundo:INST_CONTADOR_DECENAS|contador[2]   ; divisor_frecuencia:INST_DIVISOR|reloj_1hz_reg ; divisor_frecuencia:INST_DIVISOR|reloj_1hz_reg ; 0.000        ; 0.053      ; 2.179      ;
; 1.982 ; contador_unidades_segundo:INST_CONTADOR_UNIDADES|contador[1] ; contador_decenas_segundo:INST_CONTADOR_DECENAS|contador[0]   ; divisor_frecuencia:INST_DIVISOR|reloj_1hz_reg ; divisor_frecuencia:INST_DIVISOR|reloj_1hz_reg ; 0.000        ; 0.053      ; 2.179      ;
+-------+--------------------------------------------------------------+--------------------------------------------------------------+-----------------------------------------------+-----------------------------------------------+--------------+------------+------------+


+---------------------------------------------------------------------------------------------------------------------------------------+
; Slow 1200mV 0C Model Minimum Pulse Width: 'clk_50'                                                                                    ;
+--------+--------------+----------------+------------------+--------+------------+-----------------------------------------------------+
; Slack  ; Actual Width ; Required Width ; Type             ; Clock  ; Clock Edge ; Target                                              ;
+--------+--------------+----------------+------------------+--------+------------+-----------------------------------------------------+
; -3.000 ; 1.000        ; 4.000          ; Port Rate        ; clk_50 ; Rise       ; clk_50                                              ;
; -1.000 ; 1.000        ; 2.000          ; Min Period       ; clk_50 ; Rise       ; control_temporizador:INST_CONTROL|estado            ;
; -1.000 ; 1.000        ; 2.000          ; Min Period       ; clk_50 ; Rise       ; control_temporizador:INST_CONTROL|inicio_anterior   ;
; -1.000 ; 1.000        ; 2.000          ; Min Period       ; clk_50 ; Rise       ; control_temporizador:INST_CONTROL|parar_anterior    ;
; -1.000 ; 1.000        ; 2.000          ; Min Period       ; clk_50 ; Rise       ; divisor_frecuencia:INST_DIVISOR|contador_ciclos[0]  ;
; -1.000 ; 1.000        ; 2.000          ; Min Period       ; clk_50 ; Rise       ; divisor_frecuencia:INST_DIVISOR|contador_ciclos[10] ;
; -1.000 ; 1.000        ; 2.000          ; Min Period       ; clk_50 ; Rise       ; divisor_frecuencia:INST_DIVISOR|contador_ciclos[11] ;
; -1.000 ; 1.000        ; 2.000          ; Min Period       ; clk_50 ; Rise       ; divisor_frecuencia:INST_DIVISOR|contador_ciclos[12] ;
; -1.000 ; 1.000        ; 2.000          ; Min Period       ; clk_50 ; Rise       ; divisor_frecuencia:INST_DIVISOR|contador_ciclos[13] ;
; -1.000 ; 1.000        ; 2.000          ; Min Period       ; clk_50 ; Rise       ; divisor_frecuencia:INST_DIVISOR|contador_ciclos[14] ;
; -1.000 ; 1.000        ; 2.000          ; Min Period       ; clk_50 ; Rise       ; divisor_frecuencia:INST_DIVISOR|contador_ciclos[15] ;
; -1.000 ; 1.000        ; 2.000          ; Min Period       ; clk_50 ; Rise       ; divisor_frecuencia:INST_DIVISOR|contador_ciclos[16] ;
; -1.000 ; 1.000        ; 2.000          ; Min Period       ; clk_50 ; Rise       ; divisor_frecuencia:INST_DIVISOR|contador_ciclos[17] ;
; -1.000 ; 1.000        ; 2.000          ; Min Period       ; clk_50 ; Rise       ; divisor_frecuencia:INST_DIVISOR|contador_ciclos[18] ;
; -1.000 ; 1.000        ; 2.000          ; Min Period       ; clk_50 ; Rise       ; divisor_frecuencia:INST_DIVISOR|contador_ciclos[19] ;
; -1.000 ; 1.000        ; 2.000          ; Min Period       ; clk_50 ; Rise       ; divisor_frecuencia:INST_DIVISOR|contador_ciclos[1]  ;
; -1.000 ; 1.000        ; 2.000          ; Min Period       ; clk_50 ; Rise       ; divisor_frecuencia:INST_DIVISOR|contador_ciclos[20] ;
; -1.000 ; 1.000        ; 2.000          ; Min Period       ; clk_50 ; Rise       ; divisor_frecuencia:INST_DIVISOR|contador_ciclos[21] ;
; -1.000 ; 1.000        ; 2.000          ; Min Period       ; clk_50 ; Rise       ; divisor_frecuencia:INST_DIVISOR|contador_ciclos[22] ;
; -1.000 ; 1.000        ; 2.000          ; Min Period       ; clk_50 ; Rise       ; divisor_frecuencia:INST_DIVISOR|contador_ciclos[23] ;
; -1.000 ; 1.000        ; 2.000          ; Min Period       ; clk_50 ; Rise       ; divisor_frecuencia:INST_DIVISOR|contador_ciclos[24] ;
; -1.000 ; 1.000        ; 2.000          ; Min Period       ; clk_50 ; Rise       ; divisor_frecuencia:INST_DIVISOR|contador_ciclos[25] ;
; -1.000 ; 1.000        ; 2.000          ; Min Period       ; clk_50 ; Rise       ; divisor_frecuencia:INST_DIVISOR|contador_ciclos[2]  ;
; -1.000 ; 1.000        ; 2.000          ; Min Period       ; clk_50 ; Rise       ; divisor_frecuencia:INST_DIVISOR|contador_ciclos[3]  ;
; -1.000 ; 1.000        ; 2.000          ; Min Period       ; clk_50 ; Rise       ; divisor_frecuencia:INST_DIVISOR|contador_ciclos[4]  ;
; -1.000 ; 1.000        ; 2.000          ; Min Period       ; clk_50 ; Rise       ; divisor_frecuencia:INST_DIVISOR|contador_ciclos[5]  ;
; -1.000 ; 1.000        ; 2.000          ; Min Period       ; clk_50 ; Rise       ; divisor_frecuencia:INST_DIVISOR|contador_ciclos[6]  ;
; -1.000 ; 1.000        ; 2.000          ; Min Period       ; clk_50 ; Rise       ; divisor_frecuencia:INST_DIVISOR|contador_ciclos[7]  ;
; -1.000 ; 1.000        ; 2.000          ; Min Period       ; clk_50 ; Rise       ; divisor_frecuencia:INST_DIVISOR|contador_ciclos[8]  ;
; -1.000 ; 1.000        ; 2.000          ; Min Period       ; clk_50 ; Rise       ; divisor_frecuencia:INST_DIVISOR|contador_ciclos[9]  ;
; -1.000 ; 1.000        ; 2.000          ; Min Period       ; clk_50 ; Rise       ; divisor_frecuencia:INST_DIVISOR|reloj_1hz_reg       ;
; 0.184  ; 0.368        ; 0.184          ; Low Pulse Width  ; clk_50 ; Rise       ; divisor_frecuencia:INST_DIVISOR|contador_ciclos[11] ;
; 0.184  ; 0.368        ; 0.184          ; Low Pulse Width  ; clk_50 ; Rise       ; divisor_frecuencia:INST_DIVISOR|contador_ciclos[13] ;
; 0.184  ; 0.368        ; 0.184          ; Low Pulse Width  ; clk_50 ; Rise       ; divisor_frecuencia:INST_DIVISOR|contador_ciclos[14] ;
; 0.184  ; 0.368        ; 0.184          ; Low Pulse Width  ; clk_50 ; Rise       ; divisor_frecuencia:INST_DIVISOR|contador_ciclos[15] ;
; 0.184  ; 0.368        ; 0.184          ; Low Pulse Width  ; clk_50 ; Rise       ; divisor_frecuencia:INST_DIVISOR|contador_ciclos[16] ;
; 0.184  ; 0.368        ; 0.184          ; Low Pulse Width  ; clk_50 ; Rise       ; divisor_frecuencia:INST_DIVISOR|contador_ciclos[17] ;
; 0.184  ; 0.368        ; 0.184          ; Low Pulse Width  ; clk_50 ; Rise       ; divisor_frecuencia:INST_DIVISOR|contador_ciclos[18] ;
; 0.184  ; 0.368        ; 0.184          ; Low Pulse Width  ; clk_50 ; Rise       ; divisor_frecuencia:INST_DIVISOR|contador_ciclos[19] ;
; 0.184  ; 0.368        ; 0.184          ; Low Pulse Width  ; clk_50 ; Rise       ; divisor_frecuencia:INST_DIVISOR|contador_ciclos[20] ;
; 0.184  ; 0.368        ; 0.184          ; Low Pulse Width  ; clk_50 ; Rise       ; divisor_frecuencia:INST_DIVISOR|contador_ciclos[21] ;
; 0.184  ; 0.368        ; 0.184          ; Low Pulse Width  ; clk_50 ; Rise       ; divisor_frecuencia:INST_DIVISOR|contador_ciclos[22] ;
; 0.184  ; 0.368        ; 0.184          ; Low Pulse Width  ; clk_50 ; Rise       ; divisor_frecuencia:INST_DIVISOR|contador_ciclos[23] ;
; 0.184  ; 0.368        ; 0.184          ; Low Pulse Width  ; clk_50 ; Rise       ; divisor_frecuencia:INST_DIVISOR|contador_ciclos[24] ;
; 0.184  ; 0.368        ; 0.184          ; Low Pulse Width  ; clk_50 ; Rise       ; divisor_frecuencia:INST_DIVISOR|contador_ciclos[25] ;
; 0.185  ; 0.369        ; 0.184          ; Low Pulse Width  ; clk_50 ; Rise       ; control_temporizador:INST_CONTROL|estado            ;
; 0.185  ; 0.369        ; 0.184          ; Low Pulse Width  ; clk_50 ; Rise       ; control_temporizador:INST_CONTROL|inicio_anterior   ;
; 0.185  ; 0.369        ; 0.184          ; Low Pulse Width  ; clk_50 ; Rise       ; control_temporizador:INST_CONTROL|parar_anterior    ;
; 0.185  ; 0.369        ; 0.184          ; Low Pulse Width  ; clk_50 ; Rise       ; divisor_frecuencia:INST_DIVISOR|contador_ciclos[0]  ;
; 0.185  ; 0.369        ; 0.184          ; Low Pulse Width  ; clk_50 ; Rise       ; divisor_frecuencia:INST_DIVISOR|contador_ciclos[10] ;
; 0.185  ; 0.369        ; 0.184          ; Low Pulse Width  ; clk_50 ; Rise       ; divisor_frecuencia:INST_DIVISOR|contador_ciclos[12] ;
; 0.185  ; 0.369        ; 0.184          ; Low Pulse Width  ; clk_50 ; Rise       ; divisor_frecuencia:INST_DIVISOR|contador_ciclos[1]  ;
; 0.185  ; 0.369        ; 0.184          ; Low Pulse Width  ; clk_50 ; Rise       ; divisor_frecuencia:INST_DIVISOR|contador_ciclos[2]  ;
; 0.185  ; 0.369        ; 0.184          ; Low Pulse Width  ; clk_50 ; Rise       ; divisor_frecuencia:INST_DIVISOR|contador_ciclos[3]  ;
; 0.185  ; 0.369        ; 0.184          ; Low Pulse Width  ; clk_50 ; Rise       ; divisor_frecuencia:INST_DIVISOR|contador_ciclos[4]  ;
; 0.185  ; 0.369        ; 0.184          ; Low Pulse Width  ; clk_50 ; Rise       ; divisor_frecuencia:INST_DIVISOR|contador_ciclos[5]  ;
; 0.185  ; 0.369        ; 0.184          ; Low Pulse Width  ; clk_50 ; Rise       ; divisor_frecuencia:INST_DIVISOR|contador_ciclos[6]  ;
; 0.185  ; 0.369        ; 0.184          ; Low Pulse Width  ; clk_50 ; Rise       ; divisor_frecuencia:INST_DIVISOR|contador_ciclos[7]  ;
; 0.185  ; 0.369        ; 0.184          ; Low Pulse Width  ; clk_50 ; Rise       ; divisor_frecuencia:INST_DIVISOR|contador_ciclos[8]  ;
; 0.185  ; 0.369        ; 0.184          ; Low Pulse Width  ; clk_50 ; Rise       ; divisor_frecuencia:INST_DIVISOR|contador_ciclos[9]  ;
; 0.185  ; 0.369        ; 0.184          ; Low Pulse Width  ; clk_50 ; Rise       ; divisor_frecuencia:INST_DIVISOR|reloj_1hz_reg       ;
; 0.339  ; 0.339        ; 0.000          ; Low Pulse Width  ; clk_50 ; Rise       ; clk_50~input|o                                      ;
; 0.344  ; 0.344        ; 0.000          ; Low Pulse Width  ; clk_50 ; Rise       ; INST_DIVISOR|contador_ciclos[11]|clk                ;
; 0.344  ; 0.344        ; 0.000          ; Low Pulse Width  ; clk_50 ; Rise       ; INST_DIVISOR|contador_ciclos[13]|clk                ;
; 0.344  ; 0.344        ; 0.000          ; Low Pulse Width  ; clk_50 ; Rise       ; INST_DIVISOR|contador_ciclos[14]|clk                ;
; 0.344  ; 0.344        ; 0.000          ; Low Pulse Width  ; clk_50 ; Rise       ; INST_DIVISOR|contador_ciclos[15]|clk                ;
; 0.344  ; 0.344        ; 0.000          ; Low Pulse Width  ; clk_50 ; Rise       ; INST_DIVISOR|contador_ciclos[16]|clk                ;
; 0.344  ; 0.344        ; 0.000          ; Low Pulse Width  ; clk_50 ; Rise       ; INST_DIVISOR|contador_ciclos[17]|clk                ;
; 0.344  ; 0.344        ; 0.000          ; Low Pulse Width  ; clk_50 ; Rise       ; INST_DIVISOR|contador_ciclos[18]|clk                ;
; 0.344  ; 0.344        ; 0.000          ; Low Pulse Width  ; clk_50 ; Rise       ; INST_DIVISOR|contador_ciclos[19]|clk                ;
; 0.344  ; 0.344        ; 0.000          ; Low Pulse Width  ; clk_50 ; Rise       ; INST_DIVISOR|contador_ciclos[20]|clk                ;
; 0.344  ; 0.344        ; 0.000          ; Low Pulse Width  ; clk_50 ; Rise       ; INST_DIVISOR|contador_ciclos[21]|clk                ;
; 0.344  ; 0.344        ; 0.000          ; Low Pulse Width  ; clk_50 ; Rise       ; INST_DIVISOR|contador_ciclos[22]|clk                ;
; 0.344  ; 0.344        ; 0.000          ; Low Pulse Width  ; clk_50 ; Rise       ; INST_DIVISOR|contador_ciclos[23]|clk                ;
; 0.344  ; 0.344        ; 0.000          ; Low Pulse Width  ; clk_50 ; Rise       ; INST_DIVISOR|contador_ciclos[24]|clk                ;
; 0.344  ; 0.344        ; 0.000          ; Low Pulse Width  ; clk_50 ; Rise       ; INST_DIVISOR|contador_ciclos[25]|clk                ;
; 0.345  ; 0.345        ; 0.000          ; Low Pulse Width  ; clk_50 ; Rise       ; INST_CONTROL|estado|clk                             ;
; 0.345  ; 0.345        ; 0.000          ; Low Pulse Width  ; clk_50 ; Rise       ; INST_CONTROL|inicio_anterior|clk                    ;
; 0.345  ; 0.345        ; 0.000          ; Low Pulse Width  ; clk_50 ; Rise       ; INST_CONTROL|parar_anterior|clk                     ;
; 0.345  ; 0.345        ; 0.000          ; Low Pulse Width  ; clk_50 ; Rise       ; INST_DIVISOR|contador_ciclos[0]|clk                 ;
; 0.345  ; 0.345        ; 0.000          ; Low Pulse Width  ; clk_50 ; Rise       ; INST_DIVISOR|contador_ciclos[10]|clk                ;
; 0.345  ; 0.345        ; 0.000          ; Low Pulse Width  ; clk_50 ; Rise       ; INST_DIVISOR|contador_ciclos[12]|clk                ;
; 0.345  ; 0.345        ; 0.000          ; Low Pulse Width  ; clk_50 ; Rise       ; INST_DIVISOR|contador_ciclos[1]|clk                 ;
; 0.345  ; 0.345        ; 0.000          ; Low Pulse Width  ; clk_50 ; Rise       ; INST_DIVISOR|contador_ciclos[2]|clk                 ;
; 0.345  ; 0.345        ; 0.000          ; Low Pulse Width  ; clk_50 ; Rise       ; INST_DIVISOR|contador_ciclos[3]|clk                 ;
; 0.345  ; 0.345        ; 0.000          ; Low Pulse Width  ; clk_50 ; Rise       ; INST_DIVISOR|contador_ciclos[4]|clk                 ;
; 0.345  ; 0.345        ; 0.000          ; Low Pulse Width  ; clk_50 ; Rise       ; INST_DIVISOR|contador_ciclos[5]|clk                 ;
; 0.345  ; 0.345        ; 0.000          ; Low Pulse Width  ; clk_50 ; Rise       ; INST_DIVISOR|contador_ciclos[6]|clk                 ;
; 0.345  ; 0.345        ; 0.000          ; Low Pulse Width  ; clk_50 ; Rise       ; INST_DIVISOR|contador_ciclos[7]|clk                 ;
; 0.345  ; 0.345        ; 0.000          ; Low Pulse Width  ; clk_50 ; Rise       ; INST_DIVISOR|contador_ciclos[8]|clk                 ;
; 0.345  ; 0.345        ; 0.000          ; Low Pulse Width  ; clk_50 ; Rise       ; INST_DIVISOR|contador_ciclos[9]|clk                 ;
; 0.345  ; 0.345        ; 0.000          ; Low Pulse Width  ; clk_50 ; Rise       ; INST_DIVISOR|reloj_1hz_reg|clk                      ;
; 0.348  ; 0.348        ; 0.000          ; Low Pulse Width  ; clk_50 ; Rise       ; clk_50~inputclkctrl|inclk[0]                        ;
; 0.348  ; 0.348        ; 0.000          ; Low Pulse Width  ; clk_50 ; Rise       ; clk_50~inputclkctrl|outclk                          ;
; 0.414  ; 0.630        ; 0.216          ; High Pulse Width ; clk_50 ; Rise       ; control_temporizador:INST_CONTROL|estado            ;
; 0.414  ; 0.630        ; 0.216          ; High Pulse Width ; clk_50 ; Rise       ; control_temporizador:INST_CONTROL|inicio_anterior   ;
; 0.414  ; 0.630        ; 0.216          ; High Pulse Width ; clk_50 ; Rise       ; control_temporizador:INST_CONTROL|parar_anterior    ;
; 0.414  ; 0.630        ; 0.216          ; High Pulse Width ; clk_50 ; Rise       ; divisor_frecuencia:INST_DIVISOR|contador_ciclos[13] ;
; 0.414  ; 0.630        ; 0.216          ; High Pulse Width ; clk_50 ; Rise       ; divisor_frecuencia:INST_DIVISOR|contador_ciclos[15] ;
; 0.414  ; 0.630        ; 0.216          ; High Pulse Width ; clk_50 ; Rise       ; divisor_frecuencia:INST_DIVISOR|contador_ciclos[17] ;
+--------+--------------+----------------+------------------+--------+------------+-----------------------------------------------------+


+---------------------------------------------------------------------------------------------------------------------------------------------------------------------------------------+
; Slow 1200mV 0C Model Minimum Pulse Width: 'divisor_frecuencia:INST_DIVISOR|reloj_1hz_reg'                                                                                             ;
+--------+--------------+----------------+------------------+-----------------------------------------------+------------+--------------------------------------------------------------+
; Slack  ; Actual Width ; Required Width ; Type             ; Clock                                         ; Clock Edge ; Target                                                       ;
+--------+--------------+----------------+------------------+-----------------------------------------------+------------+--------------------------------------------------------------+
; -1.000 ; 1.000        ; 2.000          ; Min Period       ; divisor_frecuencia:INST_DIVISOR|reloj_1hz_reg ; Fall       ; contador_decenas_segundo:INST_CONTADOR_DECENAS|contador[0]   ;
; -1.000 ; 1.000        ; 2.000          ; Min Period       ; divisor_frecuencia:INST_DIVISOR|reloj_1hz_reg ; Fall       ; contador_decenas_segundo:INST_CONTADOR_DECENAS|contador[1]   ;
; -1.000 ; 1.000        ; 2.000          ; Min Period       ; divisor_frecuencia:INST_DIVISOR|reloj_1hz_reg ; Fall       ; contador_decenas_segundo:INST_CONTADOR_DECENAS|contador[2]   ;
; -1.000 ; 1.000        ; 2.000          ; Min Period       ; divisor_frecuencia:INST_DIVISOR|reloj_1hz_reg ; Fall       ; contador_minutos:INST_CONTADOR_MINUTOS|contador[0]           ;
; -1.000 ; 1.000        ; 2.000          ; Min Period       ; divisor_frecuencia:INST_DIVISOR|reloj_1hz_reg ; Fall       ; contador_minutos:INST_CONTADOR_MINUTOS|contador[1]           ;
; -1.000 ; 1.000        ; 2.000          ; Min Period       ; divisor_frecuencia:INST_DIVISOR|reloj_1hz_reg ; Fall       ; contador_minutos:INST_CONTADOR_MINUTOS|contador[2]           ;
; -1.000 ; 1.000        ; 2.000          ; Min Period       ; divisor_frecuencia:INST_DIVISOR|reloj_1hz_reg ; Fall       ; contador_minutos:INST_CONTADOR_MINUTOS|contador[3]           ;
; -1.000 ; 1.000        ; 2.000          ; Min Period       ; divisor_frecuencia:INST_DIVISOR|reloj_1hz_reg ; Fall       ; contador_unidades_segundo:INST_CONTADOR_UNIDADES|contador[0] ;
; -1.000 ; 1.000        ; 2.000          ; Min Period       ; divisor_frecuencia:INST_DIVISOR|reloj_1hz_reg ; Fall       ; contador_unidades_segundo:INST_CONTADOR_UNIDADES|contador[1] ;
; -1.000 ; 1.000        ; 2.000          ; Min Period       ; divisor_frecuencia:INST_DIVISOR|reloj_1hz_reg ; Fall       ; contador_unidades_segundo:INST_CONTADOR_UNIDADES|contador[2] ;
; -1.000 ; 1.000        ; 2.000          ; Min Period       ; divisor_frecuencia:INST_DIVISOR|reloj_1hz_reg ; Fall       ; contador_unidades_segundo:INST_CONTADOR_UNIDADES|contador[3] ;
; 0.251  ; 0.467        ; 0.216          ; High Pulse Width ; divisor_frecuencia:INST_DIVISOR|reloj_1hz_reg ; Fall       ; contador_decenas_segundo:INST_CONTADOR_DECENAS|contador[0]   ;
; 0.251  ; 0.467        ; 0.216          ; High Pulse Width ; divisor_frecuencia:INST_DIVISOR|reloj_1hz_reg ; Fall       ; contador_decenas_segundo:INST_CONTADOR_DECENAS|contador[1]   ;
; 0.251  ; 0.467        ; 0.216          ; High Pulse Width ; divisor_frecuencia:INST_DIVISOR|reloj_1hz_reg ; Fall       ; contador_decenas_segundo:INST_CONTADOR_DECENAS|contador[2]   ;
; 0.251  ; 0.467        ; 0.216          ; High Pulse Width ; divisor_frecuencia:INST_DIVISOR|reloj_1hz_reg ; Fall       ; contador_minutos:INST_CONTADOR_MINUTOS|contador[0]           ;
; 0.251  ; 0.467        ; 0.216          ; High Pulse Width ; divisor_frecuencia:INST_DIVISOR|reloj_1hz_reg ; Fall       ; contador_minutos:INST_CONTADOR_MINUTOS|contador[1]           ;
; 0.251  ; 0.467        ; 0.216          ; High Pulse Width ; divisor_frecuencia:INST_DIVISOR|reloj_1hz_reg ; Fall       ; contador_minutos:INST_CONTADOR_MINUTOS|contador[2]           ;
; 0.251  ; 0.467        ; 0.216          ; High Pulse Width ; divisor_frecuencia:INST_DIVISOR|reloj_1hz_reg ; Fall       ; contador_minutos:INST_CONTADOR_MINUTOS|contador[3]           ;
; 0.251  ; 0.467        ; 0.216          ; High Pulse Width ; divisor_frecuencia:INST_DIVISOR|reloj_1hz_reg ; Fall       ; contador_unidades_segundo:INST_CONTADOR_UNIDADES|contador[2] ;
; 0.252  ; 0.468        ; 0.216          ; High Pulse Width ; divisor_frecuencia:INST_DIVISOR|reloj_1hz_reg ; Fall       ; contador_unidades_segundo:INST_CONTADOR_UNIDADES|contador[0] ;
; 0.252  ; 0.468        ; 0.216          ; High Pulse Width ; divisor_frecuencia:INST_DIVISOR|reloj_1hz_reg ; Fall       ; contador_unidades_segundo:INST_CONTADOR_UNIDADES|contador[1] ;
; 0.252  ; 0.468        ; 0.216          ; High Pulse Width ; divisor_frecuencia:INST_DIVISOR|reloj_1hz_reg ; Fall       ; contador_unidades_segundo:INST_CONTADOR_UNIDADES|contador[3] ;
; 0.347  ; 0.531        ; 0.184          ; Low Pulse Width  ; divisor_frecuencia:INST_DIVISOR|reloj_1hz_reg ; Fall       ; contador_minutos:INST_CONTADOR_MINUTOS|contador[0]           ;
; 0.347  ; 0.531        ; 0.184          ; Low Pulse Width  ; divisor_frecuencia:INST_DIVISOR|reloj_1hz_reg ; Fall       ; contador_minutos:INST_CONTADOR_MINUTOS|contador[1]           ;
; 0.347  ; 0.531        ; 0.184          ; Low Pulse Width  ; divisor_frecuencia:INST_DIVISOR|reloj_1hz_reg ; Fall       ; contador_minutos:INST_CONTADOR_MINUTOS|contador[2]           ;
; 0.347  ; 0.531        ; 0.184          ; Low Pulse Width  ; divisor_frecuencia:INST_DIVISOR|reloj_1hz_reg ; Fall       ; contador_minutos:INST_CONTADOR_MINUTOS|contador[3]           ;
; 0.347  ; 0.531        ; 0.184          ; Low Pulse Width  ; divisor_frecuencia:INST_DIVISOR|reloj_1hz_reg ; Fall       ; contador_unidades_segundo:INST_CONTADOR_UNIDADES|contador[2] ;
; 0.348  ; 0.532        ; 0.184          ; Low Pulse Width  ; divisor_frecuencia:INST_DIVISOR|reloj_1hz_reg ; Fall       ; contador_decenas_segundo:INST_CONTADOR_DECENAS|contador[0]   ;
; 0.348  ; 0.532        ; 0.184          ; Low Pulse Width  ; divisor_frecuencia:INST_DIVISOR|reloj_1hz_reg ; Fall       ; contador_decenas_segundo:INST_CONTADOR_DECENAS|contador[1]   ;
; 0.348  ; 0.532        ; 0.184          ; Low Pulse Width  ; divisor_frecuencia:INST_DIVISOR|reloj_1hz_reg ; Fall       ; contador_decenas_segundo:INST_CONTADOR_DECENAS|contador[2]   ;
; 0.348  ; 0.532        ; 0.184          ; Low Pulse Width  ; divisor_frecuencia:INST_DIVISOR|reloj_1hz_reg ; Fall       ; contador_unidades_segundo:INST_CONTADOR_UNIDADES|contador[0] ;
; 0.348  ; 0.532        ; 0.184          ; Low Pulse Width  ; divisor_frecuencia:INST_DIVISOR|reloj_1hz_reg ; Fall       ; contador_unidades_segundo:INST_CONTADOR_UNIDADES|contador[1] ;
; 0.348  ; 0.532        ; 0.184          ; Low Pulse Width  ; divisor_frecuencia:INST_DIVISOR|reloj_1hz_reg ; Fall       ; contador_unidades_segundo:INST_CONTADOR_UNIDADES|contador[3] ;
; 0.452  ; 0.452        ; 0.000          ; Low Pulse Width  ; divisor_frecuencia:INST_DIVISOR|reloj_1hz_reg ; Rise       ; INST_CONTADOR_DECENAS|contador[0]|clk                        ;
; 0.452  ; 0.452        ; 0.000          ; Low Pulse Width  ; divisor_frecuencia:INST_DIVISOR|reloj_1hz_reg ; Rise       ; INST_CONTADOR_DECENAS|contador[1]|clk                        ;
; 0.452  ; 0.452        ; 0.000          ; Low Pulse Width  ; divisor_frecuencia:INST_DIVISOR|reloj_1hz_reg ; Rise       ; INST_CONTADOR_DECENAS|contador[2]|clk                        ;
; 0.452  ; 0.452        ; 0.000          ; Low Pulse Width  ; divisor_frecuencia:INST_DIVISOR|reloj_1hz_reg ; Rise       ; INST_CONTADOR_MINUTOS|contador[0]|clk                        ;
; 0.452  ; 0.452        ; 0.000          ; Low Pulse Width  ; divisor_frecuencia:INST_DIVISOR|reloj_1hz_reg ; Rise       ; INST_CONTADOR_MINUTOS|contador[1]|clk                        ;
; 0.452  ; 0.452        ; 0.000          ; Low Pulse Width  ; divisor_frecuencia:INST_DIVISOR|reloj_1hz_reg ; Rise       ; INST_CONTADOR_MINUTOS|contador[2]|clk                        ;
; 0.452  ; 0.452        ; 0.000          ; Low Pulse Width  ; divisor_frecuencia:INST_DIVISOR|reloj_1hz_reg ; Rise       ; INST_CONTADOR_MINUTOS|contador[3]|clk                        ;
; 0.452  ; 0.452        ; 0.000          ; Low Pulse Width  ; divisor_frecuencia:INST_DIVISOR|reloj_1hz_reg ; Rise       ; INST_CONTADOR_UNIDADES|contador[2]|clk                       ;
; 0.453  ; 0.453        ; 0.000          ; Low Pulse Width  ; divisor_frecuencia:INST_DIVISOR|reloj_1hz_reg ; Rise       ; INST_CONTADOR_UNIDADES|contador[0]|clk                       ;
; 0.453  ; 0.453        ; 0.000          ; Low Pulse Width  ; divisor_frecuencia:INST_DIVISOR|reloj_1hz_reg ; Rise       ; INST_CONTADOR_UNIDADES|contador[1]|clk                       ;
; 0.453  ; 0.453        ; 0.000          ; Low Pulse Width  ; divisor_frecuencia:INST_DIVISOR|reloj_1hz_reg ; Rise       ; INST_CONTADOR_UNIDADES|contador[3]|clk                       ;
; 0.459  ; 0.459        ; 0.000          ; Low Pulse Width  ; divisor_frecuencia:INST_DIVISOR|reloj_1hz_reg ; Rise       ; INST_DIVISOR|reloj_1hz_reg~clkctrl|inclk[0]                  ;
; 0.459  ; 0.459        ; 0.000          ; Low Pulse Width  ; divisor_frecuencia:INST_DIVISOR|reloj_1hz_reg ; Rise       ; INST_DIVISOR|reloj_1hz_reg~clkctrl|outclk                    ;
; 0.500  ; 0.500        ; 0.000          ; High Pulse Width ; divisor_frecuencia:INST_DIVISOR|reloj_1hz_reg ; Rise       ; INST_DIVISOR|reloj_1hz_reg|q                                 ;
; 0.500  ; 0.500        ; 0.000          ; Low Pulse Width  ; divisor_frecuencia:INST_DIVISOR|reloj_1hz_reg ; Rise       ; INST_DIVISOR|reloj_1hz_reg|q                                 ;
; 0.539  ; 0.539        ; 0.000          ; High Pulse Width ; divisor_frecuencia:INST_DIVISOR|reloj_1hz_reg ; Rise       ; INST_DIVISOR|reloj_1hz_reg~clkctrl|inclk[0]                  ;
; 0.539  ; 0.539        ; 0.000          ; High Pulse Width ; divisor_frecuencia:INST_DIVISOR|reloj_1hz_reg ; Rise       ; INST_DIVISOR|reloj_1hz_reg~clkctrl|outclk                    ;
; 0.545  ; 0.545        ; 0.000          ; High Pulse Width ; divisor_frecuencia:INST_DIVISOR|reloj_1hz_reg ; Rise       ; INST_CONTADOR_MINUTOS|contador[0]|clk                        ;
; 0.545  ; 0.545        ; 0.000          ; High Pulse Width ; divisor_frecuencia:INST_DIVISOR|reloj_1hz_reg ; Rise       ; INST_CONTADOR_MINUTOS|contador[1]|clk                        ;
; 0.545  ; 0.545        ; 0.000          ; High Pulse Width ; divisor_frecuencia:INST_DIVISOR|reloj_1hz_reg ; Rise       ; INST_CONTADOR_MINUTOS|contador[2]|clk                        ;
; 0.545  ; 0.545        ; 0.000          ; High Pulse Width ; divisor_frecuencia:INST_DIVISOR|reloj_1hz_reg ; Rise       ; INST_CONTADOR_MINUTOS|contador[3]|clk                        ;
; 0.545  ; 0.545        ; 0.000          ; High Pulse Width ; divisor_frecuencia:INST_DIVISOR|reloj_1hz_reg ; Rise       ; INST_CONTADOR_UNIDADES|contador[2]|clk                       ;
; 0.546  ; 0.546        ; 0.000          ; High Pulse Width ; divisor_frecuencia:INST_DIVISOR|reloj_1hz_reg ; Rise       ; INST_CONTADOR_DECENAS|contador[0]|clk                        ;
; 0.546  ; 0.546        ; 0.000          ; High Pulse Width ; divisor_frecuencia:INST_DIVISOR|reloj_1hz_reg ; Rise       ; INST_CONTADOR_DECENAS|contador[1]|clk                        ;
; 0.546  ; 0.546        ; 0.000          ; High Pulse Width ; divisor_frecuencia:INST_DIVISOR|reloj_1hz_reg ; Rise       ; INST_CONTADOR_DECENAS|contador[2]|clk                        ;
; 0.546  ; 0.546        ; 0.000          ; High Pulse Width ; divisor_frecuencia:INST_DIVISOR|reloj_1hz_reg ; Rise       ; INST_CONTADOR_UNIDADES|contador[0]|clk                       ;
; 0.546  ; 0.546        ; 0.000          ; High Pulse Width ; divisor_frecuencia:INST_DIVISOR|reloj_1hz_reg ; Rise       ; INST_CONTADOR_UNIDADES|contador[1]|clk                       ;
; 0.546  ; 0.546        ; 0.000          ; High Pulse Width ; divisor_frecuencia:INST_DIVISOR|reloj_1hz_reg ; Rise       ; INST_CONTADOR_UNIDADES|contador[3]|clk                       ;
+--------+--------------+----------------+------------------+-----------------------------------------------+------------+--------------------------------------------------------------+


+-----------------------------------------------------------------------+
; Setup Times                                                           ;
+-----------+------------+-------+-------+------------+-----------------+
; Data Port ; Clock Port ; Rise  ; Fall  ; Clock Edge ; Clock Reference ;
+-----------+------------+-------+-------+------------+-----------------+
; start     ; clk_50     ; 2.151 ; 2.490 ; Rise       ; clk_50          ;
; stop      ; clk_50     ; 2.693 ; 3.108 ; Rise       ; clk_50          ;
+-----------+------------+-------+-------+------------+-----------------+


+-------------------------------------------------------------------------+
; Hold Times                                                              ;
+-----------+------------+--------+--------+------------+-----------------+
; Data Port ; Clock Port ; Rise   ; Fall   ; Clock Edge ; Clock Reference ;
+-----------+------------+--------+--------+------------+-----------------+
; start     ; clk_50     ; -1.635 ; -1.990 ; Rise       ; clk_50          ;
; stop      ; clk_50     ; -1.667 ; -2.036 ; Rise       ; clk_50          ;
+-----------+------------+--------+--------+------------+-----------------+


+--------------------------------------------------------------------------------------------------------------------------------------------+
; Clock to Output Times                                                                                                                      ;
+---------------+-----------------------------------------------+-------+-------+------------+-----------------------------------------------+
; Data Port     ; Clock Port                                    ; Rise  ; Fall  ; Clock Edge ; Clock Reference                               ;
+---------------+-----------------------------------------------+-------+-------+------------+-----------------------------------------------+
; ssd_min[*]    ; divisor_frecuencia:INST_DIVISOR|reloj_1hz_reg ; 7.149 ; 7.037 ; Fall       ; divisor_frecuencia:INST_DIVISOR|reloj_1hz_reg ;
;  ssd_min[0]   ; divisor_frecuencia:INST_DIVISOR|reloj_1hz_reg ; 6.515 ; 6.433 ; Fall       ; divisor_frecuencia:INST_DIVISOR|reloj_1hz_reg ;
;  ssd_min[1]   ; divisor_frecuencia:INST_DIVISOR|reloj_1hz_reg ; 6.920 ; 6.811 ; Fall       ; divisor_frecuencia:INST_DIVISOR|reloj_1hz_reg ;
;  ssd_min[2]   ; divisor_frecuencia:INST_DIVISOR|reloj_1hz_reg ; 7.095 ; 6.998 ; Fall       ; divisor_frecuencia:INST_DIVISOR|reloj_1hz_reg ;
;  ssd_min[3]   ; divisor_frecuencia:INST_DIVISOR|reloj_1hz_reg ; 7.149 ; 7.037 ; Fall       ; divisor_frecuencia:INST_DIVISOR|reloj_1hz_reg ;
;  ssd_min[4]   ; divisor_frecuencia:INST_DIVISOR|reloj_1hz_reg ; 6.730 ; 6.644 ; Fall       ; divisor_frecuencia:INST_DIVISOR|reloj_1hz_reg ;
;  ssd_min[5]   ; divisor_frecuencia:INST_DIVISOR|reloj_1hz_reg ; 6.744 ; 6.670 ; Fall       ; divisor_frecuencia:INST_DIVISOR|reloj_1hz_reg ;
;  ssd_min[6]   ; divisor_frecuencia:INST_DIVISOR|reloj_1hz_reg ; 6.816 ; 6.922 ; Fall       ; divisor_frecuencia:INST_DIVISOR|reloj_1hz_reg ;
; ssd_seg_d[*]  ; divisor_frecuencia:INST_DIVISOR|reloj_1hz_reg ; 6.682 ; 6.563 ; Fall       ; divisor_frecuencia:INST_DIVISOR|reloj_1hz_reg ;
;  ssd_seg_d[0] ; divisor_frecuencia:INST_DIVISOR|reloj_1hz_reg ; 6.619 ; 6.503 ; Fall       ; divisor_frecuencia:INST_DIVISOR|reloj_1hz_reg ;
;  ssd_seg_d[1] ; divisor_frecuencia:INST_DIVISOR|reloj_1hz_reg ; 6.584 ; 6.528 ; Fall       ; divisor_frecuencia:INST_DIVISOR|reloj_1hz_reg ;
;  ssd_seg_d[2] ; divisor_frecuencia:INST_DIVISOR|reloj_1hz_reg ; 6.481 ; 6.345 ; Fall       ; divisor_frecuencia:INST_DIVISOR|reloj_1hz_reg ;
;  ssd_seg_d[3] ; divisor_frecuencia:INST_DIVISOR|reloj_1hz_reg ; 6.682 ; 6.563 ; Fall       ; divisor_frecuencia:INST_DIVISOR|reloj_1hz_reg ;
;  ssd_seg_d[4] ; divisor_frecuencia:INST_DIVISOR|reloj_1hz_reg ; 6.656 ; 6.534 ; Fall       ; divisor_frecuencia:INST_DIVISOR|reloj_1hz_reg ;
;  ssd_seg_d[5] ; divisor_frecuencia:INST_DIVISOR|reloj_1hz_reg ; 6.184 ; 6.053 ; Fall       ; divisor_frecuencia:INST_DIVISOR|reloj_1hz_reg ;
;  ssd_seg_d[6] ; divisor_frecuencia:INST_DIVISOR|reloj_1hz_reg ; 6.444 ; 6.307 ; Fall       ; divisor_frecuencia:INST_DIVISOR|reloj_1hz_reg ;
; ssd_seg_u[*]  ; divisor_frecuencia:INST_DIVISOR|reloj_1hz_reg ; 6.843 ; 6.748 ; Fall       ; divisor_frecuencia:INST_DIVISOR|reloj_1hz_reg ;
;  ssd_seg_u[0] ; divisor_frecuencia:INST_DIVISOR|reloj_1hz_reg ; 6.843 ; 6.748 ; Fall       ; divisor_frecuencia:INST_DIVISOR|reloj_1hz_reg ;
;  ssd_seg_u[1] ; divisor_frecuencia:INST_DIVISOR|reloj_1hz_reg ; 6.766 ; 6.716 ; Fall       ; divisor_frecuencia:INST_DIVISOR|reloj_1hz_reg ;
;  ssd_seg_u[2] ; divisor_frecuencia:INST_DIVISOR|reloj_1hz_reg ; 6.326 ; 6.308 ; Fall       ; divisor_frecuencia:INST_DIVISOR|reloj_1hz_reg ;
;  ssd_seg_u[3] ; divisor_frecuencia:INST_DIVISOR|reloj_1hz_reg ; 6.701 ; 6.598 ; Fall       ; divisor_frecuencia:INST_DIVISOR|reloj_1hz_reg ;
;  ssd_seg_u[4] ; divisor_frecuencia:INST_DIVISOR|reloj_1hz_reg ; 6.321 ; 6.296 ; Fall       ; divisor_frecuencia:INST_DIVISOR|reloj_1hz_reg ;
;  ssd_seg_u[5] ; divisor_frecuencia:INST_DIVISOR|reloj_1hz_reg ; 6.704 ; 6.618 ; Fall       ; divisor_frecuencia:INST_DIVISOR|reloj_1hz_reg ;
;  ssd_seg_u[6] ; divisor_frecuencia:INST_DIVISOR|reloj_1hz_reg ; 6.279 ; 6.377 ; Fall       ; divisor_frecuencia:INST_DIVISOR|reloj_1hz_reg ;
+---------------+-----------------------------------------------+-------+-------+------------+-----------------------------------------------+


+--------------------------------------------------------------------------------------------------------------------------------------------+
; Minimum Clock to Output Times                                                                                                              ;
+---------------+-----------------------------------------------+-------+-------+------------+-----------------------------------------------+
; Data Port     ; Clock Port                                    ; Rise  ; Fall  ; Clock Edge ; Clock Reference                               ;
+---------------+-----------------------------------------------+-------+-------+------------+-----------------------------------------------+
; ssd_min[*]    ; divisor_frecuencia:INST_DIVISOR|reloj_1hz_reg ; 5.925 ; 5.853 ; Fall       ; divisor_frecuencia:INST_DIVISOR|reloj_1hz_reg ;
;  ssd_min[0]   ; divisor_frecuencia:INST_DIVISOR|reloj_1hz_reg ; 5.925 ; 5.853 ; Fall       ; divisor_frecuencia:INST_DIVISOR|reloj_1hz_reg ;
;  ssd_min[1]   ; divisor_frecuencia:INST_DIVISOR|reloj_1hz_reg ; 6.411 ; 6.296 ; Fall       ; divisor_frecuencia:INST_DIVISOR|reloj_1hz_reg ;
;  ssd_min[2]   ; divisor_frecuencia:INST_DIVISOR|reloj_1hz_reg ; 6.279 ; 6.173 ; Fall       ; divisor_frecuencia:INST_DIVISOR|reloj_1hz_reg ;
;  ssd_min[3]   ; divisor_frecuencia:INST_DIVISOR|reloj_1hz_reg ; 6.303 ; 6.195 ; Fall       ; divisor_frecuencia:INST_DIVISOR|reloj_1hz_reg ;
;  ssd_min[4]   ; divisor_frecuencia:INST_DIVISOR|reloj_1hz_reg ; 6.253 ; 6.152 ; Fall       ; divisor_frecuencia:INST_DIVISOR|reloj_1hz_reg ;
;  ssd_min[5]   ; divisor_frecuencia:INST_DIVISOR|reloj_1hz_reg ; 6.262 ; 6.166 ; Fall       ; divisor_frecuencia:INST_DIVISOR|reloj_1hz_reg ;
;  ssd_min[6]   ; divisor_frecuencia:INST_DIVISOR|reloj_1hz_reg ; 6.291 ; 6.413 ; Fall       ; divisor_frecuencia:INST_DIVISOR|reloj_1hz_reg ;
; ssd_seg_d[*]  ; divisor_frecuencia:INST_DIVISOR|reloj_1hz_reg ; 5.840 ; 5.804 ; Fall       ; divisor_frecuencia:INST_DIVISOR|reloj_1hz_reg ;
;  ssd_seg_d[0] ; divisor_frecuencia:INST_DIVISOR|reloj_1hz_reg ; 6.333 ; 6.193 ; Fall       ; divisor_frecuencia:INST_DIVISOR|reloj_1hz_reg ;
;  ssd_seg_d[1] ; divisor_frecuencia:INST_DIVISOR|reloj_1hz_reg ; 6.331 ; 6.208 ; Fall       ; divisor_frecuencia:INST_DIVISOR|reloj_1hz_reg ;
;  ssd_seg_d[2] ; divisor_frecuencia:INST_DIVISOR|reloj_1hz_reg ; 6.188 ; 6.078 ; Fall       ; divisor_frecuencia:INST_DIVISOR|reloj_1hz_reg ;
;  ssd_seg_d[3] ; divisor_frecuencia:INST_DIVISOR|reloj_1hz_reg ; 6.352 ; 6.257 ; Fall       ; divisor_frecuencia:INST_DIVISOR|reloj_1hz_reg ;
;  ssd_seg_d[4] ; divisor_frecuencia:INST_DIVISOR|reloj_1hz_reg ; 6.370 ; 6.249 ; Fall       ; divisor_frecuencia:INST_DIVISOR|reloj_1hz_reg ;
;  ssd_seg_d[5] ; divisor_frecuencia:INST_DIVISOR|reloj_1hz_reg ; 5.840 ; 5.804 ; Fall       ; divisor_frecuencia:INST_DIVISOR|reloj_1hz_reg ;
;  ssd_seg_d[6] ; divisor_frecuencia:INST_DIVISOR|reloj_1hz_reg ; 6.111 ; 6.026 ; Fall       ; divisor_frecuencia:INST_DIVISOR|reloj_1hz_reg ;
; ssd_seg_u[*]  ; divisor_frecuencia:INST_DIVISOR|reloj_1hz_reg ; 5.451 ; 5.455 ; Fall       ; divisor_frecuencia:INST_DIVISOR|reloj_1hz_reg ;
;  ssd_seg_u[0] ; divisor_frecuencia:INST_DIVISOR|reloj_1hz_reg ; 6.016 ; 5.887 ; Fall       ; divisor_frecuencia:INST_DIVISOR|reloj_1hz_reg ;
;  ssd_seg_u[1] ; divisor_frecuencia:INST_DIVISOR|reloj_1hz_reg ; 5.981 ; 5.855 ; Fall       ; divisor_frecuencia:INST_DIVISOR|reloj_1hz_reg ;
;  ssd_seg_u[2] ; divisor_frecuencia:INST_DIVISOR|reloj_1hz_reg ; 5.553 ; 5.522 ; Fall       ; divisor_frecuencia:INST_DIVISOR|reloj_1hz_reg ;
;  ssd_seg_u[3] ; divisor_frecuencia:INST_DIVISOR|reloj_1hz_reg ; 5.689 ; 5.612 ; Fall       ; divisor_frecuencia:INST_DIVISOR|reloj_1hz_reg ;
;  ssd_seg_u[4] ; divisor_frecuencia:INST_DIVISOR|reloj_1hz_reg ; 5.543 ; 5.455 ; Fall       ; divisor_frecuencia:INST_DIVISOR|reloj_1hz_reg ;
;  ssd_seg_u[5] ; divisor_frecuencia:INST_DIVISOR|reloj_1hz_reg ; 5.689 ; 5.620 ; Fall       ; divisor_frecuencia:INST_DIVISOR|reloj_1hz_reg ;
;  ssd_seg_u[6] ; divisor_frecuencia:INST_DIVISOR|reloj_1hz_reg ; 5.451 ; 5.540 ; Fall       ; divisor_frecuencia:INST_DIVISOR|reloj_1hz_reg ;
+---------------+-----------------------------------------------+-------+-------+------------+-----------------------------------------------+


---------------------------------------------
; Slow 1200mV 0C Model Metastability Report ;
---------------------------------------------
No synchronizer chains to report.


+------------------------------------------------------------------------+
; Fast 1200mV 0C Model Setup Summary                                     ;
+-----------------------------------------------+--------+---------------+
; Clock                                         ; Slack  ; End Point TNS ;
+-----------------------------------------------+--------+---------------+
; clk_50                                        ; -0.991 ; -16.922       ;
; divisor_frecuencia:INST_DIVISOR|reloj_1hz_reg ; -0.362 ; -1.947        ;
+-----------------------------------------------+--------+---------------+


+-----------------------------------------------------------------------+
; Fast 1200mV 0C Model Hold Summary                                     ;
+-----------------------------------------------+-------+---------------+
; Clock                                         ; Slack ; End Point TNS ;
+-----------------------------------------------+-------+---------------+
; clk_50                                        ; 0.062 ; 0.000         ;
; divisor_frecuencia:INST_DIVISOR|reloj_1hz_reg ; 0.185 ; 0.000         ;
+-----------------------------------------------+-------+---------------+


-----------------------------------------
; Fast 1200mV 0C Model Recovery Summary ;
-----------------------------------------
No paths to report.


----------------------------------------
; Fast 1200mV 0C Model Removal Summary ;
----------------------------------------
No paths to report.


+------------------------------------------------------------------------+
; Fast 1200mV 0C Model Minimum Pulse Width Summary                       ;
+-----------------------------------------------+--------+---------------+
; Clock                                         ; Slack  ; End Point TNS ;
+-----------------------------------------------+--------+---------------+
; clk_50                                        ; -3.000 ; -34.679       ;
; divisor_frecuencia:INST_DIVISOR|reloj_1hz_reg ; -1.000 ; -11.000       ;
+-----------------------------------------------+--------+---------------+


+------------------------------------------------------------------------------------------------------------------------------------------------------------------------------------------------------------------------------------+
; Fast 1200mV 0C Model Setup: 'clk_50'                                                                                                                                                                                               ;
+--------+--------------------------------------------------------------+-----------------------------------------------------+-----------------------------------------------+-------------+--------------+------------+------------+
; Slack  ; From Node                                                    ; To Node                                             ; Launch Clock                                  ; Latch Clock ; Relationship ; Clock Skew ; Data Delay ;
+--------+--------------------------------------------------------------+-----------------------------------------------------+-----------------------------------------------+-------------+--------------+------------+------------+
; -0.991 ; divisor_frecuencia:INST_DIVISOR|contador_ciclos[9]           ; divisor_frecuencia:INST_DIVISOR|reloj_1hz_reg       ; clk_50                                        ; clk_50      ; 1.000        ; -0.036     ; 1.942      ;
; -0.989 ; divisor_frecuencia:INST_DIVISOR|contador_ciclos[6]           ; divisor_frecuencia:INST_DIVISOR|reloj_1hz_reg       ; clk_50                                        ; clk_50      ; 1.000        ; -0.036     ; 1.940      ;
; -0.983 ; divisor_frecuencia:INST_DIVISOR|contador_ciclos[13]          ; divisor_frecuencia:INST_DIVISOR|reloj_1hz_reg       ; clk_50                                        ; clk_50      ; 1.000        ; -0.035     ; 1.935      ;
; -0.973 ; divisor_frecuencia:INST_DIVISOR|contador_ciclos[7]           ; divisor_frecuencia:INST_DIVISOR|reloj_1hz_reg       ; clk_50                                        ; clk_50      ; 1.000        ; -0.036     ; 1.924      ;
; -0.962 ; contador_unidades_segundo:INST_CONTADOR_UNIDADES|contador[1] ; control_temporizador:INST_CONTROL|estado            ; divisor_frecuencia:INST_DIVISOR|reloj_1hz_reg ; clk_50      ; 0.500        ; -0.445     ; 0.994      ;
; -0.934 ; contador_minutos:INST_CONTADOR_MINUTOS|contador[1]           ; control_temporizador:INST_CONTROL|estado            ; divisor_frecuencia:INST_DIVISOR|reloj_1hz_reg ; clk_50      ; 0.500        ; -0.445     ; 0.966      ;
; -0.929 ; contador_unidades_segundo:INST_CONTADOR_UNIDADES|contador[3] ; control_temporizador:INST_CONTROL|estado            ; divisor_frecuencia:INST_DIVISOR|reloj_1hz_reg ; clk_50      ; 0.500        ; -0.445     ; 0.961      ;
; -0.928 ; divisor_frecuencia:INST_DIVISOR|contador_ciclos[25]          ; divisor_frecuencia:INST_DIVISOR|reloj_1hz_reg       ; clk_50                                        ; clk_50      ; 1.000        ; -0.035     ; 1.880      ;
; -0.927 ; divisor_frecuencia:INST_DIVISOR|contador_ciclos[12]          ; divisor_frecuencia:INST_DIVISOR|reloj_1hz_reg       ; clk_50                                        ; clk_50      ; 1.000        ; -0.036     ; 1.878      ;
; -0.924 ; divisor_frecuencia:INST_DIVISOR|contador_ciclos[10]          ; divisor_frecuencia:INST_DIVISOR|reloj_1hz_reg       ; clk_50                                        ; clk_50      ; 1.000        ; -0.036     ; 1.875      ;
; -0.917 ; divisor_frecuencia:INST_DIVISOR|contador_ciclos[20]          ; divisor_frecuencia:INST_DIVISOR|reloj_1hz_reg       ; clk_50                                        ; clk_50      ; 1.000        ; -0.035     ; 1.869      ;
; -0.915 ; contador_decenas_segundo:INST_CONTADOR_DECENAS|contador[1]   ; control_temporizador:INST_CONTROL|estado            ; divisor_frecuencia:INST_DIVISOR|reloj_1hz_reg ; clk_50      ; 0.500        ; -0.444     ; 0.948      ;
; -0.896 ; divisor_frecuencia:INST_DIVISOR|contador_ciclos[1]           ; divisor_frecuencia:INST_DIVISOR|contador_ciclos[24] ; clk_50                                        ; clk_50      ; 1.000        ; -0.036     ; 1.847      ;
; -0.889 ; contador_unidades_segundo:INST_CONTADOR_UNIDADES|contador[2] ; control_temporizador:INST_CONTROL|estado            ; divisor_frecuencia:INST_DIVISOR|reloj_1hz_reg ; clk_50      ; 0.500        ; -0.445     ; 0.921      ;
; -0.888 ; contador_unidades_segundo:INST_CONTADOR_UNIDADES|contador[0] ; control_temporizador:INST_CONTROL|estado            ; divisor_frecuencia:INST_DIVISOR|reloj_1hz_reg ; clk_50      ; 0.500        ; -0.445     ; 0.920      ;
; -0.882 ; divisor_frecuencia:INST_DIVISOR|contador_ciclos[23]          ; divisor_frecuencia:INST_DIVISOR|reloj_1hz_reg       ; clk_50                                        ; clk_50      ; 1.000        ; -0.035     ; 1.834      ;
; -0.877 ; divisor_frecuencia:INST_DIVISOR|contador_ciclos[2]           ; divisor_frecuencia:INST_DIVISOR|reloj_1hz_reg       ; clk_50                                        ; clk_50      ; 1.000        ; -0.036     ; 1.828      ;
; -0.876 ; divisor_frecuencia:INST_DIVISOR|contador_ciclos[5]           ; divisor_frecuencia:INST_DIVISOR|reloj_1hz_reg       ; clk_50                                        ; clk_50      ; 1.000        ; -0.036     ; 1.827      ;
; -0.873 ; divisor_frecuencia:INST_DIVISOR|contador_ciclos[18]          ; divisor_frecuencia:INST_DIVISOR|reloj_1hz_reg       ; clk_50                                        ; clk_50      ; 1.000        ; -0.035     ; 1.825      ;
; -0.871 ; contador_decenas_segundo:INST_CONTADOR_DECENAS|contador[2]   ; control_temporizador:INST_CONTROL|estado            ; divisor_frecuencia:INST_DIVISOR|reloj_1hz_reg ; clk_50      ; 0.500        ; -0.444     ; 0.904      ;
; -0.865 ; divisor_frecuencia:INST_DIVISOR|contador_ciclos[19]          ; divisor_frecuencia:INST_DIVISOR|reloj_1hz_reg       ; clk_50                                        ; clk_50      ; 1.000        ; -0.035     ; 1.817      ;
; -0.861 ; divisor_frecuencia:INST_DIVISOR|contador_ciclos[21]          ; divisor_frecuencia:INST_DIVISOR|reloj_1hz_reg       ; clk_50                                        ; clk_50      ; 1.000        ; -0.035     ; 1.813      ;
; -0.856 ; control_temporizador:INST_CONTROL|estado                     ; divisor_frecuencia:INST_DIVISOR|reloj_1hz_reg       ; clk_50                                        ; clk_50      ; 1.000        ; -0.047     ; 1.796      ;
; -0.854 ; contador_minutos:INST_CONTADOR_MINUTOS|contador[2]           ; control_temporizador:INST_CONTROL|estado            ; divisor_frecuencia:INST_DIVISOR|reloj_1hz_reg ; clk_50      ; 0.500        ; -0.445     ; 0.886      ;
; -0.847 ; divisor_frecuencia:INST_DIVISOR|contador_ciclos[0]           ; divisor_frecuencia:INST_DIVISOR|contador_ciclos[24] ; clk_50                                        ; clk_50      ; 1.000        ; -0.036     ; 1.798      ;
; -0.844 ; divisor_frecuencia:INST_DIVISOR|contador_ciclos[24]          ; divisor_frecuencia:INST_DIVISOR|reloj_1hz_reg       ; clk_50                                        ; clk_50      ; 1.000        ; -0.035     ; 1.796      ;
; -0.840 ; divisor_frecuencia:INST_DIVISOR|contador_ciclos[8]           ; divisor_frecuencia:INST_DIVISOR|reloj_1hz_reg       ; clk_50                                        ; clk_50      ; 1.000        ; -0.036     ; 1.791      ;
; -0.827 ; contador_minutos:INST_CONTADOR_MINUTOS|contador[0]           ; control_temporizador:INST_CONTROL|estado            ; divisor_frecuencia:INST_DIVISOR|reloj_1hz_reg ; clk_50      ; 0.500        ; -0.445     ; 0.859      ;
; -0.823 ; divisor_frecuencia:INST_DIVISOR|contador_ciclos[1]           ; divisor_frecuencia:INST_DIVISOR|reloj_1hz_reg       ; clk_50                                        ; clk_50      ; 1.000        ; -0.036     ; 1.774      ;
; -0.820 ; divisor_frecuencia:INST_DIVISOR|contador_ciclos[3]           ; divisor_frecuencia:INST_DIVISOR|contador_ciclos[24] ; clk_50                                        ; clk_50      ; 1.000        ; -0.036     ; 1.771      ;
; -0.814 ; divisor_frecuencia:INST_DIVISOR|contador_ciclos[22]          ; divisor_frecuencia:INST_DIVISOR|reloj_1hz_reg       ; clk_50                                        ; clk_50      ; 1.000        ; -0.035     ; 1.766      ;
; -0.813 ; divisor_frecuencia:INST_DIVISOR|contador_ciclos[4]           ; divisor_frecuencia:INST_DIVISOR|reloj_1hz_reg       ; clk_50                                        ; clk_50      ; 1.000        ; -0.036     ; 1.764      ;
; -0.801 ; divisor_frecuencia:INST_DIVISOR|contador_ciclos[11]          ; divisor_frecuencia:INST_DIVISOR|contador_ciclos[24] ; clk_50                                        ; clk_50      ; 1.000        ; -0.035     ; 1.753      ;
; -0.798 ; contador_decenas_segundo:INST_CONTADOR_DECENAS|contador[0]   ; control_temporizador:INST_CONTROL|estado            ; divisor_frecuencia:INST_DIVISOR|reloj_1hz_reg ; clk_50      ; 0.500        ; -0.444     ; 0.831      ;
; -0.797 ; divisor_frecuencia:INST_DIVISOR|contador_ciclos[11]          ; divisor_frecuencia:INST_DIVISOR|reloj_1hz_reg       ; clk_50                                        ; clk_50      ; 1.000        ; -0.035     ; 1.749      ;
; -0.776 ; divisor_frecuencia:INST_DIVISOR|contador_ciclos[2]           ; divisor_frecuencia:INST_DIVISOR|contador_ciclos[24] ; clk_50                                        ; clk_50      ; 1.000        ; -0.036     ; 1.727      ;
; -0.772 ; divisor_frecuencia:INST_DIVISOR|contador_ciclos[1]           ; divisor_frecuencia:INST_DIVISOR|contador_ciclos[19] ; clk_50                                        ; clk_50      ; 1.000        ; -0.036     ; 1.723      ;
; -0.759 ; divisor_frecuencia:INST_DIVISOR|contador_ciclos[14]          ; divisor_frecuencia:INST_DIVISOR|reloj_1hz_reg       ; clk_50                                        ; clk_50      ; 1.000        ; -0.035     ; 1.711      ;
; -0.759 ; divisor_frecuencia:INST_DIVISOR|contador_ciclos[0]           ; divisor_frecuencia:INST_DIVISOR|contador_ciclos[19] ; clk_50                                        ; clk_50      ; 1.000        ; -0.036     ; 1.710      ;
; -0.758 ; divisor_frecuencia:INST_DIVISOR|contador_ciclos[16]          ; divisor_frecuencia:INST_DIVISOR|reloj_1hz_reg       ; clk_50                                        ; clk_50      ; 1.000        ; -0.035     ; 1.710      ;
; -0.755 ; divisor_frecuencia:INST_DIVISOR|contador_ciclos[5]           ; divisor_frecuencia:INST_DIVISOR|contador_ciclos[24] ; clk_50                                        ; clk_50      ; 1.000        ; -0.036     ; 1.706      ;
; -0.754 ; divisor_frecuencia:INST_DIVISOR|contador_ciclos[1]           ; divisor_frecuencia:INST_DIVISOR|contador_ciclos[18] ; clk_50                                        ; clk_50      ; 1.000        ; -0.036     ; 1.705      ;
; -0.748 ; divisor_frecuencia:INST_DIVISOR|contador_ciclos[1]           ; divisor_frecuencia:INST_DIVISOR|contador_ciclos[21] ; clk_50                                        ; clk_50      ; 1.000        ; -0.036     ; 1.699      ;
; -0.742 ; contador_minutos:INST_CONTADOR_MINUTOS|contador[3]           ; control_temporizador:INST_CONTROL|estado            ; divisor_frecuencia:INST_DIVISOR|reloj_1hz_reg ; clk_50      ; 0.500        ; -0.445     ; 0.774      ;
; -0.741 ; divisor_frecuencia:INST_DIVISOR|contador_ciclos[1]           ; divisor_frecuencia:INST_DIVISOR|contador_ciclos[20] ; clk_50                                        ; clk_50      ; 1.000        ; -0.037     ; 1.691      ;
; -0.740 ; divisor_frecuencia:INST_DIVISOR|contador_ciclos[3]           ; divisor_frecuencia:INST_DIVISOR|reloj_1hz_reg       ; clk_50                                        ; clk_50      ; 1.000        ; -0.036     ; 1.691      ;
; -0.735 ; divisor_frecuencia:INST_DIVISOR|contador_ciclos[0]           ; divisor_frecuencia:INST_DIVISOR|contador_ciclos[21] ; clk_50                                        ; clk_50      ; 1.000        ; -0.036     ; 1.686      ;
; -0.734 ; divisor_frecuencia:INST_DIVISOR|contador_ciclos[1]           ; divisor_frecuencia:INST_DIVISOR|contador_ciclos[22] ; clk_50                                        ; clk_50      ; 1.000        ; -0.037     ; 1.684      ;
; -0.734 ; divisor_frecuencia:INST_DIVISOR|contador_ciclos[0]           ; divisor_frecuencia:INST_DIVISOR|reloj_1hz_reg       ; clk_50                                        ; clk_50      ; 1.000        ; -0.036     ; 1.685      ;
; -0.728 ; divisor_frecuencia:INST_DIVISOR|contador_ciclos[1]           ; divisor_frecuencia:INST_DIVISOR|contador_ciclos[16] ; clk_50                                        ; clk_50      ; 1.000        ; -0.036     ; 1.679      ;
; -0.717 ; divisor_frecuencia:INST_DIVISOR|contador_ciclos[1]           ; divisor_frecuencia:INST_DIVISOR|contador_ciclos[14] ; clk_50                                        ; clk_50      ; 1.000        ; -0.036     ; 1.668      ;
; -0.708 ; divisor_frecuencia:INST_DIVISOR|contador_ciclos[4]           ; divisor_frecuencia:INST_DIVISOR|contador_ciclos[24] ; clk_50                                        ; clk_50      ; 1.000        ; -0.036     ; 1.659      ;
; -0.705 ; divisor_frecuencia:INST_DIVISOR|contador_ciclos[0]           ; divisor_frecuencia:INST_DIVISOR|contador_ciclos[18] ; clk_50                                        ; clk_50      ; 1.000        ; -0.036     ; 1.656      ;
; -0.696 ; divisor_frecuencia:INST_DIVISOR|contador_ciclos[3]           ; divisor_frecuencia:INST_DIVISOR|contador_ciclos[19] ; clk_50                                        ; clk_50      ; 1.000        ; -0.036     ; 1.647      ;
; -0.694 ; divisor_frecuencia:INST_DIVISOR|contador_ciclos[17]          ; divisor_frecuencia:INST_DIVISOR|reloj_1hz_reg       ; clk_50                                        ; clk_50      ; 1.000        ; -0.035     ; 1.646      ;
; -0.693 ; divisor_frecuencia:INST_DIVISOR|contador_ciclos[7]           ; divisor_frecuencia:INST_DIVISOR|contador_ciclos[24] ; clk_50                                        ; clk_50      ; 1.000        ; -0.036     ; 1.644      ;
; -0.692 ; divisor_frecuencia:INST_DIVISOR|contador_ciclos[0]           ; divisor_frecuencia:INST_DIVISOR|contador_ciclos[20] ; clk_50                                        ; clk_50      ; 1.000        ; -0.037     ; 1.642      ;
; -0.685 ; divisor_frecuencia:INST_DIVISOR|contador_ciclos[2]           ; divisor_frecuencia:INST_DIVISOR|contador_ciclos[19] ; clk_50                                        ; clk_50      ; 1.000        ; -0.036     ; 1.636      ;
; -0.685 ; divisor_frecuencia:INST_DIVISOR|contador_ciclos[0]           ; divisor_frecuencia:INST_DIVISOR|contador_ciclos[22] ; clk_50                                        ; clk_50      ; 1.000        ; -0.037     ; 1.635      ;
; -0.679 ; divisor_frecuencia:INST_DIVISOR|contador_ciclos[0]           ; divisor_frecuencia:INST_DIVISOR|contador_ciclos[16] ; clk_50                                        ; clk_50      ; 1.000        ; -0.036     ; 1.630      ;
; -0.678 ; divisor_frecuencia:INST_DIVISOR|contador_ciclos[3]           ; divisor_frecuencia:INST_DIVISOR|contador_ciclos[18] ; clk_50                                        ; clk_50      ; 1.000        ; -0.036     ; 1.629      ;
; -0.677 ; divisor_frecuencia:INST_DIVISOR|contador_ciclos[11]          ; divisor_frecuencia:INST_DIVISOR|contador_ciclos[19] ; clk_50                                        ; clk_50      ; 1.000        ; -0.035     ; 1.629      ;
; -0.672 ; divisor_frecuencia:INST_DIVISOR|contador_ciclos[3]           ; divisor_frecuencia:INST_DIVISOR|contador_ciclos[21] ; clk_50                                        ; clk_50      ; 1.000        ; -0.036     ; 1.623      ;
; -0.668 ; divisor_frecuencia:INST_DIVISOR|contador_ciclos[0]           ; divisor_frecuencia:INST_DIVISOR|contador_ciclos[14] ; clk_50                                        ; clk_50      ; 1.000        ; -0.036     ; 1.619      ;
; -0.665 ; divisor_frecuencia:INST_DIVISOR|contador_ciclos[3]           ; divisor_frecuencia:INST_DIVISOR|contador_ciclos[20] ; clk_50                                        ; clk_50      ; 1.000        ; -0.037     ; 1.615      ;
; -0.661 ; divisor_frecuencia:INST_DIVISOR|contador_ciclos[2]           ; divisor_frecuencia:INST_DIVISOR|contador_ciclos[21] ; clk_50                                        ; clk_50      ; 1.000        ; -0.036     ; 1.612      ;
; -0.659 ; divisor_frecuencia:INST_DIVISOR|contador_ciclos[11]          ; divisor_frecuencia:INST_DIVISOR|contador_ciclos[18] ; clk_50                                        ; clk_50      ; 1.000        ; -0.035     ; 1.611      ;
; -0.658 ; divisor_frecuencia:INST_DIVISOR|contador_ciclos[3]           ; divisor_frecuencia:INST_DIVISOR|contador_ciclos[22] ; clk_50                                        ; clk_50      ; 1.000        ; -0.037     ; 1.608      ;
; -0.653 ; divisor_frecuencia:INST_DIVISOR|contador_ciclos[11]          ; divisor_frecuencia:INST_DIVISOR|contador_ciclos[21] ; clk_50                                        ; clk_50      ; 1.000        ; -0.035     ; 1.605      ;
; -0.652 ; divisor_frecuencia:INST_DIVISOR|contador_ciclos[3]           ; divisor_frecuencia:INST_DIVISOR|contador_ciclos[16] ; clk_50                                        ; clk_50      ; 1.000        ; -0.036     ; 1.603      ;
; -0.648 ; divisor_frecuencia:INST_DIVISOR|contador_ciclos[6]           ; divisor_frecuencia:INST_DIVISOR|contador_ciclos[24] ; clk_50                                        ; clk_50      ; 1.000        ; -0.036     ; 1.599      ;
; -0.646 ; divisor_frecuencia:INST_DIVISOR|contador_ciclos[11]          ; divisor_frecuencia:INST_DIVISOR|contador_ciclos[20] ; clk_50                                        ; clk_50      ; 1.000        ; -0.036     ; 1.597      ;
; -0.641 ; divisor_frecuencia:INST_DIVISOR|contador_ciclos[3]           ; divisor_frecuencia:INST_DIVISOR|contador_ciclos[14] ; clk_50                                        ; clk_50      ; 1.000        ; -0.036     ; 1.592      ;
; -0.639 ; divisor_frecuencia:INST_DIVISOR|contador_ciclos[11]          ; divisor_frecuencia:INST_DIVISOR|contador_ciclos[22] ; clk_50                                        ; clk_50      ; 1.000        ; -0.036     ; 1.590      ;
; -0.639 ; divisor_frecuencia:INST_DIVISOR|contador_ciclos[15]          ; divisor_frecuencia:INST_DIVISOR|reloj_1hz_reg       ; clk_50                                        ; clk_50      ; 1.000        ; -0.035     ; 1.591      ;
; -0.636 ; divisor_frecuencia:INST_DIVISOR|contador_ciclos[1]           ; divisor_frecuencia:INST_DIVISOR|contador_ciclos[25] ; clk_50                                        ; clk_50      ; 1.000        ; -0.037     ; 1.586      ;
; -0.635 ; divisor_frecuencia:INST_DIVISOR|contador_ciclos[9]           ; divisor_frecuencia:INST_DIVISOR|contador_ciclos[12] ; clk_50                                        ; clk_50      ; 1.000        ; -0.035     ; 1.587      ;
; -0.634 ; divisor_frecuencia:INST_DIVISOR|contador_ciclos[9]           ; divisor_frecuencia:INST_DIVISOR|contador_ciclos[6]  ; clk_50                                        ; clk_50      ; 1.000        ; -0.035     ; 1.586      ;
; -0.634 ; divisor_frecuencia:INST_DIVISOR|contador_ciclos[2]           ; divisor_frecuencia:INST_DIVISOR|contador_ciclos[18] ; clk_50                                        ; clk_50      ; 1.000        ; -0.036     ; 1.585      ;
; -0.633 ; divisor_frecuencia:INST_DIVISOR|contador_ciclos[11]          ; divisor_frecuencia:INST_DIVISOR|contador_ciclos[16] ; clk_50                                        ; clk_50      ; 1.000        ; -0.035     ; 1.585      ;
; -0.633 ; divisor_frecuencia:INST_DIVISOR|contador_ciclos[6]           ; divisor_frecuencia:INST_DIVISOR|contador_ciclos[12] ; clk_50                                        ; clk_50      ; 1.000        ; -0.035     ; 1.585      ;
; -0.632 ; divisor_frecuencia:INST_DIVISOR|contador_ciclos[6]           ; divisor_frecuencia:INST_DIVISOR|contador_ciclos[6]  ; clk_50                                        ; clk_50      ; 1.000        ; -0.035     ; 1.584      ;
; -0.631 ; divisor_frecuencia:INST_DIVISOR|contador_ciclos[5]           ; divisor_frecuencia:INST_DIVISOR|contador_ciclos[19] ; clk_50                                        ; clk_50      ; 1.000        ; -0.036     ; 1.582      ;
; -0.627 ; divisor_frecuencia:INST_DIVISOR|contador_ciclos[13]          ; divisor_frecuencia:INST_DIVISOR|contador_ciclos[12] ; clk_50                                        ; clk_50      ; 1.000        ; -0.034     ; 1.580      ;
; -0.626 ; divisor_frecuencia:INST_DIVISOR|contador_ciclos[13]          ; divisor_frecuencia:INST_DIVISOR|contador_ciclos[6]  ; clk_50                                        ; clk_50      ; 1.000        ; -0.034     ; 1.579      ;
; -0.624 ; divisor_frecuencia:INST_DIVISOR|contador_ciclos[9]           ; divisor_frecuencia:INST_DIVISOR|contador_ciclos[24] ; clk_50                                        ; clk_50      ; 1.000        ; -0.036     ; 1.575      ;
; -0.623 ; divisor_frecuencia:INST_DIVISOR|contador_ciclos[0]           ; divisor_frecuencia:INST_DIVISOR|contador_ciclos[25] ; clk_50                                        ; clk_50      ; 1.000        ; -0.037     ; 1.573      ;
; -0.622 ; divisor_frecuencia:INST_DIVISOR|contador_ciclos[11]          ; divisor_frecuencia:INST_DIVISOR|contador_ciclos[14] ; clk_50                                        ; clk_50      ; 1.000        ; -0.035     ; 1.574      ;
; -0.621 ; divisor_frecuencia:INST_DIVISOR|contador_ciclos[9]           ; divisor_frecuencia:INST_DIVISOR|contador_ciclos[13] ; clk_50                                        ; clk_50      ; 1.000        ; -0.037     ; 1.571      ;
; -0.621 ; divisor_frecuencia:INST_DIVISOR|contador_ciclos[2]           ; divisor_frecuencia:INST_DIVISOR|contador_ciclos[20] ; clk_50                                        ; clk_50      ; 1.000        ; -0.037     ; 1.571      ;
; -0.620 ; divisor_frecuencia:INST_DIVISOR|contador_ciclos[9]           ; divisor_frecuencia:INST_DIVISOR|contador_ciclos[22] ; clk_50                                        ; clk_50      ; 1.000        ; -0.037     ; 1.570      ;
; -0.619 ; divisor_frecuencia:INST_DIVISOR|contador_ciclos[6]           ; divisor_frecuencia:INST_DIVISOR|contador_ciclos[13] ; clk_50                                        ; clk_50      ; 1.000        ; -0.037     ; 1.569      ;
; -0.618 ; divisor_frecuencia:INST_DIVISOR|contador_ciclos[6]           ; divisor_frecuencia:INST_DIVISOR|contador_ciclos[22] ; clk_50                                        ; clk_50      ; 1.000        ; -0.037     ; 1.568      ;
; -0.617 ; divisor_frecuencia:INST_DIVISOR|contador_ciclos[7]           ; divisor_frecuencia:INST_DIVISOR|contador_ciclos[12] ; clk_50                                        ; clk_50      ; 1.000        ; -0.035     ; 1.569      ;
; -0.616 ; divisor_frecuencia:INST_DIVISOR|contador_ciclos[4]           ; divisor_frecuencia:INST_DIVISOR|contador_ciclos[19] ; clk_50                                        ; clk_50      ; 1.000        ; -0.036     ; 1.567      ;
; -0.616 ; divisor_frecuencia:INST_DIVISOR|contador_ciclos[7]           ; divisor_frecuencia:INST_DIVISOR|contador_ciclos[6]  ; clk_50                                        ; clk_50      ; 1.000        ; -0.035     ; 1.568      ;
; -0.614 ; divisor_frecuencia:INST_DIVISOR|contador_ciclos[2]           ; divisor_frecuencia:INST_DIVISOR|contador_ciclos[22] ; clk_50                                        ; clk_50      ; 1.000        ; -0.037     ; 1.564      ;
; -0.613 ; divisor_frecuencia:INST_DIVISOR|contador_ciclos[5]           ; divisor_frecuencia:INST_DIVISOR|contador_ciclos[18] ; clk_50                                        ; clk_50      ; 1.000        ; -0.036     ; 1.564      ;
; -0.613 ; divisor_frecuencia:INST_DIVISOR|contador_ciclos[13]          ; divisor_frecuencia:INST_DIVISOR|contador_ciclos[13] ; clk_50                                        ; clk_50      ; 1.000        ; -0.036     ; 1.564      ;
; -0.612 ; divisor_frecuencia:INST_DIVISOR|contador_ciclos[13]          ; divisor_frecuencia:INST_DIVISOR|contador_ciclos[22] ; clk_50                                        ; clk_50      ; 1.000        ; -0.036     ; 1.563      ;
+--------+--------------------------------------------------------------+-----------------------------------------------------+-----------------------------------------------+-------------+--------------+------------+------------+


+-------------------------------------------------------------------------------------------------------------------------------------------------------------------------------------------------------------------------------------------------------------------------------+
; Fast 1200mV 0C Model Setup: 'divisor_frecuencia:INST_DIVISOR|reloj_1hz_reg'                                                                                                                                                                                                   ;
+--------+--------------------------------------------------------------+--------------------------------------------------------------+-----------------------------------------------+-----------------------------------------------+--------------+------------+------------+
; Slack  ; From Node                                                    ; To Node                                                      ; Launch Clock                                  ; Latch Clock                                   ; Relationship ; Clock Skew ; Data Delay ;
+--------+--------------------------------------------------------------+--------------------------------------------------------------+-----------------------------------------------+-----------------------------------------------+--------------+------------+------------+
; -0.362 ; contador_unidades_segundo:INST_CONTADOR_UNIDADES|contador[1] ; contador_decenas_segundo:INST_CONTADOR_DECENAS|contador[1]   ; divisor_frecuencia:INST_DIVISOR|reloj_1hz_reg ; divisor_frecuencia:INST_DIVISOR|reloj_1hz_reg ; 1.000        ; -0.039     ; 1.310      ;
; -0.362 ; contador_unidades_segundo:INST_CONTADOR_UNIDADES|contador[1] ; contador_decenas_segundo:INST_CONTADOR_DECENAS|contador[2]   ; divisor_frecuencia:INST_DIVISOR|reloj_1hz_reg ; divisor_frecuencia:INST_DIVISOR|reloj_1hz_reg ; 1.000        ; -0.039     ; 1.310      ;
; -0.362 ; contador_unidades_segundo:INST_CONTADOR_UNIDADES|contador[1] ; contador_decenas_segundo:INST_CONTADOR_DECENAS|contador[0]   ; divisor_frecuencia:INST_DIVISOR|reloj_1hz_reg ; divisor_frecuencia:INST_DIVISOR|reloj_1hz_reg ; 1.000        ; -0.039     ; 1.310      ;
; -0.341 ; contador_unidades_segundo:INST_CONTADOR_UNIDADES|contador[3] ; contador_decenas_segundo:INST_CONTADOR_DECENAS|contador[1]   ; divisor_frecuencia:INST_DIVISOR|reloj_1hz_reg ; divisor_frecuencia:INST_DIVISOR|reloj_1hz_reg ; 1.000        ; -0.039     ; 1.289      ;
; -0.341 ; contador_unidades_segundo:INST_CONTADOR_UNIDADES|contador[3] ; contador_decenas_segundo:INST_CONTADOR_DECENAS|contador[2]   ; divisor_frecuencia:INST_DIVISOR|reloj_1hz_reg ; divisor_frecuencia:INST_DIVISOR|reloj_1hz_reg ; 1.000        ; -0.039     ; 1.289      ;
; -0.341 ; contador_unidades_segundo:INST_CONTADOR_UNIDADES|contador[3] ; contador_decenas_segundo:INST_CONTADOR_DECENAS|contador[0]   ; divisor_frecuencia:INST_DIVISOR|reloj_1hz_reg ; divisor_frecuencia:INST_DIVISOR|reloj_1hz_reg ; 1.000        ; -0.039     ; 1.289      ;
; -0.300 ; contador_unidades_segundo:INST_CONTADOR_UNIDADES|contador[0] ; contador_decenas_segundo:INST_CONTADOR_DECENAS|contador[1]   ; divisor_frecuencia:INST_DIVISOR|reloj_1hz_reg ; divisor_frecuencia:INST_DIVISOR|reloj_1hz_reg ; 1.000        ; -0.039     ; 1.248      ;
; -0.300 ; contador_unidades_segundo:INST_CONTADOR_UNIDADES|contador[0] ; contador_decenas_segundo:INST_CONTADOR_DECENAS|contador[2]   ; divisor_frecuencia:INST_DIVISOR|reloj_1hz_reg ; divisor_frecuencia:INST_DIVISOR|reloj_1hz_reg ; 1.000        ; -0.039     ; 1.248      ;
; -0.300 ; contador_unidades_segundo:INST_CONTADOR_UNIDADES|contador[0] ; contador_decenas_segundo:INST_CONTADOR_DECENAS|contador[0]   ; divisor_frecuencia:INST_DIVISOR|reloj_1hz_reg ; divisor_frecuencia:INST_DIVISOR|reloj_1hz_reg ; 1.000        ; -0.039     ; 1.248      ;
; -0.289 ; contador_unidades_segundo:INST_CONTADOR_UNIDADES|contador[2] ; contador_decenas_segundo:INST_CONTADOR_DECENAS|contador[1]   ; divisor_frecuencia:INST_DIVISOR|reloj_1hz_reg ; divisor_frecuencia:INST_DIVISOR|reloj_1hz_reg ; 1.000        ; -0.039     ; 1.237      ;
; -0.289 ; contador_unidades_segundo:INST_CONTADOR_UNIDADES|contador[2] ; contador_decenas_segundo:INST_CONTADOR_DECENAS|contador[2]   ; divisor_frecuencia:INST_DIVISOR|reloj_1hz_reg ; divisor_frecuencia:INST_DIVISOR|reloj_1hz_reg ; 1.000        ; -0.039     ; 1.237      ;
; -0.289 ; contador_unidades_segundo:INST_CONTADOR_UNIDADES|contador[2] ; contador_decenas_segundo:INST_CONTADOR_DECENAS|contador[0]   ; divisor_frecuencia:INST_DIVISOR|reloj_1hz_reg ; divisor_frecuencia:INST_DIVISOR|reloj_1hz_reg ; 1.000        ; -0.039     ; 1.237      ;
; -0.225 ; contador_unidades_segundo:INST_CONTADOR_UNIDADES|contador[1] ; contador_minutos:INST_CONTADOR_MINUTOS|contador[1]           ; divisor_frecuencia:INST_DIVISOR|reloj_1hz_reg ; divisor_frecuencia:INST_DIVISOR|reloj_1hz_reg ; 1.000        ; -0.038     ; 1.174      ;
; -0.225 ; contador_unidades_segundo:INST_CONTADOR_UNIDADES|contador[1] ; contador_minutos:INST_CONTADOR_MINUTOS|contador[3]           ; divisor_frecuencia:INST_DIVISOR|reloj_1hz_reg ; divisor_frecuencia:INST_DIVISOR|reloj_1hz_reg ; 1.000        ; -0.038     ; 1.174      ;
; -0.224 ; contador_unidades_segundo:INST_CONTADOR_UNIDADES|contador[1] ; contador_minutos:INST_CONTADOR_MINUTOS|contador[2]           ; divisor_frecuencia:INST_DIVISOR|reloj_1hz_reg ; divisor_frecuencia:INST_DIVISOR|reloj_1hz_reg ; 1.000        ; -0.038     ; 1.173      ;
; -0.216 ; contador_unidades_segundo:INST_CONTADOR_UNIDADES|contador[3] ; contador_minutos:INST_CONTADOR_MINUTOS|contador[1]           ; divisor_frecuencia:INST_DIVISOR|reloj_1hz_reg ; divisor_frecuencia:INST_DIVISOR|reloj_1hz_reg ; 1.000        ; -0.038     ; 1.165      ;
; -0.212 ; contador_unidades_segundo:INST_CONTADOR_UNIDADES|contador[3] ; contador_minutos:INST_CONTADOR_MINUTOS|contador[3]           ; divisor_frecuencia:INST_DIVISOR|reloj_1hz_reg ; divisor_frecuencia:INST_DIVISOR|reloj_1hz_reg ; 1.000        ; -0.038     ; 1.161      ;
; -0.211 ; contador_unidades_segundo:INST_CONTADOR_UNIDADES|contador[3] ; contador_minutos:INST_CONTADOR_MINUTOS|contador[2]           ; divisor_frecuencia:INST_DIVISOR|reloj_1hz_reg ; divisor_frecuencia:INST_DIVISOR|reloj_1hz_reg ; 1.000        ; -0.038     ; 1.160      ;
; -0.187 ; contador_unidades_segundo:INST_CONTADOR_UNIDADES|contador[1] ; contador_minutos:INST_CONTADOR_MINUTOS|contador[0]           ; divisor_frecuencia:INST_DIVISOR|reloj_1hz_reg ; divisor_frecuencia:INST_DIVISOR|reloj_1hz_reg ; 1.000        ; -0.038     ; 1.136      ;
; -0.175 ; contador_unidades_segundo:INST_CONTADOR_UNIDADES|contador[0] ; contador_minutos:INST_CONTADOR_MINUTOS|contador[1]           ; divisor_frecuencia:INST_DIVISOR|reloj_1hz_reg ; divisor_frecuencia:INST_DIVISOR|reloj_1hz_reg ; 1.000        ; -0.038     ; 1.124      ;
; -0.171 ; contador_unidades_segundo:INST_CONTADOR_UNIDADES|contador[0] ; contador_minutos:INST_CONTADOR_MINUTOS|contador[3]           ; divisor_frecuencia:INST_DIVISOR|reloj_1hz_reg ; divisor_frecuencia:INST_DIVISOR|reloj_1hz_reg ; 1.000        ; -0.038     ; 1.120      ;
; -0.171 ; contador_unidades_segundo:INST_CONTADOR_UNIDADES|contador[3] ; contador_minutos:INST_CONTADOR_MINUTOS|contador[0]           ; divisor_frecuencia:INST_DIVISOR|reloj_1hz_reg ; divisor_frecuencia:INST_DIVISOR|reloj_1hz_reg ; 1.000        ; -0.038     ; 1.120      ;
; -0.170 ; contador_unidades_segundo:INST_CONTADOR_UNIDADES|contador[0] ; contador_minutos:INST_CONTADOR_MINUTOS|contador[2]           ; divisor_frecuencia:INST_DIVISOR|reloj_1hz_reg ; divisor_frecuencia:INST_DIVISOR|reloj_1hz_reg ; 1.000        ; -0.038     ; 1.119      ;
; -0.152 ; contador_unidades_segundo:INST_CONTADOR_UNIDADES|contador[2] ; contador_minutos:INST_CONTADOR_MINUTOS|contador[1]           ; divisor_frecuencia:INST_DIVISOR|reloj_1hz_reg ; divisor_frecuencia:INST_DIVISOR|reloj_1hz_reg ; 1.000        ; -0.038     ; 1.101      ;
; -0.152 ; contador_unidades_segundo:INST_CONTADOR_UNIDADES|contador[2] ; contador_minutos:INST_CONTADOR_MINUTOS|contador[3]           ; divisor_frecuencia:INST_DIVISOR|reloj_1hz_reg ; divisor_frecuencia:INST_DIVISOR|reloj_1hz_reg ; 1.000        ; -0.038     ; 1.101      ;
; -0.151 ; contador_unidades_segundo:INST_CONTADOR_UNIDADES|contador[2] ; contador_minutos:INST_CONTADOR_MINUTOS|contador[2]           ; divisor_frecuencia:INST_DIVISOR|reloj_1hz_reg ; divisor_frecuencia:INST_DIVISOR|reloj_1hz_reg ; 1.000        ; -0.038     ; 1.100      ;
; -0.133 ; contador_decenas_segundo:INST_CONTADOR_DECENAS|contador[1]   ; contador_minutos:INST_CONTADOR_MINUTOS|contador[1]           ; divisor_frecuencia:INST_DIVISOR|reloj_1hz_reg ; divisor_frecuencia:INST_DIVISOR|reloj_1hz_reg ; 1.000        ; -0.037     ; 1.083      ;
; -0.130 ; contador_unidades_segundo:INST_CONTADOR_UNIDADES|contador[0] ; contador_minutos:INST_CONTADOR_MINUTOS|contador[0]           ; divisor_frecuencia:INST_DIVISOR|reloj_1hz_reg ; divisor_frecuencia:INST_DIVISOR|reloj_1hz_reg ; 1.000        ; -0.038     ; 1.079      ;
; -0.129 ; contador_decenas_segundo:INST_CONTADOR_DECENAS|contador[1]   ; contador_minutos:INST_CONTADOR_MINUTOS|contador[3]           ; divisor_frecuencia:INST_DIVISOR|reloj_1hz_reg ; divisor_frecuencia:INST_DIVISOR|reloj_1hz_reg ; 1.000        ; -0.037     ; 1.079      ;
; -0.128 ; contador_decenas_segundo:INST_CONTADOR_DECENAS|contador[1]   ; contador_minutos:INST_CONTADOR_MINUTOS|contador[2]           ; divisor_frecuencia:INST_DIVISOR|reloj_1hz_reg ; divisor_frecuencia:INST_DIVISOR|reloj_1hz_reg ; 1.000        ; -0.037     ; 1.078      ;
; -0.114 ; contador_unidades_segundo:INST_CONTADOR_UNIDADES|contador[2] ; contador_minutos:INST_CONTADOR_MINUTOS|contador[0]           ; divisor_frecuencia:INST_DIVISOR|reloj_1hz_reg ; divisor_frecuencia:INST_DIVISOR|reloj_1hz_reg ; 1.000        ; -0.038     ; 1.063      ;
; -0.109 ; contador_decenas_segundo:INST_CONTADOR_DECENAS|contador[2]   ; contador_minutos:INST_CONTADOR_MINUTOS|contador[1]           ; divisor_frecuencia:INST_DIVISOR|reloj_1hz_reg ; divisor_frecuencia:INST_DIVISOR|reloj_1hz_reg ; 1.000        ; -0.037     ; 1.059      ;
; -0.105 ; contador_decenas_segundo:INST_CONTADOR_DECENAS|contador[2]   ; contador_minutos:INST_CONTADOR_MINUTOS|contador[3]           ; divisor_frecuencia:INST_DIVISOR|reloj_1hz_reg ; divisor_frecuencia:INST_DIVISOR|reloj_1hz_reg ; 1.000        ; -0.037     ; 1.055      ;
; -0.104 ; contador_decenas_segundo:INST_CONTADOR_DECENAS|contador[2]   ; contador_minutos:INST_CONTADOR_MINUTOS|contador[2]           ; divisor_frecuencia:INST_DIVISOR|reloj_1hz_reg ; divisor_frecuencia:INST_DIVISOR|reloj_1hz_reg ; 1.000        ; -0.037     ; 1.054      ;
; -0.094 ; control_temporizador:INST_CONTROL|estado                     ; contador_decenas_segundo:INST_CONTADOR_DECENAS|contador[0]   ; clk_50                                        ; divisor_frecuencia:INST_DIVISOR|reloj_1hz_reg ; 0.500        ; 0.311      ; 0.882      ;
; -0.094 ; control_temporizador:INST_CONTROL|estado                     ; contador_decenas_segundo:INST_CONTADOR_DECENAS|contador[2]   ; clk_50                                        ; divisor_frecuencia:INST_DIVISOR|reloj_1hz_reg ; 0.500        ; 0.311      ; 0.882      ;
; -0.094 ; control_temporizador:INST_CONTROL|estado                     ; contador_decenas_segundo:INST_CONTADOR_DECENAS|contador[1]   ; clk_50                                        ; divisor_frecuencia:INST_DIVISOR|reloj_1hz_reg ; 0.500        ; 0.311      ; 0.882      ;
; -0.090 ; contador_minutos:INST_CONTADOR_MINUTOS|contador[2]           ; contador_minutos:INST_CONTADOR_MINUTOS|contador[1]           ; divisor_frecuencia:INST_DIVISOR|reloj_1hz_reg ; divisor_frecuencia:INST_DIVISOR|reloj_1hz_reg ; 1.000        ; -0.038     ; 1.039      ;
; -0.090 ; contador_minutos:INST_CONTADOR_MINUTOS|contador[2]           ; contador_minutos:INST_CONTADOR_MINUTOS|contador[3]           ; divisor_frecuencia:INST_DIVISOR|reloj_1hz_reg ; divisor_frecuencia:INST_DIVISOR|reloj_1hz_reg ; 1.000        ; -0.038     ; 1.039      ;
; -0.089 ; contador_minutos:INST_CONTADOR_MINUTOS|contador[2]           ; contador_minutos:INST_CONTADOR_MINUTOS|contador[2]           ; divisor_frecuencia:INST_DIVISOR|reloj_1hz_reg ; divisor_frecuencia:INST_DIVISOR|reloj_1hz_reg ; 1.000        ; -0.038     ; 1.038      ;
; -0.036 ; contador_decenas_segundo:INST_CONTADOR_DECENAS|contador[0]   ; contador_minutos:INST_CONTADOR_MINUTOS|contador[1]           ; divisor_frecuencia:INST_DIVISOR|reloj_1hz_reg ; divisor_frecuencia:INST_DIVISOR|reloj_1hz_reg ; 1.000        ; -0.037     ; 0.986      ;
; -0.032 ; contador_decenas_segundo:INST_CONTADOR_DECENAS|contador[0]   ; contador_minutos:INST_CONTADOR_MINUTOS|contador[3]           ; divisor_frecuencia:INST_DIVISOR|reloj_1hz_reg ; divisor_frecuencia:INST_DIVISOR|reloj_1hz_reg ; 1.000        ; -0.037     ; 0.982      ;
; -0.031 ; contador_decenas_segundo:INST_CONTADOR_DECENAS|contador[0]   ; contador_minutos:INST_CONTADOR_MINUTOS|contador[2]           ; divisor_frecuencia:INST_DIVISOR|reloj_1hz_reg ; divisor_frecuencia:INST_DIVISOR|reloj_1hz_reg ; 1.000        ; -0.037     ; 0.981      ;
; -0.020 ; contador_minutos:INST_CONTADOR_MINUTOS|contador[3]           ; contador_minutos:INST_CONTADOR_MINUTOS|contador[1]           ; divisor_frecuencia:INST_DIVISOR|reloj_1hz_reg ; divisor_frecuencia:INST_DIVISOR|reloj_1hz_reg ; 1.000        ; -0.038     ; 0.969      ;
; -0.020 ; contador_minutos:INST_CONTADOR_MINUTOS|contador[3]           ; contador_minutos:INST_CONTADOR_MINUTOS|contador[3]           ; divisor_frecuencia:INST_DIVISOR|reloj_1hz_reg ; divisor_frecuencia:INST_DIVISOR|reloj_1hz_reg ; 1.000        ; -0.038     ; 0.969      ;
; -0.019 ; contador_minutos:INST_CONTADOR_MINUTOS|contador[3]           ; contador_minutos:INST_CONTADOR_MINUTOS|contador[2]           ; divisor_frecuencia:INST_DIVISOR|reloj_1hz_reg ; divisor_frecuencia:INST_DIVISOR|reloj_1hz_reg ; 1.000        ; -0.038     ; 0.968      ;
; 0.012  ; contador_minutos:INST_CONTADOR_MINUTOS|contador[2]           ; contador_minutos:INST_CONTADOR_MINUTOS|contador[0]           ; divisor_frecuencia:INST_DIVISOR|reloj_1hz_reg ; divisor_frecuencia:INST_DIVISOR|reloj_1hz_reg ; 1.000        ; -0.038     ; 0.937      ;
; 0.031  ; control_temporizador:INST_CONTROL|estado                     ; contador_minutos:INST_CONTADOR_MINUTOS|contador[1]           ; clk_50                                        ; divisor_frecuencia:INST_DIVISOR|reloj_1hz_reg ; 0.500        ; 0.312      ; 0.758      ;
; 0.035  ; control_temporizador:INST_CONTROL|estado                     ; contador_minutos:INST_CONTADOR_MINUTOS|contador[3]           ; clk_50                                        ; divisor_frecuencia:INST_DIVISOR|reloj_1hz_reg ; 0.500        ; 0.312      ; 0.754      ;
; 0.036  ; control_temporizador:INST_CONTROL|estado                     ; contador_minutos:INST_CONTADOR_MINUTOS|contador[2]           ; clk_50                                        ; divisor_frecuencia:INST_DIVISOR|reloj_1hz_reg ; 0.500        ; 0.312      ; 0.753      ;
; 0.076  ; control_temporizador:INST_CONTROL|estado                     ; contador_minutos:INST_CONTADOR_MINUTOS|contador[0]           ; clk_50                                        ; divisor_frecuencia:INST_DIVISOR|reloj_1hz_reg ; 0.500        ; 0.312      ; 0.713      ;
; 0.079  ; contador_minutos:INST_CONTADOR_MINUTOS|contador[0]           ; contador_minutos:INST_CONTADOR_MINUTOS|contador[1]           ; divisor_frecuencia:INST_DIVISOR|reloj_1hz_reg ; divisor_frecuencia:INST_DIVISOR|reloj_1hz_reg ; 1.000        ; -0.038     ; 0.870      ;
; 0.079  ; contador_minutos:INST_CONTADOR_MINUTOS|contador[0]           ; contador_minutos:INST_CONTADOR_MINUTOS|contador[3]           ; divisor_frecuencia:INST_DIVISOR|reloj_1hz_reg ; divisor_frecuencia:INST_DIVISOR|reloj_1hz_reg ; 1.000        ; -0.038     ; 0.870      ;
; 0.080  ; contador_minutos:INST_CONTADOR_MINUTOS|contador[0]           ; contador_minutos:INST_CONTADOR_MINUTOS|contador[2]           ; divisor_frecuencia:INST_DIVISOR|reloj_1hz_reg ; divisor_frecuencia:INST_DIVISOR|reloj_1hz_reg ; 1.000        ; -0.038     ; 0.869      ;
; 0.082  ; contador_minutos:INST_CONTADOR_MINUTOS|contador[1]           ; contador_minutos:INST_CONTADOR_MINUTOS|contador[3]           ; divisor_frecuencia:INST_DIVISOR|reloj_1hz_reg ; divisor_frecuencia:INST_DIVISOR|reloj_1hz_reg ; 1.000        ; -0.038     ; 0.867      ;
; 0.082  ; contador_minutos:INST_CONTADOR_MINUTOS|contador[3]           ; contador_minutos:INST_CONTADOR_MINUTOS|contador[0]           ; divisor_frecuencia:INST_DIVISOR|reloj_1hz_reg ; divisor_frecuencia:INST_DIVISOR|reloj_1hz_reg ; 1.000        ; -0.038     ; 0.867      ;
; 0.083  ; contador_minutos:INST_CONTADOR_MINUTOS|contador[1]           ; contador_minutos:INST_CONTADOR_MINUTOS|contador[2]           ; divisor_frecuencia:INST_DIVISOR|reloj_1hz_reg ; divisor_frecuencia:INST_DIVISOR|reloj_1hz_reg ; 1.000        ; -0.038     ; 0.866      ;
; 0.094  ; control_temporizador:INST_CONTROL|estado                     ; contador_unidades_segundo:INST_CONTADOR_UNIDADES|contador[1] ; clk_50                                        ; divisor_frecuencia:INST_DIVISOR|reloj_1hz_reg ; 0.500        ; 0.313      ; 0.696      ;
; 0.094  ; control_temporizador:INST_CONTROL|estado                     ; contador_unidades_segundo:INST_CONTADOR_UNIDADES|contador[3] ; clk_50                                        ; divisor_frecuencia:INST_DIVISOR|reloj_1hz_reg ; 0.500        ; 0.313      ; 0.696      ;
; 0.094  ; control_temporizador:INST_CONTROL|estado                     ; contador_unidades_segundo:INST_CONTADOR_UNIDADES|contador[0] ; clk_50                                        ; divisor_frecuencia:INST_DIVISOR|reloj_1hz_reg ; 0.500        ; 0.313      ; 0.696      ;
; 0.099  ; contador_minutos:INST_CONTADOR_MINUTOS|contador[1]           ; contador_minutos:INST_CONTADOR_MINUTOS|contador[1]           ; divisor_frecuencia:INST_DIVISOR|reloj_1hz_reg ; divisor_frecuencia:INST_DIVISOR|reloj_1hz_reg ; 1.000        ; -0.038     ; 0.850      ;
; 0.124  ; contador_unidades_segundo:INST_CONTADOR_UNIDADES|contador[2] ; contador_unidades_segundo:INST_CONTADOR_UNIDADES|contador[3] ; divisor_frecuencia:INST_DIVISOR|reloj_1hz_reg ; divisor_frecuencia:INST_DIVISOR|reloj_1hz_reg ; 1.000        ; -0.037     ; 0.826      ;
; 0.151  ; contador_unidades_segundo:INST_CONTADOR_UNIDADES|contador[2] ; contador_unidades_segundo:INST_CONTADOR_UNIDADES|contador[1] ; divisor_frecuencia:INST_DIVISOR|reloj_1hz_reg ; divisor_frecuencia:INST_DIVISOR|reloj_1hz_reg ; 1.000        ; -0.037     ; 0.799      ;
; 0.165  ; contador_decenas_segundo:INST_CONTADOR_DECENAS|contador[1]   ; contador_minutos:INST_CONTADOR_MINUTOS|contador[0]           ; divisor_frecuencia:INST_DIVISOR|reloj_1hz_reg ; divisor_frecuencia:INST_DIVISOR|reloj_1hz_reg ; 1.000        ; -0.037     ; 0.785      ;
; 0.178  ; control_temporizador:INST_CONTROL|estado                     ; contador_unidades_segundo:INST_CONTADOR_UNIDADES|contador[2] ; clk_50                                        ; divisor_frecuencia:INST_DIVISOR|reloj_1hz_reg ; 0.500        ; 0.312      ; 0.611      ;
; 0.181  ; contador_minutos:INST_CONTADOR_MINUTOS|contador[0]           ; contador_minutos:INST_CONTADOR_MINUTOS|contador[0]           ; divisor_frecuencia:INST_DIVISOR|reloj_1hz_reg ; divisor_frecuencia:INST_DIVISOR|reloj_1hz_reg ; 1.000        ; -0.038     ; 0.768      ;
; 0.209  ; contador_minutos:INST_CONTADOR_MINUTOS|contador[1]           ; contador_minutos:INST_CONTADOR_MINUTOS|contador[0]           ; divisor_frecuencia:INST_DIVISOR|reloj_1hz_reg ; divisor_frecuencia:INST_DIVISOR|reloj_1hz_reg ; 1.000        ; -0.038     ; 0.740      ;
; 0.217  ; contador_decenas_segundo:INST_CONTADOR_DECENAS|contador[2]   ; contador_minutos:INST_CONTADOR_MINUTOS|contador[0]           ; divisor_frecuencia:INST_DIVISOR|reloj_1hz_reg ; divisor_frecuencia:INST_DIVISOR|reloj_1hz_reg ; 1.000        ; -0.037     ; 0.733      ;
; 0.269  ; contador_decenas_segundo:INST_CONTADOR_DECENAS|contador[2]   ; contador_decenas_segundo:INST_CONTADOR_DECENAS|contador[1]   ; divisor_frecuencia:INST_DIVISOR|reloj_1hz_reg ; divisor_frecuencia:INST_DIVISOR|reloj_1hz_reg ; 1.000        ; -0.038     ; 0.680      ;
; 0.290  ; contador_decenas_segundo:INST_CONTADOR_DECENAS|contador[0]   ; contador_minutos:INST_CONTADOR_MINUTOS|contador[0]           ; divisor_frecuencia:INST_DIVISOR|reloj_1hz_reg ; divisor_frecuencia:INST_DIVISOR|reloj_1hz_reg ; 1.000        ; -0.037     ; 0.660      ;
; 0.293  ; contador_decenas_segundo:INST_CONTADOR_DECENAS|contador[1]   ; contador_decenas_segundo:INST_CONTADOR_DECENAS|contador[2]   ; divisor_frecuencia:INST_DIVISOR|reloj_1hz_reg ; divisor_frecuencia:INST_DIVISOR|reloj_1hz_reg ; 1.000        ; -0.038     ; 0.656      ;
; 0.320  ; contador_decenas_segundo:INST_CONTADOR_DECENAS|contador[0]   ; contador_decenas_segundo:INST_CONTADOR_DECENAS|contador[2]   ; divisor_frecuencia:INST_DIVISOR|reloj_1hz_reg ; divisor_frecuencia:INST_DIVISOR|reloj_1hz_reg ; 1.000        ; -0.038     ; 0.629      ;
; 0.325  ; contador_decenas_segundo:INST_CONTADOR_DECENAS|contador[0]   ; contador_decenas_segundo:INST_CONTADOR_DECENAS|contador[1]   ; divisor_frecuencia:INST_DIVISOR|reloj_1hz_reg ; divisor_frecuencia:INST_DIVISOR|reloj_1hz_reg ; 1.000        ; -0.038     ; 0.624      ;
; 0.332  ; contador_unidades_segundo:INST_CONTADOR_UNIDADES|contador[1] ; contador_unidades_segundo:INST_CONTADOR_UNIDADES|contador[2] ; divisor_frecuencia:INST_DIVISOR|reloj_1hz_reg ; divisor_frecuencia:INST_DIVISOR|reloj_1hz_reg ; 1.000        ; -0.038     ; 0.617      ;
; 0.403  ; contador_unidades_segundo:INST_CONTADOR_UNIDADES|contador[3] ; contador_unidades_segundo:INST_CONTADOR_UNIDADES|contador[1] ; divisor_frecuencia:INST_DIVISOR|reloj_1hz_reg ; divisor_frecuencia:INST_DIVISOR|reloj_1hz_reg ; 1.000        ; -0.037     ; 0.547      ;
; 0.409  ; contador_unidades_segundo:INST_CONTADOR_UNIDADES|contador[0] ; contador_unidades_segundo:INST_CONTADOR_UNIDADES|contador[3] ; divisor_frecuencia:INST_DIVISOR|reloj_1hz_reg ; divisor_frecuencia:INST_DIVISOR|reloj_1hz_reg ; 1.000        ; -0.037     ; 0.541      ;
; 0.446  ; contador_unidades_segundo:INST_CONTADOR_UNIDADES|contador[0] ; contador_unidades_segundo:INST_CONTADOR_UNIDADES|contador[2] ; divisor_frecuencia:INST_DIVISOR|reloj_1hz_reg ; divisor_frecuencia:INST_DIVISOR|reloj_1hz_reg ; 1.000        ; -0.038     ; 0.503      ;
; 0.537  ; contador_unidades_segundo:INST_CONTADOR_UNIDADES|contador[1] ; contador_unidades_segundo:INST_CONTADOR_UNIDADES|contador[3] ; divisor_frecuencia:INST_DIVISOR|reloj_1hz_reg ; divisor_frecuencia:INST_DIVISOR|reloj_1hz_reg ; 1.000        ; -0.037     ; 0.413      ;
; 0.546  ; contador_unidades_segundo:INST_CONTADOR_UNIDADES|contador[0] ; contador_unidades_segundo:INST_CONTADOR_UNIDADES|contador[1] ; divisor_frecuencia:INST_DIVISOR|reloj_1hz_reg ; divisor_frecuencia:INST_DIVISOR|reloj_1hz_reg ; 1.000        ; -0.037     ; 0.404      ;
; 0.590  ; contador_decenas_segundo:INST_CONTADOR_DECENAS|contador[0]   ; contador_decenas_segundo:INST_CONTADOR_DECENAS|contador[0]   ; divisor_frecuencia:INST_DIVISOR|reloj_1hz_reg ; divisor_frecuencia:INST_DIVISOR|reloj_1hz_reg ; 1.000        ; -0.038     ; 0.359      ;
; 0.590  ; contador_decenas_segundo:INST_CONTADOR_DECENAS|contador[2]   ; contador_decenas_segundo:INST_CONTADOR_DECENAS|contador[2]   ; divisor_frecuencia:INST_DIVISOR|reloj_1hz_reg ; divisor_frecuencia:INST_DIVISOR|reloj_1hz_reg ; 1.000        ; -0.038     ; 0.359      ;
; 0.590  ; contador_decenas_segundo:INST_CONTADOR_DECENAS|contador[1]   ; contador_decenas_segundo:INST_CONTADOR_DECENAS|contador[1]   ; divisor_frecuencia:INST_DIVISOR|reloj_1hz_reg ; divisor_frecuencia:INST_DIVISOR|reloj_1hz_reg ; 1.000        ; -0.038     ; 0.359      ;
; 0.590  ; contador_unidades_segundo:INST_CONTADOR_UNIDADES|contador[2] ; contador_unidades_segundo:INST_CONTADOR_UNIDADES|contador[2] ; divisor_frecuencia:INST_DIVISOR|reloj_1hz_reg ; divisor_frecuencia:INST_DIVISOR|reloj_1hz_reg ; 1.000        ; -0.038     ; 0.359      ;
; 0.591  ; contador_unidades_segundo:INST_CONTADOR_UNIDADES|contador[0] ; contador_unidades_segundo:INST_CONTADOR_UNIDADES|contador[0] ; divisor_frecuencia:INST_DIVISOR|reloj_1hz_reg ; divisor_frecuencia:INST_DIVISOR|reloj_1hz_reg ; 1.000        ; -0.037     ; 0.359      ;
; 0.591  ; contador_unidades_segundo:INST_CONTADOR_UNIDADES|contador[3] ; contador_unidades_segundo:INST_CONTADOR_UNIDADES|contador[3] ; divisor_frecuencia:INST_DIVISOR|reloj_1hz_reg ; divisor_frecuencia:INST_DIVISOR|reloj_1hz_reg ; 1.000        ; -0.037     ; 0.359      ;
; 0.591  ; contador_unidades_segundo:INST_CONTADOR_UNIDADES|contador[1] ; contador_unidades_segundo:INST_CONTADOR_UNIDADES|contador[1] ; divisor_frecuencia:INST_DIVISOR|reloj_1hz_reg ; divisor_frecuencia:INST_DIVISOR|reloj_1hz_reg ; 1.000        ; -0.037     ; 0.359      ;
+--------+--------------------------------------------------------------+--------------------------------------------------------------+-----------------------------------------------+-----------------------------------------------+--------------+------------+------------+


+--------------------------------------------------------------------------------------------------------------------------------------------------------------------------------------------------------------------------+
; Fast 1200mV 0C Model Hold: 'clk_50'                                                                                                                                                                                      ;
+-------+-----------------------------------------------------+-----------------------------------------------------+-----------------------------------------------+-------------+--------------+------------+------------+
; Slack ; From Node                                           ; To Node                                             ; Launch Clock                                  ; Latch Clock ; Relationship ; Clock Skew ; Data Delay ;
+-------+-----------------------------------------------------+-----------------------------------------------------+-----------------------------------------------+-------------+--------------+------------+------------+
; 0.062 ; divisor_frecuencia:INST_DIVISOR|reloj_1hz_reg       ; divisor_frecuencia:INST_DIVISOR|reloj_1hz_reg       ; divisor_frecuencia:INST_DIVISOR|reloj_1hz_reg ; clk_50      ; 0.000        ; 1.408      ; 1.689      ;
; 0.205 ; divisor_frecuencia:INST_DIVISOR|contador_ciclos[25] ; divisor_frecuencia:INST_DIVISOR|contador_ciclos[25] ; clk_50                                        ; clk_50      ; 0.000        ; 0.036      ; 0.325      ;
; 0.298 ; divisor_frecuencia:INST_DIVISOR|contador_ciclos[3]  ; divisor_frecuencia:INST_DIVISOR|contador_ciclos[3]  ; clk_50                                        ; clk_50      ; 0.000        ; 0.035      ; 0.417      ;
; 0.299 ; divisor_frecuencia:INST_DIVISOR|contador_ciclos[5]  ; divisor_frecuencia:INST_DIVISOR|contador_ciclos[5]  ; clk_50                                        ; clk_50      ; 0.000        ; 0.035      ; 0.418      ;
; 0.300 ; divisor_frecuencia:INST_DIVISOR|contador_ciclos[2]  ; divisor_frecuencia:INST_DIVISOR|contador_ciclos[2]  ; clk_50                                        ; clk_50      ; 0.000        ; 0.035      ; 0.419      ;
; 0.301 ; divisor_frecuencia:INST_DIVISOR|contador_ciclos[4]  ; divisor_frecuencia:INST_DIVISOR|contador_ciclos[4]  ; clk_50                                        ; clk_50      ; 0.000        ; 0.035      ; 0.420      ;
; 0.305 ; divisor_frecuencia:INST_DIVISOR|contador_ciclos[15] ; divisor_frecuencia:INST_DIVISOR|contador_ciclos[15] ; clk_50                                        ; clk_50      ; 0.000        ; 0.036      ; 0.425      ;
; 0.306 ; divisor_frecuencia:INST_DIVISOR|contador_ciclos[17] ; divisor_frecuencia:INST_DIVISOR|contador_ciclos[17] ; clk_50                                        ; clk_50      ; 0.000        ; 0.036      ; 0.426      ;
; 0.306 ; divisor_frecuencia:INST_DIVISOR|contador_ciclos[23] ; divisor_frecuencia:INST_DIVISOR|contador_ciclos[23] ; clk_50                                        ; clk_50      ; 0.000        ; 0.036      ; 0.426      ;
; 0.306 ; divisor_frecuencia:INST_DIVISOR|contador_ciclos[10] ; divisor_frecuencia:INST_DIVISOR|contador_ciclos[10] ; clk_50                                        ; clk_50      ; 0.000        ; 0.035      ; 0.425      ;
; 0.307 ; divisor_frecuencia:INST_DIVISOR|contador_ciclos[9]  ; divisor_frecuencia:INST_DIVISOR|contador_ciclos[9]  ; clk_50                                        ; clk_50      ; 0.000        ; 0.035      ; 0.426      ;
; 0.307 ; divisor_frecuencia:INST_DIVISOR|contador_ciclos[8]  ; divisor_frecuencia:INST_DIVISOR|contador_ciclos[8]  ; clk_50                                        ; clk_50      ; 0.000        ; 0.035      ; 0.426      ;
; 0.307 ; divisor_frecuencia:INST_DIVISOR|contador_ciclos[7]  ; divisor_frecuencia:INST_DIVISOR|contador_ciclos[7]  ; clk_50                                        ; clk_50      ; 0.000        ; 0.035      ; 0.426      ;
; 0.307 ; divisor_frecuencia:INST_DIVISOR|contador_ciclos[1]  ; divisor_frecuencia:INST_DIVISOR|contador_ciclos[1]  ; clk_50                                        ; clk_50      ; 0.000        ; 0.035      ; 0.426      ;
; 0.315 ; divisor_frecuencia:INST_DIVISOR|contador_ciclos[0]  ; divisor_frecuencia:INST_DIVISOR|contador_ciclos[0]  ; clk_50                                        ; clk_50      ; 0.000        ; 0.035      ; 0.434      ;
; 0.319 ; control_temporizador:INST_CONTROL|inicio_anterior   ; control_temporizador:INST_CONTROL|estado            ; clk_50                                        ; clk_50      ; 0.000        ; 0.035      ; 0.438      ;
; 0.447 ; divisor_frecuencia:INST_DIVISOR|contador_ciclos[3]  ; divisor_frecuencia:INST_DIVISOR|contador_ciclos[4]  ; clk_50                                        ; clk_50      ; 0.000        ; 0.035      ; 0.566      ;
; 0.456 ; divisor_frecuencia:INST_DIVISOR|contador_ciclos[1]  ; divisor_frecuencia:INST_DIVISOR|contador_ciclos[2]  ; clk_50                                        ; clk_50      ; 0.000        ; 0.035      ; 0.575      ;
; 0.456 ; divisor_frecuencia:INST_DIVISOR|contador_ciclos[9]  ; divisor_frecuencia:INST_DIVISOR|contador_ciclos[10] ; clk_50                                        ; clk_50      ; 0.000        ; 0.035      ; 0.575      ;
; 0.456 ; divisor_frecuencia:INST_DIVISOR|contador_ciclos[7]  ; divisor_frecuencia:INST_DIVISOR|contador_ciclos[8]  ; clk_50                                        ; clk_50      ; 0.000        ; 0.035      ; 0.575      ;
; 0.458 ; divisor_frecuencia:INST_DIVISOR|contador_ciclos[22] ; divisor_frecuencia:INST_DIVISOR|contador_ciclos[22] ; clk_50                                        ; clk_50      ; 0.000        ; 0.036      ; 0.578      ;
; 0.458 ; divisor_frecuencia:INST_DIVISOR|contador_ciclos[2]  ; divisor_frecuencia:INST_DIVISOR|contador_ciclos[3]  ; clk_50                                        ; clk_50      ; 0.000        ; 0.035      ; 0.577      ;
; 0.459 ; divisor_frecuencia:INST_DIVISOR|contador_ciclos[4]  ; divisor_frecuencia:INST_DIVISOR|contador_ciclos[5]  ; clk_50                                        ; clk_50      ; 0.000        ; 0.035      ; 0.578      ;
; 0.461 ; divisor_frecuencia:INST_DIVISOR|contador_ciclos[2]  ; divisor_frecuencia:INST_DIVISOR|contador_ciclos[4]  ; clk_50                                        ; clk_50      ; 0.000        ; 0.035      ; 0.580      ;
; 0.463 ; divisor_frecuencia:INST_DIVISOR|contador_ciclos[13] ; divisor_frecuencia:INST_DIVISOR|contador_ciclos[13] ; clk_50                                        ; clk_50      ; 0.000        ; 0.036      ; 0.583      ;
; 0.464 ; divisor_frecuencia:INST_DIVISOR|contador_ciclos[22] ; divisor_frecuencia:INST_DIVISOR|contador_ciclos[23] ; clk_50                                        ; clk_50      ; 0.000        ; 0.036      ; 0.584      ;
; 0.464 ; divisor_frecuencia:INST_DIVISOR|contador_ciclos[0]  ; divisor_frecuencia:INST_DIVISOR|contador_ciclos[1]  ; clk_50                                        ; clk_50      ; 0.000        ; 0.035      ; 0.583      ;
; 0.465 ; divisor_frecuencia:INST_DIVISOR|contador_ciclos[8]  ; divisor_frecuencia:INST_DIVISOR|contador_ciclos[9]  ; clk_50                                        ; clk_50      ; 0.000        ; 0.035      ; 0.584      ;
; 0.467 ; divisor_frecuencia:INST_DIVISOR|contador_ciclos[6]  ; divisor_frecuencia:INST_DIVISOR|contador_ciclos[7]  ; clk_50                                        ; clk_50      ; 0.000        ; 0.035      ; 0.586      ;
; 0.467 ; divisor_frecuencia:INST_DIVISOR|contador_ciclos[0]  ; divisor_frecuencia:INST_DIVISOR|contador_ciclos[2]  ; clk_50                                        ; clk_50      ; 0.000        ; 0.035      ; 0.586      ;
; 0.468 ; divisor_frecuencia:INST_DIVISOR|contador_ciclos[8]  ; divisor_frecuencia:INST_DIVISOR|contador_ciclos[10] ; clk_50                                        ; clk_50      ; 0.000        ; 0.035      ; 0.587      ;
; 0.470 ; divisor_frecuencia:INST_DIVISOR|contador_ciclos[6]  ; divisor_frecuencia:INST_DIVISOR|contador_ciclos[8]  ; clk_50                                        ; clk_50      ; 0.000        ; 0.035      ; 0.589      ;
; 0.510 ; divisor_frecuencia:INST_DIVISOR|contador_ciclos[3]  ; divisor_frecuencia:INST_DIVISOR|contador_ciclos[5]  ; clk_50                                        ; clk_50      ; 0.000        ; 0.035      ; 0.629      ;
; 0.511 ; divisor_frecuencia:INST_DIVISOR|contador_ciclos[5]  ; divisor_frecuencia:INST_DIVISOR|contador_ciclos[7]  ; clk_50                                        ; clk_50      ; 0.000        ; 0.035      ; 0.630      ;
; 0.514 ; divisor_frecuencia:INST_DIVISOR|contador_ciclos[5]  ; divisor_frecuencia:INST_DIVISOR|contador_ciclos[8]  ; clk_50                                        ; clk_50      ; 0.000        ; 0.035      ; 0.633      ;
; 0.517 ; divisor_frecuencia:INST_DIVISOR|contador_ciclos[15] ; divisor_frecuencia:INST_DIVISOR|contador_ciclos[17] ; clk_50                                        ; clk_50      ; 0.000        ; 0.036      ; 0.637      ;
; 0.518 ; divisor_frecuencia:INST_DIVISOR|contador_ciclos[23] ; divisor_frecuencia:INST_DIVISOR|contador_ciclos[25] ; clk_50                                        ; clk_50      ; 0.000        ; 0.036      ; 0.638      ;
; 0.519 ; divisor_frecuencia:INST_DIVISOR|contador_ciclos[20] ; divisor_frecuencia:INST_DIVISOR|contador_ciclos[20] ; clk_50                                        ; clk_50      ; 0.000        ; 0.036      ; 0.639      ;
; 0.519 ; divisor_frecuencia:INST_DIVISOR|contador_ciclos[1]  ; divisor_frecuencia:INST_DIVISOR|contador_ciclos[3]  ; clk_50                                        ; clk_50      ; 0.000        ; 0.035      ; 0.638      ;
; 0.519 ; divisor_frecuencia:INST_DIVISOR|contador_ciclos[7]  ; divisor_frecuencia:INST_DIVISOR|contador_ciclos[9]  ; clk_50                                        ; clk_50      ; 0.000        ; 0.035      ; 0.638      ;
; 0.520 ; divisor_frecuencia:INST_DIVISOR|contador_ciclos[13] ; divisor_frecuencia:INST_DIVISOR|contador_ciclos[15] ; clk_50                                        ; clk_50      ; 0.000        ; 0.036      ; 0.640      ;
; 0.522 ; divisor_frecuencia:INST_DIVISOR|contador_ciclos[1]  ; divisor_frecuencia:INST_DIVISOR|contador_ciclos[4]  ; clk_50                                        ; clk_50      ; 0.000        ; 0.035      ; 0.641      ;
; 0.522 ; divisor_frecuencia:INST_DIVISOR|contador_ciclos[7]  ; divisor_frecuencia:INST_DIVISOR|contador_ciclos[10] ; clk_50                                        ; clk_50      ; 0.000        ; 0.035      ; 0.641      ;
; 0.524 ; divisor_frecuencia:INST_DIVISOR|contador_ciclos[2]  ; divisor_frecuencia:INST_DIVISOR|contador_ciclos[5]  ; clk_50                                        ; clk_50      ; 0.000        ; 0.035      ; 0.643      ;
; 0.525 ; divisor_frecuencia:INST_DIVISOR|contador_ciclos[12] ; divisor_frecuencia:INST_DIVISOR|contador_ciclos[12] ; clk_50                                        ; clk_50      ; 0.000        ; 0.035      ; 0.644      ;
; 0.525 ; divisor_frecuencia:INST_DIVISOR|contador_ciclos[4]  ; divisor_frecuencia:INST_DIVISOR|contador_ciclos[7]  ; clk_50                                        ; clk_50      ; 0.000        ; 0.035      ; 0.644      ;
; 0.528 ; divisor_frecuencia:INST_DIVISOR|contador_ciclos[4]  ; divisor_frecuencia:INST_DIVISOR|contador_ciclos[8]  ; clk_50                                        ; clk_50      ; 0.000        ; 0.035      ; 0.647      ;
; 0.530 ; divisor_frecuencia:INST_DIVISOR|contador_ciclos[22] ; divisor_frecuencia:INST_DIVISOR|contador_ciclos[25] ; clk_50                                        ; clk_50      ; 0.000        ; 0.036      ; 0.650      ;
; 0.530 ; divisor_frecuencia:INST_DIVISOR|contador_ciclos[0]  ; divisor_frecuencia:INST_DIVISOR|contador_ciclos[3]  ; clk_50                                        ; clk_50      ; 0.000        ; 0.035      ; 0.649      ;
; 0.531 ; divisor_frecuencia:INST_DIVISOR|contador_ciclos[14] ; divisor_frecuencia:INST_DIVISOR|contador_ciclos[15] ; clk_50                                        ; clk_50      ; 0.000        ; 0.035      ; 0.650      ;
; 0.532 ; divisor_frecuencia:INST_DIVISOR|contador_ciclos[20] ; divisor_frecuencia:INST_DIVISOR|contador_ciclos[23] ; clk_50                                        ; clk_50      ; 0.000        ; 0.036      ; 0.652      ;
; 0.532 ; divisor_frecuencia:INST_DIVISOR|contador_ciclos[24] ; divisor_frecuencia:INST_DIVISOR|contador_ciclos[25] ; clk_50                                        ; clk_50      ; 0.000        ; 0.035      ; 0.651      ;
; 0.533 ; divisor_frecuencia:INST_DIVISOR|contador_ciclos[6]  ; divisor_frecuencia:INST_DIVISOR|contador_ciclos[9]  ; clk_50                                        ; clk_50      ; 0.000        ; 0.035      ; 0.652      ;
; 0.533 ; divisor_frecuencia:INST_DIVISOR|contador_ciclos[0]  ; divisor_frecuencia:INST_DIVISOR|contador_ciclos[4]  ; clk_50                                        ; clk_50      ; 0.000        ; 0.035      ; 0.652      ;
; 0.536 ; divisor_frecuencia:INST_DIVISOR|contador_ciclos[12] ; divisor_frecuencia:INST_DIVISOR|contador_ciclos[15] ; clk_50                                        ; clk_50      ; 0.000        ; 0.034      ; 0.654      ;
; 0.536 ; divisor_frecuencia:INST_DIVISOR|contador_ciclos[6]  ; divisor_frecuencia:INST_DIVISOR|contador_ciclos[10] ; clk_50                                        ; clk_50      ; 0.000        ; 0.035      ; 0.655      ;
; 0.546 ; divisor_frecuencia:INST_DIVISOR|contador_ciclos[16] ; divisor_frecuencia:INST_DIVISOR|contador_ciclos[17] ; clk_50                                        ; clk_50      ; 0.000        ; 0.035      ; 0.665      ;
; 0.576 ; divisor_frecuencia:INST_DIVISOR|contador_ciclos[3]  ; divisor_frecuencia:INST_DIVISOR|contador_ciclos[7]  ; clk_50                                        ; clk_50      ; 0.000        ; 0.035      ; 0.695      ;
; 0.577 ; divisor_frecuencia:INST_DIVISOR|contador_ciclos[5]  ; divisor_frecuencia:INST_DIVISOR|contador_ciclos[9]  ; clk_50                                        ; clk_50      ; 0.000        ; 0.035      ; 0.696      ;
; 0.579 ; divisor_frecuencia:INST_DIVISOR|contador_ciclos[3]  ; divisor_frecuencia:INST_DIVISOR|contador_ciclos[8]  ; clk_50                                        ; clk_50      ; 0.000        ; 0.035      ; 0.698      ;
; 0.580 ; divisor_frecuencia:INST_DIVISOR|contador_ciclos[5]  ; divisor_frecuencia:INST_DIVISOR|contador_ciclos[10] ; clk_50                                        ; clk_50      ; 0.000        ; 0.035      ; 0.699      ;
; 0.585 ; divisor_frecuencia:INST_DIVISOR|contador_ciclos[6]  ; divisor_frecuencia:INST_DIVISOR|contador_ciclos[6]  ; clk_50                                        ; clk_50      ; 0.000        ; 0.035      ; 0.704      ;
; 0.585 ; divisor_frecuencia:INST_DIVISOR|contador_ciclos[1]  ; divisor_frecuencia:INST_DIVISOR|contador_ciclos[5]  ; clk_50                                        ; clk_50      ; 0.000        ; 0.035      ; 0.704      ;
; 0.586 ; divisor_frecuencia:INST_DIVISOR|contador_ciclos[13] ; divisor_frecuencia:INST_DIVISOR|contador_ciclos[17] ; clk_50                                        ; clk_50      ; 0.000        ; 0.036      ; 0.706      ;
; 0.590 ; divisor_frecuencia:INST_DIVISOR|contador_ciclos[2]  ; divisor_frecuencia:INST_DIVISOR|contador_ciclos[7]  ; clk_50                                        ; clk_50      ; 0.000        ; 0.035      ; 0.709      ;
; 0.591 ; divisor_frecuencia:INST_DIVISOR|contador_ciclos[4]  ; divisor_frecuencia:INST_DIVISOR|contador_ciclos[9]  ; clk_50                                        ; clk_50      ; 0.000        ; 0.035      ; 0.710      ;
; 0.593 ; divisor_frecuencia:INST_DIVISOR|contador_ciclos[2]  ; divisor_frecuencia:INST_DIVISOR|contador_ciclos[8]  ; clk_50                                        ; clk_50      ; 0.000        ; 0.035      ; 0.712      ;
; 0.594 ; divisor_frecuencia:INST_DIVISOR|contador_ciclos[4]  ; divisor_frecuencia:INST_DIVISOR|contador_ciclos[10] ; clk_50                                        ; clk_50      ; 0.000        ; 0.035      ; 0.713      ;
; 0.596 ; divisor_frecuencia:INST_DIVISOR|contador_ciclos[0]  ; divisor_frecuencia:INST_DIVISOR|contador_ciclos[5]  ; clk_50                                        ; clk_50      ; 0.000        ; 0.035      ; 0.715      ;
; 0.597 ; divisor_frecuencia:INST_DIVISOR|contador_ciclos[10] ; divisor_frecuencia:INST_DIVISOR|contador_ciclos[15] ; clk_50                                        ; clk_50      ; 0.000        ; 0.034      ; 0.715      ;
; 0.597 ; divisor_frecuencia:INST_DIVISOR|contador_ciclos[14] ; divisor_frecuencia:INST_DIVISOR|contador_ciclos[17] ; clk_50                                        ; clk_50      ; 0.000        ; 0.035      ; 0.716      ;
; 0.598 ; divisor_frecuencia:INST_DIVISOR|contador_ciclos[20] ; divisor_frecuencia:INST_DIVISOR|contador_ciclos[25] ; clk_50                                        ; clk_50      ; 0.000        ; 0.036      ; 0.718      ;
; 0.600 ; divisor_frecuencia:INST_DIVISOR|contador_ciclos[21] ; divisor_frecuencia:INST_DIVISOR|contador_ciclos[23] ; clk_50                                        ; clk_50      ; 0.000        ; 0.035      ; 0.719      ;
; 0.602 ; divisor_frecuencia:INST_DIVISOR|contador_ciclos[12] ; divisor_frecuencia:INST_DIVISOR|contador_ciclos[17] ; clk_50                                        ; clk_50      ; 0.000        ; 0.034      ; 0.720      ;
; 0.605 ; divisor_frecuencia:INST_DIVISOR|contador_ciclos[24] ; divisor_frecuencia:INST_DIVISOR|contador_ciclos[24] ; clk_50                                        ; clk_50      ; 0.000        ; 0.035      ; 0.724      ;
; 0.606 ; divisor_frecuencia:INST_DIVISOR|contador_ciclos[21] ; divisor_frecuencia:INST_DIVISOR|contador_ciclos[21] ; clk_50                                        ; clk_50      ; 0.000        ; 0.035      ; 0.725      ;
; 0.621 ; divisor_frecuencia:INST_DIVISOR|contador_ciclos[20] ; divisor_frecuencia:INST_DIVISOR|contador_ciclos[22] ; clk_50                                        ; clk_50      ; 0.000        ; 0.036      ; 0.741      ;
; 0.625 ; divisor_frecuencia:INST_DIVISOR|contador_ciclos[12] ; divisor_frecuencia:INST_DIVISOR|contador_ciclos[13] ; clk_50                                        ; clk_50      ; 0.000        ; 0.034      ; 0.743      ;
; 0.642 ; divisor_frecuencia:INST_DIVISOR|contador_ciclos[3]  ; divisor_frecuencia:INST_DIVISOR|contador_ciclos[9]  ; clk_50                                        ; clk_50      ; 0.000        ; 0.035      ; 0.761      ;
; 0.645 ; divisor_frecuencia:INST_DIVISOR|contador_ciclos[3]  ; divisor_frecuencia:INST_DIVISOR|contador_ciclos[10] ; clk_50                                        ; clk_50      ; 0.000        ; 0.035      ; 0.764      ;
; 0.650 ; divisor_frecuencia:INST_DIVISOR|contador_ciclos[19] ; divisor_frecuencia:INST_DIVISOR|contador_ciclos[23] ; clk_50                                        ; clk_50      ; 0.000        ; 0.035      ; 0.769      ;
; 0.650 ; divisor_frecuencia:INST_DIVISOR|contador_ciclos[17] ; divisor_frecuencia:INST_DIVISOR|contador_ciclos[23] ; clk_50                                        ; clk_50      ; 0.000        ; 0.036      ; 0.770      ;
; 0.651 ; divisor_frecuencia:INST_DIVISOR|contador_ciclos[1]  ; divisor_frecuencia:INST_DIVISOR|contador_ciclos[7]  ; clk_50                                        ; clk_50      ; 0.000        ; 0.035      ; 0.770      ;
; 0.652 ; divisor_frecuencia:INST_DIVISOR|contador_ciclos[9]  ; divisor_frecuencia:INST_DIVISOR|contador_ciclos[15] ; clk_50                                        ; clk_50      ; 0.000        ; 0.034      ; 0.770      ;
; 0.654 ; divisor_frecuencia:INST_DIVISOR|contador_ciclos[1]  ; divisor_frecuencia:INST_DIVISOR|contador_ciclos[8]  ; clk_50                                        ; clk_50      ; 0.000        ; 0.035      ; 0.773      ;
; 0.656 ; divisor_frecuencia:INST_DIVISOR|contador_ciclos[2]  ; divisor_frecuencia:INST_DIVISOR|contador_ciclos[9]  ; clk_50                                        ; clk_50      ; 0.000        ; 0.035      ; 0.775      ;
; 0.659 ; divisor_frecuencia:INST_DIVISOR|contador_ciclos[2]  ; divisor_frecuencia:INST_DIVISOR|contador_ciclos[10] ; clk_50                                        ; clk_50      ; 0.000        ; 0.035      ; 0.778      ;
; 0.662 ; divisor_frecuencia:INST_DIVISOR|contador_ciclos[0]  ; divisor_frecuencia:INST_DIVISOR|contador_ciclos[7]  ; clk_50                                        ; clk_50      ; 0.000        ; 0.035      ; 0.781      ;
; 0.663 ; divisor_frecuencia:INST_DIVISOR|contador_ciclos[19] ; divisor_frecuencia:INST_DIVISOR|contador_ciclos[19] ; clk_50                                        ; clk_50      ; 0.000        ; 0.035      ; 0.782      ;
; 0.663 ; divisor_frecuencia:INST_DIVISOR|contador_ciclos[10] ; divisor_frecuencia:INST_DIVISOR|contador_ciclos[17] ; clk_50                                        ; clk_50      ; 0.000        ; 0.034      ; 0.781      ;
; 0.664 ; divisor_frecuencia:INST_DIVISOR|contador_ciclos[8]  ; divisor_frecuencia:INST_DIVISOR|contador_ciclos[15] ; clk_50                                        ; clk_50      ; 0.000        ; 0.034      ; 0.782      ;
; 0.665 ; divisor_frecuencia:INST_DIVISOR|contador_ciclos[0]  ; divisor_frecuencia:INST_DIVISOR|contador_ciclos[8]  ; clk_50                                        ; clk_50      ; 0.000        ; 0.035      ; 0.784      ;
; 0.666 ; divisor_frecuencia:INST_DIVISOR|contador_ciclos[21] ; divisor_frecuencia:INST_DIVISOR|contador_ciclos[25] ; clk_50                                        ; clk_50      ; 0.000        ; 0.035      ; 0.785      ;
; 0.668 ; divisor_frecuencia:INST_DIVISOR|contador_ciclos[18] ; divisor_frecuencia:INST_DIVISOR|contador_ciclos[18] ; clk_50                                        ; clk_50      ; 0.000        ; 0.035      ; 0.787      ;
; 0.678 ; divisor_frecuencia:INST_DIVISOR|contador_ciclos[18] ; divisor_frecuencia:INST_DIVISOR|contador_ciclos[23] ; clk_50                                        ; clk_50      ; 0.000        ; 0.035      ; 0.797      ;
; 0.681 ; divisor_frecuencia:INST_DIVISOR|contador_ciclos[10] ; divisor_frecuencia:INST_DIVISOR|contador_ciclos[12] ; clk_50                                        ; clk_50      ; 0.000        ; 0.035      ; 0.800      ;
; 0.684 ; divisor_frecuencia:INST_DIVISOR|contador_ciclos[20] ; divisor_frecuencia:INST_DIVISOR|contador_ciclos[21] ; clk_50                                        ; clk_50      ; 0.000        ; 0.036      ; 0.804      ;
; 0.686 ; divisor_frecuencia:INST_DIVISOR|contador_ciclos[23] ; divisor_frecuencia:INST_DIVISOR|contador_ciclos[24] ; clk_50                                        ; clk_50      ; 0.000        ; 0.036      ; 0.806      ;
; 0.686 ; divisor_frecuencia:INST_DIVISOR|contador_ciclos[10] ; divisor_frecuencia:INST_DIVISOR|contador_ciclos[13] ; clk_50                                        ; clk_50      ; 0.000        ; 0.034      ; 0.804      ;
; 0.688 ; divisor_frecuencia:INST_DIVISOR|reloj_1hz_reg       ; divisor_frecuencia:INST_DIVISOR|reloj_1hz_reg       ; divisor_frecuencia:INST_DIVISOR|reloj_1hz_reg ; clk_50      ; -0.500       ; 1.408      ; 1.815      ;
+-------+-----------------------------------------------------+-----------------------------------------------------+-----------------------------------------------+-------------+--------------+------------+------------+


+------------------------------------------------------------------------------------------------------------------------------------------------------------------------------------------------------------------------------------------------------------------------------+
; Fast 1200mV 0C Model Hold: 'divisor_frecuencia:INST_DIVISOR|reloj_1hz_reg'                                                                                                                                                                                                   ;
+-------+--------------------------------------------------------------+--------------------------------------------------------------+-----------------------------------------------+-----------------------------------------------+--------------+------------+------------+
; Slack ; From Node                                                    ; To Node                                                      ; Launch Clock                                  ; Latch Clock                                   ; Relationship ; Clock Skew ; Data Delay ;
+-------+--------------------------------------------------------------+--------------------------------------------------------------+-----------------------------------------------+-----------------------------------------------+--------------+------------+------------+
; 0.185 ; contador_minutos:INST_CONTADOR_MINUTOS|contador[1]           ; contador_minutos:INST_CONTADOR_MINUTOS|contador[1]           ; divisor_frecuencia:INST_DIVISOR|reloj_1hz_reg ; divisor_frecuencia:INST_DIVISOR|reloj_1hz_reg ; 0.000        ; 0.038      ; 0.307      ;
; 0.185 ; contador_minutos:INST_CONTADOR_MINUTOS|contador[3]           ; contador_minutos:INST_CONTADOR_MINUTOS|contador[3]           ; divisor_frecuencia:INST_DIVISOR|reloj_1hz_reg ; divisor_frecuencia:INST_DIVISOR|reloj_1hz_reg ; 0.000        ; 0.038      ; 0.307      ;
; 0.185 ; contador_minutos:INST_CONTADOR_MINUTOS|contador[2]           ; contador_minutos:INST_CONTADOR_MINUTOS|contador[2]           ; divisor_frecuencia:INST_DIVISOR|reloj_1hz_reg ; divisor_frecuencia:INST_DIVISOR|reloj_1hz_reg ; 0.000        ; 0.038      ; 0.307      ;
; 0.185 ; contador_minutos:INST_CONTADOR_MINUTOS|contador[0]           ; contador_minutos:INST_CONTADOR_MINUTOS|contador[0]           ; divisor_frecuencia:INST_DIVISOR|reloj_1hz_reg ; divisor_frecuencia:INST_DIVISOR|reloj_1hz_reg ; 0.000        ; 0.038      ; 0.307      ;
; 0.185 ; contador_decenas_segundo:INST_CONTADOR_DECENAS|contador[1]   ; contador_decenas_segundo:INST_CONTADOR_DECENAS|contador[1]   ; divisor_frecuencia:INST_DIVISOR|reloj_1hz_reg ; divisor_frecuencia:INST_DIVISOR|reloj_1hz_reg ; 0.000        ; 0.038      ; 0.307      ;
; 0.185 ; contador_decenas_segundo:INST_CONTADOR_DECENAS|contador[2]   ; contador_decenas_segundo:INST_CONTADOR_DECENAS|contador[2]   ; divisor_frecuencia:INST_DIVISOR|reloj_1hz_reg ; divisor_frecuencia:INST_DIVISOR|reloj_1hz_reg ; 0.000        ; 0.038      ; 0.307      ;
; 0.185 ; contador_unidades_segundo:INST_CONTADOR_UNIDADES|contador[2] ; contador_unidades_segundo:INST_CONTADOR_UNIDADES|contador[2] ; divisor_frecuencia:INST_DIVISOR|reloj_1hz_reg ; divisor_frecuencia:INST_DIVISOR|reloj_1hz_reg ; 0.000        ; 0.038      ; 0.307      ;
; 0.186 ; contador_unidades_segundo:INST_CONTADOR_UNIDADES|contador[3] ; contador_unidades_segundo:INST_CONTADOR_UNIDADES|contador[3] ; divisor_frecuencia:INST_DIVISOR|reloj_1hz_reg ; divisor_frecuencia:INST_DIVISOR|reloj_1hz_reg ; 0.000        ; 0.037      ; 0.307      ;
; 0.186 ; contador_unidades_segundo:INST_CONTADOR_UNIDADES|contador[1] ; contador_unidades_segundo:INST_CONTADOR_UNIDADES|contador[1] ; divisor_frecuencia:INST_DIVISOR|reloj_1hz_reg ; divisor_frecuencia:INST_DIVISOR|reloj_1hz_reg ; 0.000        ; 0.037      ; 0.307      ;
; 0.192 ; contador_decenas_segundo:INST_CONTADOR_DECENAS|contador[0]   ; contador_decenas_segundo:INST_CONTADOR_DECENAS|contador[0]   ; divisor_frecuencia:INST_DIVISOR|reloj_1hz_reg ; divisor_frecuencia:INST_DIVISOR|reloj_1hz_reg ; 0.000        ; 0.038      ; 0.314      ;
; 0.193 ; contador_unidades_segundo:INST_CONTADOR_UNIDADES|contador[0] ; contador_unidades_segundo:INST_CONTADOR_UNIDADES|contador[0] ; divisor_frecuencia:INST_DIVISOR|reloj_1hz_reg ; divisor_frecuencia:INST_DIVISOR|reloj_1hz_reg ; 0.000        ; 0.037      ; 0.314      ;
; 0.222 ; contador_unidades_segundo:INST_CONTADOR_UNIDADES|contador[0] ; contador_unidades_segundo:INST_CONTADOR_UNIDADES|contador[1] ; divisor_frecuencia:INST_DIVISOR|reloj_1hz_reg ; divisor_frecuencia:INST_DIVISOR|reloj_1hz_reg ; 0.000        ; 0.037      ; 0.343      ;
; 0.223 ; contador_unidades_segundo:INST_CONTADOR_UNIDADES|contador[1] ; contador_unidades_segundo:INST_CONTADOR_UNIDADES|contador[3] ; divisor_frecuencia:INST_DIVISOR|reloj_1hz_reg ; divisor_frecuencia:INST_DIVISOR|reloj_1hz_reg ; 0.000        ; 0.037      ; 0.344      ;
; 0.305 ; contador_unidades_segundo:INST_CONTADOR_UNIDADES|contador[0] ; contador_unidades_segundo:INST_CONTADOR_UNIDADES|contador[2] ; divisor_frecuencia:INST_DIVISOR|reloj_1hz_reg ; divisor_frecuencia:INST_DIVISOR|reloj_1hz_reg ; 0.000        ; 0.037      ; 0.426      ;
; 0.321 ; contador_unidades_segundo:INST_CONTADOR_UNIDADES|contador[0] ; contador_unidades_segundo:INST_CONTADOR_UNIDADES|contador[3] ; divisor_frecuencia:INST_DIVISOR|reloj_1hz_reg ; divisor_frecuencia:INST_DIVISOR|reloj_1hz_reg ; 0.000        ; 0.037      ; 0.442      ;
; 0.352 ; contador_unidades_segundo:INST_CONTADOR_UNIDADES|contador[3] ; contador_unidades_segundo:INST_CONTADOR_UNIDADES|contador[1] ; divisor_frecuencia:INST_DIVISOR|reloj_1hz_reg ; divisor_frecuencia:INST_DIVISOR|reloj_1hz_reg ; 0.000        ; 0.037      ; 0.473      ;
; 0.386 ; contador_unidades_segundo:INST_CONTADOR_UNIDADES|contador[1] ; contador_unidades_segundo:INST_CONTADOR_UNIDADES|contador[2] ; divisor_frecuencia:INST_DIVISOR|reloj_1hz_reg ; divisor_frecuencia:INST_DIVISOR|reloj_1hz_reg ; 0.000        ; 0.037      ; 0.507      ;
; 0.415 ; contador_decenas_segundo:INST_CONTADOR_DECENAS|contador[0]   ; contador_decenas_segundo:INST_CONTADOR_DECENAS|contador[1]   ; divisor_frecuencia:INST_DIVISOR|reloj_1hz_reg ; divisor_frecuencia:INST_DIVISOR|reloj_1hz_reg ; 0.000        ; 0.038      ; 0.537      ;
; 0.416 ; contador_decenas_segundo:INST_CONTADOR_DECENAS|contador[1]   ; contador_decenas_segundo:INST_CONTADOR_DECENAS|contador[2]   ; divisor_frecuencia:INST_DIVISOR|reloj_1hz_reg ; divisor_frecuencia:INST_DIVISOR|reloj_1hz_reg ; 0.000        ; 0.038      ; 0.538      ;
; 0.418 ; contador_decenas_segundo:INST_CONTADOR_DECENAS|contador[0]   ; contador_decenas_segundo:INST_CONTADOR_DECENAS|contador[2]   ; divisor_frecuencia:INST_DIVISOR|reloj_1hz_reg ; divisor_frecuencia:INST_DIVISOR|reloj_1hz_reg ; 0.000        ; 0.038      ; 0.540      ;
; 0.441 ; contador_decenas_segundo:INST_CONTADOR_DECENAS|contador[0]   ; contador_minutos:INST_CONTADOR_MINUTOS|contador[0]           ; divisor_frecuencia:INST_DIVISOR|reloj_1hz_reg ; divisor_frecuencia:INST_DIVISOR|reloj_1hz_reg ; 0.000        ; 0.039      ; 0.564      ;
; 0.443 ; control_temporizador:INST_CONTROL|estado                     ; contador_unidades_segundo:INST_CONTADOR_UNIDADES|contador[2] ; clk_50                                        ; divisor_frecuencia:INST_DIVISOR|reloj_1hz_reg ; -0.500       ; 0.445      ; 0.502      ;
; 0.444 ; contador_decenas_segundo:INST_CONTADOR_DECENAS|contador[2]   ; contador_decenas_segundo:INST_CONTADOR_DECENAS|contador[1]   ; divisor_frecuencia:INST_DIVISOR|reloj_1hz_reg ; divisor_frecuencia:INST_DIVISOR|reloj_1hz_reg ; 0.000        ; 0.038      ; 0.566      ;
; 0.500 ; contador_decenas_segundo:INST_CONTADOR_DECENAS|contador[2]   ; contador_minutos:INST_CONTADOR_MINUTOS|contador[0]           ; divisor_frecuencia:INST_DIVISOR|reloj_1hz_reg ; divisor_frecuencia:INST_DIVISOR|reloj_1hz_reg ; 0.000        ; 0.039      ; 0.623      ;
; 0.533 ; contador_unidades_segundo:INST_CONTADOR_UNIDADES|contador[2] ; contador_unidades_segundo:INST_CONTADOR_UNIDADES|contador[1] ; divisor_frecuencia:INST_DIVISOR|reloj_1hz_reg ; divisor_frecuencia:INST_DIVISOR|reloj_1hz_reg ; 0.000        ; 0.038      ; 0.655      ;
; 0.536 ; control_temporizador:INST_CONTROL|estado                     ; contador_minutos:INST_CONTADOR_MINUTOS|contador[0]           ; clk_50                                        ; divisor_frecuencia:INST_DIVISOR|reloj_1hz_reg ; -0.500       ; 0.445      ; 0.595      ;
; 0.538 ; contador_unidades_segundo:INST_CONTADOR_UNIDADES|contador[2] ; contador_unidades_segundo:INST_CONTADOR_UNIDADES|contador[3] ; divisor_frecuencia:INST_DIVISOR|reloj_1hz_reg ; divisor_frecuencia:INST_DIVISOR|reloj_1hz_reg ; 0.000        ; 0.038      ; 0.660      ;
; 0.546 ; contador_minutos:INST_CONTADOR_MINUTOS|contador[0]           ; contador_minutos:INST_CONTADOR_MINUTOS|contador[2]           ; divisor_frecuencia:INST_DIVISOR|reloj_1hz_reg ; divisor_frecuencia:INST_DIVISOR|reloj_1hz_reg ; 0.000        ; 0.038      ; 0.668      ;
; 0.547 ; contador_minutos:INST_CONTADOR_MINUTOS|contador[0]           ; contador_minutos:INST_CONTADOR_MINUTOS|contador[1]           ; divisor_frecuencia:INST_DIVISOR|reloj_1hz_reg ; divisor_frecuencia:INST_DIVISOR|reloj_1hz_reg ; 0.000        ; 0.038      ; 0.669      ;
; 0.547 ; contador_minutos:INST_CONTADOR_MINUTOS|contador[0]           ; contador_minutos:INST_CONTADOR_MINUTOS|contador[3]           ; divisor_frecuencia:INST_DIVISOR|reloj_1hz_reg ; divisor_frecuencia:INST_DIVISOR|reloj_1hz_reg ; 0.000        ; 0.038      ; 0.669      ;
; 0.554 ; contador_minutos:INST_CONTADOR_MINUTOS|contador[1]           ; contador_minutos:INST_CONTADOR_MINUTOS|contador[0]           ; divisor_frecuencia:INST_DIVISOR|reloj_1hz_reg ; divisor_frecuencia:INST_DIVISOR|reloj_1hz_reg ; 0.000        ; 0.038      ; 0.676      ;
; 0.584 ; contador_decenas_segundo:INST_CONTADOR_DECENAS|contador[1]   ; contador_minutos:INST_CONTADOR_MINUTOS|contador[0]           ; divisor_frecuencia:INST_DIVISOR|reloj_1hz_reg ; divisor_frecuencia:INST_DIVISOR|reloj_1hz_reg ; 0.000        ; 0.039      ; 0.707      ;
; 0.593 ; control_temporizador:INST_CONTROL|estado                     ; contador_minutos:INST_CONTADOR_MINUTOS|contador[2]           ; clk_50                                        ; divisor_frecuencia:INST_DIVISOR|reloj_1hz_reg ; -0.500       ; 0.445      ; 0.652      ;
; 0.594 ; control_temporizador:INST_CONTROL|estado                     ; contador_minutos:INST_CONTADOR_MINUTOS|contador[1]           ; clk_50                                        ; divisor_frecuencia:INST_DIVISOR|reloj_1hz_reg ; -0.500       ; 0.445      ; 0.653      ;
; 0.594 ; control_temporizador:INST_CONTROL|estado                     ; contador_minutos:INST_CONTADOR_MINUTOS|contador[3]           ; clk_50                                        ; divisor_frecuencia:INST_DIVISOR|reloj_1hz_reg ; -0.500       ; 0.445      ; 0.653      ;
; 0.600 ; contador_minutos:INST_CONTADOR_MINUTOS|contador[2]           ; contador_minutos:INST_CONTADOR_MINUTOS|contador[3]           ; divisor_frecuencia:INST_DIVISOR|reloj_1hz_reg ; divisor_frecuencia:INST_DIVISOR|reloj_1hz_reg ; 0.000        ; 0.038      ; 0.722      ;
; 0.609 ; contador_minutos:INST_CONTADOR_MINUTOS|contador[1]           ; contador_minutos:INST_CONTADOR_MINUTOS|contador[2]           ; divisor_frecuencia:INST_DIVISOR|reloj_1hz_reg ; divisor_frecuencia:INST_DIVISOR|reloj_1hz_reg ; 0.000        ; 0.038      ; 0.731      ;
; 0.610 ; contador_minutos:INST_CONTADOR_MINUTOS|contador[1]           ; contador_minutos:INST_CONTADOR_MINUTOS|contador[3]           ; divisor_frecuencia:INST_DIVISOR|reloj_1hz_reg ; divisor_frecuencia:INST_DIVISOR|reloj_1hz_reg ; 0.000        ; 0.038      ; 0.732      ;
; 0.627 ; contador_minutos:INST_CONTADOR_MINUTOS|contador[3]           ; contador_minutos:INST_CONTADOR_MINUTOS|contador[0]           ; divisor_frecuencia:INST_DIVISOR|reloj_1hz_reg ; divisor_frecuencia:INST_DIVISOR|reloj_1hz_reg ; 0.000        ; 0.038      ; 0.749      ;
; 0.636 ; control_temporizador:INST_CONTROL|estado                     ; contador_unidades_segundo:INST_CONTADOR_UNIDADES|contador[1] ; clk_50                                        ; divisor_frecuencia:INST_DIVISOR|reloj_1hz_reg ; -0.500       ; 0.445      ; 0.695      ;
; 0.636 ; control_temporizador:INST_CONTROL|estado                     ; contador_unidades_segundo:INST_CONTADOR_UNIDADES|contador[3] ; clk_50                                        ; divisor_frecuencia:INST_DIVISOR|reloj_1hz_reg ; -0.500       ; 0.445      ; 0.695      ;
; 0.636 ; control_temporizador:INST_CONTROL|estado                     ; contador_unidades_segundo:INST_CONTADOR_UNIDADES|contador[0] ; clk_50                                        ; divisor_frecuencia:INST_DIVISOR|reloj_1hz_reg ; -0.500       ; 0.445      ; 0.695      ;
; 0.710 ; contador_decenas_segundo:INST_CONTADOR_DECENAS|contador[0]   ; contador_minutos:INST_CONTADOR_MINUTOS|contador[2]           ; divisor_frecuencia:INST_DIVISOR|reloj_1hz_reg ; divisor_frecuencia:INST_DIVISOR|reloj_1hz_reg ; 0.000        ; 0.039      ; 0.833      ;
; 0.711 ; contador_decenas_segundo:INST_CONTADOR_DECENAS|contador[0]   ; contador_minutos:INST_CONTADOR_MINUTOS|contador[1]           ; divisor_frecuencia:INST_DIVISOR|reloj_1hz_reg ; divisor_frecuencia:INST_DIVISOR|reloj_1hz_reg ; 0.000        ; 0.039      ; 0.834      ;
; 0.711 ; contador_decenas_segundo:INST_CONTADOR_DECENAS|contador[0]   ; contador_minutos:INST_CONTADOR_MINUTOS|contador[3]           ; divisor_frecuencia:INST_DIVISOR|reloj_1hz_reg ; divisor_frecuencia:INST_DIVISOR|reloj_1hz_reg ; 0.000        ; 0.039      ; 0.834      ;
; 0.729 ; contador_minutos:INST_CONTADOR_MINUTOS|contador[2]           ; contador_minutos:INST_CONTADOR_MINUTOS|contador[0]           ; divisor_frecuencia:INST_DIVISOR|reloj_1hz_reg ; divisor_frecuencia:INST_DIVISOR|reloj_1hz_reg ; 0.000        ; 0.038      ; 0.851      ;
; 0.747 ; contador_minutos:INST_CONTADOR_MINUTOS|contador[3]           ; contador_minutos:INST_CONTADOR_MINUTOS|contador[2]           ; divisor_frecuencia:INST_DIVISOR|reloj_1hz_reg ; divisor_frecuencia:INST_DIVISOR|reloj_1hz_reg ; 0.000        ; 0.038      ; 0.869      ;
; 0.748 ; contador_minutos:INST_CONTADOR_MINUTOS|contador[3]           ; contador_minutos:INST_CONTADOR_MINUTOS|contador[1]           ; divisor_frecuencia:INST_DIVISOR|reloj_1hz_reg ; divisor_frecuencia:INST_DIVISOR|reloj_1hz_reg ; 0.000        ; 0.038      ; 0.870      ;
; 0.769 ; contador_decenas_segundo:INST_CONTADOR_DECENAS|contador[2]   ; contador_minutos:INST_CONTADOR_MINUTOS|contador[2]           ; divisor_frecuencia:INST_DIVISOR|reloj_1hz_reg ; divisor_frecuencia:INST_DIVISOR|reloj_1hz_reg ; 0.000        ; 0.039      ; 0.892      ;
; 0.770 ; contador_decenas_segundo:INST_CONTADOR_DECENAS|contador[2]   ; contador_minutos:INST_CONTADOR_MINUTOS|contador[1]           ; divisor_frecuencia:INST_DIVISOR|reloj_1hz_reg ; divisor_frecuencia:INST_DIVISOR|reloj_1hz_reg ; 0.000        ; 0.039      ; 0.893      ;
; 0.770 ; contador_decenas_segundo:INST_CONTADOR_DECENAS|contador[2]   ; contador_minutos:INST_CONTADOR_MINUTOS|contador[3]           ; divisor_frecuencia:INST_DIVISOR|reloj_1hz_reg ; divisor_frecuencia:INST_DIVISOR|reloj_1hz_reg ; 0.000        ; 0.039      ; 0.893      ;
; 0.788 ; contador_unidades_segundo:INST_CONTADOR_UNIDADES|contador[0] ; contador_minutos:INST_CONTADOR_MINUTOS|contador[0]           ; divisor_frecuencia:INST_DIVISOR|reloj_1hz_reg ; divisor_frecuencia:INST_DIVISOR|reloj_1hz_reg ; 0.000        ; 0.037      ; 0.909      ;
; 0.801 ; control_temporizador:INST_CONTROL|estado                     ; contador_decenas_segundo:INST_CONTADOR_DECENAS|contador[0]   ; clk_50                                        ; divisor_frecuencia:INST_DIVISOR|reloj_1hz_reg ; -0.500       ; 0.444      ; 0.859      ;
; 0.801 ; control_temporizador:INST_CONTROL|estado                     ; contador_decenas_segundo:INST_CONTADOR_DECENAS|contador[2]   ; clk_50                                        ; divisor_frecuencia:INST_DIVISOR|reloj_1hz_reg ; -0.500       ; 0.444      ; 0.859      ;
; 0.801 ; control_temporizador:INST_CONTROL|estado                     ; contador_decenas_segundo:INST_CONTADOR_DECENAS|contador[1]   ; clk_50                                        ; divisor_frecuencia:INST_DIVISOR|reloj_1hz_reg ; -0.500       ; 0.444      ; 0.859      ;
; 0.828 ; contador_unidades_segundo:INST_CONTADOR_UNIDADES|contador[3] ; contador_minutos:INST_CONTADOR_MINUTOS|contador[0]           ; divisor_frecuencia:INST_DIVISOR|reloj_1hz_reg ; divisor_frecuencia:INST_DIVISOR|reloj_1hz_reg ; 0.000        ; 0.037      ; 0.949      ;
; 0.845 ; contador_unidades_segundo:INST_CONTADOR_UNIDADES|contador[0] ; contador_minutos:INST_CONTADOR_MINUTOS|contador[2]           ; divisor_frecuencia:INST_DIVISOR|reloj_1hz_reg ; divisor_frecuencia:INST_DIVISOR|reloj_1hz_reg ; 0.000        ; 0.037      ; 0.966      ;
; 0.846 ; contador_unidades_segundo:INST_CONTADOR_UNIDADES|contador[0] ; contador_minutos:INST_CONTADOR_MINUTOS|contador[1]           ; divisor_frecuencia:INST_DIVISOR|reloj_1hz_reg ; divisor_frecuencia:INST_DIVISOR|reloj_1hz_reg ; 0.000        ; 0.037      ; 0.967      ;
; 0.846 ; contador_unidades_segundo:INST_CONTADOR_UNIDADES|contador[0] ; contador_minutos:INST_CONTADOR_MINUTOS|contador[3]           ; divisor_frecuencia:INST_DIVISOR|reloj_1hz_reg ; divisor_frecuencia:INST_DIVISOR|reloj_1hz_reg ; 0.000        ; 0.037      ; 0.967      ;
; 0.849 ; contador_minutos:INST_CONTADOR_MINUTOS|contador[2]           ; contador_minutos:INST_CONTADOR_MINUTOS|contador[1]           ; divisor_frecuencia:INST_DIVISOR|reloj_1hz_reg ; divisor_frecuencia:INST_DIVISOR|reloj_1hz_reg ; 0.000        ; 0.038      ; 0.971      ;
; 0.866 ; contador_unidades_segundo:INST_CONTADOR_UNIDADES|contador[2] ; contador_minutos:INST_CONTADOR_MINUTOS|contador[0]           ; divisor_frecuencia:INST_DIVISOR|reloj_1hz_reg ; divisor_frecuencia:INST_DIVISOR|reloj_1hz_reg ; 0.000        ; 0.038      ; 0.988      ;
; 0.867 ; contador_decenas_segundo:INST_CONTADOR_DECENAS|contador[1]   ; contador_minutos:INST_CONTADOR_MINUTOS|contador[2]           ; divisor_frecuencia:INST_DIVISOR|reloj_1hz_reg ; divisor_frecuencia:INST_DIVISOR|reloj_1hz_reg ; 0.000        ; 0.039      ; 0.990      ;
; 0.868 ; contador_decenas_segundo:INST_CONTADOR_DECENAS|contador[1]   ; contador_minutos:INST_CONTADOR_MINUTOS|contador[1]           ; divisor_frecuencia:INST_DIVISOR|reloj_1hz_reg ; divisor_frecuencia:INST_DIVISOR|reloj_1hz_reg ; 0.000        ; 0.039      ; 0.991      ;
; 0.868 ; contador_decenas_segundo:INST_CONTADOR_DECENAS|contador[1]   ; contador_minutos:INST_CONTADOR_MINUTOS|contador[3]           ; divisor_frecuencia:INST_DIVISOR|reloj_1hz_reg ; divisor_frecuencia:INST_DIVISOR|reloj_1hz_reg ; 0.000        ; 0.039      ; 0.991      ;
; 0.885 ; contador_unidades_segundo:INST_CONTADOR_UNIDADES|contador[3] ; contador_minutos:INST_CONTADOR_MINUTOS|contador[2]           ; divisor_frecuencia:INST_DIVISOR|reloj_1hz_reg ; divisor_frecuencia:INST_DIVISOR|reloj_1hz_reg ; 0.000        ; 0.037      ; 1.006      ;
; 0.886 ; contador_unidades_segundo:INST_CONTADOR_UNIDADES|contador[3] ; contador_minutos:INST_CONTADOR_MINUTOS|contador[1]           ; divisor_frecuencia:INST_DIVISOR|reloj_1hz_reg ; divisor_frecuencia:INST_DIVISOR|reloj_1hz_reg ; 0.000        ; 0.037      ; 1.007      ;
; 0.886 ; contador_unidades_segundo:INST_CONTADOR_UNIDADES|contador[3] ; contador_minutos:INST_CONTADOR_MINUTOS|contador[3]           ; divisor_frecuencia:INST_DIVISOR|reloj_1hz_reg ; divisor_frecuencia:INST_DIVISOR|reloj_1hz_reg ; 0.000        ; 0.037      ; 1.007      ;
; 0.922 ; contador_unidades_segundo:INST_CONTADOR_UNIDADES|contador[2] ; contador_minutos:INST_CONTADOR_MINUTOS|contador[2]           ; divisor_frecuencia:INST_DIVISOR|reloj_1hz_reg ; divisor_frecuencia:INST_DIVISOR|reloj_1hz_reg ; 0.000        ; 0.038      ; 1.044      ;
; 0.923 ; contador_unidades_segundo:INST_CONTADOR_UNIDADES|contador[2] ; contador_minutos:INST_CONTADOR_MINUTOS|contador[3]           ; divisor_frecuencia:INST_DIVISOR|reloj_1hz_reg ; divisor_frecuencia:INST_DIVISOR|reloj_1hz_reg ; 0.000        ; 0.038      ; 1.045      ;
; 0.924 ; contador_unidades_segundo:INST_CONTADOR_UNIDADES|contador[2] ; contador_minutos:INST_CONTADOR_MINUTOS|contador[1]           ; divisor_frecuencia:INST_DIVISOR|reloj_1hz_reg ; divisor_frecuencia:INST_DIVISOR|reloj_1hz_reg ; 0.000        ; 0.038      ; 1.046      ;
; 0.936 ; contador_unidades_segundo:INST_CONTADOR_UNIDADES|contador[1] ; contador_minutos:INST_CONTADOR_MINUTOS|contador[0]           ; divisor_frecuencia:INST_DIVISOR|reloj_1hz_reg ; divisor_frecuencia:INST_DIVISOR|reloj_1hz_reg ; 0.000        ; 0.037      ; 1.057      ;
; 0.993 ; contador_unidades_segundo:INST_CONTADOR_UNIDADES|contador[1] ; contador_minutos:INST_CONTADOR_MINUTOS|contador[2]           ; divisor_frecuencia:INST_DIVISOR|reloj_1hz_reg ; divisor_frecuencia:INST_DIVISOR|reloj_1hz_reg ; 0.000        ; 0.037      ; 1.114      ;
; 0.994 ; contador_unidades_segundo:INST_CONTADOR_UNIDADES|contador[1] ; contador_minutos:INST_CONTADOR_MINUTOS|contador[1]           ; divisor_frecuencia:INST_DIVISOR|reloj_1hz_reg ; divisor_frecuencia:INST_DIVISOR|reloj_1hz_reg ; 0.000        ; 0.037      ; 1.115      ;
; 0.994 ; contador_unidades_segundo:INST_CONTADOR_UNIDADES|contador[1] ; contador_minutos:INST_CONTADOR_MINUTOS|contador[3]           ; divisor_frecuencia:INST_DIVISOR|reloj_1hz_reg ; divisor_frecuencia:INST_DIVISOR|reloj_1hz_reg ; 0.000        ; 0.037      ; 1.115      ;
; 1.053 ; contador_unidades_segundo:INST_CONTADOR_UNIDADES|contador[0] ; contador_decenas_segundo:INST_CONTADOR_DECENAS|contador[1]   ; divisor_frecuencia:INST_DIVISOR|reloj_1hz_reg ; divisor_frecuencia:INST_DIVISOR|reloj_1hz_reg ; 0.000        ; 0.036      ; 1.173      ;
; 1.053 ; contador_unidades_segundo:INST_CONTADOR_UNIDADES|contador[0] ; contador_decenas_segundo:INST_CONTADOR_DECENAS|contador[2]   ; divisor_frecuencia:INST_DIVISOR|reloj_1hz_reg ; divisor_frecuencia:INST_DIVISOR|reloj_1hz_reg ; 0.000        ; 0.036      ; 1.173      ;
; 1.053 ; contador_unidades_segundo:INST_CONTADOR_UNIDADES|contador[0] ; contador_decenas_segundo:INST_CONTADOR_DECENAS|contador[0]   ; divisor_frecuencia:INST_DIVISOR|reloj_1hz_reg ; divisor_frecuencia:INST_DIVISOR|reloj_1hz_reg ; 0.000        ; 0.036      ; 1.173      ;
; 1.093 ; contador_unidades_segundo:INST_CONTADOR_UNIDADES|contador[3] ; contador_decenas_segundo:INST_CONTADOR_DECENAS|contador[1]   ; divisor_frecuencia:INST_DIVISOR|reloj_1hz_reg ; divisor_frecuencia:INST_DIVISOR|reloj_1hz_reg ; 0.000        ; 0.036      ; 1.213      ;
; 1.093 ; contador_unidades_segundo:INST_CONTADOR_UNIDADES|contador[3] ; contador_decenas_segundo:INST_CONTADOR_DECENAS|contador[2]   ; divisor_frecuencia:INST_DIVISOR|reloj_1hz_reg ; divisor_frecuencia:INST_DIVISOR|reloj_1hz_reg ; 0.000        ; 0.036      ; 1.213      ;
; 1.093 ; contador_unidades_segundo:INST_CONTADOR_UNIDADES|contador[3] ; contador_decenas_segundo:INST_CONTADOR_DECENAS|contador[0]   ; divisor_frecuencia:INST_DIVISOR|reloj_1hz_reg ; divisor_frecuencia:INST_DIVISOR|reloj_1hz_reg ; 0.000        ; 0.036      ; 1.213      ;
; 1.116 ; contador_unidades_segundo:INST_CONTADOR_UNIDADES|contador[2] ; contador_decenas_segundo:INST_CONTADOR_DECENAS|contador[1]   ; divisor_frecuencia:INST_DIVISOR|reloj_1hz_reg ; divisor_frecuencia:INST_DIVISOR|reloj_1hz_reg ; 0.000        ; 0.037      ; 1.237      ;
; 1.116 ; contador_unidades_segundo:INST_CONTADOR_UNIDADES|contador[2] ; contador_decenas_segundo:INST_CONTADOR_DECENAS|contador[2]   ; divisor_frecuencia:INST_DIVISOR|reloj_1hz_reg ; divisor_frecuencia:INST_DIVISOR|reloj_1hz_reg ; 0.000        ; 0.037      ; 1.237      ;
; 1.116 ; contador_unidades_segundo:INST_CONTADOR_UNIDADES|contador[2] ; contador_decenas_segundo:INST_CONTADOR_DECENAS|contador[0]   ; divisor_frecuencia:INST_DIVISOR|reloj_1hz_reg ; divisor_frecuencia:INST_DIVISOR|reloj_1hz_reg ; 0.000        ; 0.037      ; 1.237      ;
; 1.190 ; contador_unidades_segundo:INST_CONTADOR_UNIDADES|contador[1] ; contador_decenas_segundo:INST_CONTADOR_DECENAS|contador[1]   ; divisor_frecuencia:INST_DIVISOR|reloj_1hz_reg ; divisor_frecuencia:INST_DIVISOR|reloj_1hz_reg ; 0.000        ; 0.036      ; 1.310      ;
; 1.190 ; contador_unidades_segundo:INST_CONTADOR_UNIDADES|contador[1] ; contador_decenas_segundo:INST_CONTADOR_DECENAS|contador[2]   ; divisor_frecuencia:INST_DIVISOR|reloj_1hz_reg ; divisor_frecuencia:INST_DIVISOR|reloj_1hz_reg ; 0.000        ; 0.036      ; 1.310      ;
; 1.190 ; contador_unidades_segundo:INST_CONTADOR_UNIDADES|contador[1] ; contador_decenas_segundo:INST_CONTADOR_DECENAS|contador[0]   ; divisor_frecuencia:INST_DIVISOR|reloj_1hz_reg ; divisor_frecuencia:INST_DIVISOR|reloj_1hz_reg ; 0.000        ; 0.036      ; 1.310      ;
+-------+--------------------------------------------------------------+--------------------------------------------------------------+-----------------------------------------------+-----------------------------------------------+--------------+------------+------------+


+---------------------------------------------------------------------------------------------------------------------------------------+
; Fast 1200mV 0C Model Minimum Pulse Width: 'clk_50'                                                                                    ;
+--------+--------------+----------------+------------------+--------+------------+-----------------------------------------------------+
; Slack  ; Actual Width ; Required Width ; Type             ; Clock  ; Clock Edge ; Target                                              ;
+--------+--------------+----------------+------------------+--------+------------+-----------------------------------------------------+
; -3.000 ; 1.000        ; 4.000          ; Port Rate        ; clk_50 ; Rise       ; clk_50                                              ;
; -1.000 ; 1.000        ; 2.000          ; Min Period       ; clk_50 ; Rise       ; control_temporizador:INST_CONTROL|estado            ;
; -1.000 ; 1.000        ; 2.000          ; Min Period       ; clk_50 ; Rise       ; control_temporizador:INST_CONTROL|inicio_anterior   ;
; -1.000 ; 1.000        ; 2.000          ; Min Period       ; clk_50 ; Rise       ; control_temporizador:INST_CONTROL|parar_anterior    ;
; -1.000 ; 1.000        ; 2.000          ; Min Period       ; clk_50 ; Rise       ; divisor_frecuencia:INST_DIVISOR|contador_ciclos[0]  ;
; -1.000 ; 1.000        ; 2.000          ; Min Period       ; clk_50 ; Rise       ; divisor_frecuencia:INST_DIVISOR|contador_ciclos[10] ;
; -1.000 ; 1.000        ; 2.000          ; Min Period       ; clk_50 ; Rise       ; divisor_frecuencia:INST_DIVISOR|contador_ciclos[11] ;
; -1.000 ; 1.000        ; 2.000          ; Min Period       ; clk_50 ; Rise       ; divisor_frecuencia:INST_DIVISOR|contador_ciclos[12] ;
; -1.000 ; 1.000        ; 2.000          ; Min Period       ; clk_50 ; Rise       ; divisor_frecuencia:INST_DIVISOR|contador_ciclos[13] ;
; -1.000 ; 1.000        ; 2.000          ; Min Period       ; clk_50 ; Rise       ; divisor_frecuencia:INST_DIVISOR|contador_ciclos[14] ;
; -1.000 ; 1.000        ; 2.000          ; Min Period       ; clk_50 ; Rise       ; divisor_frecuencia:INST_DIVISOR|contador_ciclos[15] ;
; -1.000 ; 1.000        ; 2.000          ; Min Period       ; clk_50 ; Rise       ; divisor_frecuencia:INST_DIVISOR|contador_ciclos[16] ;
; -1.000 ; 1.000        ; 2.000          ; Min Period       ; clk_50 ; Rise       ; divisor_frecuencia:INST_DIVISOR|contador_ciclos[17] ;
; -1.000 ; 1.000        ; 2.000          ; Min Period       ; clk_50 ; Rise       ; divisor_frecuencia:INST_DIVISOR|contador_ciclos[18] ;
; -1.000 ; 1.000        ; 2.000          ; Min Period       ; clk_50 ; Rise       ; divisor_frecuencia:INST_DIVISOR|contador_ciclos[19] ;
; -1.000 ; 1.000        ; 2.000          ; Min Period       ; clk_50 ; Rise       ; divisor_frecuencia:INST_DIVISOR|contador_ciclos[1]  ;
; -1.000 ; 1.000        ; 2.000          ; Min Period       ; clk_50 ; Rise       ; divisor_frecuencia:INST_DIVISOR|contador_ciclos[20] ;
; -1.000 ; 1.000        ; 2.000          ; Min Period       ; clk_50 ; Rise       ; divisor_frecuencia:INST_DIVISOR|contador_ciclos[21] ;
; -1.000 ; 1.000        ; 2.000          ; Min Period       ; clk_50 ; Rise       ; divisor_frecuencia:INST_DIVISOR|contador_ciclos[22] ;
; -1.000 ; 1.000        ; 2.000          ; Min Period       ; clk_50 ; Rise       ; divisor_frecuencia:INST_DIVISOR|contador_ciclos[23] ;
; -1.000 ; 1.000        ; 2.000          ; Min Period       ; clk_50 ; Rise       ; divisor_frecuencia:INST_DIVISOR|contador_ciclos[24] ;
; -1.000 ; 1.000        ; 2.000          ; Min Period       ; clk_50 ; Rise       ; divisor_frecuencia:INST_DIVISOR|contador_ciclos[25] ;
; -1.000 ; 1.000        ; 2.000          ; Min Period       ; clk_50 ; Rise       ; divisor_frecuencia:INST_DIVISOR|contador_ciclos[2]  ;
; -1.000 ; 1.000        ; 2.000          ; Min Period       ; clk_50 ; Rise       ; divisor_frecuencia:INST_DIVISOR|contador_ciclos[3]  ;
; -1.000 ; 1.000        ; 2.000          ; Min Period       ; clk_50 ; Rise       ; divisor_frecuencia:INST_DIVISOR|contador_ciclos[4]  ;
; -1.000 ; 1.000        ; 2.000          ; Min Period       ; clk_50 ; Rise       ; divisor_frecuencia:INST_DIVISOR|contador_ciclos[5]  ;
; -1.000 ; 1.000        ; 2.000          ; Min Period       ; clk_50 ; Rise       ; divisor_frecuencia:INST_DIVISOR|contador_ciclos[6]  ;
; -1.000 ; 1.000        ; 2.000          ; Min Period       ; clk_50 ; Rise       ; divisor_frecuencia:INST_DIVISOR|contador_ciclos[7]  ;
; -1.000 ; 1.000        ; 2.000          ; Min Period       ; clk_50 ; Rise       ; divisor_frecuencia:INST_DIVISOR|contador_ciclos[8]  ;
; -1.000 ; 1.000        ; 2.000          ; Min Period       ; clk_50 ; Rise       ; divisor_frecuencia:INST_DIVISOR|contador_ciclos[9]  ;
; -1.000 ; 1.000        ; 2.000          ; Min Period       ; clk_50 ; Rise       ; divisor_frecuencia:INST_DIVISOR|reloj_1hz_reg       ;
; -0.056 ; 0.128        ; 0.184          ; Low Pulse Width  ; clk_50 ; Rise       ; control_temporizador:INST_CONTROL|estado            ;
; -0.056 ; 0.128        ; 0.184          ; Low Pulse Width  ; clk_50 ; Rise       ; control_temporizador:INST_CONTROL|inicio_anterior   ;
; -0.056 ; 0.128        ; 0.184          ; Low Pulse Width  ; clk_50 ; Rise       ; control_temporizador:INST_CONTROL|parar_anterior    ;
; -0.056 ; 0.128        ; 0.184          ; Low Pulse Width  ; clk_50 ; Rise       ; divisor_frecuencia:INST_DIVISOR|contador_ciclos[0]  ;
; -0.056 ; 0.128        ; 0.184          ; Low Pulse Width  ; clk_50 ; Rise       ; divisor_frecuencia:INST_DIVISOR|contador_ciclos[10] ;
; -0.056 ; 0.128        ; 0.184          ; Low Pulse Width  ; clk_50 ; Rise       ; divisor_frecuencia:INST_DIVISOR|contador_ciclos[11] ;
; -0.056 ; 0.128        ; 0.184          ; Low Pulse Width  ; clk_50 ; Rise       ; divisor_frecuencia:INST_DIVISOR|contador_ciclos[12] ;
; -0.056 ; 0.128        ; 0.184          ; Low Pulse Width  ; clk_50 ; Rise       ; divisor_frecuencia:INST_DIVISOR|contador_ciclos[13] ;
; -0.056 ; 0.128        ; 0.184          ; Low Pulse Width  ; clk_50 ; Rise       ; divisor_frecuencia:INST_DIVISOR|contador_ciclos[14] ;
; -0.056 ; 0.128        ; 0.184          ; Low Pulse Width  ; clk_50 ; Rise       ; divisor_frecuencia:INST_DIVISOR|contador_ciclos[15] ;
; -0.056 ; 0.128        ; 0.184          ; Low Pulse Width  ; clk_50 ; Rise       ; divisor_frecuencia:INST_DIVISOR|contador_ciclos[16] ;
; -0.056 ; 0.128        ; 0.184          ; Low Pulse Width  ; clk_50 ; Rise       ; divisor_frecuencia:INST_DIVISOR|contador_ciclos[17] ;
; -0.056 ; 0.128        ; 0.184          ; Low Pulse Width  ; clk_50 ; Rise       ; divisor_frecuencia:INST_DIVISOR|contador_ciclos[18] ;
; -0.056 ; 0.128        ; 0.184          ; Low Pulse Width  ; clk_50 ; Rise       ; divisor_frecuencia:INST_DIVISOR|contador_ciclos[19] ;
; -0.056 ; 0.128        ; 0.184          ; Low Pulse Width  ; clk_50 ; Rise       ; divisor_frecuencia:INST_DIVISOR|contador_ciclos[1]  ;
; -0.056 ; 0.128        ; 0.184          ; Low Pulse Width  ; clk_50 ; Rise       ; divisor_frecuencia:INST_DIVISOR|contador_ciclos[20] ;
; -0.056 ; 0.128        ; 0.184          ; Low Pulse Width  ; clk_50 ; Rise       ; divisor_frecuencia:INST_DIVISOR|contador_ciclos[21] ;
; -0.056 ; 0.128        ; 0.184          ; Low Pulse Width  ; clk_50 ; Rise       ; divisor_frecuencia:INST_DIVISOR|contador_ciclos[22] ;
; -0.056 ; 0.128        ; 0.184          ; Low Pulse Width  ; clk_50 ; Rise       ; divisor_frecuencia:INST_DIVISOR|contador_ciclos[23] ;
; -0.056 ; 0.128        ; 0.184          ; Low Pulse Width  ; clk_50 ; Rise       ; divisor_frecuencia:INST_DIVISOR|contador_ciclos[24] ;
; -0.056 ; 0.128        ; 0.184          ; Low Pulse Width  ; clk_50 ; Rise       ; divisor_frecuencia:INST_DIVISOR|contador_ciclos[25] ;
; -0.056 ; 0.128        ; 0.184          ; Low Pulse Width  ; clk_50 ; Rise       ; divisor_frecuencia:INST_DIVISOR|contador_ciclos[2]  ;
; -0.056 ; 0.128        ; 0.184          ; Low Pulse Width  ; clk_50 ; Rise       ; divisor_frecuencia:INST_DIVISOR|contador_ciclos[3]  ;
; -0.056 ; 0.128        ; 0.184          ; Low Pulse Width  ; clk_50 ; Rise       ; divisor_frecuencia:INST_DIVISOR|contador_ciclos[4]  ;
; -0.056 ; 0.128        ; 0.184          ; Low Pulse Width  ; clk_50 ; Rise       ; divisor_frecuencia:INST_DIVISOR|contador_ciclos[5]  ;
; -0.056 ; 0.128        ; 0.184          ; Low Pulse Width  ; clk_50 ; Rise       ; divisor_frecuencia:INST_DIVISOR|contador_ciclos[6]  ;
; -0.056 ; 0.128        ; 0.184          ; Low Pulse Width  ; clk_50 ; Rise       ; divisor_frecuencia:INST_DIVISOR|contador_ciclos[7]  ;
; -0.056 ; 0.128        ; 0.184          ; Low Pulse Width  ; clk_50 ; Rise       ; divisor_frecuencia:INST_DIVISOR|contador_ciclos[8]  ;
; -0.056 ; 0.128        ; 0.184          ; Low Pulse Width  ; clk_50 ; Rise       ; divisor_frecuencia:INST_DIVISOR|contador_ciclos[9]  ;
; -0.055 ; 0.129        ; 0.184          ; Low Pulse Width  ; clk_50 ; Rise       ; divisor_frecuencia:INST_DIVISOR|reloj_1hz_reg       ;
; 0.118  ; 0.118        ; 0.000          ; Low Pulse Width  ; clk_50 ; Rise       ; clk_50~input|o                                      ;
; 0.123  ; 0.123        ; 0.000          ; Low Pulse Width  ; clk_50 ; Rise       ; INST_CONTROL|parar_anterior|clk                     ;
; 0.123  ; 0.123        ; 0.000          ; Low Pulse Width  ; clk_50 ; Rise       ; INST_DIVISOR|contador_ciclos[13]|clk                ;
; 0.123  ; 0.123        ; 0.000          ; Low Pulse Width  ; clk_50 ; Rise       ; INST_DIVISOR|contador_ciclos[15]|clk                ;
; 0.123  ; 0.123        ; 0.000          ; Low Pulse Width  ; clk_50 ; Rise       ; INST_DIVISOR|contador_ciclos[17]|clk                ;
; 0.123  ; 0.123        ; 0.000          ; Low Pulse Width  ; clk_50 ; Rise       ; INST_DIVISOR|contador_ciclos[20]|clk                ;
; 0.123  ; 0.123        ; 0.000          ; Low Pulse Width  ; clk_50 ; Rise       ; INST_DIVISOR|contador_ciclos[22]|clk                ;
; 0.123  ; 0.123        ; 0.000          ; Low Pulse Width  ; clk_50 ; Rise       ; INST_DIVISOR|contador_ciclos[23]|clk                ;
; 0.123  ; 0.123        ; 0.000          ; Low Pulse Width  ; clk_50 ; Rise       ; INST_DIVISOR|contador_ciclos[25]|clk                ;
; 0.123  ; 0.123        ; 0.000          ; Low Pulse Width  ; clk_50 ; Rise       ; INST_DIVISOR|reloj_1hz_reg|clk                      ;
; 0.124  ; 0.124        ; 0.000          ; Low Pulse Width  ; clk_50 ; Rise       ; INST_CONTROL|estado|clk                             ;
; 0.124  ; 0.124        ; 0.000          ; Low Pulse Width  ; clk_50 ; Rise       ; INST_CONTROL|inicio_anterior|clk                    ;
; 0.124  ; 0.124        ; 0.000          ; Low Pulse Width  ; clk_50 ; Rise       ; INST_DIVISOR|contador_ciclos[0]|clk                 ;
; 0.124  ; 0.124        ; 0.000          ; Low Pulse Width  ; clk_50 ; Rise       ; INST_DIVISOR|contador_ciclos[10]|clk                ;
; 0.124  ; 0.124        ; 0.000          ; Low Pulse Width  ; clk_50 ; Rise       ; INST_DIVISOR|contador_ciclos[11]|clk                ;
; 0.124  ; 0.124        ; 0.000          ; Low Pulse Width  ; clk_50 ; Rise       ; INST_DIVISOR|contador_ciclos[12]|clk                ;
; 0.124  ; 0.124        ; 0.000          ; Low Pulse Width  ; clk_50 ; Rise       ; INST_DIVISOR|contador_ciclos[14]|clk                ;
; 0.124  ; 0.124        ; 0.000          ; Low Pulse Width  ; clk_50 ; Rise       ; INST_DIVISOR|contador_ciclos[16]|clk                ;
; 0.124  ; 0.124        ; 0.000          ; Low Pulse Width  ; clk_50 ; Rise       ; INST_DIVISOR|contador_ciclos[18]|clk                ;
; 0.124  ; 0.124        ; 0.000          ; Low Pulse Width  ; clk_50 ; Rise       ; INST_DIVISOR|contador_ciclos[19]|clk                ;
; 0.124  ; 0.124        ; 0.000          ; Low Pulse Width  ; clk_50 ; Rise       ; INST_DIVISOR|contador_ciclos[1]|clk                 ;
; 0.124  ; 0.124        ; 0.000          ; Low Pulse Width  ; clk_50 ; Rise       ; INST_DIVISOR|contador_ciclos[21]|clk                ;
; 0.124  ; 0.124        ; 0.000          ; Low Pulse Width  ; clk_50 ; Rise       ; INST_DIVISOR|contador_ciclos[24]|clk                ;
; 0.124  ; 0.124        ; 0.000          ; Low Pulse Width  ; clk_50 ; Rise       ; INST_DIVISOR|contador_ciclos[2]|clk                 ;
; 0.124  ; 0.124        ; 0.000          ; Low Pulse Width  ; clk_50 ; Rise       ; INST_DIVISOR|contador_ciclos[3]|clk                 ;
; 0.124  ; 0.124        ; 0.000          ; Low Pulse Width  ; clk_50 ; Rise       ; INST_DIVISOR|contador_ciclos[4]|clk                 ;
; 0.124  ; 0.124        ; 0.000          ; Low Pulse Width  ; clk_50 ; Rise       ; INST_DIVISOR|contador_ciclos[5]|clk                 ;
; 0.124  ; 0.124        ; 0.000          ; Low Pulse Width  ; clk_50 ; Rise       ; INST_DIVISOR|contador_ciclos[6]|clk                 ;
; 0.124  ; 0.124        ; 0.000          ; Low Pulse Width  ; clk_50 ; Rise       ; INST_DIVISOR|contador_ciclos[7]|clk                 ;
; 0.124  ; 0.124        ; 0.000          ; Low Pulse Width  ; clk_50 ; Rise       ; INST_DIVISOR|contador_ciclos[8]|clk                 ;
; 0.124  ; 0.124        ; 0.000          ; Low Pulse Width  ; clk_50 ; Rise       ; INST_DIVISOR|contador_ciclos[9]|clk                 ;
; 0.132  ; 0.132        ; 0.000          ; Low Pulse Width  ; clk_50 ; Rise       ; clk_50~inputclkctrl|inclk[0]                        ;
; 0.132  ; 0.132        ; 0.000          ; Low Pulse Width  ; clk_50 ; Rise       ; clk_50~inputclkctrl|outclk                          ;
; 0.500  ; 0.500        ; 0.000          ; High Pulse Width ; clk_50 ; Rise       ; clk_50~input|i                                      ;
; 0.500  ; 0.500        ; 0.000          ; Low Pulse Width  ; clk_50 ; Rise       ; clk_50~input|i                                      ;
; 0.654  ; 0.870        ; 0.216          ; High Pulse Width ; clk_50 ; Rise       ; control_temporizador:INST_CONTROL|estado            ;
; 0.654  ; 0.870        ; 0.216          ; High Pulse Width ; clk_50 ; Rise       ; control_temporizador:INST_CONTROL|inicio_anterior   ;
; 0.654  ; 0.870        ; 0.216          ; High Pulse Width ; clk_50 ; Rise       ; divisor_frecuencia:INST_DIVISOR|contador_ciclos[0]  ;
; 0.654  ; 0.870        ; 0.216          ; High Pulse Width ; clk_50 ; Rise       ; divisor_frecuencia:INST_DIVISOR|contador_ciclos[10] ;
+--------+--------------+----------------+------------------+--------+------------+-----------------------------------------------------+


+---------------------------------------------------------------------------------------------------------------------------------------------------------------------------------------+
; Fast 1200mV 0C Model Minimum Pulse Width: 'divisor_frecuencia:INST_DIVISOR|reloj_1hz_reg'                                                                                             ;
+--------+--------------+----------------+------------------+-----------------------------------------------+------------+--------------------------------------------------------------+
; Slack  ; Actual Width ; Required Width ; Type             ; Clock                                         ; Clock Edge ; Target                                                       ;
+--------+--------------+----------------+------------------+-----------------------------------------------+------------+--------------------------------------------------------------+
; -1.000 ; 1.000        ; 2.000          ; Min Period       ; divisor_frecuencia:INST_DIVISOR|reloj_1hz_reg ; Fall       ; contador_decenas_segundo:INST_CONTADOR_DECENAS|contador[0]   ;
; -1.000 ; 1.000        ; 2.000          ; Min Period       ; divisor_frecuencia:INST_DIVISOR|reloj_1hz_reg ; Fall       ; contador_decenas_segundo:INST_CONTADOR_DECENAS|contador[1]   ;
; -1.000 ; 1.000        ; 2.000          ; Min Period       ; divisor_frecuencia:INST_DIVISOR|reloj_1hz_reg ; Fall       ; contador_decenas_segundo:INST_CONTADOR_DECENAS|contador[2]   ;
; -1.000 ; 1.000        ; 2.000          ; Min Period       ; divisor_frecuencia:INST_DIVISOR|reloj_1hz_reg ; Fall       ; contador_minutos:INST_CONTADOR_MINUTOS|contador[0]           ;
; -1.000 ; 1.000        ; 2.000          ; Min Period       ; divisor_frecuencia:INST_DIVISOR|reloj_1hz_reg ; Fall       ; contador_minutos:INST_CONTADOR_MINUTOS|contador[1]           ;
; -1.000 ; 1.000        ; 2.000          ; Min Period       ; divisor_frecuencia:INST_DIVISOR|reloj_1hz_reg ; Fall       ; contador_minutos:INST_CONTADOR_MINUTOS|contador[2]           ;
; -1.000 ; 1.000        ; 2.000          ; Min Period       ; divisor_frecuencia:INST_DIVISOR|reloj_1hz_reg ; Fall       ; contador_minutos:INST_CONTADOR_MINUTOS|contador[3]           ;
; -1.000 ; 1.000        ; 2.000          ; Min Period       ; divisor_frecuencia:INST_DIVISOR|reloj_1hz_reg ; Fall       ; contador_unidades_segundo:INST_CONTADOR_UNIDADES|contador[0] ;
; -1.000 ; 1.000        ; 2.000          ; Min Period       ; divisor_frecuencia:INST_DIVISOR|reloj_1hz_reg ; Fall       ; contador_unidades_segundo:INST_CONTADOR_UNIDADES|contador[1] ;
; -1.000 ; 1.000        ; 2.000          ; Min Period       ; divisor_frecuencia:INST_DIVISOR|reloj_1hz_reg ; Fall       ; contador_unidades_segundo:INST_CONTADOR_UNIDADES|contador[2] ;
; -1.000 ; 1.000        ; 2.000          ; Min Period       ; divisor_frecuencia:INST_DIVISOR|reloj_1hz_reg ; Fall       ; contador_unidades_segundo:INST_CONTADOR_UNIDADES|contador[3] ;
; 0.170  ; 0.386        ; 0.216          ; High Pulse Width ; divisor_frecuencia:INST_DIVISOR|reloj_1hz_reg ; Fall       ; contador_decenas_segundo:INST_CONTADOR_DECENAS|contador[0]   ;
; 0.170  ; 0.386        ; 0.216          ; High Pulse Width ; divisor_frecuencia:INST_DIVISOR|reloj_1hz_reg ; Fall       ; contador_decenas_segundo:INST_CONTADOR_DECENAS|contador[1]   ;
; 0.170  ; 0.386        ; 0.216          ; High Pulse Width ; divisor_frecuencia:INST_DIVISOR|reloj_1hz_reg ; Fall       ; contador_decenas_segundo:INST_CONTADOR_DECENAS|contador[2]   ;
; 0.170  ; 0.386        ; 0.216          ; High Pulse Width ; divisor_frecuencia:INST_DIVISOR|reloj_1hz_reg ; Fall       ; contador_minutos:INST_CONTADOR_MINUTOS|contador[0]           ;
; 0.170  ; 0.386        ; 0.216          ; High Pulse Width ; divisor_frecuencia:INST_DIVISOR|reloj_1hz_reg ; Fall       ; contador_minutos:INST_CONTADOR_MINUTOS|contador[1]           ;
; 0.170  ; 0.386        ; 0.216          ; High Pulse Width ; divisor_frecuencia:INST_DIVISOR|reloj_1hz_reg ; Fall       ; contador_minutos:INST_CONTADOR_MINUTOS|contador[2]           ;
; 0.170  ; 0.386        ; 0.216          ; High Pulse Width ; divisor_frecuencia:INST_DIVISOR|reloj_1hz_reg ; Fall       ; contador_minutos:INST_CONTADOR_MINUTOS|contador[3]           ;
; 0.170  ; 0.386        ; 0.216          ; High Pulse Width ; divisor_frecuencia:INST_DIVISOR|reloj_1hz_reg ; Fall       ; contador_unidades_segundo:INST_CONTADOR_UNIDADES|contador[0] ;
; 0.170  ; 0.386        ; 0.216          ; High Pulse Width ; divisor_frecuencia:INST_DIVISOR|reloj_1hz_reg ; Fall       ; contador_unidades_segundo:INST_CONTADOR_UNIDADES|contador[1] ;
; 0.170  ; 0.386        ; 0.216          ; High Pulse Width ; divisor_frecuencia:INST_DIVISOR|reloj_1hz_reg ; Fall       ; contador_unidades_segundo:INST_CONTADOR_UNIDADES|contador[2] ;
; 0.170  ; 0.386        ; 0.216          ; High Pulse Width ; divisor_frecuencia:INST_DIVISOR|reloj_1hz_reg ; Fall       ; contador_unidades_segundo:INST_CONTADOR_UNIDADES|contador[3] ;
; 0.391  ; 0.391        ; 0.000          ; Low Pulse Width  ; divisor_frecuencia:INST_DIVISOR|reloj_1hz_reg ; Rise       ; INST_CONTADOR_DECENAS|contador[0]|clk                        ;
; 0.391  ; 0.391        ; 0.000          ; Low Pulse Width  ; divisor_frecuencia:INST_DIVISOR|reloj_1hz_reg ; Rise       ; INST_CONTADOR_DECENAS|contador[1]|clk                        ;
; 0.391  ; 0.391        ; 0.000          ; Low Pulse Width  ; divisor_frecuencia:INST_DIVISOR|reloj_1hz_reg ; Rise       ; INST_CONTADOR_DECENAS|contador[2]|clk                        ;
; 0.391  ; 0.391        ; 0.000          ; Low Pulse Width  ; divisor_frecuencia:INST_DIVISOR|reloj_1hz_reg ; Rise       ; INST_CONTADOR_MINUTOS|contador[0]|clk                        ;
; 0.391  ; 0.391        ; 0.000          ; Low Pulse Width  ; divisor_frecuencia:INST_DIVISOR|reloj_1hz_reg ; Rise       ; INST_CONTADOR_MINUTOS|contador[1]|clk                        ;
; 0.391  ; 0.391        ; 0.000          ; Low Pulse Width  ; divisor_frecuencia:INST_DIVISOR|reloj_1hz_reg ; Rise       ; INST_CONTADOR_MINUTOS|contador[2]|clk                        ;
; 0.391  ; 0.391        ; 0.000          ; Low Pulse Width  ; divisor_frecuencia:INST_DIVISOR|reloj_1hz_reg ; Rise       ; INST_CONTADOR_MINUTOS|contador[3]|clk                        ;
; 0.391  ; 0.391        ; 0.000          ; Low Pulse Width  ; divisor_frecuencia:INST_DIVISOR|reloj_1hz_reg ; Rise       ; INST_CONTADOR_UNIDADES|contador[0]|clk                       ;
; 0.391  ; 0.391        ; 0.000          ; Low Pulse Width  ; divisor_frecuencia:INST_DIVISOR|reloj_1hz_reg ; Rise       ; INST_CONTADOR_UNIDADES|contador[1]|clk                       ;
; 0.391  ; 0.391        ; 0.000          ; Low Pulse Width  ; divisor_frecuencia:INST_DIVISOR|reloj_1hz_reg ; Rise       ; INST_CONTADOR_UNIDADES|contador[2]|clk                       ;
; 0.391  ; 0.391        ; 0.000          ; Low Pulse Width  ; divisor_frecuencia:INST_DIVISOR|reloj_1hz_reg ; Rise       ; INST_CONTADOR_UNIDADES|contador[3]|clk                       ;
; 0.400  ; 0.400        ; 0.000          ; Low Pulse Width  ; divisor_frecuencia:INST_DIVISOR|reloj_1hz_reg ; Rise       ; INST_DIVISOR|reloj_1hz_reg~clkctrl|inclk[0]                  ;
; 0.400  ; 0.400        ; 0.000          ; Low Pulse Width  ; divisor_frecuencia:INST_DIVISOR|reloj_1hz_reg ; Rise       ; INST_DIVISOR|reloj_1hz_reg~clkctrl|outclk                    ;
; 0.426  ; 0.610        ; 0.184          ; Low Pulse Width  ; divisor_frecuencia:INST_DIVISOR|reloj_1hz_reg ; Fall       ; contador_decenas_segundo:INST_CONTADOR_DECENAS|contador[0]   ;
; 0.426  ; 0.610        ; 0.184          ; Low Pulse Width  ; divisor_frecuencia:INST_DIVISOR|reloj_1hz_reg ; Fall       ; contador_decenas_segundo:INST_CONTADOR_DECENAS|contador[1]   ;
; 0.426  ; 0.610        ; 0.184          ; Low Pulse Width  ; divisor_frecuencia:INST_DIVISOR|reloj_1hz_reg ; Fall       ; contador_decenas_segundo:INST_CONTADOR_DECENAS|contador[2]   ;
; 0.427  ; 0.611        ; 0.184          ; Low Pulse Width  ; divisor_frecuencia:INST_DIVISOR|reloj_1hz_reg ; Fall       ; contador_minutos:INST_CONTADOR_MINUTOS|contador[0]           ;
; 0.427  ; 0.611        ; 0.184          ; Low Pulse Width  ; divisor_frecuencia:INST_DIVISOR|reloj_1hz_reg ; Fall       ; contador_minutos:INST_CONTADOR_MINUTOS|contador[1]           ;
; 0.427  ; 0.611        ; 0.184          ; Low Pulse Width  ; divisor_frecuencia:INST_DIVISOR|reloj_1hz_reg ; Fall       ; contador_minutos:INST_CONTADOR_MINUTOS|contador[2]           ;
; 0.427  ; 0.611        ; 0.184          ; Low Pulse Width  ; divisor_frecuencia:INST_DIVISOR|reloj_1hz_reg ; Fall       ; contador_minutos:INST_CONTADOR_MINUTOS|contador[3]           ;
; 0.427  ; 0.611        ; 0.184          ; Low Pulse Width  ; divisor_frecuencia:INST_DIVISOR|reloj_1hz_reg ; Fall       ; contador_unidades_segundo:INST_CONTADOR_UNIDADES|contador[0] ;
; 0.427  ; 0.611        ; 0.184          ; Low Pulse Width  ; divisor_frecuencia:INST_DIVISOR|reloj_1hz_reg ; Fall       ; contador_unidades_segundo:INST_CONTADOR_UNIDADES|contador[1] ;
; 0.427  ; 0.611        ; 0.184          ; Low Pulse Width  ; divisor_frecuencia:INST_DIVISOR|reloj_1hz_reg ; Fall       ; contador_unidades_segundo:INST_CONTADOR_UNIDADES|contador[2] ;
; 0.427  ; 0.611        ; 0.184          ; Low Pulse Width  ; divisor_frecuencia:INST_DIVISOR|reloj_1hz_reg ; Fall       ; contador_unidades_segundo:INST_CONTADOR_UNIDADES|contador[3] ;
; 0.500  ; 0.500        ; 0.000          ; High Pulse Width ; divisor_frecuencia:INST_DIVISOR|reloj_1hz_reg ; Rise       ; INST_DIVISOR|reloj_1hz_reg|q                                 ;
; 0.500  ; 0.500        ; 0.000          ; Low Pulse Width  ; divisor_frecuencia:INST_DIVISOR|reloj_1hz_reg ; Rise       ; INST_DIVISOR|reloj_1hz_reg|q                                 ;
; 0.596  ; 0.596        ; 0.000          ; High Pulse Width ; divisor_frecuencia:INST_DIVISOR|reloj_1hz_reg ; Rise       ; INST_DIVISOR|reloj_1hz_reg~clkctrl|inclk[0]                  ;
; 0.596  ; 0.596        ; 0.000          ; High Pulse Width ; divisor_frecuencia:INST_DIVISOR|reloj_1hz_reg ; Rise       ; INST_DIVISOR|reloj_1hz_reg~clkctrl|outclk                    ;
; 0.604  ; 0.604        ; 0.000          ; High Pulse Width ; divisor_frecuencia:INST_DIVISOR|reloj_1hz_reg ; Rise       ; INST_CONTADOR_DECENAS|contador[0]|clk                        ;
; 0.604  ; 0.604        ; 0.000          ; High Pulse Width ; divisor_frecuencia:INST_DIVISOR|reloj_1hz_reg ; Rise       ; INST_CONTADOR_DECENAS|contador[1]|clk                        ;
; 0.604  ; 0.604        ; 0.000          ; High Pulse Width ; divisor_frecuencia:INST_DIVISOR|reloj_1hz_reg ; Rise       ; INST_CONTADOR_DECENAS|contador[2]|clk                        ;
; 0.605  ; 0.605        ; 0.000          ; High Pulse Width ; divisor_frecuencia:INST_DIVISOR|reloj_1hz_reg ; Rise       ; INST_CONTADOR_MINUTOS|contador[0]|clk                        ;
; 0.605  ; 0.605        ; 0.000          ; High Pulse Width ; divisor_frecuencia:INST_DIVISOR|reloj_1hz_reg ; Rise       ; INST_CONTADOR_MINUTOS|contador[1]|clk                        ;
; 0.605  ; 0.605        ; 0.000          ; High Pulse Width ; divisor_frecuencia:INST_DIVISOR|reloj_1hz_reg ; Rise       ; INST_CONTADOR_MINUTOS|contador[2]|clk                        ;
; 0.605  ; 0.605        ; 0.000          ; High Pulse Width ; divisor_frecuencia:INST_DIVISOR|reloj_1hz_reg ; Rise       ; INST_CONTADOR_MINUTOS|contador[3]|clk                        ;
; 0.605  ; 0.605        ; 0.000          ; High Pulse Width ; divisor_frecuencia:INST_DIVISOR|reloj_1hz_reg ; Rise       ; INST_CONTADOR_UNIDADES|contador[0]|clk                       ;
; 0.605  ; 0.605        ; 0.000          ; High Pulse Width ; divisor_frecuencia:INST_DIVISOR|reloj_1hz_reg ; Rise       ; INST_CONTADOR_UNIDADES|contador[1]|clk                       ;
; 0.605  ; 0.605        ; 0.000          ; High Pulse Width ; divisor_frecuencia:INST_DIVISOR|reloj_1hz_reg ; Rise       ; INST_CONTADOR_UNIDADES|contador[2]|clk                       ;
; 0.605  ; 0.605        ; 0.000          ; High Pulse Width ; divisor_frecuencia:INST_DIVISOR|reloj_1hz_reg ; Rise       ; INST_CONTADOR_UNIDADES|contador[3]|clk                       ;
+--------+--------------+----------------+------------------+-----------------------------------------------+------------+--------------------------------------------------------------+


+-----------------------------------------------------------------------+
; Setup Times                                                           ;
+-----------+------------+-------+-------+------------+-----------------+
; Data Port ; Clock Port ; Rise  ; Fall  ; Clock Edge ; Clock Reference ;
+-----------+------------+-------+-------+------------+-----------------+
; start     ; clk_50     ; 1.385 ; 2.012 ; Rise       ; clk_50          ;
; stop      ; clk_50     ; 1.699 ; 2.411 ; Rise       ; clk_50          ;
+-----------+------------+-------+-------+------------+-----------------+


+-------------------------------------------------------------------------+
; Hold Times                                                              ;
+-----------+------------+--------+--------+------------+-----------------+
; Data Port ; Clock Port ; Rise   ; Fall   ; Clock Edge ; Clock Reference ;
+-----------+------------+--------+--------+------------+-----------------+
; start     ; clk_50     ; -1.061 ; -1.680 ; Rise       ; clk_50          ;
; stop      ; clk_50     ; -1.094 ; -1.717 ; Rise       ; clk_50          ;
+-----------+------------+--------+--------+------------+-----------------+


+--------------------------------------------------------------------------------------------------------------------------------------------+
; Clock to Output Times                                                                                                                      ;
+---------------+-----------------------------------------------+-------+-------+------------+-----------------------------------------------+
; Data Port     ; Clock Port                                    ; Rise  ; Fall  ; Clock Edge ; Clock Reference                               ;
+---------------+-----------------------------------------------+-------+-------+------------+-----------------------------------------------+
; ssd_min[*]    ; divisor_frecuencia:INST_DIVISOR|reloj_1hz_reg ; 4.648 ; 4.644 ; Fall       ; divisor_frecuencia:INST_DIVISOR|reloj_1hz_reg ;
;  ssd_min[0]   ; divisor_frecuencia:INST_DIVISOR|reloj_1hz_reg ; 4.219 ; 4.242 ; Fall       ; divisor_frecuencia:INST_DIVISOR|reloj_1hz_reg ;
;  ssd_min[1]   ; divisor_frecuencia:INST_DIVISOR|reloj_1hz_reg ; 4.483 ; 4.468 ; Fall       ; divisor_frecuencia:INST_DIVISOR|reloj_1hz_reg ;
;  ssd_min[2]   ; divisor_frecuencia:INST_DIVISOR|reloj_1hz_reg ; 4.498 ; 4.634 ; Fall       ; divisor_frecuencia:INST_DIVISOR|reloj_1hz_reg ;
;  ssd_min[3]   ; divisor_frecuencia:INST_DIVISOR|reloj_1hz_reg ; 4.648 ; 4.644 ; Fall       ; divisor_frecuencia:INST_DIVISOR|reloj_1hz_reg ;
;  ssd_min[4]   ; divisor_frecuencia:INST_DIVISOR|reloj_1hz_reg ; 4.377 ; 4.375 ; Fall       ; divisor_frecuencia:INST_DIVISOR|reloj_1hz_reg ;
;  ssd_min[5]   ; divisor_frecuencia:INST_DIVISOR|reloj_1hz_reg ; 4.293 ; 4.404 ; Fall       ; divisor_frecuencia:INST_DIVISOR|reloj_1hz_reg ;
;  ssd_min[6]   ; divisor_frecuencia:INST_DIVISOR|reloj_1hz_reg ; 4.498 ; 4.486 ; Fall       ; divisor_frecuencia:INST_DIVISOR|reloj_1hz_reg ;
; ssd_seg_d[*]  ; divisor_frecuencia:INST_DIVISOR|reloj_1hz_reg ; 4.301 ; 4.353 ; Fall       ; divisor_frecuencia:INST_DIVISOR|reloj_1hz_reg ;
;  ssd_seg_d[0] ; divisor_frecuencia:INST_DIVISOR|reloj_1hz_reg ; 4.270 ; 4.304 ; Fall       ; divisor_frecuencia:INST_DIVISOR|reloj_1hz_reg ;
;  ssd_seg_d[1] ; divisor_frecuencia:INST_DIVISOR|reloj_1hz_reg ; 4.241 ; 4.324 ; Fall       ; divisor_frecuencia:INST_DIVISOR|reloj_1hz_reg ;
;  ssd_seg_d[2] ; divisor_frecuencia:INST_DIVISOR|reloj_1hz_reg ; 4.189 ; 4.185 ; Fall       ; divisor_frecuencia:INST_DIVISOR|reloj_1hz_reg ;
;  ssd_seg_d[3] ; divisor_frecuencia:INST_DIVISOR|reloj_1hz_reg ; 4.301 ; 4.353 ; Fall       ; divisor_frecuencia:INST_DIVISOR|reloj_1hz_reg ;
;  ssd_seg_d[4] ; divisor_frecuencia:INST_DIVISOR|reloj_1hz_reg ; 4.284 ; 4.318 ; Fall       ; divisor_frecuencia:INST_DIVISOR|reloj_1hz_reg ;
;  ssd_seg_d[5] ; divisor_frecuencia:INST_DIVISOR|reloj_1hz_reg ; 4.010 ; 3.970 ; Fall       ; divisor_frecuencia:INST_DIVISOR|reloj_1hz_reg ;
;  ssd_seg_d[6] ; divisor_frecuencia:INST_DIVISOR|reloj_1hz_reg ; 4.152 ; 4.163 ; Fall       ; divisor_frecuencia:INST_DIVISOR|reloj_1hz_reg ;
; ssd_seg_u[*]  ; divisor_frecuencia:INST_DIVISOR|reloj_1hz_reg ; 4.395 ; 4.457 ; Fall       ; divisor_frecuencia:INST_DIVISOR|reloj_1hz_reg ;
;  ssd_seg_u[0] ; divisor_frecuencia:INST_DIVISOR|reloj_1hz_reg ; 4.395 ; 4.457 ; Fall       ; divisor_frecuencia:INST_DIVISOR|reloj_1hz_reg ;
;  ssd_seg_u[1] ; divisor_frecuencia:INST_DIVISOR|reloj_1hz_reg ; 4.281 ; 4.434 ; Fall       ; divisor_frecuencia:INST_DIVISOR|reloj_1hz_reg ;
;  ssd_seg_u[2] ; divisor_frecuencia:INST_DIVISOR|reloj_1hz_reg ; 4.106 ; 4.154 ; Fall       ; divisor_frecuencia:INST_DIVISOR|reloj_1hz_reg ;
;  ssd_seg_u[3] ; divisor_frecuencia:INST_DIVISOR|reloj_1hz_reg ; 4.315 ; 4.354 ; Fall       ; divisor_frecuencia:INST_DIVISOR|reloj_1hz_reg ;
;  ssd_seg_u[4] ; divisor_frecuencia:INST_DIVISOR|reloj_1hz_reg ; 4.033 ; 4.144 ; Fall       ; divisor_frecuencia:INST_DIVISOR|reloj_1hz_reg ;
;  ssd_seg_u[5] ; divisor_frecuencia:INST_DIVISOR|reloj_1hz_reg ; 4.312 ; 4.362 ; Fall       ; divisor_frecuencia:INST_DIVISOR|reloj_1hz_reg ;
;  ssd_seg_u[6] ; divisor_frecuencia:INST_DIVISOR|reloj_1hz_reg ; 4.128 ; 4.135 ; Fall       ; divisor_frecuencia:INST_DIVISOR|reloj_1hz_reg ;
+---------------+-----------------------------------------------+-------+-------+------------+-----------------------------------------------+


+--------------------------------------------------------------------------------------------------------------------------------------------+
; Minimum Clock to Output Times                                                                                                              ;
+---------------+-----------------------------------------------+-------+-------+------------+-----------------------------------------------+
; Data Port     ; Clock Port                                    ; Rise  ; Fall  ; Clock Edge ; Clock Reference                               ;
+---------------+-----------------------------------------------+-------+-------+------------+-----------------------------------------------+
; ssd_min[*]    ; divisor_frecuencia:INST_DIVISOR|reloj_1hz_reg ; 3.817 ; 3.844 ; Fall       ; divisor_frecuencia:INST_DIVISOR|reloj_1hz_reg ;
;  ssd_min[0]   ; divisor_frecuencia:INST_DIVISOR|reloj_1hz_reg ; 3.817 ; 3.844 ; Fall       ; divisor_frecuencia:INST_DIVISOR|reloj_1hz_reg ;
;  ssd_min[1]   ; divisor_frecuencia:INST_DIVISOR|reloj_1hz_reg ; 4.058 ; 4.149 ; Fall       ; divisor_frecuencia:INST_DIVISOR|reloj_1hz_reg ;
;  ssd_min[2]   ; divisor_frecuencia:INST_DIVISOR|reloj_1hz_reg ; 4.002 ; 4.094 ; Fall       ; divisor_frecuencia:INST_DIVISOR|reloj_1hz_reg ;
;  ssd_min[3]   ; divisor_frecuencia:INST_DIVISOR|reloj_1hz_reg ; 4.018 ; 4.032 ; Fall       ; divisor_frecuencia:INST_DIVISOR|reloj_1hz_reg ;
;  ssd_min[4]   ; divisor_frecuencia:INST_DIVISOR|reloj_1hz_reg ; 3.977 ; 4.061 ; Fall       ; divisor_frecuencia:INST_DIVISOR|reloj_1hz_reg ;
;  ssd_min[5]   ; divisor_frecuencia:INST_DIVISOR|reloj_1hz_reg ; 3.985 ; 3.998 ; Fall       ; divisor_frecuencia:INST_DIVISOR|reloj_1hz_reg ;
;  ssd_min[6]   ; divisor_frecuencia:INST_DIVISOR|reloj_1hz_reg ; 4.073 ; 4.059 ; Fall       ; divisor_frecuencia:INST_DIVISOR|reloj_1hz_reg ;
; ssd_seg_d[*]  ; divisor_frecuencia:INST_DIVISOR|reloj_1hz_reg ; 3.743 ; 3.786 ; Fall       ; divisor_frecuencia:INST_DIVISOR|reloj_1hz_reg ;
;  ssd_seg_d[0] ; divisor_frecuencia:INST_DIVISOR|reloj_1hz_reg ; 4.028 ; 4.065 ; Fall       ; divisor_frecuencia:INST_DIVISOR|reloj_1hz_reg ;
;  ssd_seg_d[1] ; divisor_frecuencia:INST_DIVISOR|reloj_1hz_reg ; 4.027 ; 4.065 ; Fall       ; divisor_frecuencia:INST_DIVISOR|reloj_1hz_reg ;
;  ssd_seg_d[2] ; divisor_frecuencia:INST_DIVISOR|reloj_1hz_reg ; 3.960 ; 3.966 ; Fall       ; divisor_frecuencia:INST_DIVISOR|reloj_1hz_reg ;
;  ssd_seg_d[3] ; divisor_frecuencia:INST_DIVISOR|reloj_1hz_reg ; 4.057 ; 4.117 ; Fall       ; divisor_frecuencia:INST_DIVISOR|reloj_1hz_reg ;
;  ssd_seg_d[4] ; divisor_frecuencia:INST_DIVISOR|reloj_1hz_reg ; 4.044 ; 4.119 ; Fall       ; divisor_frecuencia:INST_DIVISOR|reloj_1hz_reg ;
;  ssd_seg_d[5] ; divisor_frecuencia:INST_DIVISOR|reloj_1hz_reg ; 3.743 ; 3.786 ; Fall       ; divisor_frecuencia:INST_DIVISOR|reloj_1hz_reg ;
;  ssd_seg_d[6] ; divisor_frecuencia:INST_DIVISOR|reloj_1hz_reg ; 3.900 ; 3.934 ; Fall       ; divisor_frecuencia:INST_DIVISOR|reloj_1hz_reg ;
; ssd_seg_u[*]  ; divisor_frecuencia:INST_DIVISOR|reloj_1hz_reg ; 3.568 ; 3.563 ; Fall       ; divisor_frecuencia:INST_DIVISOR|reloj_1hz_reg ;
;  ssd_seg_u[0] ; divisor_frecuencia:INST_DIVISOR|reloj_1hz_reg ; 3.833 ; 3.879 ; Fall       ; divisor_frecuencia:INST_DIVISOR|reloj_1hz_reg ;
;  ssd_seg_u[1] ; divisor_frecuencia:INST_DIVISOR|reloj_1hz_reg ; 3.815 ; 3.858 ; Fall       ; divisor_frecuencia:INST_DIVISOR|reloj_1hz_reg ;
;  ssd_seg_u[2] ; divisor_frecuencia:INST_DIVISOR|reloj_1hz_reg ; 3.575 ; 3.632 ; Fall       ; divisor_frecuencia:INST_DIVISOR|reloj_1hz_reg ;
;  ssd_seg_u[3] ; divisor_frecuencia:INST_DIVISOR|reloj_1hz_reg ; 3.651 ; 3.662 ; Fall       ; divisor_frecuencia:INST_DIVISOR|reloj_1hz_reg ;
;  ssd_seg_u[4] ; divisor_frecuencia:INST_DIVISOR|reloj_1hz_reg ; 3.568 ; 3.581 ; Fall       ; divisor_frecuencia:INST_DIVISOR|reloj_1hz_reg ;
;  ssd_seg_u[5] ; divisor_frecuencia:INST_DIVISOR|reloj_1hz_reg ; 3.647 ; 3.672 ; Fall       ; divisor_frecuencia:INST_DIVISOR|reloj_1hz_reg ;
;  ssd_seg_u[6] ; divisor_frecuencia:INST_DIVISOR|reloj_1hz_reg ; 3.575 ; 3.563 ; Fall       ; divisor_frecuencia:INST_DIVISOR|reloj_1hz_reg ;
+---------------+-----------------------------------------------+-------+-------+------------+-----------------------------------------------+


---------------------------------------------
; Fast 1200mV 0C Model Metastability Report ;
---------------------------------------------
No synchronizer chains to report.


+-------------------------------------------------------------------------------------------------------------+
; Multicorner Timing Analysis Summary                                                                         ;
+------------------------------------------------+---------+-------+----------+---------+---------------------+
; Clock                                          ; Setup   ; Hold  ; Recovery ; Removal ; Minimum Pulse Width ;
+------------------------------------------------+---------+-------+----------+---------+---------------------+
; Worst-case Slack                               ; -2.542  ; 0.062 ; N/A      ; N/A     ; -3.000              ;
;  clk_50                                        ; -2.542  ; 0.062 ; N/A      ; N/A     ; -3.000              ;
;  divisor_frecuencia:INST_DIVISOR|reloj_1hz_reg ; -1.475  ; 0.185 ; N/A      ; N/A     ; -1.000              ;
; Design-wide TNS                                ; -60.453 ; 0.0   ; 0.0      ; 0.0     ; -45.679             ;
;  clk_50                                        ; -49.649 ; 0.000 ; N/A      ; N/A     ; -34.679             ;
;  divisor_frecuencia:INST_DIVISOR|reloj_1hz_reg ; -10.804 ; 0.000 ; N/A      ; N/A     ; -11.000             ;
+------------------------------------------------+---------+-------+----------+---------+---------------------+


+-----------------------------------------------------------------------+
; Setup Times                                                           ;
+-----------+------------+-------+-------+------------+-----------------+
; Data Port ; Clock Port ; Rise  ; Fall  ; Clock Edge ; Clock Reference ;
+-----------+------------+-------+-------+------------+-----------------+
; start     ; clk_50     ; 2.468 ; 2.920 ; Rise       ; clk_50          ;
; stop      ; clk_50     ; 3.054 ; 3.592 ; Rise       ; clk_50          ;
+-----------+------------+-------+-------+------------+-----------------+


+-------------------------------------------------------------------------+
; Hold Times                                                              ;
+-----------+------------+--------+--------+------------+-----------------+
; Data Port ; Clock Port ; Rise   ; Fall   ; Clock Edge ; Clock Reference ;
+-----------+------------+--------+--------+------------+-----------------+
; start     ; clk_50     ; -1.061 ; -1.680 ; Rise       ; clk_50          ;
; stop      ; clk_50     ; -1.094 ; -1.717 ; Rise       ; clk_50          ;
+-----------+------------+--------+--------+------------+-----------------+


+--------------------------------------------------------------------------------------------------------------------------------------------+
; Clock to Output Times                                                                                                                      ;
+---------------+-----------------------------------------------+-------+-------+------------+-----------------------------------------------+
; Data Port     ; Clock Port                                    ; Rise  ; Fall  ; Clock Edge ; Clock Reference                               ;
+---------------+-----------------------------------------------+-------+-------+------------+-----------------------------------------------+
; ssd_min[*]    ; divisor_frecuencia:INST_DIVISOR|reloj_1hz_reg ; 7.741 ; 7.640 ; Fall       ; divisor_frecuencia:INST_DIVISOR|reloj_1hz_reg ;
;  ssd_min[0]   ; divisor_frecuencia:INST_DIVISOR|reloj_1hz_reg ; 7.041 ; 6.972 ; Fall       ; divisor_frecuencia:INST_DIVISOR|reloj_1hz_reg ;
;  ssd_min[1]   ; divisor_frecuencia:INST_DIVISOR|reloj_1hz_reg ; 7.499 ; 7.374 ; Fall       ; divisor_frecuencia:INST_DIVISOR|reloj_1hz_reg ;
;  ssd_min[2]   ; divisor_frecuencia:INST_DIVISOR|reloj_1hz_reg ; 7.638 ; 7.616 ; Fall       ; divisor_frecuencia:INST_DIVISOR|reloj_1hz_reg ;
;  ssd_min[3]   ; divisor_frecuencia:INST_DIVISOR|reloj_1hz_reg ; 7.741 ; 7.640 ; Fall       ; divisor_frecuencia:INST_DIVISOR|reloj_1hz_reg ;
;  ssd_min[4]   ; divisor_frecuencia:INST_DIVISOR|reloj_1hz_reg ; 7.289 ; 7.202 ; Fall       ; divisor_frecuencia:INST_DIVISOR|reloj_1hz_reg ;
;  ssd_min[5]   ; divisor_frecuencia:INST_DIVISOR|reloj_1hz_reg ; 7.269 ; 7.256 ; Fall       ; divisor_frecuencia:INST_DIVISOR|reloj_1hz_reg ;
;  ssd_min[6]   ; divisor_frecuencia:INST_DIVISOR|reloj_1hz_reg ; 7.422 ; 7.499 ; Fall       ; divisor_frecuencia:INST_DIVISOR|reloj_1hz_reg ;
; ssd_seg_d[*]  ; divisor_frecuencia:INST_DIVISOR|reloj_1hz_reg ; 7.210 ; 7.144 ; Fall       ; divisor_frecuencia:INST_DIVISOR|reloj_1hz_reg ;
;  ssd_seg_d[0] ; divisor_frecuencia:INST_DIVISOR|reloj_1hz_reg ; 7.143 ; 7.073 ; Fall       ; divisor_frecuencia:INST_DIVISOR|reloj_1hz_reg ;
;  ssd_seg_d[1] ; divisor_frecuencia:INST_DIVISOR|reloj_1hz_reg ; 7.108 ; 7.103 ; Fall       ; divisor_frecuencia:INST_DIVISOR|reloj_1hz_reg ;
;  ssd_seg_d[2] ; divisor_frecuencia:INST_DIVISOR|reloj_1hz_reg ; 7.008 ; 6.887 ; Fall       ; divisor_frecuencia:INST_DIVISOR|reloj_1hz_reg ;
;  ssd_seg_d[3] ; divisor_frecuencia:INST_DIVISOR|reloj_1hz_reg ; 7.210 ; 7.144 ; Fall       ; divisor_frecuencia:INST_DIVISOR|reloj_1hz_reg ;
;  ssd_seg_d[4] ; divisor_frecuencia:INST_DIVISOR|reloj_1hz_reg ; 7.180 ; 7.105 ; Fall       ; divisor_frecuencia:INST_DIVISOR|reloj_1hz_reg ;
;  ssd_seg_d[5] ; divisor_frecuencia:INST_DIVISOR|reloj_1hz_reg ; 6.696 ; 6.566 ; Fall       ; divisor_frecuencia:INST_DIVISOR|reloj_1hz_reg ;
;  ssd_seg_d[6] ; divisor_frecuencia:INST_DIVISOR|reloj_1hz_reg ; 6.964 ; 6.855 ; Fall       ; divisor_frecuencia:INST_DIVISOR|reloj_1hz_reg ;
; ssd_seg_u[*]  ; divisor_frecuencia:INST_DIVISOR|reloj_1hz_reg ; 7.403 ; 7.350 ; Fall       ; divisor_frecuencia:INST_DIVISOR|reloj_1hz_reg ;
;  ssd_seg_u[0] ; divisor_frecuencia:INST_DIVISOR|reloj_1hz_reg ; 7.403 ; 7.350 ; Fall       ; divisor_frecuencia:INST_DIVISOR|reloj_1hz_reg ;
;  ssd_seg_u[1] ; divisor_frecuencia:INST_DIVISOR|reloj_1hz_reg ; 7.298 ; 7.310 ; Fall       ; divisor_frecuencia:INST_DIVISOR|reloj_1hz_reg ;
;  ssd_seg_u[2] ; divisor_frecuencia:INST_DIVISOR|reloj_1hz_reg ; 6.856 ; 6.861 ; Fall       ; divisor_frecuencia:INST_DIVISOR|reloj_1hz_reg ;
;  ssd_seg_u[3] ; divisor_frecuencia:INST_DIVISOR|reloj_1hz_reg ; 7.220 ; 7.180 ; Fall       ; divisor_frecuencia:INST_DIVISOR|reloj_1hz_reg ;
;  ssd_seg_u[4] ; divisor_frecuencia:INST_DIVISOR|reloj_1hz_reg ; 6.827 ; 6.848 ; Fall       ; divisor_frecuencia:INST_DIVISOR|reloj_1hz_reg ;
;  ssd_seg_u[5] ; divisor_frecuencia:INST_DIVISOR|reloj_1hz_reg ; 7.225 ; 7.204 ; Fall       ; divisor_frecuencia:INST_DIVISOR|reloj_1hz_reg ;
;  ssd_seg_u[6] ; divisor_frecuencia:INST_DIVISOR|reloj_1hz_reg ; 6.823 ; 6.908 ; Fall       ; divisor_frecuencia:INST_DIVISOR|reloj_1hz_reg ;
+---------------+-----------------------------------------------+-------+-------+------------+-----------------------------------------------+


+--------------------------------------------------------------------------------------------------------------------------------------------+
; Minimum Clock to Output Times                                                                                                              ;
+---------------+-----------------------------------------------+-------+-------+------------+-----------------------------------------------+
; Data Port     ; Clock Port                                    ; Rise  ; Fall  ; Clock Edge ; Clock Reference                               ;
+---------------+-----------------------------------------------+-------+-------+------------+-----------------------------------------------+
; ssd_min[*]    ; divisor_frecuencia:INST_DIVISOR|reloj_1hz_reg ; 3.817 ; 3.844 ; Fall       ; divisor_frecuencia:INST_DIVISOR|reloj_1hz_reg ;
;  ssd_min[0]   ; divisor_frecuencia:INST_DIVISOR|reloj_1hz_reg ; 3.817 ; 3.844 ; Fall       ; divisor_frecuencia:INST_DIVISOR|reloj_1hz_reg ;
;  ssd_min[1]   ; divisor_frecuencia:INST_DIVISOR|reloj_1hz_reg ; 4.058 ; 4.149 ; Fall       ; divisor_frecuencia:INST_DIVISOR|reloj_1hz_reg ;
;  ssd_min[2]   ; divisor_frecuencia:INST_DIVISOR|reloj_1hz_reg ; 4.002 ; 4.094 ; Fall       ; divisor_frecuencia:INST_DIVISOR|reloj_1hz_reg ;
;  ssd_min[3]   ; divisor_frecuencia:INST_DIVISOR|reloj_1hz_reg ; 4.018 ; 4.032 ; Fall       ; divisor_frecuencia:INST_DIVISOR|reloj_1hz_reg ;
;  ssd_min[4]   ; divisor_frecuencia:INST_DIVISOR|reloj_1hz_reg ; 3.977 ; 4.061 ; Fall       ; divisor_frecuencia:INST_DIVISOR|reloj_1hz_reg ;
;  ssd_min[5]   ; divisor_frecuencia:INST_DIVISOR|reloj_1hz_reg ; 3.985 ; 3.998 ; Fall       ; divisor_frecuencia:INST_DIVISOR|reloj_1hz_reg ;
;  ssd_min[6]   ; divisor_frecuencia:INST_DIVISOR|reloj_1hz_reg ; 4.073 ; 4.059 ; Fall       ; divisor_frecuencia:INST_DIVISOR|reloj_1hz_reg ;
; ssd_seg_d[*]  ; divisor_frecuencia:INST_DIVISOR|reloj_1hz_reg ; 3.743 ; 3.786 ; Fall       ; divisor_frecuencia:INST_DIVISOR|reloj_1hz_reg ;
;  ssd_seg_d[0] ; divisor_frecuencia:INST_DIVISOR|reloj_1hz_reg ; 4.028 ; 4.065 ; Fall       ; divisor_frecuencia:INST_DIVISOR|reloj_1hz_reg ;
;  ssd_seg_d[1] ; divisor_frecuencia:INST_DIVISOR|reloj_1hz_reg ; 4.027 ; 4.065 ; Fall       ; divisor_frecuencia:INST_DIVISOR|reloj_1hz_reg ;
;  ssd_seg_d[2] ; divisor_frecuencia:INST_DIVISOR|reloj_1hz_reg ; 3.960 ; 3.966 ; Fall       ; divisor_frecuencia:INST_DIVISOR|reloj_1hz_reg ;
;  ssd_seg_d[3] ; divisor_frecuencia:INST_DIVISOR|reloj_1hz_reg ; 4.057 ; 4.117 ; Fall       ; divisor_frecuencia:INST_DIVISOR|reloj_1hz_reg ;
;  ssd_seg_d[4] ; divisor_frecuencia:INST_DIVISOR|reloj_1hz_reg ; 4.044 ; 4.119 ; Fall       ; divisor_frecuencia:INST_DIVISOR|reloj_1hz_reg ;
;  ssd_seg_d[5] ; divisor_frecuencia:INST_DIVISOR|reloj_1hz_reg ; 3.743 ; 3.786 ; Fall       ; divisor_frecuencia:INST_DIVISOR|reloj_1hz_reg ;
;  ssd_seg_d[6] ; divisor_frecuencia:INST_DIVISOR|reloj_1hz_reg ; 3.900 ; 3.934 ; Fall       ; divisor_frecuencia:INST_DIVISOR|reloj_1hz_reg ;
; ssd_seg_u[*]  ; divisor_frecuencia:INST_DIVISOR|reloj_1hz_reg ; 3.568 ; 3.563 ; Fall       ; divisor_frecuencia:INST_DIVISOR|reloj_1hz_reg ;
;  ssd_seg_u[0] ; divisor_frecuencia:INST_DIVISOR|reloj_1hz_reg ; 3.833 ; 3.879 ; Fall       ; divisor_frecuencia:INST_DIVISOR|reloj_1hz_reg ;
;  ssd_seg_u[1] ; divisor_frecuencia:INST_DIVISOR|reloj_1hz_reg ; 3.815 ; 3.858 ; Fall       ; divisor_frecuencia:INST_DIVISOR|reloj_1hz_reg ;
;  ssd_seg_u[2] ; divisor_frecuencia:INST_DIVISOR|reloj_1hz_reg ; 3.575 ; 3.632 ; Fall       ; divisor_frecuencia:INST_DIVISOR|reloj_1hz_reg ;
;  ssd_seg_u[3] ; divisor_frecuencia:INST_DIVISOR|reloj_1hz_reg ; 3.651 ; 3.662 ; Fall       ; divisor_frecuencia:INST_DIVISOR|reloj_1hz_reg ;
;  ssd_seg_u[4] ; divisor_frecuencia:INST_DIVISOR|reloj_1hz_reg ; 3.568 ; 3.581 ; Fall       ; divisor_frecuencia:INST_DIVISOR|reloj_1hz_reg ;
;  ssd_seg_u[5] ; divisor_frecuencia:INST_DIVISOR|reloj_1hz_reg ; 3.647 ; 3.672 ; Fall       ; divisor_frecuencia:INST_DIVISOR|reloj_1hz_reg ;
;  ssd_seg_u[6] ; divisor_frecuencia:INST_DIVISOR|reloj_1hz_reg ; 3.575 ; 3.563 ; Fall       ; divisor_frecuencia:INST_DIVISOR|reloj_1hz_reg ;
+---------------+-----------------------------------------------+-------+-------+------------+-----------------------------------------------+


+------------------------------------------------------------------------------------------------------------------------------------------------------------------------------------------------------------------------------------------------------------------------------------------------------------------------------------------------------------------------------------------------------------------+
; Board Trace Model Assignments                                                                                                                                                                                                                                                                                                                                                                                    ;
+---------------+--------------+-------------------+-------------------------+-------------------------+---------------+---------------------+----------------+------------------+--------+------------------+------------------------+------------------------+--------------+---------------+-----------------+-------+---------------------+--------------------+---------------+-----------------+-------------+
; Pin           ; I/O Standard ; Near Tline Length ; Near Tline L per Length ; Near Tline C per Length ; Near Series R ; Near Differential R ; Near Pull-up R ; Near Pull-down R ; Near C ; Far Tline Length ; Far Tline L per Length ; Far Tline C per Length ; Far Series R ; Far Pull-up R ; Far Pull-down R ; Far C ; Termination Voltage ; Far Differential R ; EBD File Name ; EBD Signal Name ; EBD Far-end ;
+---------------+--------------+-------------------+-------------------------+-------------------------+---------------+---------------------+----------------+------------------+--------+------------------+------------------------+------------------------+--------------+---------------+-----------------+-------+---------------------+--------------------+---------------+-----------------+-------------+
; ssd_min[0]    ; 2.5 V        ; 0 in              ; 0 H/in                  ; 0 F/in                  ; short         ; -                   ; open           ; open             ; open   ; 0 in             ; 0 H/in                 ; 0 F/in                 ; short        ; open          ; open            ; open  ; 0 V                 ; -                  ; n/a           ; n/a             ; n/a         ;
; ssd_min[1]    ; 2.5 V        ; 0 in              ; 0 H/in                  ; 0 F/in                  ; short         ; -                   ; open           ; open             ; open   ; 0 in             ; 0 H/in                 ; 0 F/in                 ; short        ; open          ; open            ; open  ; 0 V                 ; -                  ; n/a           ; n/a             ; n/a         ;
; ssd_min[2]    ; 2.5 V        ; 0 in              ; 0 H/in                  ; 0 F/in                  ; short         ; -                   ; open           ; open             ; open   ; 0 in             ; 0 H/in                 ; 0 F/in                 ; short        ; open          ; open            ; open  ; 0 V                 ; -                  ; n/a           ; n/a             ; n/a         ;
; ssd_min[3]    ; 2.5 V        ; 0 in              ; 0 H/in                  ; 0 F/in                  ; short         ; -                   ; open           ; open             ; open   ; 0 in             ; 0 H/in                 ; 0 F/in                 ; short        ; open          ; open            ; open  ; 0 V                 ; -                  ; n/a           ; n/a             ; n/a         ;
; ssd_min[4]    ; 2.5 V        ; 0 in              ; 0 H/in                  ; 0 F/in                  ; short         ; -                   ; open           ; open             ; open   ; 0 in             ; 0 H/in                 ; 0 F/in                 ; short        ; open          ; open            ; open  ; 0 V                 ; -                  ; n/a           ; n/a             ; n/a         ;
; ssd_min[5]    ; 2.5 V        ; 0 in              ; 0 H/in                  ; 0 F/in                  ; short         ; -                   ; open           ; open             ; open   ; 0 in             ; 0 H/in                 ; 0 F/in                 ; short        ; open          ; open            ; open  ; 0 V                 ; -                  ; n/a           ; n/a             ; n/a         ;
; ssd_min[6]    ; 2.5 V        ; 0 in              ; 0 H/in                  ; 0 F/in                  ; short         ; -                   ; open           ; open             ; open   ; 0 in             ; 0 H/in                 ; 0 F/in                 ; short        ; open          ; open            ; open  ; 0 V                 ; -                  ; n/a           ; n/a             ; n/a         ;
; ssd_seg_d[0]  ; 2.5 V        ; 0 in              ; 0 H/in                  ; 0 F/in                  ; short         ; -                   ; open           ; open             ; open   ; 0 in             ; 0 H/in                 ; 0 F/in                 ; short        ; open          ; open            ; open  ; 0 V                 ; -                  ; n/a           ; n/a             ; n/a         ;
; ssd_seg_d[1]  ; 2.5 V        ; 0 in              ; 0 H/in                  ; 0 F/in                  ; short         ; -                   ; open           ; open             ; open   ; 0 in             ; 0 H/in                 ; 0 F/in                 ; short        ; open          ; open            ; open  ; 0 V                 ; -                  ; n/a           ; n/a             ; n/a         ;
; ssd_seg_d[2]  ; 2.5 V        ; 0 in              ; 0 H/in                  ; 0 F/in                  ; short         ; -                   ; open           ; open             ; open   ; 0 in             ; 0 H/in                 ; 0 F/in                 ; short        ; open          ; open            ; open  ; 0 V                 ; -                  ; n/a           ; n/a             ; n/a         ;
; ssd_seg_d[3]  ; 2.5 V        ; 0 in              ; 0 H/in                  ; 0 F/in                  ; short         ; -                   ; open           ; open             ; open   ; 0 in             ; 0 H/in                 ; 0 F/in                 ; short        ; open          ; open            ; open  ; 0 V                 ; -                  ; n/a           ; n/a             ; n/a         ;
; ssd_seg_d[4]  ; 2.5 V        ; 0 in              ; 0 H/in                  ; 0 F/in                  ; short         ; -                   ; open           ; open             ; open   ; 0 in             ; 0 H/in                 ; 0 F/in                 ; short        ; open          ; open            ; open  ; 0 V                 ; -                  ; n/a           ; n/a             ; n/a         ;
; ssd_seg_d[5]  ; 2.5 V        ; 0 in              ; 0 H/in                  ; 0 F/in                  ; short         ; -                   ; open           ; open             ; open   ; 0 in             ; 0 H/in                 ; 0 F/in                 ; short        ; open          ; open            ; open  ; 0 V                 ; -                  ; n/a           ; n/a             ; n/a         ;
; ssd_seg_d[6]  ; 2.5 V        ; 0 in              ; 0 H/in                  ; 0 F/in                  ; short         ; -                   ; open           ; open             ; open   ; 0 in             ; 0 H/in                 ; 0 F/in                 ; short        ; open          ; open            ; open  ; 0 V                 ; -                  ; n/a           ; n/a             ; n/a         ;
; ssd_seg_u[0]  ; 2.5 V        ; 0 in              ; 0 H/in                  ; 0 F/in                  ; short         ; -                   ; open           ; open             ; open   ; 0 in             ; 0 H/in                 ; 0 F/in                 ; short        ; open          ; open            ; open  ; 0 V                 ; -                  ; n/a           ; n/a             ; n/a         ;
; ssd_seg_u[1]  ; 2.5 V        ; 0 in              ; 0 H/in                  ; 0 F/in                  ; short         ; -                   ; open           ; open             ; open   ; 0 in             ; 0 H/in                 ; 0 F/in                 ; short        ; open          ; open            ; open  ; 0 V                 ; -                  ; n/a           ; n/a             ; n/a         ;
; ssd_seg_u[2]  ; 2.5 V        ; 0 in              ; 0 H/in                  ; 0 F/in                  ; short         ; -                   ; open           ; open             ; open   ; 0 in             ; 0 H/in                 ; 0 F/in                 ; short        ; open          ; open            ; open  ; 0 V                 ; -                  ; n/a           ; n/a             ; n/a         ;
; ssd_seg_u[3]  ; 2.5 V        ; 0 in              ; 0 H/in                  ; 0 F/in                  ; short         ; -                   ; open           ; open             ; open   ; 0 in             ; 0 H/in                 ; 0 F/in                 ; short        ; open          ; open            ; open  ; 0 V                 ; -                  ; n/a           ; n/a             ; n/a         ;
; ssd_seg_u[4]  ; 2.5 V        ; 0 in              ; 0 H/in                  ; 0 F/in                  ; short         ; -                   ; open           ; open             ; open   ; 0 in             ; 0 H/in                 ; 0 F/in                 ; short        ; open          ; open            ; open  ; 0 V                 ; -                  ; n/a           ; n/a             ; n/a         ;
; ssd_seg_u[5]  ; 2.5 V        ; 0 in              ; 0 H/in                  ; 0 F/in                  ; short         ; -                   ; open           ; open             ; open   ; 0 in             ; 0 H/in                 ; 0 F/in                 ; short        ; open          ; open            ; open  ; 0 V                 ; -                  ; n/a           ; n/a             ; n/a         ;
; ssd_seg_u[6]  ; 2.5 V        ; 0 in              ; 0 H/in                  ; 0 F/in                  ; short         ; -                   ; open           ; open             ; open   ; 0 in             ; 0 H/in                 ; 0 F/in                 ; short        ; open          ; open            ; open  ; 0 V                 ; -                  ; n/a           ; n/a             ; n/a         ;
; ~ALTERA_DCLK~ ; 2.5 V        ; 0 in              ; 0 H/in                  ; 0 F/in                  ; short         ; -                   ; open           ; open             ; open   ; 0 in             ; 0 H/in                 ; 0 F/in                 ; short        ; open          ; open            ; open  ; 0 V                 ; -                  ; n/a           ; n/a             ; n/a         ;
; ~ALTERA_nCEO~ ; 2.5 V        ; 0 in              ; 0 H/in                  ; 0 F/in                  ; short         ; -                   ; open           ; open             ; open   ; 0 in             ; 0 H/in                 ; 0 F/in                 ; short        ; open          ; open            ; open  ; 0 V                 ; -                  ; n/a           ; n/a             ; n/a         ;
+---------------+--------------+-------------------+-------------------------+-------------------------+---------------+---------------------+----------------+------------------+--------+------------------+------------------------+------------------------+--------------+---------------+-----------------+-------+---------------------+--------------------+---------------+-----------------+-------------+


+----------------------------------------------------------------------------+
; Input Transition Times                                                     ;
+-------------------------+--------------+-----------------+-----------------+
; Pin                     ; I/O Standard ; 10-90 Rise Time ; 90-10 Fall Time ;
+-------------------------+--------------+-----------------+-----------------+
; reset                   ; 2.5 V        ; 2000 ps         ; 2000 ps         ;
; stop                    ; 2.5 V        ; 2000 ps         ; 2000 ps         ;
; start                   ; 2.5 V        ; 2000 ps         ; 2000 ps         ;
; clk_50                  ; 2.5 V        ; 2000 ps         ; 2000 ps         ;
; ~ALTERA_ASDO_DATA1~     ; 2.5 V        ; 2000 ps         ; 2000 ps         ;
; ~ALTERA_FLASH_nCE_nCSO~ ; 2.5 V        ; 2000 ps         ; 2000 ps         ;
; ~ALTERA_DATA0~          ; 2.5 V        ; 2000 ps         ; 2000 ps         ;
+-------------------------+--------------+-----------------+-----------------+


+--------------------------------------------------------------------------------------------------------------------------------------------------------------------------------------------------------------------------------------------------------------------------------------------------------------------------------------------------------------------------------------------------------------------------------------------------------------------------------------------------------------------------------------------------------------------------------------------------------------------------------------------------------------------------------------------+
; Slow Corner Signal Integrity Metrics                                                                                                                                                                                                                                                                                                                                                                                                                                                                                                                                                                                                                                                       ;
+---------------+--------------+---------------------+---------------------+------------------------------+------------------------------+---------------------+---------------------+--------------------------------------+--------------------------------------+-----------------------------+-----------------------------+----------------------------+----------------------------+-----------------------------+-----------------------------+--------------------+--------------------+-------------------------------------+-------------------------------------+----------------------------+----------------------------+---------------------------+---------------------------+
; Pin           ; I/O Standard ; Board Delay on Rise ; Board Delay on Fall ; Steady State Voh at FPGA Pin ; Steady State Vol at FPGA Pin ; Voh Max at FPGA Pin ; Vol Min at FPGA Pin ; Ringback Voltage on Rise at FPGA Pin ; Ringback Voltage on Fall at FPGA Pin ; 10-90 Rise Time at FPGA Pin ; 90-10 Fall Time at FPGA Pin ; Monotonic Rise at FPGA Pin ; Monotonic Fall at FPGA Pin ; Steady State Voh at Far-end ; Steady State Vol at Far-end ; Voh Max at Far-end ; Vol Min at Far-end ; Ringback Voltage on Rise at Far-end ; Ringback Voltage on Fall at Far-end ; 10-90 Rise Time at Far-end ; 90-10 Fall Time at Far-end ; Monotonic Rise at Far-end ; Monotonic Fall at Far-end ;
+---------------+--------------+---------------------+---------------------+------------------------------+------------------------------+---------------------+---------------------+--------------------------------------+--------------------------------------+-----------------------------+-----------------------------+----------------------------+----------------------------+-----------------------------+-----------------------------+--------------------+--------------------+-------------------------------------+-------------------------------------+----------------------------+----------------------------+---------------------------+---------------------------+
; ssd_min[0]    ; 2.5 V        ; 0 s                 ; 0 s                 ; 2.32 V                       ; 1.08e-06 V                   ; 2.36 V              ; -0.0113 V           ; 0.122 V                              ; 0.022 V                              ; 4.5e-10 s                   ; 4.45e-10 s                  ; Yes                        ; Yes                        ; 2.32 V                      ; 1.08e-06 V                  ; 2.36 V             ; -0.0113 V          ; 0.122 V                             ; 0.022 V                             ; 4.5e-10 s                  ; 4.45e-10 s                 ; Yes                       ; Yes                       ;
; ssd_min[1]    ; 2.5 V        ; 0 s                 ; 0 s                 ; 2.32 V                       ; 1.08e-06 V                   ; 2.36 V              ; -0.0113 V           ; 0.122 V                              ; 0.022 V                              ; 4.5e-10 s                   ; 4.45e-10 s                  ; Yes                        ; Yes                        ; 2.32 V                      ; 1.08e-06 V                  ; 2.36 V             ; -0.0113 V          ; 0.122 V                             ; 0.022 V                             ; 4.5e-10 s                  ; 4.45e-10 s                 ; Yes                       ; Yes                       ;
; ssd_min[2]    ; 2.5 V        ; 0 s                 ; 0 s                 ; 2.32 V                       ; 1.08e-06 V                   ; 2.36 V              ; -0.0113 V           ; 0.122 V                              ; 0.022 V                              ; 4.5e-10 s                   ; 4.45e-10 s                  ; Yes                        ; Yes                        ; 2.32 V                      ; 1.08e-06 V                  ; 2.36 V             ; -0.0113 V          ; 0.122 V                             ; 0.022 V                             ; 4.5e-10 s                  ; 4.45e-10 s                 ; Yes                       ; Yes                       ;
; ssd_min[3]    ; 2.5 V        ; 0 s                 ; 0 s                 ; 2.32 V                       ; 1.08e-06 V                   ; 2.36 V              ; -0.0113 V           ; 0.122 V                              ; 0.022 V                              ; 4.5e-10 s                   ; 4.45e-10 s                  ; Yes                        ; Yes                        ; 2.32 V                      ; 1.08e-06 V                  ; 2.36 V             ; -0.0113 V          ; 0.122 V                             ; 0.022 V                             ; 4.5e-10 s                  ; 4.45e-10 s                 ; Yes                       ; Yes                       ;
; ssd_min[4]    ; 2.5 V        ; 0 s                 ; 0 s                 ; 2.32 V                       ; 1.08e-06 V                   ; 2.36 V              ; -0.0113 V           ; 0.122 V                              ; 0.022 V                              ; 4.5e-10 s                   ; 4.45e-10 s                  ; Yes                        ; Yes                        ; 2.32 V                      ; 1.08e-06 V                  ; 2.36 V             ; -0.0113 V          ; 0.122 V                             ; 0.022 V                             ; 4.5e-10 s                  ; 4.45e-10 s                 ; Yes                       ; Yes                       ;
; ssd_min[5]    ; 2.5 V        ; 0 s                 ; 0 s                 ; 2.32 V                       ; 1.08e-06 V                   ; 2.36 V              ; -0.0113 V           ; 0.122 V                              ; 0.022 V                              ; 4.5e-10 s                   ; 4.45e-10 s                  ; Yes                        ; Yes                        ; 2.32 V                      ; 1.08e-06 V                  ; 2.36 V             ; -0.0113 V          ; 0.122 V                             ; 0.022 V                             ; 4.5e-10 s                  ; 4.45e-10 s                 ; Yes                       ; Yes                       ;
; ssd_min[6]    ; 2.5 V        ; 0 s                 ; 0 s                 ; 2.32 V                       ; 1.08e-06 V                   ; 2.36 V              ; -0.0113 V           ; 0.122 V                              ; 0.022 V                              ; 4.5e-10 s                   ; 4.45e-10 s                  ; Yes                        ; Yes                        ; 2.32 V                      ; 1.08e-06 V                  ; 2.36 V             ; -0.0113 V          ; 0.122 V                             ; 0.022 V                             ; 4.5e-10 s                  ; 4.45e-10 s                 ; Yes                       ; Yes                       ;
; ssd_seg_d[0]  ; 2.5 V        ; 0 s                 ; 0 s                 ; 2.32 V                       ; 1.08e-06 V                   ; 2.36 V              ; -0.0113 V           ; 0.122 V                              ; 0.022 V                              ; 4.5e-10 s                   ; 4.45e-10 s                  ; Yes                        ; Yes                        ; 2.32 V                      ; 1.08e-06 V                  ; 2.36 V             ; -0.0113 V          ; 0.122 V                             ; 0.022 V                             ; 4.5e-10 s                  ; 4.45e-10 s                 ; Yes                       ; Yes                       ;
; ssd_seg_d[1]  ; 2.5 V        ; 0 s                 ; 0 s                 ; 2.32 V                       ; 1.08e-06 V                   ; 2.36 V              ; -0.0113 V           ; 0.122 V                              ; 0.022 V                              ; 4.5e-10 s                   ; 4.45e-10 s                  ; Yes                        ; Yes                        ; 2.32 V                      ; 1.08e-06 V                  ; 2.36 V             ; -0.0113 V          ; 0.122 V                             ; 0.022 V                             ; 4.5e-10 s                  ; 4.45e-10 s                 ; Yes                       ; Yes                       ;
; ssd_seg_d[2]  ; 2.5 V        ; 0 s                 ; 0 s                 ; 2.32 V                       ; 1.08e-06 V                   ; 2.36 V              ; -0.0113 V           ; 0.122 V                              ; 0.022 V                              ; 4.5e-10 s                   ; 4.45e-10 s                  ; Yes                        ; Yes                        ; 2.32 V                      ; 1.08e-06 V                  ; 2.36 V             ; -0.0113 V          ; 0.122 V                             ; 0.022 V                             ; 4.5e-10 s                  ; 4.45e-10 s                 ; Yes                       ; Yes                       ;
; ssd_seg_d[3]  ; 2.5 V        ; 0 s                 ; 0 s                 ; 2.32 V                       ; 1.08e-06 V                   ; 2.36 V              ; -0.0113 V           ; 0.122 V                              ; 0.022 V                              ; 4.5e-10 s                   ; 4.45e-10 s                  ; Yes                        ; Yes                        ; 2.32 V                      ; 1.08e-06 V                  ; 2.36 V             ; -0.0113 V          ; 0.122 V                             ; 0.022 V                             ; 4.5e-10 s                  ; 4.45e-10 s                 ; Yes                       ; Yes                       ;
; ssd_seg_d[4]  ; 2.5 V        ; 0 s                 ; 0 s                 ; 2.32 V                       ; 1.08e-06 V                   ; 2.36 V              ; -0.0113 V           ; 0.122 V                              ; 0.022 V                              ; 4.5e-10 s                   ; 4.45e-10 s                  ; Yes                        ; Yes                        ; 2.32 V                      ; 1.08e-06 V                  ; 2.36 V             ; -0.0113 V          ; 0.122 V                             ; 0.022 V                             ; 4.5e-10 s                  ; 4.45e-10 s                 ; Yes                       ; Yes                       ;
; ssd_seg_d[5]  ; 2.5 V        ; 0 s                 ; 0 s                 ; 2.32 V                       ; 1.08e-06 V                   ; 2.36 V              ; -0.0113 V           ; 0.122 V                              ; 0.022 V                              ; 4.5e-10 s                   ; 4.45e-10 s                  ; Yes                        ; Yes                        ; 2.32 V                      ; 1.08e-06 V                  ; 2.36 V             ; -0.0113 V          ; 0.122 V                             ; 0.022 V                             ; 4.5e-10 s                  ; 4.45e-10 s                 ; Yes                       ; Yes                       ;
; ssd_seg_d[6]  ; 2.5 V        ; 0 s                 ; 0 s                 ; 2.32 V                       ; 1.08e-06 V                   ; 2.36 V              ; -0.0113 V           ; 0.122 V                              ; 0.022 V                              ; 4.5e-10 s                   ; 4.45e-10 s                  ; Yes                        ; Yes                        ; 2.32 V                      ; 1.08e-06 V                  ; 2.36 V             ; -0.0113 V          ; 0.122 V                             ; 0.022 V                             ; 4.5e-10 s                  ; 4.45e-10 s                 ; Yes                       ; Yes                       ;
; ssd_seg_u[0]  ; 2.5 V        ; 0 s                 ; 0 s                 ; 2.32 V                       ; 1.08e-06 V                   ; 2.36 V              ; -0.0113 V           ; 0.122 V                              ; 0.022 V                              ; 4.5e-10 s                   ; 4.45e-10 s                  ; Yes                        ; Yes                        ; 2.32 V                      ; 1.08e-06 V                  ; 2.36 V             ; -0.0113 V          ; 0.122 V                             ; 0.022 V                             ; 4.5e-10 s                  ; 4.45e-10 s                 ; Yes                       ; Yes                       ;
; ssd_seg_u[1]  ; 2.5 V        ; 0 s                 ; 0 s                 ; 2.32 V                       ; 1.08e-06 V                   ; 2.36 V              ; -0.0113 V           ; 0.122 V                              ; 0.022 V                              ; 4.5e-10 s                   ; 4.45e-10 s                  ; Yes                        ; Yes                        ; 2.32 V                      ; 1.08e-06 V                  ; 2.36 V             ; -0.0113 V          ; 0.122 V                             ; 0.022 V                             ; 4.5e-10 s                  ; 4.45e-10 s                 ; Yes                       ; Yes                       ;
; ssd_seg_u[2]  ; 2.5 V        ; 0 s                 ; 0 s                 ; 2.32 V                       ; 1.08e-06 V                   ; 2.36 V              ; -0.0113 V           ; 0.122 V                              ; 0.022 V                              ; 4.5e-10 s                   ; 4.45e-10 s                  ; Yes                        ; Yes                        ; 2.32 V                      ; 1.08e-06 V                  ; 2.36 V             ; -0.0113 V          ; 0.122 V                             ; 0.022 V                             ; 4.5e-10 s                  ; 4.45e-10 s                 ; Yes                       ; Yes                       ;
; ssd_seg_u[3]  ; 2.5 V        ; 0 s                 ; 0 s                 ; 2.32 V                       ; 1.08e-06 V                   ; 2.36 V              ; -0.0113 V           ; 0.122 V                              ; 0.022 V                              ; 4.5e-10 s                   ; 4.45e-10 s                  ; Yes                        ; Yes                        ; 2.32 V                      ; 1.08e-06 V                  ; 2.36 V             ; -0.0113 V          ; 0.122 V                             ; 0.022 V                             ; 4.5e-10 s                  ; 4.45e-10 s                 ; Yes                       ; Yes                       ;
; ssd_seg_u[4]  ; 2.5 V        ; 0 s                 ; 0 s                 ; 2.32 V                       ; 1.08e-06 V                   ; 2.36 V              ; -0.0113 V           ; 0.122 V                              ; 0.022 V                              ; 4.5e-10 s                   ; 4.45e-10 s                  ; Yes                        ; Yes                        ; 2.32 V                      ; 1.08e-06 V                  ; 2.36 V             ; -0.0113 V          ; 0.122 V                             ; 0.022 V                             ; 4.5e-10 s                  ; 4.45e-10 s                 ; Yes                       ; Yes                       ;
; ssd_seg_u[5]  ; 2.5 V        ; 0 s                 ; 0 s                 ; 2.32 V                       ; 1.08e-06 V                   ; 2.36 V              ; -0.0113 V           ; 0.122 V                              ; 0.022 V                              ; 4.5e-10 s                   ; 4.45e-10 s                  ; Yes                        ; Yes                        ; 2.32 V                      ; 1.08e-06 V                  ; 2.36 V             ; -0.0113 V          ; 0.122 V                             ; 0.022 V                             ; 4.5e-10 s                  ; 4.45e-10 s                 ; Yes                       ; Yes                       ;
; ssd_seg_u[6]  ; 2.5 V        ; 0 s                 ; 0 s                 ; 2.32 V                       ; 1.08e-06 V                   ; 2.36 V              ; -0.0113 V           ; 0.122 V                              ; 0.022 V                              ; 4.5e-10 s                   ; 4.45e-10 s                  ; Yes                        ; Yes                        ; 2.32 V                      ; 1.08e-06 V                  ; 2.36 V             ; -0.0113 V          ; 0.122 V                             ; 0.022 V                             ; 4.5e-10 s                  ; 4.45e-10 s                 ; Yes                       ; Yes                       ;
; ~ALTERA_DCLK~ ; 2.5 V        ; 0 s                 ; 0 s                 ; 2.32 V                       ; 5.68e-07 V                   ; 2.35 V              ; -0.0132 V           ; 0.2 V                                ; 0.027 V                              ; 5.26e-10 s                  ; 4.81e-10 s                  ; Yes                        ; Yes                        ; 2.32 V                      ; 5.68e-07 V                  ; 2.35 V             ; -0.0132 V          ; 0.2 V                               ; 0.027 V                             ; 5.26e-10 s                 ; 4.81e-10 s                 ; Yes                       ; Yes                       ;
; ~ALTERA_nCEO~ ; 2.5 V        ; 0 s                 ; 0 s                 ; 2.32 V                       ; 9.36e-07 V                   ; 2.35 V              ; -0.00444 V          ; 0.18 V                               ; 0.019 V                              ; 7.23e-10 s                  ; 9.82e-10 s                  ; Yes                        ; Yes                        ; 2.32 V                      ; 9.36e-07 V                  ; 2.35 V             ; -0.00444 V         ; 0.18 V                              ; 0.019 V                             ; 7.23e-10 s                 ; 9.82e-10 s                 ; Yes                       ; Yes                       ;
+---------------+--------------+---------------------+---------------------+------------------------------+------------------------------+---------------------+---------------------+--------------------------------------+--------------------------------------+-----------------------------+-----------------------------+----------------------------+----------------------------+-----------------------------+-----------------------------+--------------------+--------------------+-------------------------------------+-------------------------------------+----------------------------+----------------------------+---------------------------+---------------------------+


+--------------------------------------------------------------------------------------------------------------------------------------------------------------------------------------------------------------------------------------------------------------------------------------------------------------------------------------------------------------------------------------------------------------------------------------------------------------------------------------------------------------------------------------------------------------------------------------------------------------------------------------------------------------------------------------------+
; Fast Corner Signal Integrity Metrics                                                                                                                                                                                                                                                                                                                                                                                                                                                                                                                                                                                                                                                       ;
+---------------+--------------+---------------------+---------------------+------------------------------+------------------------------+---------------------+---------------------+--------------------------------------+--------------------------------------+-----------------------------+-----------------------------+----------------------------+----------------------------+-----------------------------+-----------------------------+--------------------+--------------------+-------------------------------------+-------------------------------------+----------------------------+----------------------------+---------------------------+---------------------------+
; Pin           ; I/O Standard ; Board Delay on Rise ; Board Delay on Fall ; Steady State Voh at FPGA Pin ; Steady State Vol at FPGA Pin ; Voh Max at FPGA Pin ; Vol Min at FPGA Pin ; Ringback Voltage on Rise at FPGA Pin ; Ringback Voltage on Fall at FPGA Pin ; 10-90 Rise Time at FPGA Pin ; 90-10 Fall Time at FPGA Pin ; Monotonic Rise at FPGA Pin ; Monotonic Fall at FPGA Pin ; Steady State Voh at Far-end ; Steady State Vol at Far-end ; Voh Max at Far-end ; Vol Min at Far-end ; Ringback Voltage on Rise at Far-end ; Ringback Voltage on Fall at Far-end ; 10-90 Rise Time at Far-end ; 90-10 Fall Time at Far-end ; Monotonic Rise at Far-end ; Monotonic Fall at Far-end ;
+---------------+--------------+---------------------+---------------------+------------------------------+------------------------------+---------------------+---------------------+--------------------------------------+--------------------------------------+-----------------------------+-----------------------------+----------------------------+----------------------------+-----------------------------+-----------------------------+--------------------+--------------------+-------------------------------------+-------------------------------------+----------------------------+----------------------------+---------------------------+---------------------------+
; ssd_min[0]    ; 2.5 V        ; 0 s                 ; 0 s                 ; 2.62 V                       ; 4.11e-08 V                   ; 2.73 V              ; -0.0566 V           ; 0.191 V                              ; 0.12 V                               ; 2.69e-10 s                  ; 2.76e-10 s                  ; Yes                        ; Yes                        ; 2.62 V                      ; 4.11e-08 V                  ; 2.73 V             ; -0.0566 V          ; 0.191 V                             ; 0.12 V                              ; 2.69e-10 s                 ; 2.76e-10 s                 ; Yes                       ; Yes                       ;
; ssd_min[1]    ; 2.5 V        ; 0 s                 ; 0 s                 ; 2.62 V                       ; 4.11e-08 V                   ; 2.73 V              ; -0.0566 V           ; 0.191 V                              ; 0.12 V                               ; 2.69e-10 s                  ; 2.76e-10 s                  ; Yes                        ; Yes                        ; 2.62 V                      ; 4.11e-08 V                  ; 2.73 V             ; -0.0566 V          ; 0.191 V                             ; 0.12 V                              ; 2.69e-10 s                 ; 2.76e-10 s                 ; Yes                       ; Yes                       ;
; ssd_min[2]    ; 2.5 V        ; 0 s                 ; 0 s                 ; 2.62 V                       ; 4.11e-08 V                   ; 2.73 V              ; -0.0566 V           ; 0.191 V                              ; 0.12 V                               ; 2.69e-10 s                  ; 2.76e-10 s                  ; Yes                        ; Yes                        ; 2.62 V                      ; 4.11e-08 V                  ; 2.73 V             ; -0.0566 V          ; 0.191 V                             ; 0.12 V                              ; 2.69e-10 s                 ; 2.76e-10 s                 ; Yes                       ; Yes                       ;
; ssd_min[3]    ; 2.5 V        ; 0 s                 ; 0 s                 ; 2.62 V                       ; 4.11e-08 V                   ; 2.73 V              ; -0.0566 V           ; 0.191 V                              ; 0.12 V                               ; 2.69e-10 s                  ; 2.76e-10 s                  ; Yes                        ; Yes                        ; 2.62 V                      ; 4.11e-08 V                  ; 2.73 V             ; -0.0566 V          ; 0.191 V                             ; 0.12 V                              ; 2.69e-10 s                 ; 2.76e-10 s                 ; Yes                       ; Yes                       ;
; ssd_min[4]    ; 2.5 V        ; 0 s                 ; 0 s                 ; 2.62 V                       ; 4.11e-08 V                   ; 2.73 V              ; -0.0566 V           ; 0.191 V                              ; 0.12 V                               ; 2.69e-10 s                  ; 2.76e-10 s                  ; Yes                        ; Yes                        ; 2.62 V                      ; 4.11e-08 V                  ; 2.73 V             ; -0.0566 V          ; 0.191 V                             ; 0.12 V                              ; 2.69e-10 s                 ; 2.76e-10 s                 ; Yes                       ; Yes                       ;
; ssd_min[5]    ; 2.5 V        ; 0 s                 ; 0 s                 ; 2.62 V                       ; 4.11e-08 V                   ; 2.73 V              ; -0.0566 V           ; 0.191 V                              ; 0.12 V                               ; 2.69e-10 s                  ; 2.76e-10 s                  ; Yes                        ; Yes                        ; 2.62 V                      ; 4.11e-08 V                  ; 2.73 V             ; -0.0566 V          ; 0.191 V                             ; 0.12 V                              ; 2.69e-10 s                 ; 2.76e-10 s                 ; Yes                       ; Yes                       ;
; ssd_min[6]    ; 2.5 V        ; 0 s                 ; 0 s                 ; 2.62 V                       ; 4.11e-08 V                   ; 2.73 V              ; -0.0566 V           ; 0.191 V                              ; 0.12 V                               ; 2.69e-10 s                  ; 2.76e-10 s                  ; Yes                        ; Yes                        ; 2.62 V                      ; 4.11e-08 V                  ; 2.73 V             ; -0.0566 V          ; 0.191 V                             ; 0.12 V                              ; 2.69e-10 s                 ; 2.76e-10 s                 ; Yes                       ; Yes                       ;
; ssd_seg_d[0]  ; 2.5 V        ; 0 s                 ; 0 s                 ; 2.62 V                       ; 4.11e-08 V                   ; 2.73 V              ; -0.0566 V           ; 0.191 V                              ; 0.12 V                               ; 2.69e-10 s                  ; 2.76e-10 s                  ; Yes                        ; Yes                        ; 2.62 V                      ; 4.11e-08 V                  ; 2.73 V             ; -0.0566 V          ; 0.191 V                             ; 0.12 V                              ; 2.69e-10 s                 ; 2.76e-10 s                 ; Yes                       ; Yes                       ;
; ssd_seg_d[1]  ; 2.5 V        ; 0 s                 ; 0 s                 ; 2.62 V                       ; 4.11e-08 V                   ; 2.73 V              ; -0.0566 V           ; 0.191 V                              ; 0.12 V                               ; 2.69e-10 s                  ; 2.76e-10 s                  ; Yes                        ; Yes                        ; 2.62 V                      ; 4.11e-08 V                  ; 2.73 V             ; -0.0566 V          ; 0.191 V                             ; 0.12 V                              ; 2.69e-10 s                 ; 2.76e-10 s                 ; Yes                       ; Yes                       ;
; ssd_seg_d[2]  ; 2.5 V        ; 0 s                 ; 0 s                 ; 2.62 V                       ; 4.11e-08 V                   ; 2.73 V              ; -0.0566 V           ; 0.191 V                              ; 0.12 V                               ; 2.69e-10 s                  ; 2.76e-10 s                  ; Yes                        ; Yes                        ; 2.62 V                      ; 4.11e-08 V                  ; 2.73 V             ; -0.0566 V          ; 0.191 V                             ; 0.12 V                              ; 2.69e-10 s                 ; 2.76e-10 s                 ; Yes                       ; Yes                       ;
; ssd_seg_d[3]  ; 2.5 V        ; 0 s                 ; 0 s                 ; 2.62 V                       ; 4.11e-08 V                   ; 2.73 V              ; -0.0566 V           ; 0.191 V                              ; 0.12 V                               ; 2.69e-10 s                  ; 2.76e-10 s                  ; Yes                        ; Yes                        ; 2.62 V                      ; 4.11e-08 V                  ; 2.73 V             ; -0.0566 V          ; 0.191 V                             ; 0.12 V                              ; 2.69e-10 s                 ; 2.76e-10 s                 ; Yes                       ; Yes                       ;
; ssd_seg_d[4]  ; 2.5 V        ; 0 s                 ; 0 s                 ; 2.62 V                       ; 4.11e-08 V                   ; 2.73 V              ; -0.0566 V           ; 0.191 V                              ; 0.12 V                               ; 2.69e-10 s                  ; 2.76e-10 s                  ; Yes                        ; Yes                        ; 2.62 V                      ; 4.11e-08 V                  ; 2.73 V             ; -0.0566 V          ; 0.191 V                             ; 0.12 V                              ; 2.69e-10 s                 ; 2.76e-10 s                 ; Yes                       ; Yes                       ;
; ssd_seg_d[5]  ; 2.5 V        ; 0 s                 ; 0 s                 ; 2.62 V                       ; 4.11e-08 V                   ; 2.73 V              ; -0.0566 V           ; 0.191 V                              ; 0.12 V                               ; 2.69e-10 s                  ; 2.76e-10 s                  ; Yes                        ; Yes                        ; 2.62 V                      ; 4.11e-08 V                  ; 2.73 V             ; -0.0566 V          ; 0.191 V                             ; 0.12 V                              ; 2.69e-10 s                 ; 2.76e-10 s                 ; Yes                       ; Yes                       ;
; ssd_seg_d[6]  ; 2.5 V        ; 0 s                 ; 0 s                 ; 2.62 V                       ; 4.11e-08 V                   ; 2.73 V              ; -0.0566 V           ; 0.191 V                              ; 0.12 V                               ; 2.69e-10 s                  ; 2.76e-10 s                  ; Yes                        ; Yes                        ; 2.62 V                      ; 4.11e-08 V                  ; 2.73 V             ; -0.0566 V          ; 0.191 V                             ; 0.12 V                              ; 2.69e-10 s                 ; 2.76e-10 s                 ; Yes                       ; Yes                       ;
; ssd_seg_u[0]  ; 2.5 V        ; 0 s                 ; 0 s                 ; 2.62 V                       ; 4.11e-08 V                   ; 2.73 V              ; -0.0566 V           ; 0.191 V                              ; 0.12 V                               ; 2.69e-10 s                  ; 2.76e-10 s                  ; Yes                        ; Yes                        ; 2.62 V                      ; 4.11e-08 V                  ; 2.73 V             ; -0.0566 V          ; 0.191 V                             ; 0.12 V                              ; 2.69e-10 s                 ; 2.76e-10 s                 ; Yes                       ; Yes                       ;
; ssd_seg_u[1]  ; 2.5 V        ; 0 s                 ; 0 s                 ; 2.62 V                       ; 4.11e-08 V                   ; 2.73 V              ; -0.0566 V           ; 0.191 V                              ; 0.12 V                               ; 2.69e-10 s                  ; 2.76e-10 s                  ; Yes                        ; Yes                        ; 2.62 V                      ; 4.11e-08 V                  ; 2.73 V             ; -0.0566 V          ; 0.191 V                             ; 0.12 V                              ; 2.69e-10 s                 ; 2.76e-10 s                 ; Yes                       ; Yes                       ;
; ssd_seg_u[2]  ; 2.5 V        ; 0 s                 ; 0 s                 ; 2.62 V                       ; 4.11e-08 V                   ; 2.73 V              ; -0.0566 V           ; 0.191 V                              ; 0.12 V                               ; 2.69e-10 s                  ; 2.76e-10 s                  ; Yes                        ; Yes                        ; 2.62 V                      ; 4.11e-08 V                  ; 2.73 V             ; -0.0566 V          ; 0.191 V                             ; 0.12 V                              ; 2.69e-10 s                 ; 2.76e-10 s                 ; Yes                       ; Yes                       ;
; ssd_seg_u[3]  ; 2.5 V        ; 0 s                 ; 0 s                 ; 2.62 V                       ; 4.11e-08 V                   ; 2.73 V              ; -0.0566 V           ; 0.191 V                              ; 0.12 V                               ; 2.69e-10 s                  ; 2.76e-10 s                  ; Yes                        ; Yes                        ; 2.62 V                      ; 4.11e-08 V                  ; 2.73 V             ; -0.0566 V          ; 0.191 V                             ; 0.12 V                              ; 2.69e-10 s                 ; 2.76e-10 s                 ; Yes                       ; Yes                       ;
; ssd_seg_u[4]  ; 2.5 V        ; 0 s                 ; 0 s                 ; 2.62 V                       ; 4.11e-08 V                   ; 2.73 V              ; -0.0566 V           ; 0.191 V                              ; 0.12 V                               ; 2.69e-10 s                  ; 2.76e-10 s                  ; Yes                        ; Yes                        ; 2.62 V                      ; 4.11e-08 V                  ; 2.73 V             ; -0.0566 V          ; 0.191 V                             ; 0.12 V                              ; 2.69e-10 s                 ; 2.76e-10 s                 ; Yes                       ; Yes                       ;
; ssd_seg_u[5]  ; 2.5 V        ; 0 s                 ; 0 s                 ; 2.62 V                       ; 4.11e-08 V                   ; 2.73 V              ; -0.0566 V           ; 0.191 V                              ; 0.12 V                               ; 2.69e-10 s                  ; 2.76e-10 s                  ; Yes                        ; Yes                        ; 2.62 V                      ; 4.11e-08 V                  ; 2.73 V             ; -0.0566 V          ; 0.191 V                             ; 0.12 V                              ; 2.69e-10 s                 ; 2.76e-10 s                 ; Yes                       ; Yes                       ;
; ssd_seg_u[6]  ; 2.5 V        ; 0 s                 ; 0 s                 ; 2.62 V                       ; 4.11e-08 V                   ; 2.73 V              ; -0.0566 V           ; 0.191 V                              ; 0.12 V                               ; 2.69e-10 s                  ; 2.76e-10 s                  ; Yes                        ; Yes                        ; 2.62 V                      ; 4.11e-08 V                  ; 2.73 V             ; -0.0566 V          ; 0.191 V                             ; 0.12 V                              ; 2.69e-10 s                 ; 2.76e-10 s                 ; Yes                       ; Yes                       ;
; ~ALTERA_DCLK~ ; 2.5 V        ; 0 s                 ; 0 s                 ; 2.62 V                       ; 2.22e-08 V                   ; 2.72 V              ; -0.0747 V           ; 0.28 V                               ; 0.169 V                              ; 3.1e-10 s                   ; 3.01e-10 s                  ; No                         ; Yes                        ; 2.62 V                      ; 2.22e-08 V                  ; 2.72 V             ; -0.0747 V          ; 0.28 V                              ; 0.169 V                             ; 3.1e-10 s                  ; 3.01e-10 s                 ; No                        ; Yes                       ;
; ~ALTERA_nCEO~ ; 2.5 V        ; 0 s                 ; 0 s                 ; 2.62 V                       ; 3.53e-08 V                   ; 2.7 V               ; -0.0212 V           ; 0.204 V                              ; 0.049 V                              ; 4.85e-10 s                  ; 6.73e-10 s                  ; No                         ; Yes                        ; 2.62 V                      ; 3.53e-08 V                  ; 2.7 V              ; -0.0212 V          ; 0.204 V                             ; 0.049 V                             ; 4.85e-10 s                 ; 6.73e-10 s                 ; No                        ; Yes                       ;
+---------------+--------------+---------------------+---------------------+------------------------------+------------------------------+---------------------+---------------------+--------------------------------------+--------------------------------------+-----------------------------+-----------------------------+----------------------------+----------------------------+-----------------------------+-----------------------------+--------------------+--------------------+-------------------------------------+-------------------------------------+----------------------------+----------------------------+---------------------------+---------------------------+


+-------------------------------------------------------------------------------------------------------------------------------------------+
; Setup Transfers                                                                                                                           ;
+-----------------------------------------------+-----------------------------------------------+----------+----------+----------+----------+
; From Clock                                    ; To Clock                                      ; RR Paths ; FR Paths ; RF Paths ; FF Paths ;
+-----------------------------------------------+-----------------------------------------------+----------+----------+----------+----------+
; clk_50                                        ; clk_50                                        ; 719      ; 0        ; 0        ; 0        ;
; divisor_frecuencia:INST_DIVISOR|reloj_1hz_reg ; clk_50                                        ; 1        ; 12       ; 0        ; 0        ;
; clk_50                                        ; divisor_frecuencia:INST_DIVISOR|reloj_1hz_reg ; 0        ; 0        ; 11       ; 0        ;
; divisor_frecuencia:INST_DIVISOR|reloj_1hz_reg ; divisor_frecuencia:INST_DIVISOR|reloj_1hz_reg ; 0        ; 0        ; 0        ; 85       ;
+-----------------------------------------------+-----------------------------------------------+----------+----------+----------+----------+
Entries labeled "false path" only account for clock-to-clock false paths and not path-based false paths. As a result, actual path counts may be lower than reported.


+-------------------------------------------------------------------------------------------------------------------------------------------+
; Hold Transfers                                                                                                                            ;
+-----------------------------------------------+-----------------------------------------------+----------+----------+----------+----------+
; From Clock                                    ; To Clock                                      ; RR Paths ; FR Paths ; RF Paths ; FF Paths ;
+-----------------------------------------------+-----------------------------------------------+----------+----------+----------+----------+
; clk_50                                        ; clk_50                                        ; 719      ; 0        ; 0        ; 0        ;
; divisor_frecuencia:INST_DIVISOR|reloj_1hz_reg ; clk_50                                        ; 1        ; 12       ; 0        ; 0        ;
; clk_50                                        ; divisor_frecuencia:INST_DIVISOR|reloj_1hz_reg ; 0        ; 0        ; 11       ; 0        ;
; divisor_frecuencia:INST_DIVISOR|reloj_1hz_reg ; divisor_frecuencia:INST_DIVISOR|reloj_1hz_reg ; 0        ; 0        ; 0        ; 85       ;
+-----------------------------------------------+-----------------------------------------------+----------+----------+----------+----------+
Entries labeled "false path" only account for clock-to-clock false paths and not path-based false paths. As a result, actual path counts may be lower than reported.


---------------
; Report TCCS ;
---------------
No dedicated SERDES Transmitter circuitry present in device or used in design


---------------
; Report RSKM ;
---------------
No non-DPA dedicated SERDES Receiver circuitry present in device or used in design


+------------------------------------------------+
; Unconstrained Paths                            ;
+---------------------------------+-------+------+
; Property                        ; Setup ; Hold ;
+---------------------------------+-------+------+
; Illegal Clocks                  ; 0     ; 0    ;
; Unconstrained Clocks            ; 0     ; 0    ;
; Unconstrained Input Ports       ; 3     ; 3    ;
; Unconstrained Input Port Paths  ; 45    ; 45   ;
; Unconstrained Output Ports      ; 21    ; 21   ;
; Unconstrained Output Port Paths ; 77    ; 77   ;
+---------------------------------+-------+------+


+------------------------------------+
; TimeQuest Timing Analyzer Messages ;
+------------------------------------+
Info: *******************************************************************
Info: Running Quartus II 64-Bit TimeQuest Timing Analyzer
    Info: Version 13.1.0 Build 162 10/23/2013 SJ Web Edition
    Info: Processing started: Wed Sep 23 06:29:21 2026
Info: Command: quartus_sta timer_top -c timer_top
Info: qsta_default_script.tcl version: #1
Warning (20028): Parallel compilation is not licensed and has been disabled
Info (21077): Core supply voltage is 1.2V
Info (21077): Low junction temperature is 0 degrees C
Info (21077): High junction temperature is 85 degrees C
Critical Warning (332012): Synopsys Design Constraints File file not found: 'timer_top.sdc'. A Synopsys Design Constraints File is required by the TimeQuest Timing Analyzer to get proper timing constraints. Without it, the Compiler will not properly optimize the design.
Info (332142): No user constrained base clocks found in the design. Calling "derive_clocks -period 1.0"
Info (332105): Deriving Clocks
    Info (332105): create_clock -period 1.000 -name clk_50 clk_50
    Info (332105): create_clock -period 1.000 -name divisor_frecuencia:INST_DIVISOR|reloj_1hz_reg divisor_frecuencia:INST_DIVISOR|reloj_1hz_reg
Info (332143): No user constrained clock uncertainty found in the design. Calling "derive_clock_uncertainty"
Info (332123): Deriving Clock Uncertainty. Please refer to report_sdc in TimeQuest to see clock uncertainties.
Info: Found TIMEQUEST_REPORT_SCRIPT_INCLUDE_DEFAULT_ANALYSIS = ON
Info: Analyzing Slow 1200mV 85C Model
Critical Warning (332148): Timing requirements not met
    Info (11105): For recommendations on closing timing, run Report Timing Closure Recommendations in the TimeQuest Timing Analyzer.
Info (332146): Worst-case setup slack is -2.542
    Info (332119):     Slack       End Point TNS Clock 
    Info (332119): ========= =================== =====================
    Info (332119):    -2.542             -49.649 clk_50 
    Info (332119):    -1.475             -10.804 divisor_frecuencia:INST_DIVISOR|reloj_1hz_reg 
Info (332146): Worst-case hold slack is 0.247
    Info (332119):     Slack       End Point TNS Clock 
    Info (332119): ========= =================== =====================
    Info (332119):     0.247               0.000 clk_50 
    Info (332119):     0.358               0.000 divisor_frecuencia:INST_DIVISOR|reloj_1hz_reg 
Info (332140): No Recovery paths to report
Info (332140): No Removal paths to report
Info (332146): Worst-case minimum pulse width slack is -3.000
    Info (332119):     Slack       End Point TNS Clock 
    Info (332119): ========= =================== =====================
    Info (332119):    -3.000             -33.000 clk_50 
    Info (332119):    -1.000             -11.000 divisor_frecuencia:INST_DIVISOR|reloj_1hz_reg 
Info: Analyzing Slow 1200mV 0C Model
Info (334003): Started post-fitting delay annotation
Info (334004): Delay annotation completed successfully
Info (332123): Deriving Clock Uncertainty. Please refer to report_sdc in TimeQuest to see clock uncertainties.
Critical Warning (332148): Timing requirements not met
    Info (11105): For recommendations on closing timing, run Report Timing Closure Recommendations in the TimeQuest Timing Analyzer.
Info (332146): Worst-case setup slack is -2.189
    Info (332119):     Slack       End Point TNS Clock 
    Info (332119): ========= =================== =====================
    Info (332119):    -2.189             -41.113 clk_50 
    Info (332119):    -1.241              -8.963 divisor_frecuencia:INST_DIVISOR|reloj_1hz_reg 
Info (332146): Worst-case hold slack is 0.196
    Info (332119):     Slack       End Point TNS Clock 
    Info (332119): ========= =================== =====================
    Info (332119):     0.196               0.000 clk_50 
    Info (332119):     0.312               0.000 divisor_frecuencia:INST_DIVISOR|reloj_1hz_reg 
Info (332140): No Recovery paths to report
Info (332140): No Removal paths to report
Info (332146): Worst-case minimum pulse width slack is -3.000
    Info (332119):     Slack       End Point TNS Clock 
    Info (332119): ========= =================== =====================
    Info (332119):    -3.000             -33.000 clk_50 
    Info (332119):    -1.000             -11.000 divisor_frecuencia:INST_DIVISOR|reloj_1hz_reg 
Info: Analyzing Fast 1200mV 0C Model
Info (332123): Deriving Clock Uncertainty. Please refer to report_sdc in TimeQuest to see clock uncertainties.
Critical Warning (332148): Timing requirements not met
    Info (11105): For recommendations on closing timing, run Report Timing Closure Recommendations in the TimeQuest Timing Analyzer.
Info (332146): Worst-case setup slack is -0.991
    Info (332119):     Slack       End Point TNS Clock 
    Info (332119): ========= =================== =====================
    Info (332119):    -0.991             -16.922 clk_50 
    Info (332119):    -0.362              -1.947 divisor_frecuencia:INST_DIVISOR|reloj_1hz_reg 
Info (332146): Worst-case hold slack is 0.062
    Info (332119):     Slack       End Point TNS Clock 
    Info (332119): ========= =================== =====================
    Info (332119):     0.062               0.000 clk_50 
    Info (332119):     0.185               0.000 divisor_frecuencia:INST_DIVISOR|reloj_1hz_reg 
Info (332140): No Recovery paths to report
Info (332140): No Removal paths to report
Info (332146): Worst-case minimum pulse width slack is -3.000
    Info (332119):     Slack       End Point TNS Clock 
    Info (332119): ========= =================== =====================
    Info (332119):    -3.000             -34.679 clk_50 
    Info (332119):    -1.000             -11.000 divisor_frecuencia:INST_DIVISOR|reloj_1hz_reg 
Info (332102): Design is not fully constrained for setup requirements
Info (332102): Design is not fully constrained for hold requirements
Info: Quartus II 64-Bit TimeQuest Timing Analyzer was successful. 0 errors, 5 warnings
    Info: Peak virtual memory: 4625 megabytes
    Info: Processing ended: Wed Sep 23 06:29:24 2026
    Info: Elapsed time: 00:00:03
    Info: Total CPU time (on all processors): 00:00:02


