TimeQuest Timing Analyzer report for temporizador
Wed Sep 23 06:30:38 2026
Quartus II 64-Bit Version 13.1.0 Build 162 10/23/2013 SJ Web Edition


---------------------
; Table of Contents ;
---------------------
  1. Legal Notice
  2. TimeQuest Timing Analyzer Summary
  3. Parallel Compilation
  4. Clocks
  5. Slow 1200mV 85C Model Fmax Summary
  6. Timing Closure Recommendations
  7. Slow 1200mV 85C Model Setup Summary
  8. Slow 1200mV 85C Model Hold Summary
  9. Slow 1200mV 85C Model Recovery Summary
 10. Slow 1200mV 85C Model Removal Summary
 11. Slow 1200mV 85C Model Minimum Pulse Width Summary
 12. Slow 1200mV 85C Model Setup: 'reloj_50mhz'
 13. Slow 1200mV 85C Model Setup: 'divisor_frecuencia:INST_DIVISOR|reloj_interno'
 14. Slow 1200mV 85C Model Hold: 'reloj_50mhz'
 15. Slow 1200mV 85C Model Hold: 'divisor_frecuencia:INST_DIVISOR|reloj_interno'
 16. Slow 1200mV 85C Model Recovery: 'divisor_frecuencia:INST_DIVISOR|reloj_interno'
 17. Slow 1200mV 85C Model Recovery: 'reloj_50mhz'
 18. Slow 1200mV 85C Model Removal: 'reloj_50mhz'
 19. Slow 1200mV 85C Model Removal: 'divisor_frecuencia:INST_DIVISOR|reloj_interno'
 20. Slow 1200mV 85C Model Minimum Pulse Width: 'reloj_50mhz'
 21. Slow 1200mV 85C Model Minimum Pulse Width: 'divisor_frecuencia:INST_DIVISOR|reloj_interno'
 22. Setup Times
 23. Hold Times
 24. Clock to Output Times
 25. Minimum Clock to Output Times
 26. Slow 1200mV 85C Model Metastability Report
 27. Slow 1200mV 0C Model Fmax Summary
 28. Slow 1200mV 0C Model Setup Summary
 29. Slow 1200mV 0C Model Hold Summary
 30. Slow 1200mV 0C Model Recovery Summary
 31. Slow 1200mV 0C Model Removal Summary
 32. Slow 1200mV 0C Model Minimum Pulse Width Summary
 33. Slow 1200mV 0C Model Setup: 'reloj_50mhz'
 34. Slow 1200mV 0C Model Setup: 'divisor_frecuencia:INST_DIVISOR|reloj_interno'
 35. Slow 1200mV 0C Model Hold: 'reloj_50mhz'
 36. Slow 1200mV 0C Model Hold: 'divisor_frecuencia:INST_DIVISOR|reloj_interno'
 37. Slow 1200mV 0C Model Recovery: 'divisor_frecuencia:INST_DIVISOR|reloj_interno'
 38. Slow 1200mV 0C Model Recovery: 'reloj_50mhz'
 39. Slow 1200mV 0C Model Removal: 'reloj_50mhz'
 40. Slow 1200mV 0C Model Removal: 'divisor_frecuencia:INST_DIVISOR|reloj_interno'
 41. Slow 1200mV 0C Model Minimum Pulse Width: 'reloj_50mhz'
 42. Slow 1200mV 0C Model Minimum Pulse Width: 'divisor_frecuencia:INST_DIVISOR|reloj_interno'
 43. Setup Times
 44. Hold Times
 45. Clock to Output Times
 46. Minimum Clock to Output Times
 47. Slow 1200mV 0C Model Metastability Report
 48. Fast 1200mV 0C Model Setup Summary
 49. Fast 1200mV 0C Model Hold Summary
 50. Fast 1200mV 0C Model Recovery Summary
 51. Fast 1200mV 0C Model Removal Summary
 52. Fast 1200mV 0C Model Minimum Pulse Width Summary
 53. Fast 1200mV 0C Model Setup: 'reloj_50mhz'
 54. Fast 1200mV 0C Model Setup: 'divisor_frecuencia:INST_DIVISOR|reloj_interno'
 55. Fast 1200mV 0C Model Hold: 'reloj_50mhz'
 56. Fast 1200mV 0C Model Hold: 'divisor_frecuencia:INST_DIVISOR|reloj_interno'
 57. Fast 1200mV 0C Model Recovery: 'divisor_frecuencia:INST_DIVISOR|reloj_interno'
 58. Fast 1200mV 0C Model Recovery: 'reloj_50mhz'
 59. Fast 1200mV 0C Model Removal: 'reloj_50mhz'
 60. Fast 1200mV 0C Model Removal: 'divisor_frecuencia:INST_DIVISOR|reloj_interno'
 61. Fast 1200mV 0C Model Minimum Pulse Width: 'reloj_50mhz'
 62. Fast 1200mV 0C Model Minimum Pulse Width: 'divisor_frecuencia:INST_DIVISOR|reloj_interno'
 63. Setup Times
 64. Hold Times
 65. Clock to Output Times
 66. Minimum Clock to Output Times
 67. Fast 1200mV 0C Model Metastability Report
 68. Multicorner Timing Analysis Summary
 69. Setup Times
 70. Hold Times
 71. Clock to Output Times
 72. Minimum Clock to Output Times
 73. Board Trace Model Assignments
 74. Input Transition Times
 75. Slow Corner Signal Integrity Metrics
 76. Fast Corner Signal Integrity Metrics
 77. Setup Transfers
 78. Hold Transfers
 79. Recovery Transfers
 80. Removal Transfers
 81. Report TCCS
 82. Report RSKM
 83. Unconstrained Paths
 84. TimeQuest Timing Analyzer Messages



----------------
; Legal Notice ;
----------------
Copyright (C) 1991-2013 Altera Corporation
Your use of Altera Corporation's design tools, logic functions 
and other software and tools, and its AMPP partner logic 
functions, and any output files from any of the foregoing 
(including device programming or simulation files), and any 
associated documentation or information are expressly subject 
to the terms and conditions of the Altera Program License 
Subscription Agreement, Altera MegaCore Function License 
Agreement, or other applicable license agreement, including, 
without limitation, that your use is for the sole purpose of 
programming logic devices manufactured by Altera and sold by 
Altera or its authorized distributors.  Please refer to the 
applicable agreement for further details.



+-------------------------------------------------------------------------+
; TimeQuest Timing Analyzer Summary                                       ;
+--------------------+----------------------------------------------------+
; Quartus II Version ; Version 13.1.0 Build 162 10/23/2013 SJ Web Edition ;
; Revision Name      ; temporizador                                       ;
; Device Family      ; Cyclone III                                        ;
; Device Name        ; EP3C16F484C6                                       ;
; Timing Models      ; Final                                              ;
; Delay Model        ; Combined                                           ;
; Rise/Fall Delays   ; Enabled                                            ;
+--------------------+----------------------------------------------------+


Parallel compilation was disabled, but you have multiple processors available. Enable parallel compilation to reduce compilation time.
+-------------------------------------+
; Parallel Compilation                ;
+----------------------------+--------+
; Processors                 ; Number ;
+----------------------------+--------+
; Number detected on machine ; 4      ;
; Maximum allowed            ; 1      ;
+----------------------------+--------+


+--------------------------------------------------------------------------------------------------------------------------------------------------------------------------------------------------------------------------------------------------------------+
; Clocks                                                                                                                                                                                                                                                       ;
+-----------------------------------------------+------+--------+------------+-------+-------+------------+-----------+-------------+-------+--------+-----------+------------+----------+--------+--------+---------------------------------------------------+
; Clock Name                                    ; Type ; Period ; Frequency  ; Rise  ; Fall  ; Duty Cycle ; Divide by ; Multiply by ; Phase ; Offset ; Edge List ; Edge Shift ; Inverted ; Master ; Source ; Targets                                           ;
+-----------------------------------------------+------+--------+------------+-------+-------+------------+-----------+-------------+-------+--------+-----------+------------+----------+--------+--------+---------------------------------------------------+
; divisor_frecuencia:INST_DIVISOR|reloj_interno ; Base ; 1.000  ; 1000.0 MHz ; 0.000 ; 0.500 ;            ;           ;             ;       ;        ;           ;            ;          ;        ;        ; { divisor_frecuencia:INST_DIVISOR|reloj_interno } ;
; reloj_50mhz                                   ; Base ; 1.000  ; 1000.0 MHz ; 0.000 ; 0.500 ;            ;           ;             ;       ;        ;           ;            ;          ;        ;        ; { reloj_50mhz }                                   ;
+-----------------------------------------------+------+--------+------------+-------+-------+------------+-----------+-------------+-------+--------+-----------+------------+----------+--------+--------+---------------------------------------------------+


+---------------------------------------------------------------------------------------------------------------------------------------------+
; Slow 1200mV 85C Model Fmax Summary                                                                                                          ;
+-----------+-----------------+-----------------------------------------------+---------------------------------------------------------------+
; Fmax      ; Restricted Fmax ; Clock Name                                    ; Note                                                          ;
+-----------+-----------------+-----------------------------------------------+---------------------------------------------------------------+
; 259.0 MHz ; 250.0 MHz       ; reloj_50mhz                                   ; limit due to minimum period restriction (max I/O toggle rate) ;
; 406.5 MHz ; 406.5 MHz       ; divisor_frecuencia:INST_DIVISOR|reloj_interno ;                                                               ;
+-----------+-----------------+-----------------------------------------------+---------------------------------------------------------------+
This panel reports FMAX for every clock in the design, regardless of the user-specified clock periods.  FMAX is only computed for paths where the source and destination registers or ports are driven by the same clock.  Paths of different clocks, including generated clocks, are ignored.  For paths between a clock and its inversion, FMAX is computed as if the rising and falling edges are scaled along with FMAX, such that the duty cycle (in terms of a percentage) is maintained. Altera recommends that you always use clock constraints and other slack reports for sign-off analysis.


----------------------------------
; Timing Closure Recommendations ;
----------------------------------
HTML report is unavailable in plain text report export.


+------------------------------------------------------------------------+
; Slow 1200mV 85C Model Setup Summary                                    ;
+-----------------------------------------------+--------+---------------+
; Clock                                         ; Slack  ; End Point TNS ;
+-----------------------------------------------+--------+---------------+
; reloj_50mhz                                   ; -2.861 ; -162.424      ;
; divisor_frecuencia:INST_DIVISOR|reloj_interno ; -1.460 ; -14.302       ;
+-----------------------------------------------+--------+---------------+


+------------------------------------------------------------------------+
; Slow 1200mV 85C Model Hold Summary                                     ;
+-----------------------------------------------+--------+---------------+
; Clock                                         ; Slack  ; End Point TNS ;
+-----------------------------------------------+--------+---------------+
; reloj_50mhz                                   ; -0.064 ; -0.064        ;
; divisor_frecuencia:INST_DIVISOR|reloj_interno ; 0.358  ; 0.000         ;
+-----------------------------------------------+--------+---------------+


+------------------------------------------------------------------------+
; Slow 1200mV 85C Model Recovery Summary                                 ;
+-----------------------------------------------+--------+---------------+
; Clock                                         ; Slack  ; End Point TNS ;
+-----------------------------------------------+--------+---------------+
; divisor_frecuencia:INST_DIVISOR|reloj_interno ; -0.657 ; -7.736        ;
; reloj_50mhz                                   ; -0.618 ; -12.514       ;
+-----------------------------------------------+--------+---------------+


+-----------------------------------------------------------------------+
; Slow 1200mV 85C Model Removal Summary                                 ;
+-----------------------------------------------+-------+---------------+
; Clock                                         ; Slack ; End Point TNS ;
+-----------------------------------------------+-------+---------------+
; reloj_50mhz                                   ; 0.848 ; 0.000         ;
; divisor_frecuencia:INST_DIVISOR|reloj_interno ; 1.057 ; 0.000         ;
+-----------------------------------------------+-------+---------------+


+------------------------------------------------------------------------+
; Slow 1200mV 85C Model Minimum Pulse Width Summary                      ;
+-----------------------------------------------+--------+---------------+
; Clock                                         ; Slack  ; End Point TNS ;
+-----------------------------------------------+--------+---------------+
; reloj_50mhz                                   ; -3.000 ; -82.000       ;
; divisor_frecuencia:INST_DIVISOR|reloj_interno ; -1.000 ; -12.000       ;
+-----------------------------------------------+--------+---------------+


+------------------------------------------------------------------------------------------------------------------------------------------------------------------------------------------+
; Slow 1200mV 85C Model Setup: 'reloj_50mhz'                                                                                                                                               ;
+--------+-----------------------------------------------------+-----------------------------------------------------+--------------+-------------+--------------+------------+------------+
; Slack  ; From Node                                           ; To Node                                             ; Launch Clock ; Latch Clock ; Relationship ; Clock Skew ; Data Delay ;
+--------+-----------------------------------------------------+-----------------------------------------------------+--------------+-------------+--------------+------------+------------+
; -2.861 ; divisor_frecuencia:INST_DIVISOR|contador_ciclos[23] ; divisor_frecuencia:INST_DIVISOR|reloj_interno       ; reloj_50mhz  ; reloj_50mhz ; 1.000        ; -0.060     ; 3.796      ;
; -2.833 ; divisor_frecuencia:INST_DIVISOR|contador_ciclos[4]  ; divisor_frecuencia:INST_DIVISOR|reloj_interno       ; reloj_50mhz  ; reloj_50mhz ; 1.000        ; -0.425     ; 3.403      ;
; -2.782 ; divisor_frecuencia:INST_DIVISOR|contador_ciclos[21] ; divisor_frecuencia:INST_DIVISOR|reloj_interno       ; reloj_50mhz  ; reloj_50mhz ; 1.000        ; -0.061     ; 3.716      ;
; -2.779 ; divisor_frecuencia:INST_DIVISOR|contador_ciclos[10] ; divisor_frecuencia:INST_DIVISOR|reloj_interno       ; reloj_50mhz  ; reloj_50mhz ; 1.000        ; -0.425     ; 3.349      ;
; -2.775 ; divisor_frecuencia:INST_DIVISOR|contador_ciclos[18] ; divisor_frecuencia:INST_DIVISOR|reloj_interno       ; reloj_50mhz  ; reloj_50mhz ; 1.000        ; -0.061     ; 3.709      ;
; -2.754 ; divisor_frecuencia:INST_DIVISOR|contador_ciclos[24] ; divisor_frecuencia:INST_DIVISOR|reloj_interno       ; reloj_50mhz  ; reloj_50mhz ; 1.000        ; -0.060     ; 3.689      ;
; -2.727 ; divisor_frecuencia:INST_DIVISOR|contador_ciclos[22] ; divisor_frecuencia:INST_DIVISOR|reloj_interno       ; reloj_50mhz  ; reloj_50mhz ; 1.000        ; -0.061     ; 3.661      ;
; -2.718 ; divisor_frecuencia:INST_DIVISOR|contador_ciclos[0]  ; divisor_frecuencia:INST_DIVISOR|reloj_interno       ; reloj_50mhz  ; reloj_50mhz ; 1.000        ; -0.061     ; 3.652      ;
; -2.712 ; divisor_frecuencia:INST_DIVISOR|contador_ciclos[17] ; divisor_frecuencia:INST_DIVISOR|reloj_interno       ; reloj_50mhz  ; reloj_50mhz ; 1.000        ; -0.060     ; 3.647      ;
; -2.706 ; divisor_frecuencia:INST_DIVISOR|contador_ciclos[9]  ; divisor_frecuencia:INST_DIVISOR|reloj_interno       ; reloj_50mhz  ; reloj_50mhz ; 1.000        ; -0.425     ; 3.276      ;
; -2.704 ; control_boton:INST_BOTON|contador_duracion[19]      ; control_boton:INST_BOTON|contador_duracion[8]       ; reloj_50mhz  ; reloj_50mhz ; 1.000        ; -0.058     ; 3.641      ;
; -2.696 ; divisor_frecuencia:INST_DIVISOR|contador_ciclos[3]  ; divisor_frecuencia:INST_DIVISOR|reloj_interno       ; reloj_50mhz  ; reloj_50mhz ; 1.000        ; -0.425     ; 3.266      ;
; -2.677 ; divisor_frecuencia:INST_DIVISOR|contador_ciclos[20] ; divisor_frecuencia:INST_DIVISOR|reloj_interno       ; reloj_50mhz  ; reloj_50mhz ; 1.000        ; -0.061     ; 3.611      ;
; -2.675 ; control_boton:INST_BOTON|contador_duracion[20]      ; control_boton:INST_BOTON|contador_duracion[8]       ; reloj_50mhz  ; reloj_50mhz ; 1.000        ; -0.058     ; 3.612      ;
; -2.654 ; control_boton:INST_BOTON|contador_duracion[18]      ; control_boton:INST_BOTON|contador_duracion[8]       ; reloj_50mhz  ; reloj_50mhz ; 1.000        ; -0.058     ; 3.591      ;
; -2.622 ; control_boton:INST_BOTON|contador_duracion[9]       ; control_boton:INST_BOTON|contador_duracion[8]       ; reloj_50mhz  ; reloj_50mhz ; 1.000        ; -0.422     ; 3.195      ;
; -2.617 ; divisor_frecuencia:INST_DIVISOR|contador_ciclos[14] ; divisor_frecuencia:INST_DIVISOR|reloj_interno       ; reloj_50mhz  ; reloj_50mhz ; 1.000        ; -0.061     ; 3.551      ;
; -2.615 ; divisor_frecuencia:INST_DIVISOR|contador_ciclos[7]  ; divisor_frecuencia:INST_DIVISOR|reloj_interno       ; reloj_50mhz  ; reloj_50mhz ; 1.000        ; -0.061     ; 3.549      ;
; -2.614 ; divisor_frecuencia:INST_DIVISOR|contador_ciclos[8]  ; divisor_frecuencia:INST_DIVISOR|reloj_interno       ; reloj_50mhz  ; reloj_50mhz ; 1.000        ; -0.061     ; 3.548      ;
; -2.594 ; control_boton:INST_BOTON|contador_antirrebote[7]    ; control_boton:INST_BOTON|contador_antirrebote[6]    ; reloj_50mhz  ; reloj_50mhz ; 1.000        ; -0.060     ; 3.529      ;
; -2.594 ; control_boton:INST_BOTON|contador_antirrebote[7]    ; control_boton:INST_BOTON|contador_antirrebote[7]    ; reloj_50mhz  ; reloj_50mhz ; 1.000        ; -0.060     ; 3.529      ;
; -2.594 ; control_boton:INST_BOTON|contador_antirrebote[7]    ; control_boton:INST_BOTON|contador_antirrebote[8]    ; reloj_50mhz  ; reloj_50mhz ; 1.000        ; -0.060     ; 3.529      ;
; -2.594 ; control_boton:INST_BOTON|contador_antirrebote[7]    ; control_boton:INST_BOTON|contador_antirrebote[9]    ; reloj_50mhz  ; reloj_50mhz ; 1.000        ; -0.060     ; 3.529      ;
; -2.587 ; divisor_frecuencia:INST_DIVISOR|contador_ciclos[15] ; divisor_frecuencia:INST_DIVISOR|reloj_interno       ; reloj_50mhz  ; reloj_50mhz ; 1.000        ; -0.060     ; 3.522      ;
; -2.586 ; control_boton:INST_BOTON|contador_antirrebote[6]    ; control_boton:INST_BOTON|contador_antirrebote[6]    ; reloj_50mhz  ; reloj_50mhz ; 1.000        ; -0.060     ; 3.521      ;
; -2.586 ; control_boton:INST_BOTON|contador_antirrebote[6]    ; control_boton:INST_BOTON|contador_antirrebote[7]    ; reloj_50mhz  ; reloj_50mhz ; 1.000        ; -0.060     ; 3.521      ;
; -2.586 ; control_boton:INST_BOTON|contador_antirrebote[6]    ; control_boton:INST_BOTON|contador_antirrebote[8]    ; reloj_50mhz  ; reloj_50mhz ; 1.000        ; -0.060     ; 3.521      ;
; -2.586 ; control_boton:INST_BOTON|contador_antirrebote[6]    ; control_boton:INST_BOTON|contador_antirrebote[9]    ; reloj_50mhz  ; reloj_50mhz ; 1.000        ; -0.060     ; 3.521      ;
; -2.578 ; divisor_frecuencia:INST_DIVISOR|contador_ciclos[1]  ; divisor_frecuencia:INST_DIVISOR|reloj_interno       ; reloj_50mhz  ; reloj_50mhz ; 1.000        ; -0.061     ; 3.512      ;
; -2.574 ; divisor_frecuencia:INST_DIVISOR|contador_ciclos[2]  ; divisor_frecuencia:INST_DIVISOR|reloj_interno       ; reloj_50mhz  ; reloj_50mhz ; 1.000        ; -0.061     ; 3.508      ;
; -2.571 ; divisor_frecuencia:INST_DIVISOR|contador_ciclos[25] ; divisor_frecuencia:INST_DIVISOR|reloj_interno       ; reloj_50mhz  ; reloj_50mhz ; 1.000        ; -0.060     ; 3.506      ;
; -2.567 ; divisor_frecuencia:INST_DIVISOR|contador_ciclos[5]  ; divisor_frecuencia:INST_DIVISOR|reloj_interno       ; reloj_50mhz  ; reloj_50mhz ; 1.000        ; -0.061     ; 3.501      ;
; -2.547 ; divisor_frecuencia:INST_DIVISOR|contador_ciclos[16] ; divisor_frecuencia:INST_DIVISOR|reloj_interno       ; reloj_50mhz  ; reloj_50mhz ; 1.000        ; -0.060     ; 3.482      ;
; -2.542 ; divisor_frecuencia:INST_DIVISOR|contador_ciclos[3]  ; divisor_frecuencia:INST_DIVISOR|contador_ciclos[24] ; reloj_50mhz  ; reloj_50mhz ; 1.000        ; -0.426     ; 3.111      ;
; -2.539 ; divisor_frecuencia:INST_DIVISOR|contador_ciclos[19] ; divisor_frecuencia:INST_DIVISOR|reloj_interno       ; reloj_50mhz  ; reloj_50mhz ; 1.000        ; -0.061     ; 3.473      ;
; -2.537 ; control_boton:INST_BOTON|contador_duracion[8]       ; control_boton:INST_BOTON|contador_duracion[8]       ; reloj_50mhz  ; reloj_50mhz ; 1.000        ; -0.060     ; 3.472      ;
; -2.530 ; control_boton:INST_BOTON|contador_duracion[10]      ; control_boton:INST_BOTON|contador_duracion[8]       ; reloj_50mhz  ; reloj_50mhz ; 1.000        ; -0.422     ; 3.103      ;
; -2.515 ; divisor_frecuencia:INST_DIVISOR|contador_ciclos[12] ; divisor_frecuencia:INST_DIVISOR|reloj_interno       ; reloj_50mhz  ; reloj_50mhz ; 1.000        ; -0.061     ; 3.449      ;
; -2.491 ; control_boton:INST_BOTON|contador_duracion[19]      ; control_boton:INST_BOTON|contador_duracion[17]      ; reloj_50mhz  ; reloj_50mhz ; 1.000        ; -0.060     ; 3.426      ;
; -2.491 ; control_boton:INST_BOTON|contador_duracion[19]      ; control_boton:INST_BOTON|contador_duracion[19]      ; reloj_50mhz  ; reloj_50mhz ; 1.000        ; -0.060     ; 3.426      ;
; -2.491 ; control_boton:INST_BOTON|contador_duracion[19]      ; control_boton:INST_BOTON|contador_duracion[13]      ; reloj_50mhz  ; reloj_50mhz ; 1.000        ; -0.060     ; 3.426      ;
; -2.491 ; control_boton:INST_BOTON|contador_duracion[19]      ; control_boton:INST_BOTON|contador_duracion[14]      ; reloj_50mhz  ; reloj_50mhz ; 1.000        ; -0.060     ; 3.426      ;
; -2.491 ; control_boton:INST_BOTON|contador_duracion[19]      ; control_boton:INST_BOTON|contador_duracion[15]      ; reloj_50mhz  ; reloj_50mhz ; 1.000        ; -0.060     ; 3.426      ;
; -2.491 ; control_boton:INST_BOTON|contador_duracion[19]      ; control_boton:INST_BOTON|contador_duracion[18]      ; reloj_50mhz  ; reloj_50mhz ; 1.000        ; -0.060     ; 3.426      ;
; -2.491 ; control_boton:INST_BOTON|contador_duracion[19]      ; control_boton:INST_BOTON|contador_duracion[20]      ; reloj_50mhz  ; reloj_50mhz ; 1.000        ; -0.060     ; 3.426      ;
; -2.491 ; control_boton:INST_BOTON|contador_duracion[19]      ; control_boton:INST_BOTON|contador_duracion[21]      ; reloj_50mhz  ; reloj_50mhz ; 1.000        ; -0.060     ; 3.426      ;
; -2.491 ; control_boton:INST_BOTON|contador_duracion[19]      ; control_boton:INST_BOTON|contador_duracion[23]      ; reloj_50mhz  ; reloj_50mhz ; 1.000        ; -0.060     ; 3.426      ;
; -2.482 ; control_boton:INST_BOTON|contador_duracion[12]      ; control_boton:INST_BOTON|contador_duracion[8]       ; reloj_50mhz  ; reloj_50mhz ; 1.000        ; -0.422     ; 3.055      ;
; -2.462 ; control_boton:INST_BOTON|contador_duracion[20]      ; control_boton:INST_BOTON|contador_duracion[17]      ; reloj_50mhz  ; reloj_50mhz ; 1.000        ; -0.060     ; 3.397      ;
; -2.462 ; control_boton:INST_BOTON|contador_duracion[20]      ; control_boton:INST_BOTON|contador_duracion[19]      ; reloj_50mhz  ; reloj_50mhz ; 1.000        ; -0.060     ; 3.397      ;
; -2.462 ; control_boton:INST_BOTON|contador_duracion[20]      ; control_boton:INST_BOTON|contador_duracion[13]      ; reloj_50mhz  ; reloj_50mhz ; 1.000        ; -0.060     ; 3.397      ;
; -2.462 ; control_boton:INST_BOTON|contador_duracion[20]      ; control_boton:INST_BOTON|contador_duracion[14]      ; reloj_50mhz  ; reloj_50mhz ; 1.000        ; -0.060     ; 3.397      ;
; -2.462 ; control_boton:INST_BOTON|contador_duracion[20]      ; control_boton:INST_BOTON|contador_duracion[15]      ; reloj_50mhz  ; reloj_50mhz ; 1.000        ; -0.060     ; 3.397      ;
; -2.462 ; control_boton:INST_BOTON|contador_duracion[20]      ; control_boton:INST_BOTON|contador_duracion[18]      ; reloj_50mhz  ; reloj_50mhz ; 1.000        ; -0.060     ; 3.397      ;
; -2.462 ; control_boton:INST_BOTON|contador_duracion[20]      ; control_boton:INST_BOTON|contador_duracion[20]      ; reloj_50mhz  ; reloj_50mhz ; 1.000        ; -0.060     ; 3.397      ;
; -2.462 ; control_boton:INST_BOTON|contador_duracion[20]      ; control_boton:INST_BOTON|contador_duracion[21]      ; reloj_50mhz  ; reloj_50mhz ; 1.000        ; -0.060     ; 3.397      ;
; -2.462 ; control_boton:INST_BOTON|contador_duracion[20]      ; control_boton:INST_BOTON|contador_duracion[23]      ; reloj_50mhz  ; reloj_50mhz ; 1.000        ; -0.060     ; 3.397      ;
; -2.460 ; control_boton:INST_BOTON|contador_antirrebote[12]   ; control_boton:INST_BOTON|contador_antirrebote[6]    ; reloj_50mhz  ; reloj_50mhz ; 1.000        ; -0.058     ; 3.397      ;
; -2.460 ; control_boton:INST_BOTON|contador_antirrebote[12]   ; control_boton:INST_BOTON|contador_antirrebote[7]    ; reloj_50mhz  ; reloj_50mhz ; 1.000        ; -0.058     ; 3.397      ;
; -2.460 ; control_boton:INST_BOTON|contador_antirrebote[12]   ; control_boton:INST_BOTON|contador_antirrebote[8]    ; reloj_50mhz  ; reloj_50mhz ; 1.000        ; -0.058     ; 3.397      ;
; -2.460 ; control_boton:INST_BOTON|contador_antirrebote[12]   ; control_boton:INST_BOTON|contador_antirrebote[9]    ; reloj_50mhz  ; reloj_50mhz ; 1.000        ; -0.058     ; 3.397      ;
; -2.459 ; control_boton:INST_BOTON|contador_antirrebote[13]   ; control_boton:INST_BOTON|contador_antirrebote[6]    ; reloj_50mhz  ; reloj_50mhz ; 1.000        ; -0.058     ; 3.396      ;
; -2.459 ; control_boton:INST_BOTON|contador_antirrebote[13]   ; control_boton:INST_BOTON|contador_antirrebote[7]    ; reloj_50mhz  ; reloj_50mhz ; 1.000        ; -0.058     ; 3.396      ;
; -2.459 ; control_boton:INST_BOTON|contador_antirrebote[13]   ; control_boton:INST_BOTON|contador_antirrebote[8]    ; reloj_50mhz  ; reloj_50mhz ; 1.000        ; -0.058     ; 3.396      ;
; -2.459 ; control_boton:INST_BOTON|contador_antirrebote[13]   ; control_boton:INST_BOTON|contador_antirrebote[9]    ; reloj_50mhz  ; reloj_50mhz ; 1.000        ; -0.058     ; 3.396      ;
; -2.454 ; control_boton:INST_BOTON|contador_duracion[17]      ; control_boton:INST_BOTON|contador_duracion[8]       ; reloj_50mhz  ; reloj_50mhz ; 1.000        ; -0.058     ; 3.391      ;
; -2.449 ; control_boton:INST_BOTON|contador_antirrebote[9]    ; control_boton:INST_BOTON|contador_antirrebote[6]    ; reloj_50mhz  ; reloj_50mhz ; 1.000        ; -0.060     ; 3.384      ;
; -2.449 ; control_boton:INST_BOTON|contador_antirrebote[9]    ; control_boton:INST_BOTON|contador_antirrebote[7]    ; reloj_50mhz  ; reloj_50mhz ; 1.000        ; -0.060     ; 3.384      ;
; -2.449 ; control_boton:INST_BOTON|contador_antirrebote[9]    ; control_boton:INST_BOTON|contador_antirrebote[8]    ; reloj_50mhz  ; reloj_50mhz ; 1.000        ; -0.060     ; 3.384      ;
; -2.449 ; control_boton:INST_BOTON|contador_antirrebote[9]    ; control_boton:INST_BOTON|contador_antirrebote[9]    ; reloj_50mhz  ; reloj_50mhz ; 1.000        ; -0.060     ; 3.384      ;
; -2.445 ; divisor_frecuencia:INST_DIVISOR|contador_ciclos[6]  ; divisor_frecuencia:INST_DIVISOR|reloj_interno       ; reloj_50mhz  ; reloj_50mhz ; 1.000        ; -0.061     ; 3.379      ;
; -2.445 ; control_boton:INST_BOTON|contador_duracion[11]      ; control_boton:INST_BOTON|contador_duracion[8]       ; reloj_50mhz  ; reloj_50mhz ; 1.000        ; -0.422     ; 3.018      ;
; -2.441 ; control_boton:INST_BOTON|contador_duracion[18]      ; control_boton:INST_BOTON|contador_duracion[17]      ; reloj_50mhz  ; reloj_50mhz ; 1.000        ; -0.060     ; 3.376      ;
; -2.441 ; control_boton:INST_BOTON|contador_duracion[18]      ; control_boton:INST_BOTON|contador_duracion[19]      ; reloj_50mhz  ; reloj_50mhz ; 1.000        ; -0.060     ; 3.376      ;
; -2.441 ; control_boton:INST_BOTON|contador_duracion[18]      ; control_boton:INST_BOTON|contador_duracion[13]      ; reloj_50mhz  ; reloj_50mhz ; 1.000        ; -0.060     ; 3.376      ;
; -2.441 ; control_boton:INST_BOTON|contador_duracion[18]      ; control_boton:INST_BOTON|contador_duracion[14]      ; reloj_50mhz  ; reloj_50mhz ; 1.000        ; -0.060     ; 3.376      ;
; -2.441 ; control_boton:INST_BOTON|contador_duracion[18]      ; control_boton:INST_BOTON|contador_duracion[15]      ; reloj_50mhz  ; reloj_50mhz ; 1.000        ; -0.060     ; 3.376      ;
; -2.441 ; control_boton:INST_BOTON|contador_duracion[18]      ; control_boton:INST_BOTON|contador_duracion[18]      ; reloj_50mhz  ; reloj_50mhz ; 1.000        ; -0.060     ; 3.376      ;
; -2.441 ; control_boton:INST_BOTON|contador_duracion[18]      ; control_boton:INST_BOTON|contador_duracion[20]      ; reloj_50mhz  ; reloj_50mhz ; 1.000        ; -0.060     ; 3.376      ;
; -2.441 ; control_boton:INST_BOTON|contador_duracion[18]      ; control_boton:INST_BOTON|contador_duracion[21]      ; reloj_50mhz  ; reloj_50mhz ; 1.000        ; -0.060     ; 3.376      ;
; -2.441 ; control_boton:INST_BOTON|contador_duracion[18]      ; control_boton:INST_BOTON|contador_duracion[23]      ; reloj_50mhz  ; reloj_50mhz ; 1.000        ; -0.060     ; 3.376      ;
; -2.441 ; control_boton:INST_BOTON|contador_antirrebote[11]   ; control_boton:INST_BOTON|contador_antirrebote[6]    ; reloj_50mhz  ; reloj_50mhz ; 1.000        ; -0.058     ; 3.378      ;
; -2.441 ; control_boton:INST_BOTON|contador_antirrebote[11]   ; control_boton:INST_BOTON|contador_antirrebote[7]    ; reloj_50mhz  ; reloj_50mhz ; 1.000        ; -0.058     ; 3.378      ;
; -2.441 ; control_boton:INST_BOTON|contador_antirrebote[11]   ; control_boton:INST_BOTON|contador_antirrebote[8]    ; reloj_50mhz  ; reloj_50mhz ; 1.000        ; -0.058     ; 3.378      ;
; -2.441 ; control_boton:INST_BOTON|contador_antirrebote[11]   ; control_boton:INST_BOTON|contador_antirrebote[9]    ; reloj_50mhz  ; reloj_50mhz ; 1.000        ; -0.058     ; 3.378      ;
; -2.439 ; control_boton:INST_BOTON|contador_duracion[22]      ; control_boton:INST_BOTON|contador_duracion[8]       ; reloj_50mhz  ; reloj_50mhz ; 1.000        ; -0.420     ; 3.014      ;
; -2.435 ; divisor_frecuencia:INST_DIVISOR|contador_ciclos[3]  ; divisor_frecuencia:INST_DIVISOR|contador_ciclos[21] ; reloj_50mhz  ; reloj_50mhz ; 1.000        ; -0.425     ; 3.005      ;
; -2.427 ; control_boton:INST_BOTON|contador_duracion[21]      ; control_boton:INST_BOTON|contador_duracion[8]       ; reloj_50mhz  ; reloj_50mhz ; 1.000        ; -0.058     ; 3.364      ;
; -2.419 ; divisor_frecuencia:INST_DIVISOR|contador_ciclos[3]  ; divisor_frecuencia:INST_DIVISOR|contador_ciclos[22] ; reloj_50mhz  ; reloj_50mhz ; 1.000        ; -0.425     ; 2.989      ;
; -2.415 ; divisor_frecuencia:INST_DIVISOR|contador_ciclos[11] ; divisor_frecuencia:INST_DIVISOR|reloj_interno       ; reloj_50mhz  ; reloj_50mhz ; 1.000        ; -0.061     ; 3.349      ;
; -2.409 ; control_boton:INST_BOTON|contador_duracion[9]       ; control_boton:INST_BOTON|contador_duracion[17]      ; reloj_50mhz  ; reloj_50mhz ; 1.000        ; -0.424     ; 2.980      ;
; -2.409 ; control_boton:INST_BOTON|contador_duracion[9]       ; control_boton:INST_BOTON|contador_duracion[19]      ; reloj_50mhz  ; reloj_50mhz ; 1.000        ; -0.424     ; 2.980      ;
; -2.409 ; control_boton:INST_BOTON|contador_duracion[9]       ; control_boton:INST_BOTON|contador_duracion[13]      ; reloj_50mhz  ; reloj_50mhz ; 1.000        ; -0.424     ; 2.980      ;
; -2.409 ; control_boton:INST_BOTON|contador_duracion[9]       ; control_boton:INST_BOTON|contador_duracion[14]      ; reloj_50mhz  ; reloj_50mhz ; 1.000        ; -0.424     ; 2.980      ;
; -2.409 ; control_boton:INST_BOTON|contador_duracion[9]       ; control_boton:INST_BOTON|contador_duracion[15]      ; reloj_50mhz  ; reloj_50mhz ; 1.000        ; -0.424     ; 2.980      ;
; -2.409 ; control_boton:INST_BOTON|contador_duracion[9]       ; control_boton:INST_BOTON|contador_duracion[18]      ; reloj_50mhz  ; reloj_50mhz ; 1.000        ; -0.424     ; 2.980      ;
; -2.409 ; control_boton:INST_BOTON|contador_duracion[9]       ; control_boton:INST_BOTON|contador_duracion[20]      ; reloj_50mhz  ; reloj_50mhz ; 1.000        ; -0.424     ; 2.980      ;
; -2.409 ; control_boton:INST_BOTON|contador_duracion[9]       ; control_boton:INST_BOTON|contador_duracion[21]      ; reloj_50mhz  ; reloj_50mhz ; 1.000        ; -0.424     ; 2.980      ;
; -2.409 ; control_boton:INST_BOTON|contador_duracion[9]       ; control_boton:INST_BOTON|contador_duracion[23]      ; reloj_50mhz  ; reloj_50mhz ; 1.000        ; -0.424     ; 2.980      ;
; -2.406 ; control_boton:INST_BOTON|contador_duracion[19]      ; control_boton:INST_BOTON|reinicio_temporizador      ; reloj_50mhz  ; reloj_50mhz ; 1.000        ; -0.059     ; 3.342      ;
+--------+-----------------------------------------------------+-----------------------------------------------------+--------------+-------------+--------------+------------+------------+


+-----------------------------------------------------------------------------------------------------------------------------------------------------------------------------------------------------------------------------------------+
; Slow 1200mV 85C Model Setup: 'divisor_frecuencia:INST_DIVISOR|reloj_interno'                                                                                                                                                            ;
+--------+-------------------------------------------+-------------------------------------------+-----------------------------------------------+-----------------------------------------------+--------------+------------+------------+
; Slack  ; From Node                                 ; To Node                                   ; Launch Clock                                  ; Latch Clock                                   ; Relationship ; Clock Skew ; Data Delay ;
+--------+-------------------------------------------+-------------------------------------------+-----------------------------------------------+-----------------------------------------------+--------------+------------+------------+
; -1.460 ; contador_segundos:INST_SEGUNDOS|decena[1] ; contador_minutos:INST_MINUTOS|minutos[3]  ; divisor_frecuencia:INST_DIVISOR|reloj_interno ; divisor_frecuencia:INST_DIVISOR|reloj_interno ; 1.000        ; -0.061     ; 2.394      ;
; -1.443 ; contador_segundos:INST_SEGUNDOS|decena[2] ; contador_minutos:INST_MINUTOS|minutos[3]  ; divisor_frecuencia:INST_DIVISOR|reloj_interno ; divisor_frecuencia:INST_DIVISOR|reloj_interno ; 1.000        ; -0.061     ; 2.377      ;
; -1.438 ; contador_segundos:INST_SEGUNDOS|decena[1] ; contador_minutos:INST_MINUTOS|minutos[1]  ; divisor_frecuencia:INST_DIVISOR|reloj_interno ; divisor_frecuencia:INST_DIVISOR|reloj_interno ; 1.000        ; -0.061     ; 2.372      ;
; -1.393 ; contador_segundos:INST_SEGUNDOS|decena[1] ; contador_segundos:INST_SEGUNDOS|decena[2] ; divisor_frecuencia:INST_DIVISOR|reloj_interno ; divisor_frecuencia:INST_DIVISOR|reloj_interno ; 1.000        ; -0.062     ; 2.326      ;
; -1.390 ; contador_segundos:INST_SEGUNDOS|decena[1] ; contador_segundos:INST_SEGUNDOS|decena[1] ; divisor_frecuencia:INST_DIVISOR|reloj_interno ; divisor_frecuencia:INST_DIVISOR|reloj_interno ; 1.000        ; -0.062     ; 2.323      ;
; -1.385 ; contador_segundos:INST_SEGUNDOS|decena[2] ; contador_segundos:INST_SEGUNDOS|decena[2] ; divisor_frecuencia:INST_DIVISOR|reloj_interno ; divisor_frecuencia:INST_DIVISOR|reloj_interno ; 1.000        ; -0.062     ; 2.318      ;
; -1.384 ; contador_segundos:INST_SEGUNDOS|decena[2] ; contador_segundos:INST_SEGUNDOS|decena[1] ; divisor_frecuencia:INST_DIVISOR|reloj_interno ; divisor_frecuencia:INST_DIVISOR|reloj_interno ; 1.000        ; -0.062     ; 2.317      ;
; -1.375 ; contador_minutos:INST_MINUTOS|minutos[2]  ; contador_minutos:INST_MINUTOS|minutos[3]  ; divisor_frecuencia:INST_DIVISOR|reloj_interno ; divisor_frecuencia:INST_DIVISOR|reloj_interno ; 1.000        ; -0.062     ; 2.308      ;
; -1.373 ; contador_segundos:INST_SEGUNDOS|decena[2] ; contador_minutos:INST_MINUTOS|minutos[1]  ; divisor_frecuencia:INST_DIVISOR|reloj_interno ; divisor_frecuencia:INST_DIVISOR|reloj_interno ; 1.000        ; -0.061     ; 2.307      ;
; -1.364 ; contador_minutos:INST_MINUTOS|minutos[0]  ; contador_minutos:INST_MINUTOS|minutos[3]  ; divisor_frecuencia:INST_DIVISOR|reloj_interno ; divisor_frecuencia:INST_DIVISOR|reloj_interno ; 1.000        ; -0.062     ; 2.297      ;
; -1.354 ; contador_segundos:INST_SEGUNDOS|decena[0] ; contador_minutos:INST_MINUTOS|minutos[3]  ; divisor_frecuencia:INST_DIVISOR|reloj_interno ; divisor_frecuencia:INST_DIVISOR|reloj_interno ; 1.000        ; -0.061     ; 2.288      ;
; -1.353 ; contador_minutos:INST_MINUTOS|minutos[2]  ; contador_minutos:INST_MINUTOS|minutos[1]  ; divisor_frecuencia:INST_DIVISOR|reloj_interno ; divisor_frecuencia:INST_DIVISOR|reloj_interno ; 1.000        ; -0.062     ; 2.286      ;
; -1.334 ; contador_minutos:INST_MINUTOS|minutos[0]  ; contador_minutos:INST_MINUTOS|minutos[1]  ; divisor_frecuencia:INST_DIVISOR|reloj_interno ; divisor_frecuencia:INST_DIVISOR|reloj_interno ; 1.000        ; -0.062     ; 2.267      ;
; -1.322 ; contador_segundos:INST_SEGUNDOS|unidad[3] ; contador_minutos:INST_MINUTOS|minutos[3]  ; divisor_frecuencia:INST_DIVISOR|reloj_interno ; divisor_frecuencia:INST_DIVISOR|reloj_interno ; 1.000        ; -0.062     ; 2.255      ;
; -1.298 ; contador_segundos:INST_SEGUNDOS|unidad[1] ; contador_minutos:INST_MINUTOS|minutos[3]  ; divisor_frecuencia:INST_DIVISOR|reloj_interno ; divisor_frecuencia:INST_DIVISOR|reloj_interno ; 1.000        ; -0.062     ; 2.231      ;
; -1.296 ; contador_segundos:INST_SEGUNDOS|decena[0] ; contador_segundos:INST_SEGUNDOS|decena[2] ; divisor_frecuencia:INST_DIVISOR|reloj_interno ; divisor_frecuencia:INST_DIVISOR|reloj_interno ; 1.000        ; -0.062     ; 2.229      ;
; -1.295 ; contador_segundos:INST_SEGUNDOS|decena[0] ; contador_segundos:INST_SEGUNDOS|decena[1] ; divisor_frecuencia:INST_DIVISOR|reloj_interno ; divisor_frecuencia:INST_DIVISOR|reloj_interno ; 1.000        ; -0.062     ; 2.228      ;
; -1.285 ; contador_segundos:INST_SEGUNDOS|unidad[1] ; contador_segundos:INST_SEGUNDOS|decena[2] ; divisor_frecuencia:INST_DIVISOR|reloj_interno ; divisor_frecuencia:INST_DIVISOR|reloj_interno ; 1.000        ; -0.063     ; 2.217      ;
; -1.284 ; contador_segundos:INST_SEGUNDOS|decena[0] ; contador_minutos:INST_MINUTOS|minutos[1]  ; divisor_frecuencia:INST_DIVISOR|reloj_interno ; divisor_frecuencia:INST_DIVISOR|reloj_interno ; 1.000        ; -0.061     ; 2.218      ;
; -1.282 ; contador_segundos:INST_SEGUNDOS|unidad[1] ; contador_segundos:INST_SEGUNDOS|decena[1] ; divisor_frecuencia:INST_DIVISOR|reloj_interno ; divisor_frecuencia:INST_DIVISOR|reloj_interno ; 1.000        ; -0.063     ; 2.214      ;
; -1.269 ; contador_segundos:INST_SEGUNDOS|decena[1] ; contador_segundos:INST_SEGUNDOS|unidad[0] ; divisor_frecuencia:INST_DIVISOR|reloj_interno ; divisor_frecuencia:INST_DIVISOR|reloj_interno ; 1.000        ; -0.061     ; 2.203      ;
; -1.267 ; contador_segundos:INST_SEGUNDOS|decena[1] ; contador_segundos:INST_SEGUNDOS|unidad[3] ; divisor_frecuencia:INST_DIVISOR|reloj_interno ; divisor_frecuencia:INST_DIVISOR|reloj_interno ; 1.000        ; -0.061     ; 2.201      ;
; -1.264 ; contador_segundos:INST_SEGUNDOS|unidad[3] ; contador_segundos:INST_SEGUNDOS|decena[2] ; divisor_frecuencia:INST_DIVISOR|reloj_interno ; divisor_frecuencia:INST_DIVISOR|reloj_interno ; 1.000        ; -0.063     ; 2.196      ;
; -1.263 ; contador_segundos:INST_SEGUNDOS|unidad[3] ; contador_segundos:INST_SEGUNDOS|decena[1] ; divisor_frecuencia:INST_DIVISOR|reloj_interno ; divisor_frecuencia:INST_DIVISOR|reloj_interno ; 1.000        ; -0.063     ; 2.195      ;
; -1.235 ; contador_segundos:INST_SEGUNDOS|decena[2] ; contador_segundos:INST_SEGUNDOS|unidad[0] ; divisor_frecuencia:INST_DIVISOR|reloj_interno ; divisor_frecuencia:INST_DIVISOR|reloj_interno ; 1.000        ; -0.061     ; 2.169      ;
; -1.234 ; contador_segundos:INST_SEGUNDOS|decena[2] ; contador_minutos:INST_MINUTOS|minutos[0]  ; divisor_frecuencia:INST_DIVISOR|reloj_interno ; divisor_frecuencia:INST_DIVISOR|reloj_interno ; 1.000        ; -0.061     ; 2.168      ;
; -1.234 ; contador_segundos:INST_SEGUNDOS|decena[2] ; contador_segundos:INST_SEGUNDOS|unidad[3] ; divisor_frecuencia:INST_DIVISOR|reloj_interno ; divisor_frecuencia:INST_DIVISOR|reloj_interno ; 1.000        ; -0.061     ; 2.168      ;
; -1.228 ; contador_segundos:INST_SEGUNDOS|decena[1] ; contador_minutos:INST_MINUTOS|minutos[0]  ; divisor_frecuencia:INST_DIVISOR|reloj_interno ; divisor_frecuencia:INST_DIVISOR|reloj_interno ; 1.000        ; -0.061     ; 2.162      ;
; -1.218 ; contador_minutos:INST_MINUTOS|minutos[2]  ; contador_segundos:INST_SEGUNDOS|decena[3] ; divisor_frecuencia:INST_DIVISOR|reloj_interno ; divisor_frecuencia:INST_DIVISOR|reloj_interno ; 1.000        ; -0.063     ; 2.150      ;
; -1.216 ; contador_minutos:INST_MINUTOS|minutos[3]  ; contador_minutos:INST_MINUTOS|minutos[3]  ; divisor_frecuencia:INST_DIVISOR|reloj_interno ; divisor_frecuencia:INST_DIVISOR|reloj_interno ; 1.000        ; -0.062     ; 2.149      ;
; -1.215 ; contador_minutos:INST_MINUTOS|minutos[2]  ; contador_segundos:INST_SEGUNDOS|decena[2] ; divisor_frecuencia:INST_DIVISOR|reloj_interno ; divisor_frecuencia:INST_DIVISOR|reloj_interno ; 1.000        ; -0.063     ; 2.147      ;
; -1.214 ; contador_minutos:INST_MINUTOS|minutos[2]  ; contador_segundos:INST_SEGUNDOS|decena[0] ; divisor_frecuencia:INST_DIVISOR|reloj_interno ; divisor_frecuencia:INST_DIVISOR|reloj_interno ; 1.000        ; -0.063     ; 2.146      ;
; -1.214 ; contador_minutos:INST_MINUTOS|minutos[2]  ; contador_segundos:INST_SEGUNDOS|decena[1] ; divisor_frecuencia:INST_DIVISOR|reloj_interno ; divisor_frecuencia:INST_DIVISOR|reloj_interno ; 1.000        ; -0.063     ; 2.146      ;
; -1.210 ; contador_segundos:INST_SEGUNDOS|decena[2] ; contador_minutos:INST_MINUTOS|minutos[2]  ; divisor_frecuencia:INST_DIVISOR|reloj_interno ; divisor_frecuencia:INST_DIVISOR|reloj_interno ; 1.000        ; -0.061     ; 2.144      ;
; -1.201 ; contador_minutos:INST_MINUTOS|minutos[0]  ; contador_segundos:INST_SEGUNDOS|decena[3] ; divisor_frecuencia:INST_DIVISOR|reloj_interno ; divisor_frecuencia:INST_DIVISOR|reloj_interno ; 1.000        ; -0.063     ; 2.133      ;
; -1.200 ; contador_segundos:INST_SEGUNDOS|unidad[1] ; contador_minutos:INST_MINUTOS|minutos[1]  ; divisor_frecuencia:INST_DIVISOR|reloj_interno ; divisor_frecuencia:INST_DIVISOR|reloj_interno ; 1.000        ; -0.062     ; 2.133      ;
; -1.199 ; contador_minutos:INST_MINUTOS|minutos[0]  ; contador_segundos:INST_SEGUNDOS|decena[2] ; divisor_frecuencia:INST_DIVISOR|reloj_interno ; divisor_frecuencia:INST_DIVISOR|reloj_interno ; 1.000        ; -0.063     ; 2.131      ;
; -1.199 ; contador_minutos:INST_MINUTOS|minutos[0]  ; contador_segundos:INST_SEGUNDOS|decena[1] ; divisor_frecuencia:INST_DIVISOR|reloj_interno ; divisor_frecuencia:INST_DIVISOR|reloj_interno ; 1.000        ; -0.063     ; 2.131      ;
; -1.198 ; contador_minutos:INST_MINUTOS|minutos[0]  ; contador_segundos:INST_SEGUNDOS|decena[0] ; divisor_frecuencia:INST_DIVISOR|reloj_interno ; divisor_frecuencia:INST_DIVISOR|reloj_interno ; 1.000        ; -0.063     ; 2.130      ;
; -1.198 ; contador_segundos:INST_SEGUNDOS|decena[1] ; contador_minutos:INST_MINUTOS|minutos[2]  ; divisor_frecuencia:INST_DIVISOR|reloj_interno ; divisor_frecuencia:INST_DIVISOR|reloj_interno ; 1.000        ; -0.061     ; 2.132      ;
; -1.196 ; contador_minutos:INST_MINUTOS|minutos[0]  ; contador_segundos:INST_SEGUNDOS|unidad[0] ; divisor_frecuencia:INST_DIVISOR|reloj_interno ; divisor_frecuencia:INST_DIVISOR|reloj_interno ; 1.000        ; -0.062     ; 2.129      ;
; -1.195 ; contador_minutos:INST_MINUTOS|minutos[0]  ; contador_segundos:INST_SEGUNDOS|unidad[3] ; divisor_frecuencia:INST_DIVISOR|reloj_interno ; divisor_frecuencia:INST_DIVISOR|reloj_interno ; 1.000        ; -0.062     ; 2.128      ;
; -1.186 ; contador_segundos:INST_SEGUNDOS|decena[3] ; contador_minutos:INST_MINUTOS|minutos[3]  ; divisor_frecuencia:INST_DIVISOR|reloj_interno ; divisor_frecuencia:INST_DIVISOR|reloj_interno ; 1.000        ; -0.061     ; 2.120      ;
; -1.186 ; contador_minutos:INST_MINUTOS|minutos[3]  ; contador_minutos:INST_MINUTOS|minutos[1]  ; divisor_frecuencia:INST_DIVISOR|reloj_interno ; divisor_frecuencia:INST_DIVISOR|reloj_interno ; 1.000        ; -0.062     ; 2.119      ;
; -1.184 ; contador_minutos:INST_MINUTOS|minutos[2]  ; contador_segundos:INST_SEGUNDOS|unidad[0] ; divisor_frecuencia:INST_DIVISOR|reloj_interno ; divisor_frecuencia:INST_DIVISOR|reloj_interno ; 1.000        ; -0.062     ; 2.117      ;
; -1.182 ; contador_minutos:INST_MINUTOS|minutos[2]  ; contador_segundos:INST_SEGUNDOS|unidad[3] ; divisor_frecuencia:INST_DIVISOR|reloj_interno ; divisor_frecuencia:INST_DIVISOR|reloj_interno ; 1.000        ; -0.062     ; 2.115      ;
; -1.174 ; contador_segundos:INST_SEGUNDOS|unidad[2] ; contador_minutos:INST_MINUTOS|minutos[3]  ; divisor_frecuencia:INST_DIVISOR|reloj_interno ; divisor_frecuencia:INST_DIVISOR|reloj_interno ; 1.000        ; -0.062     ; 2.107      ;
; -1.164 ; contador_segundos:INST_SEGUNDOS|decena[3] ; contador_minutos:INST_MINUTOS|minutos[1]  ; divisor_frecuencia:INST_DIVISOR|reloj_interno ; divisor_frecuencia:INST_DIVISOR|reloj_interno ; 1.000        ; -0.061     ; 2.098      ;
; -1.159 ; contador_segundos:INST_SEGUNDOS|unidad[2] ; contador_segundos:INST_SEGUNDOS|decena[2] ; divisor_frecuencia:INST_DIVISOR|reloj_interno ; divisor_frecuencia:INST_DIVISOR|reloj_interno ; 1.000        ; -0.063     ; 2.091      ;
; -1.156 ; contador_segundos:INST_SEGUNDOS|unidad[2] ; contador_segundos:INST_SEGUNDOS|decena[1] ; divisor_frecuencia:INST_DIVISOR|reloj_interno ; divisor_frecuencia:INST_DIVISOR|reloj_interno ; 1.000        ; -0.063     ; 2.088      ;
; -1.146 ; contador_segundos:INST_SEGUNDOS|unidad[3] ; contador_minutos:INST_MINUTOS|minutos[1]  ; divisor_frecuencia:INST_DIVISOR|reloj_interno ; divisor_frecuencia:INST_DIVISOR|reloj_interno ; 1.000        ; -0.062     ; 2.079      ;
; -1.146 ; contador_segundos:INST_SEGUNDOS|decena[0] ; contador_segundos:INST_SEGUNDOS|unidad[0] ; divisor_frecuencia:INST_DIVISOR|reloj_interno ; divisor_frecuencia:INST_DIVISOR|reloj_interno ; 1.000        ; -0.061     ; 2.080      ;
; -1.145 ; contador_segundos:INST_SEGUNDOS|decena[0] ; contador_minutos:INST_MINUTOS|minutos[0]  ; divisor_frecuencia:INST_DIVISOR|reloj_interno ; divisor_frecuencia:INST_DIVISOR|reloj_interno ; 1.000        ; -0.061     ; 2.079      ;
; -1.145 ; contador_segundos:INST_SEGUNDOS|decena[0] ; contador_segundos:INST_SEGUNDOS|unidad[3] ; divisor_frecuencia:INST_DIVISOR|reloj_interno ; divisor_frecuencia:INST_DIVISOR|reloj_interno ; 1.000        ; -0.061     ; 2.079      ;
; -1.121 ; contador_segundos:INST_SEGUNDOS|decena[0] ; contador_minutos:INST_MINUTOS|minutos[2]  ; divisor_frecuencia:INST_DIVISOR|reloj_interno ; divisor_frecuencia:INST_DIVISOR|reloj_interno ; 1.000        ; -0.061     ; 2.055      ;
; -1.120 ; contador_segundos:INST_SEGUNDOS|unidad[1] ; contador_minutos:INST_MINUTOS|minutos[0]  ; divisor_frecuencia:INST_DIVISOR|reloj_interno ; divisor_frecuencia:INST_DIVISOR|reloj_interno ; 1.000        ; -0.062     ; 2.053      ;
; -1.119 ; contador_segundos:INST_SEGUNDOS|decena[3] ; contador_segundos:INST_SEGUNDOS|decena[2] ; divisor_frecuencia:INST_DIVISOR|reloj_interno ; divisor_frecuencia:INST_DIVISOR|reloj_interno ; 1.000        ; -0.062     ; 2.052      ;
; -1.116 ; contador_segundos:INST_SEGUNDOS|decena[3] ; contador_segundos:INST_SEGUNDOS|decena[1] ; divisor_frecuencia:INST_DIVISOR|reloj_interno ; divisor_frecuencia:INST_DIVISOR|reloj_interno ; 1.000        ; -0.062     ; 2.049      ;
; -1.113 ; contador_segundos:INST_SEGUNDOS|unidad[3] ; contador_minutos:INST_MINUTOS|minutos[0]  ; divisor_frecuencia:INST_DIVISOR|reloj_interno ; divisor_frecuencia:INST_DIVISOR|reloj_interno ; 1.000        ; -0.062     ; 2.046      ;
; -1.111 ; contador_segundos:INST_SEGUNDOS|unidad[0] ; contador_minutos:INST_MINUTOS|minutos[3]  ; divisor_frecuencia:INST_DIVISOR|reloj_interno ; divisor_frecuencia:INST_DIVISOR|reloj_interno ; 1.000        ; -0.062     ; 2.044      ;
; -1.107 ; contador_minutos:INST_MINUTOS|minutos[1]  ; contador_minutos:INST_MINUTOS|minutos[1]  ; divisor_frecuencia:INST_DIVISOR|reloj_interno ; divisor_frecuencia:INST_DIVISOR|reloj_interno ; 1.000        ; -0.062     ; 2.040      ;
; -1.090 ; contador_segundos:INST_SEGUNDOS|unidad[1] ; contador_minutos:INST_MINUTOS|minutos[2]  ; divisor_frecuencia:INST_DIVISOR|reloj_interno ; divisor_frecuencia:INST_DIVISOR|reloj_interno ; 1.000        ; -0.062     ; 2.023      ;
; -1.089 ; contador_segundos:INST_SEGUNDOS|unidad[3] ; contador_minutos:INST_MINUTOS|minutos[2]  ; divisor_frecuencia:INST_DIVISOR|reloj_interno ; divisor_frecuencia:INST_DIVISOR|reloj_interno ; 1.000        ; -0.062     ; 2.022      ;
; -1.074 ; contador_segundos:INST_SEGUNDOS|unidad[2] ; contador_minutos:INST_MINUTOS|minutos[1]  ; divisor_frecuencia:INST_DIVISOR|reloj_interno ; divisor_frecuencia:INST_DIVISOR|reloj_interno ; 1.000        ; -0.062     ; 2.007      ;
; -1.063 ; contador_minutos:INST_MINUTOS|minutos[2]  ; contador_minutos:INST_MINUTOS|minutos[0]  ; divisor_frecuencia:INST_DIVISOR|reloj_interno ; divisor_frecuencia:INST_DIVISOR|reloj_interno ; 1.000        ; -0.062     ; 1.996      ;
; -1.062 ; contador_minutos:INST_MINUTOS|minutos[2]  ; contador_minutos:INST_MINUTOS|minutos[2]  ; divisor_frecuencia:INST_DIVISOR|reloj_interno ; divisor_frecuencia:INST_DIVISOR|reloj_interno ; 1.000        ; -0.062     ; 1.995      ;
; -1.058 ; contador_minutos:INST_MINUTOS|minutos[0]  ; contador_minutos:INST_MINUTOS|minutos[0]  ; divisor_frecuencia:INST_DIVISOR|reloj_interno ; divisor_frecuencia:INST_DIVISOR|reloj_interno ; 1.000        ; -0.062     ; 1.991      ;
; -1.057 ; contador_segundos:INST_SEGUNDOS|unidad[1] ; contador_segundos:INST_SEGUNDOS|decena[3] ; divisor_frecuencia:INST_DIVISOR|reloj_interno ; divisor_frecuencia:INST_DIVISOR|reloj_interno ; 1.000        ; -0.063     ; 1.989      ;
; -1.057 ; contador_minutos:INST_MINUTOS|minutos[0]  ; contador_minutos:INST_MINUTOS|minutos[2]  ; divisor_frecuencia:INST_DIVISOR|reloj_interno ; divisor_frecuencia:INST_DIVISOR|reloj_interno ; 1.000        ; -0.062     ; 1.990      ;
; -1.054 ; contador_segundos:INST_SEGUNDOS|unidad[1] ; contador_segundos:INST_SEGUNDOS|decena[0] ; divisor_frecuencia:INST_DIVISOR|reloj_interno ; divisor_frecuencia:INST_DIVISOR|reloj_interno ; 1.000        ; -0.063     ; 1.986      ;
; -1.054 ; contador_minutos:INST_MINUTOS|minutos[1]  ; contador_minutos:INST_MINUTOS|minutos[3]  ; divisor_frecuencia:INST_DIVISOR|reloj_interno ; divisor_frecuencia:INST_DIVISOR|reloj_interno ; 1.000        ; -0.062     ; 1.987      ;
; -1.053 ; contador_segundos:INST_SEGUNDOS|unidad[0] ; contador_segundos:INST_SEGUNDOS|decena[2] ; divisor_frecuencia:INST_DIVISOR|reloj_interno ; divisor_frecuencia:INST_DIVISOR|reloj_interno ; 1.000        ; -0.063     ; 1.985      ;
; -1.053 ; contador_minutos:INST_MINUTOS|minutos[3]  ; contador_segundos:INST_SEGUNDOS|decena[3] ; divisor_frecuencia:INST_DIVISOR|reloj_interno ; divisor_frecuencia:INST_DIVISOR|reloj_interno ; 1.000        ; -0.063     ; 1.985      ;
; -1.052 ; contador_segundos:INST_SEGUNDOS|unidad[0] ; contador_segundos:INST_SEGUNDOS|decena[1] ; divisor_frecuencia:INST_DIVISOR|reloj_interno ; divisor_frecuencia:INST_DIVISOR|reloj_interno ; 1.000        ; -0.063     ; 1.984      ;
; -1.051 ; contador_minutos:INST_MINUTOS|minutos[3]  ; contador_segundos:INST_SEGUNDOS|decena[2] ; divisor_frecuencia:INST_DIVISOR|reloj_interno ; divisor_frecuencia:INST_DIVISOR|reloj_interno ; 1.000        ; -0.063     ; 1.983      ;
; -1.051 ; contador_minutos:INST_MINUTOS|minutos[3]  ; contador_segundos:INST_SEGUNDOS|decena[1] ; divisor_frecuencia:INST_DIVISOR|reloj_interno ; divisor_frecuencia:INST_DIVISOR|reloj_interno ; 1.000        ; -0.063     ; 1.983      ;
; -1.050 ; contador_minutos:INST_MINUTOS|minutos[3]  ; contador_segundos:INST_SEGUNDOS|decena[0] ; divisor_frecuencia:INST_DIVISOR|reloj_interno ; divisor_frecuencia:INST_DIVISOR|reloj_interno ; 1.000        ; -0.063     ; 1.982      ;
; -1.048 ; contador_minutos:INST_MINUTOS|minutos[3]  ; contador_segundos:INST_SEGUNDOS|unidad[0] ; divisor_frecuencia:INST_DIVISOR|reloj_interno ; divisor_frecuencia:INST_DIVISOR|reloj_interno ; 1.000        ; -0.062     ; 1.981      ;
; -1.047 ; contador_minutos:INST_MINUTOS|minutos[3]  ; contador_segundos:INST_SEGUNDOS|unidad[3] ; divisor_frecuencia:INST_DIVISOR|reloj_interno ; divisor_frecuencia:INST_DIVISOR|reloj_interno ; 1.000        ; -0.062     ; 1.980      ;
; -1.032 ; contador_segundos:INST_SEGUNDOS|unidad[3] ; contador_segundos:INST_SEGUNDOS|decena[3] ; divisor_frecuencia:INST_DIVISOR|reloj_interno ; divisor_frecuencia:INST_DIVISOR|reloj_interno ; 1.000        ; -0.063     ; 1.964      ;
; -1.031 ; contador_segundos:INST_SEGUNDOS|unidad[1] ; contador_segundos:INST_SEGUNDOS|unidad[0] ; divisor_frecuencia:INST_DIVISOR|reloj_interno ; divisor_frecuencia:INST_DIVISOR|reloj_interno ; 1.000        ; -0.062     ; 1.964      ;
; -1.029 ; contador_segundos:INST_SEGUNDOS|unidad[1] ; contador_segundos:INST_SEGUNDOS|unidad[3] ; divisor_frecuencia:INST_DIVISOR|reloj_interno ; divisor_frecuencia:INST_DIVISOR|reloj_interno ; 1.000        ; -0.062     ; 1.962      ;
; -1.028 ; contador_segundos:INST_SEGUNDOS|unidad[3] ; contador_segundos:INST_SEGUNDOS|decena[0] ; divisor_frecuencia:INST_DIVISOR|reloj_interno ; divisor_frecuencia:INST_DIVISOR|reloj_interno ; 1.000        ; -0.063     ; 1.960      ;
; -1.008 ; contador_segundos:INST_SEGUNDOS|unidad[3] ; contador_segundos:INST_SEGUNDOS|unidad[0] ; divisor_frecuencia:INST_DIVISOR|reloj_interno ; divisor_frecuencia:INST_DIVISOR|reloj_interno ; 1.000        ; -0.062     ; 1.941      ;
; -1.007 ; contador_segundos:INST_SEGUNDOS|unidad[3] ; contador_segundos:INST_SEGUNDOS|unidad[3] ; divisor_frecuencia:INST_DIVISOR|reloj_interno ; divisor_frecuencia:INST_DIVISOR|reloj_interno ; 1.000        ; -0.062     ; 1.940      ;
; -0.995 ; contador_segundos:INST_SEGUNDOS|decena[3] ; contador_segundos:INST_SEGUNDOS|unidad[0] ; divisor_frecuencia:INST_DIVISOR|reloj_interno ; divisor_frecuencia:INST_DIVISOR|reloj_interno ; 1.000        ; -0.061     ; 1.929      ;
; -0.994 ; contador_segundos:INST_SEGUNDOS|unidad[2] ; contador_minutos:INST_MINUTOS|minutos[0]  ; divisor_frecuencia:INST_DIVISOR|reloj_interno ; divisor_frecuencia:INST_DIVISOR|reloj_interno ; 1.000        ; -0.062     ; 1.927      ;
; -0.993 ; contador_segundos:INST_SEGUNDOS|decena[3] ; contador_segundos:INST_SEGUNDOS|unidad[3] ; divisor_frecuencia:INST_DIVISOR|reloj_interno ; divisor_frecuencia:INST_DIVISOR|reloj_interno ; 1.000        ; -0.061     ; 1.927      ;
; -0.982 ; control_boton:INST_BOTON|estado_marcha    ; contador_minutos:INST_MINUTOS|minutos[3]  ; reloj_50mhz                                   ; divisor_frecuencia:INST_DIVISOR|reloj_interno ; 0.500        ; 0.542      ; 2.009      ;
; -0.964 ; contador_segundos:INST_SEGUNDOS|unidad[2] ; contador_minutos:INST_MINUTOS|minutos[2]  ; divisor_frecuencia:INST_DIVISOR|reloj_interno ; divisor_frecuencia:INST_DIVISOR|reloj_interno ; 1.000        ; -0.062     ; 1.897      ;
; -0.961 ; contador_segundos:INST_SEGUNDOS|decena[1] ; contador_segundos:INST_SEGUNDOS|decena[3] ; divisor_frecuencia:INST_DIVISOR|reloj_interno ; divisor_frecuencia:INST_DIVISOR|reloj_interno ; 1.000        ; -0.062     ; 1.894      ;
; -0.960 ; control_boton:INST_BOTON|estado_marcha    ; contador_minutos:INST_MINUTOS|minutos[1]  ; reloj_50mhz                                   ; divisor_frecuencia:INST_DIVISOR|reloj_interno ; 0.500        ; 0.542      ; 1.987      ;
; -0.957 ; contador_segundos:INST_SEGUNDOS|decena[1] ; contador_segundos:INST_SEGUNDOS|decena[0] ; divisor_frecuencia:INST_DIVISOR|reloj_interno ; divisor_frecuencia:INST_DIVISOR|reloj_interno ; 1.000        ; -0.062     ; 1.890      ;
; -0.954 ; contador_segundos:INST_SEGUNDOS|decena[3] ; contador_minutos:INST_MINUTOS|minutos[0]  ; divisor_frecuencia:INST_DIVISOR|reloj_interno ; divisor_frecuencia:INST_DIVISOR|reloj_interno ; 1.000        ; -0.061     ; 1.888      ;
; -0.948 ; contador_segundos:INST_SEGUNDOS|unidad[0] ; contador_segundos:INST_SEGUNDOS|unidad[3] ; divisor_frecuencia:INST_DIVISOR|reloj_interno ; divisor_frecuencia:INST_DIVISOR|reloj_interno ; 1.000        ; -0.062     ; 1.881      ;
; -0.935 ; contador_segundos:INST_SEGUNDOS|unidad[0] ; contador_minutos:INST_MINUTOS|minutos[1]  ; divisor_frecuencia:INST_DIVISOR|reloj_interno ; divisor_frecuencia:INST_DIVISOR|reloj_interno ; 1.000        ; -0.062     ; 1.868      ;
; -0.931 ; contador_segundos:INST_SEGUNDOS|unidad[2] ; contador_segundos:INST_SEGUNDOS|decena[3] ; divisor_frecuencia:INST_DIVISOR|reloj_interno ; divisor_frecuencia:INST_DIVISOR|reloj_interno ; 1.000        ; -0.063     ; 1.863      ;
; -0.928 ; contador_segundos:INST_SEGUNDOS|decena[2] ; contador_segundos:INST_SEGUNDOS|decena[3] ; divisor_frecuencia:INST_DIVISOR|reloj_interno ; divisor_frecuencia:INST_DIVISOR|reloj_interno ; 1.000        ; -0.062     ; 1.861      ;
; -0.928 ; contador_segundos:INST_SEGUNDOS|unidad[2] ; contador_segundos:INST_SEGUNDOS|decena[0] ; divisor_frecuencia:INST_DIVISOR|reloj_interno ; divisor_frecuencia:INST_DIVISOR|reloj_interno ; 1.000        ; -0.063     ; 1.860      ;
; -0.925 ; contador_segundos:INST_SEGUNDOS|decena[2] ; contador_segundos:INST_SEGUNDOS|decena[0] ; divisor_frecuencia:INST_DIVISOR|reloj_interno ; divisor_frecuencia:INST_DIVISOR|reloj_interno ; 1.000        ; -0.062     ; 1.858      ;
+--------+-------------------------------------------+-------------------------------------------+-----------------------------------------------+-----------------------------------------------+--------------+------------+------------+


+---------------------------------------------------------------------------------------------------------------------------------------------------------------------------------------------------------------------------+
; Slow 1200mV 85C Model Hold: 'reloj_50mhz'                                                                                                                                                                                 ;
+--------+-----------------------------------------------------+-----------------------------------------------------+-----------------------------------------------+-------------+--------------+------------+------------+
; Slack  ; From Node                                           ; To Node                                             ; Launch Clock                                  ; Latch Clock ; Relationship ; Clock Skew ; Data Delay ;
+--------+-----------------------------------------------------+-----------------------------------------------------+-----------------------------------------------+-------------+--------------+------------+------------+
; -0.064 ; divisor_frecuencia:INST_DIVISOR|reloj_interno       ; divisor_frecuencia:INST_DIVISOR|reloj_interno       ; divisor_frecuencia:INST_DIVISOR|reloj_interno ; reloj_50mhz ; 0.000        ; 2.320      ; 2.642      ;
; 0.359  ; control_boton:INST_BOTON|estado_marcha              ; control_boton:INST_BOTON|estado_marcha              ; reloj_50mhz                                   ; reloj_50mhz ; 0.000        ; 0.061      ; 0.577      ;
; 0.391  ; divisor_frecuencia:INST_DIVISOR|contador_ciclos[25] ; divisor_frecuencia:INST_DIVISOR|contador_ciclos[25] ; reloj_50mhz                                   ; reloj_50mhz ; 0.000        ; 0.061      ; 0.609      ;
; 0.471  ; control_boton:INST_BOTON|contador_antirrebote[13]   ; control_boton:INST_BOTON|contador_antirrebote[14]   ; reloj_50mhz                                   ; reloj_50mhz ; 0.000        ; 0.423      ; 1.051      ;
; 0.472  ; control_boton:INST_BOTON|contador_duracion[15]      ; control_boton:INST_BOTON|contador_duracion[16]      ; reloj_50mhz                                   ; reloj_50mhz ; 0.000        ; 0.422      ; 1.051      ;
; 0.474  ; control_boton:INST_BOTON|contador_duracion[21]      ; control_boton:INST_BOTON|contador_duracion[22]      ; reloj_50mhz                                   ; reloj_50mhz ; 0.000        ; 0.422      ; 1.053      ;
; 0.483  ; divisor_frecuencia:INST_DIVISOR|contador_ciclos[8]  ; divisor_frecuencia:INST_DIVISOR|contador_ciclos[9]  ; reloj_50mhz                                   ; reloj_50mhz ; 0.000        ; 0.424      ; 1.064      ;
; 0.484  ; divisor_frecuencia:INST_DIVISOR|contador_ciclos[2]  ; divisor_frecuencia:INST_DIVISOR|contador_ciclos[3]  ; reloj_50mhz                                   ; reloj_50mhz ; 0.000        ; 0.424      ; 1.065      ;
; 0.485  ; divisor_frecuencia:INST_DIVISOR|contador_ciclos[8]  ; divisor_frecuencia:INST_DIVISOR|contador_ciclos[10] ; reloj_50mhz                                   ; reloj_50mhz ; 0.000        ; 0.424      ; 1.066      ;
; 0.486  ; divisor_frecuencia:INST_DIVISOR|contador_ciclos[2]  ; divisor_frecuencia:INST_DIVISOR|contador_ciclos[4]  ; reloj_50mhz                                   ; reloj_50mhz ; 0.000        ; 0.424      ; 1.067      ;
; 0.486  ; control_boton:INST_BOTON|contador_antirrebote[16]   ; control_boton:INST_BOTON|contador_antirrebote[17]   ; reloj_50mhz                                   ; reloj_50mhz ; 0.000        ; 0.423      ; 1.066      ;
; 0.487  ; control_boton:INST_BOTON|contador_duracion[23]      ; control_boton:INST_BOTON|contador_duracion[24]      ; reloj_50mhz                                   ; reloj_50mhz ; 0.000        ; 0.422      ; 1.066      ;
; 0.488  ; control_boton:INST_BOTON|contador_antirrebote[16]   ; control_boton:INST_BOTON|contador_antirrebote[18]   ; reloj_50mhz                                   ; reloj_50mhz ; 0.000        ; 0.423      ; 1.068      ;
; 0.489  ; control_boton:INST_BOTON|contador_antirrebote[12]   ; control_boton:INST_BOTON|contador_antirrebote[14]   ; reloj_50mhz                                   ; reloj_50mhz ; 0.000        ; 0.423      ; 1.069      ;
; 0.491  ; control_boton:INST_BOTON|contador_duracion[20]      ; control_boton:INST_BOTON|contador_duracion[22]      ; reloj_50mhz                                   ; reloj_50mhz ; 0.000        ; 0.422      ; 1.070      ;
; 0.501  ; control_boton:INST_BOTON|contador_duracion[8]       ; control_boton:INST_BOTON|contador_duracion[9]       ; reloj_50mhz                                   ; reloj_50mhz ; 0.000        ; 0.422      ; 1.080      ;
; 0.501  ; control_boton:INST_BOTON|contador_duracion[14]      ; control_boton:INST_BOTON|contador_duracion[16]      ; reloj_50mhz                                   ; reloj_50mhz ; 0.000        ; 0.422      ; 1.080      ;
; 0.503  ; control_boton:INST_BOTON|contador_duracion[8]       ; control_boton:INST_BOTON|contador_duracion[10]      ; reloj_50mhz                                   ; reloj_50mhz ; 0.000        ; 0.422      ; 1.082      ;
; 0.536  ; control_boton:INST_BOTON|contador_duracion[3]       ; control_boton:INST_BOTON|contador_duracion[3]       ; reloj_50mhz                                   ; reloj_50mhz ; 0.000        ; 0.075      ; 0.768      ;
; 0.536  ; control_boton:INST_BOTON|contador_antirrebote[5]    ; control_boton:INST_BOTON|contador_antirrebote[5]    ; reloj_50mhz                                   ; reloj_50mhz ; 0.000        ; 0.075      ; 0.768      ;
; 0.537  ; control_boton:INST_BOTON|contador_duracion[2]       ; control_boton:INST_BOTON|contador_duracion[2]       ; reloj_50mhz                                   ; reloj_50mhz ; 0.000        ; 0.075      ; 0.769      ;
; 0.538  ; control_boton:INST_BOTON|contador_duracion[1]       ; control_boton:INST_BOTON|contador_duracion[1]       ; reloj_50mhz                                   ; reloj_50mhz ; 0.000        ; 0.075      ; 0.770      ;
; 0.539  ; control_boton:INST_BOTON|contador_duracion[5]       ; control_boton:INST_BOTON|contador_duracion[5]       ; reloj_50mhz                                   ; reloj_50mhz ; 0.000        ; 0.075      ; 0.771      ;
; 0.539  ; control_boton:INST_BOTON|contador_duracion[7]       ; control_boton:INST_BOTON|contador_duracion[7]       ; reloj_50mhz                                   ; reloj_50mhz ; 0.000        ; 0.075      ; 0.771      ;
; 0.539  ; control_boton:INST_BOTON|contador_antirrebote[1]    ; control_boton:INST_BOTON|contador_antirrebote[1]    ; reloj_50mhz                                   ; reloj_50mhz ; 0.000        ; 0.075      ; 0.771      ;
; 0.539  ; control_boton:INST_BOTON|contador_antirrebote[3]    ; control_boton:INST_BOTON|contador_antirrebote[3]    ; reloj_50mhz                                   ; reloj_50mhz ; 0.000        ; 0.075      ; 0.771      ;
; 0.541  ; control_boton:INST_BOTON|contador_duracion[4]       ; control_boton:INST_BOTON|contador_duracion[4]       ; reloj_50mhz                                   ; reloj_50mhz ; 0.000        ; 0.075      ; 0.773      ;
; 0.541  ; control_boton:INST_BOTON|contador_duracion[6]       ; control_boton:INST_BOTON|contador_duracion[6]       ; reloj_50mhz                                   ; reloj_50mhz ; 0.000        ; 0.075      ; 0.773      ;
; 0.541  ; control_boton:INST_BOTON|contador_antirrebote[2]    ; control_boton:INST_BOTON|contador_antirrebote[2]    ; reloj_50mhz                                   ; reloj_50mhz ; 0.000        ; 0.075      ; 0.773      ;
; 0.541  ; control_boton:INST_BOTON|contador_antirrebote[4]    ; control_boton:INST_BOTON|contador_antirrebote[4]    ; reloj_50mhz                                   ; reloj_50mhz ; 0.000        ; 0.075      ; 0.773      ;
; 0.544  ; control_boton:INST_BOTON|contador_duracion[16]      ; control_boton:INST_BOTON|contador_duracion[16]      ; reloj_50mhz                                   ; reloj_50mhz ; 0.000        ; 0.075      ; 0.776      ;
; 0.544  ; divisor_frecuencia:INST_DIVISOR|contador_ciclos[9]  ; divisor_frecuencia:INST_DIVISOR|contador_ciclos[9]  ; reloj_50mhz                                   ; reloj_50mhz ; 0.000        ; 0.075      ; 0.776      ;
; 0.544  ; divisor_frecuencia:INST_DIVISOR|contador_ciclos[3]  ; divisor_frecuencia:INST_DIVISOR|contador_ciclos[3]  ; reloj_50mhz                                   ; reloj_50mhz ; 0.000        ; 0.075      ; 0.776      ;
; 0.549  ; control_boton:INST_BOTON|contador_antirrebote[14]   ; control_boton:INST_BOTON|contador_antirrebote[14]   ; reloj_50mhz                                   ; reloj_50mhz ; 0.000        ; 0.075      ; 0.781      ;
; 0.549  ; divisor_frecuencia:INST_DIVISOR|contador_ciclos[4]  ; divisor_frecuencia:INST_DIVISOR|contador_ciclos[4]  ; reloj_50mhz                                   ; reloj_50mhz ; 0.000        ; 0.075      ; 0.781      ;
; 0.550  ; control_boton:INST_BOTON|contador_antirrebote[18]   ; control_boton:INST_BOTON|contador_antirrebote[18]   ; reloj_50mhz                                   ; reloj_50mhz ; 0.000        ; 0.075      ; 0.782      ;
; 0.554  ; control_boton:INST_BOTON|contador_duracion[0]       ; control_boton:INST_BOTON|contador_duracion[0]       ; reloj_50mhz                                   ; reloj_50mhz ; 0.000        ; 0.075      ; 0.786      ;
; 0.555  ; control_boton:INST_BOTON|contador_antirrebote[0]    ; control_boton:INST_BOTON|contador_antirrebote[0]    ; reloj_50mhz                                   ; reloj_50mhz ; 0.000        ; 0.075      ; 0.787      ;
; 0.556  ; control_boton:INST_BOTON|contador_duracion[12]      ; control_boton:INST_BOTON|contador_duracion[12]      ; reloj_50mhz                                   ; reloj_50mhz ; 0.000        ; 0.075      ; 0.788      ;
; 0.556  ; divisor_frecuencia:INST_DIVISOR|contador_ciclos[10] ; divisor_frecuencia:INST_DIVISOR|contador_ciclos[10] ; reloj_50mhz                                   ; reloj_50mhz ; 0.000        ; 0.075      ; 0.788      ;
; 0.556  ; control_boton:INST_BOTON|contador_duracion[10]      ; control_boton:INST_BOTON|contador_duracion[10]      ; reloj_50mhz                                   ; reloj_50mhz ; 0.000        ; 0.075      ; 0.788      ;
; 0.557  ; control_boton:INST_BOTON|contador_duracion[11]      ; control_boton:INST_BOTON|contador_duracion[11]      ; reloj_50mhz                                   ; reloj_50mhz ; 0.000        ; 0.075      ; 0.789      ;
; 0.558  ; control_boton:INST_BOTON|contador_duracion[26]      ; control_boton:INST_BOTON|contador_duracion[26]      ; reloj_50mhz                                   ; reloj_50mhz ; 0.000        ; 0.075      ; 0.790      ;
; 0.558  ; control_boton:INST_BOTON|contador_antirrebote[7]    ; control_boton:INST_BOTON|contador_antirrebote[7]    ; reloj_50mhz                                   ; reloj_50mhz ; 0.000        ; 0.060      ; 0.775      ;
; 0.558  ; control_boton:INST_BOTON|contador_duracion[24]      ; control_boton:INST_BOTON|contador_duracion[24]      ; reloj_50mhz                                   ; reloj_50mhz ; 0.000        ; 0.075      ; 0.790      ;
; 0.558  ; control_boton:INST_BOTON|contador_duracion[9]       ; control_boton:INST_BOTON|contador_duracion[9]       ; reloj_50mhz                                   ; reloj_50mhz ; 0.000        ; 0.075      ; 0.790      ;
; 0.559  ; divisor_frecuencia:INST_DIVISOR|contador_ciclos[8]  ; divisor_frecuencia:INST_DIVISOR|contador_ciclos[8]  ; reloj_50mhz                                   ; reloj_50mhz ; 0.000        ; 0.060      ; 0.776      ;
; 0.559  ; control_boton:INST_BOTON|contador_antirrebote[13]   ; control_boton:INST_BOTON|contador_antirrebote[13]   ; reloj_50mhz                                   ; reloj_50mhz ; 0.000        ; 0.060      ; 0.776      ;
; 0.560  ; divisor_frecuencia:INST_DIVISOR|contador_ciclos[2]  ; divisor_frecuencia:INST_DIVISOR|contador_ciclos[2]  ; reloj_50mhz                                   ; reloj_50mhz ; 0.000        ; 0.060      ; 0.777      ;
; 0.560  ; control_boton:INST_BOTON|contador_duracion[15]      ; control_boton:INST_BOTON|contador_duracion[15]      ; reloj_50mhz                                   ; reloj_50mhz ; 0.000        ; 0.060      ; 0.777      ;
; 0.560  ; control_boton:INST_BOTON|contador_antirrebote[17]   ; control_boton:INST_BOTON|contador_antirrebote[17]   ; reloj_50mhz                                   ; reloj_50mhz ; 0.000        ; 0.075      ; 0.792      ;
; 0.561  ; divisor_frecuencia:INST_DIVISOR|contador_ciclos[5]  ; divisor_frecuencia:INST_DIVISOR|contador_ciclos[5]  ; reloj_50mhz                                   ; reloj_50mhz ; 0.000        ; 0.060      ; 0.778      ;
; 0.561  ; control_boton:INST_BOTON|contador_antirrebote[10]   ; control_boton:INST_BOTON|contador_antirrebote[10]   ; reloj_50mhz                                   ; reloj_50mhz ; 0.000        ; 0.060      ; 0.778      ;
; 0.561  ; control_boton:INST_BOTON|contador_antirrebote[16]   ; control_boton:INST_BOTON|contador_antirrebote[16]   ; reloj_50mhz                                   ; reloj_50mhz ; 0.000        ; 0.060      ; 0.778      ;
; 0.561  ; control_boton:INST_BOTON|contador_duracion[22]      ; control_boton:INST_BOTON|contador_duracion[22]      ; reloj_50mhz                                   ; reloj_50mhz ; 0.000        ; 0.075      ; 0.793      ;
; 0.562  ; divisor_frecuencia:INST_DIVISOR|contador_ciclos[7]  ; divisor_frecuencia:INST_DIVISOR|contador_ciclos[7]  ; reloj_50mhz                                   ; reloj_50mhz ; 0.000        ; 0.060      ; 0.779      ;
; 0.562  ; control_boton:INST_BOTON|contador_duracion[21]      ; control_boton:INST_BOTON|contador_duracion[21]      ; reloj_50mhz                                   ; reloj_50mhz ; 0.000        ; 0.060      ; 0.779      ;
; 0.562  ; control_boton:INST_BOTON|contador_antirrebote[8]    ; control_boton:INST_BOTON|contador_antirrebote[8]    ; reloj_50mhz                                   ; reloj_50mhz ; 0.000        ; 0.060      ; 0.779      ;
; 0.563  ; control_boton:INST_BOTON|contador_antirrebote[6]    ; control_boton:INST_BOTON|contador_antirrebote[6]    ; reloj_50mhz                                   ; reloj_50mhz ; 0.000        ; 0.060      ; 0.780      ;
; 0.563  ; control_boton:INST_BOTON|contador_antirrebote[12]   ; control_boton:INST_BOTON|contador_antirrebote[12]   ; reloj_50mhz                                   ; reloj_50mhz ; 0.000        ; 0.060      ; 0.780      ;
; 0.564  ; control_boton:INST_BOTON|contador_duracion[20]      ; control_boton:INST_BOTON|contador_duracion[20]      ; reloj_50mhz                                   ; reloj_50mhz ; 0.000        ; 0.060      ; 0.781      ;
; 0.569  ; divisor_frecuencia:INST_DIVISOR|reloj_interno       ; divisor_frecuencia:INST_DIVISOR|reloj_interno       ; divisor_frecuencia:INST_DIVISOR|reloj_interno ; reloj_50mhz ; -0.500       ; 2.320      ; 2.775      ;
; 0.571  ; divisor_frecuencia:INST_DIVISOR|contador_ciclos[15] ; divisor_frecuencia:INST_DIVISOR|contador_ciclos[15] ; reloj_50mhz                                   ; reloj_50mhz ; 0.000        ; 0.061      ; 0.789      ;
; 0.571  ; control_boton:INST_BOTON|contador_duracion[13]      ; control_boton:INST_BOTON|contador_duracion[13]      ; reloj_50mhz                                   ; reloj_50mhz ; 0.000        ; 0.060      ; 0.788      ;
; 0.572  ; divisor_frecuencia:INST_DIVISOR|contador_ciclos[17] ; divisor_frecuencia:INST_DIVISOR|contador_ciclos[17] ; reloj_50mhz                                   ; reloj_50mhz ; 0.000        ; 0.061      ; 0.790      ;
; 0.573  ; divisor_frecuencia:INST_DIVISOR|contador_ciclos[23] ; divisor_frecuencia:INST_DIVISOR|contador_ciclos[23] ; reloj_50mhz                                   ; reloj_50mhz ; 0.000        ; 0.061      ; 0.791      ;
; 0.573  ; divisor_frecuencia:INST_DIVISOR|contador_ciclos[1]  ; divisor_frecuencia:INST_DIVISOR|contador_ciclos[1]  ; reloj_50mhz                                   ; reloj_50mhz ; 0.000        ; 0.060      ; 0.790      ;
; 0.574  ; control_boton:INST_BOTON|contador_duracion[14]      ; control_boton:INST_BOTON|contador_duracion[14]      ; reloj_50mhz                                   ; reloj_50mhz ; 0.000        ; 0.060      ; 0.791      ;
; 0.575  ; control_boton:INST_BOTON|contador_duracion[23]      ; control_boton:INST_BOTON|contador_duracion[23]      ; reloj_50mhz                                   ; reloj_50mhz ; 0.000        ; 0.060      ; 0.792      ;
; 0.578  ; control_boton:INST_BOTON|contador_duracion[25]      ; control_boton:INST_BOTON|contador_duracion[25]      ; reloj_50mhz                                   ; reloj_50mhz ; 0.000        ; 0.075      ; 0.810      ;
; 0.582  ; divisor_frecuencia:INST_DIVISOR|contador_ciclos[7]  ; divisor_frecuencia:INST_DIVISOR|contador_ciclos[9]  ; reloj_50mhz                                   ; reloj_50mhz ; 0.000        ; 0.424      ; 1.163      ;
; 0.584  ; divisor_frecuencia:INST_DIVISOR|contador_ciclos[7]  ; divisor_frecuencia:INST_DIVISOR|contador_ciclos[10] ; reloj_50mhz                                   ; reloj_50mhz ; 0.000        ; 0.424      ; 1.165      ;
; 0.586  ; control_boton:INST_BOTON|contador_duracion[21]      ; control_boton:INST_BOTON|contador_duracion[24]      ; reloj_50mhz                                   ; reloj_50mhz ; 0.000        ; 0.422      ; 1.165      ;
; 0.587  ; control_boton:INST_BOTON|contador_duracion[19]      ; control_boton:INST_BOTON|contador_duracion[19]      ; reloj_50mhz                                   ; reloj_50mhz ; 0.000        ; 0.060      ; 0.804      ;
; 0.589  ; divisor_frecuencia:INST_DIVISOR|contador_ciclos[0]  ; divisor_frecuencia:INST_DIVISOR|contador_ciclos[0]  ; reloj_50mhz                                   ; reloj_50mhz ; 0.000        ; 0.060      ; 0.806      ;
; 0.593  ; divisor_frecuencia:INST_DIVISOR|contador_ciclos[1]  ; divisor_frecuencia:INST_DIVISOR|contador_ciclos[3]  ; reloj_50mhz                                   ; reloj_50mhz ; 0.000        ; 0.424      ; 1.174      ;
; 0.595  ; divisor_frecuencia:INST_DIVISOR|contador_ciclos[1]  ; divisor_frecuencia:INST_DIVISOR|contador_ciclos[4]  ; reloj_50mhz                                   ; reloj_50mhz ; 0.000        ; 0.424      ; 1.176      ;
; 0.595  ; control_boton:INST_BOTON|contador_duracion[13]      ; control_boton:INST_BOTON|contador_duracion[16]      ; reloj_50mhz                                   ; reloj_50mhz ; 0.000        ; 0.422      ; 1.174      ;
; 0.597  ; control_boton:INST_BOTON|contador_duracion[23]      ; control_boton:INST_BOTON|contador_duracion[25]      ; reloj_50mhz                                   ; reloj_50mhz ; 0.000        ; 0.422      ; 1.176      ;
; 0.598  ; control_boton:INST_BOTON|contador_antirrebote[16]   ; control_boton:INST_BOTON|contador_antirrebote[19]   ; reloj_50mhz                                   ; reloj_50mhz ; 0.000        ; 0.423      ; 1.178      ;
; 0.599  ; control_boton:INST_BOTON|contador_antirrebote[10]   ; control_boton:INST_BOTON|contador_antirrebote[14]   ; reloj_50mhz                                   ; reloj_50mhz ; 0.000        ; 0.423      ; 1.179      ;
; 0.599  ; control_boton:INST_BOTON|contador_duracion[23]      ; control_boton:INST_BOTON|contador_duracion[26]      ; reloj_50mhz                                   ; reloj_50mhz ; 0.000        ; 0.422      ; 1.178      ;
; 0.600  ; control_boton:INST_BOTON|contador_duracion[17]      ; control_boton:INST_BOTON|contador_duracion[17]      ; reloj_50mhz                                   ; reloj_50mhz ; 0.000        ; 0.060      ; 0.817      ;
; 0.600  ; divisor_frecuencia:INST_DIVISOR|contador_ciclos[6]  ; divisor_frecuencia:INST_DIVISOR|contador_ciclos[9]  ; reloj_50mhz                                   ; reloj_50mhz ; 0.000        ; 0.424      ; 1.181      ;
; 0.602  ; divisor_frecuencia:INST_DIVISOR|contador_ciclos[6]  ; divisor_frecuencia:INST_DIVISOR|contador_ciclos[10] ; reloj_50mhz                                   ; reloj_50mhz ; 0.000        ; 0.424      ; 1.183      ;
; 0.603  ; control_boton:INST_BOTON|contador_duracion[20]      ; control_boton:INST_BOTON|contador_duracion[24]      ; reloj_50mhz                                   ; reloj_50mhz ; 0.000        ; 0.422      ; 1.182      ;
; 0.607  ; divisor_frecuencia:INST_DIVISOR|contador_ciclos[0]  ; divisor_frecuencia:INST_DIVISOR|contador_ciclos[3]  ; reloj_50mhz                                   ; reloj_50mhz ; 0.000        ; 0.424      ; 1.188      ;
; 0.609  ; divisor_frecuencia:INST_DIVISOR|contador_ciclos[0]  ; divisor_frecuencia:INST_DIVISOR|contador_ciclos[4]  ; reloj_50mhz                                   ; reloj_50mhz ; 0.000        ; 0.424      ; 1.190      ;
; 0.612  ; control_boton:INST_BOTON|contador_duracion[19]      ; control_boton:INST_BOTON|contador_duracion[22]      ; reloj_50mhz                                   ; reloj_50mhz ; 0.000        ; 0.422      ; 1.191      ;
; 0.613  ; control_boton:INST_BOTON|contador_duracion[8]       ; control_boton:INST_BOTON|contador_duracion[11]      ; reloj_50mhz                                   ; reloj_50mhz ; 0.000        ; 0.422      ; 1.192      ;
; 0.615  ; control_boton:INST_BOTON|contador_duracion[8]       ; control_boton:INST_BOTON|contador_duracion[12]      ; reloj_50mhz                                   ; reloj_50mhz ; 0.000        ; 0.422      ; 1.194      ;
; 0.625  ; control_boton:INST_BOTON|boton_estable              ; control_boton:INST_BOTON|contador_duracion[16]      ; reloj_50mhz                                   ; reloj_50mhz ; 0.000        ; 0.424      ; 1.206      ;
; 0.625  ; control_boton:INST_BOTON|boton_estable              ; control_boton:INST_BOTON|contador_duracion[24]      ; reloj_50mhz                                   ; reloj_50mhz ; 0.000        ; 0.424      ; 1.206      ;
; 0.625  ; control_boton:INST_BOTON|boton_estable              ; control_boton:INST_BOTON|contador_duracion[22]      ; reloj_50mhz                                   ; reloj_50mhz ; 0.000        ; 0.424      ; 1.206      ;
; 0.625  ; control_boton:INST_BOTON|boton_estable              ; control_boton:INST_BOTON|contador_duracion[26]      ; reloj_50mhz                                   ; reloj_50mhz ; 0.000        ; 0.424      ; 1.206      ;
; 0.625  ; control_boton:INST_BOTON|boton_estable              ; control_boton:INST_BOTON|contador_duracion[25]      ; reloj_50mhz                                   ; reloj_50mhz ; 0.000        ; 0.424      ; 1.206      ;
; 0.679  ; control_boton:INST_BOTON|contador_antirrebote[19]   ; control_boton:INST_BOTON|contador_antirrebote[19]   ; reloj_50mhz                                   ; reloj_50mhz ; 0.000        ; 0.075      ; 0.911      ;
; 0.693  ; control_boton:INST_BOTON|contador_antirrebote[13]   ; control_boton:INST_BOTON|contador_antirrebote[17]   ; reloj_50mhz                                   ; reloj_50mhz ; 0.000        ; 0.423      ; 1.273      ;
; 0.693  ; divisor_frecuencia:INST_DIVISOR|contador_ciclos[5]  ; divisor_frecuencia:INST_DIVISOR|contador_ciclos[9]  ; reloj_50mhz                                   ; reloj_50mhz ; 0.000        ; 0.424      ; 1.274      ;
; 0.695  ; control_boton:INST_BOTON|contador_antirrebote[13]   ; control_boton:INST_BOTON|contador_antirrebote[18]   ; reloj_50mhz                                   ; reloj_50mhz ; 0.000        ; 0.423      ; 1.275      ;
+--------+-----------------------------------------------------+-----------------------------------------------------+-----------------------------------------------+-------------+--------------+------------+------------+


+----------------------------------------------------------------------------------------------------------------------------------------------------------------------------------------------------------------------------------------+
; Slow 1200mV 85C Model Hold: 'divisor_frecuencia:INST_DIVISOR|reloj_interno'                                                                                                                                                            ;
+-------+-------------------------------------------+-------------------------------------------+-----------------------------------------------+-----------------------------------------------+--------------+------------+------------+
; Slack ; From Node                                 ; To Node                                   ; Launch Clock                                  ; Latch Clock                                   ; Relationship ; Clock Skew ; Data Delay ;
+-------+-------------------------------------------+-------------------------------------------+-----------------------------------------------+-----------------------------------------------+--------------+------------+------------+
; 0.358 ; contador_segundos:INST_SEGUNDOS|unidad[0] ; contador_segundos:INST_SEGUNDOS|unidad[0] ; divisor_frecuencia:INST_DIVISOR|reloj_interno ; divisor_frecuencia:INST_DIVISOR|reloj_interno ; 0.000        ; 0.062      ; 0.577      ;
; 0.358 ; contador_segundos:INST_SEGUNDOS|unidad[3] ; contador_segundos:INST_SEGUNDOS|unidad[3] ; divisor_frecuencia:INST_DIVISOR|reloj_interno ; divisor_frecuencia:INST_DIVISOR|reloj_interno ; 0.000        ; 0.062      ; 0.577      ;
; 0.358 ; contador_segundos:INST_SEGUNDOS|unidad[2] ; contador_segundos:INST_SEGUNDOS|unidad[2] ; divisor_frecuencia:INST_DIVISOR|reloj_interno ; divisor_frecuencia:INST_DIVISOR|reloj_interno ; 0.000        ; 0.062      ; 0.577      ;
; 0.358 ; contador_segundos:INST_SEGUNDOS|unidad[1] ; contador_segundos:INST_SEGUNDOS|unidad[1] ; divisor_frecuencia:INST_DIVISOR|reloj_interno ; divisor_frecuencia:INST_DIVISOR|reloj_interno ; 0.000        ; 0.062      ; 0.577      ;
; 0.358 ; contador_minutos:INST_MINUTOS|minutos[0]  ; contador_minutos:INST_MINUTOS|minutos[0]  ; divisor_frecuencia:INST_DIVISOR|reloj_interno ; divisor_frecuencia:INST_DIVISOR|reloj_interno ; 0.000        ; 0.062      ; 0.577      ;
; 0.358 ; contador_minutos:INST_MINUTOS|minutos[2]  ; contador_minutos:INST_MINUTOS|minutos[2]  ; divisor_frecuencia:INST_DIVISOR|reloj_interno ; divisor_frecuencia:INST_DIVISOR|reloj_interno ; 0.000        ; 0.062      ; 0.577      ;
; 0.358 ; contador_minutos:INST_MINUTOS|minutos[3]  ; contador_minutos:INST_MINUTOS|minutos[3]  ; divisor_frecuencia:INST_DIVISOR|reloj_interno ; divisor_frecuencia:INST_DIVISOR|reloj_interno ; 0.000        ; 0.062      ; 0.577      ;
; 0.358 ; contador_minutos:INST_MINUTOS|minutos[1]  ; contador_minutos:INST_MINUTOS|minutos[1]  ; divisor_frecuencia:INST_DIVISOR|reloj_interno ; divisor_frecuencia:INST_DIVISOR|reloj_interno ; 0.000        ; 0.062      ; 0.577      ;
; 0.358 ; contador_segundos:INST_SEGUNDOS|decena[3] ; contador_segundos:INST_SEGUNDOS|decena[3] ; divisor_frecuencia:INST_DIVISOR|reloj_interno ; divisor_frecuencia:INST_DIVISOR|reloj_interno ; 0.000        ; 0.062      ; 0.577      ;
; 0.358 ; contador_segundos:INST_SEGUNDOS|decena[1] ; contador_segundos:INST_SEGUNDOS|decena[1] ; divisor_frecuencia:INST_DIVISOR|reloj_interno ; divisor_frecuencia:INST_DIVISOR|reloj_interno ; 0.000        ; 0.062      ; 0.577      ;
; 0.358 ; contador_segundos:INST_SEGUNDOS|decena[0] ; contador_segundos:INST_SEGUNDOS|decena[0] ; divisor_frecuencia:INST_DIVISOR|reloj_interno ; divisor_frecuencia:INST_DIVISOR|reloj_interno ; 0.000        ; 0.062      ; 0.577      ;
; 0.358 ; contador_segundos:INST_SEGUNDOS|decena[2] ; contador_segundos:INST_SEGUNDOS|decena[2] ; divisor_frecuencia:INST_DIVISOR|reloj_interno ; divisor_frecuencia:INST_DIVISOR|reloj_interno ; 0.000        ; 0.062      ; 0.577      ;
; 0.589 ; contador_minutos:INST_MINUTOS|minutos[1]  ; contador_minutos:INST_MINUTOS|minutos[3]  ; divisor_frecuencia:INST_DIVISOR|reloj_interno ; divisor_frecuencia:INST_DIVISOR|reloj_interno ; 0.000        ; 0.062      ; 0.808      ;
; 0.618 ; control_boton:INST_BOTON|estado_marcha    ; contador_segundos:INST_SEGUNDOS|unidad[1] ; reloj_50mhz                                   ; divisor_frecuencia:INST_DIVISOR|reloj_interno ; -0.500       ; 0.764      ; 1.069      ;
; 0.620 ; control_boton:INST_BOTON|estado_marcha    ; contador_segundos:INST_SEGUNDOS|unidad[2] ; reloj_50mhz                                   ; divisor_frecuencia:INST_DIVISOR|reloj_interno ; -0.500       ; 0.764      ; 1.071      ;
; 0.625 ; contador_minutos:INST_MINUTOS|minutos[2]  ; contador_minutos:INST_MINUTOS|minutos[3]  ; divisor_frecuencia:INST_DIVISOR|reloj_interno ; divisor_frecuencia:INST_DIVISOR|reloj_interno ; 0.000        ; 0.062      ; 0.844      ;
; 0.798 ; contador_segundos:INST_SEGUNDOS|decena[2] ; contador_segundos:INST_SEGUNDOS|decena[3] ; divisor_frecuencia:INST_DIVISOR|reloj_interno ; divisor_frecuencia:INST_DIVISOR|reloj_interno ; 0.000        ; 0.062      ; 1.017      ;
; 0.926 ; contador_segundos:INST_SEGUNDOS|unidad[0] ; contador_segundos:INST_SEGUNDOS|unidad[1] ; divisor_frecuencia:INST_DIVISOR|reloj_interno ; divisor_frecuencia:INST_DIVISOR|reloj_interno ; 0.000        ; 0.062      ; 1.145      ;
; 0.928 ; contador_minutos:INST_MINUTOS|minutos[1]  ; contador_minutos:INST_MINUTOS|minutos[2]  ; divisor_frecuencia:INST_DIVISOR|reloj_interno ; divisor_frecuencia:INST_DIVISOR|reloj_interno ; 0.000        ; 0.062      ; 1.147      ;
; 0.931 ; contador_minutos:INST_MINUTOS|minutos[0]  ; contador_minutos:INST_MINUTOS|minutos[3]  ; divisor_frecuencia:INST_DIVISOR|reloj_interno ; divisor_frecuencia:INST_DIVISOR|reloj_interno ; 0.000        ; 0.062      ; 1.150      ;
; 0.944 ; contador_segundos:INST_SEGUNDOS|unidad[0] ; contador_segundos:INST_SEGUNDOS|unidad[3] ; divisor_frecuencia:INST_DIVISOR|reloj_interno ; divisor_frecuencia:INST_DIVISOR|reloj_interno ; 0.000        ; 0.062      ; 1.163      ;
; 0.945 ; contador_segundos:INST_SEGUNDOS|unidad[0] ; contador_segundos:INST_SEGUNDOS|unidad[2] ; divisor_frecuencia:INST_DIVISOR|reloj_interno ; divisor_frecuencia:INST_DIVISOR|reloj_interno ; 0.000        ; 0.062      ; 1.164      ;
; 0.989 ; contador_segundos:INST_SEGUNDOS|decena[0] ; contador_segundos:INST_SEGUNDOS|decena[1] ; divisor_frecuencia:INST_DIVISOR|reloj_interno ; divisor_frecuencia:INST_DIVISOR|reloj_interno ; 0.000        ; 0.062      ; 1.208      ;
; 0.992 ; contador_minutos:INST_MINUTOS|minutos[2]  ; contador_minutos:INST_MINUTOS|minutos[0]  ; divisor_frecuencia:INST_DIVISOR|reloj_interno ; divisor_frecuencia:INST_DIVISOR|reloj_interno ; 0.000        ; 0.062      ; 1.211      ;
; 0.994 ; contador_minutos:INST_MINUTOS|minutos[0]  ; contador_minutos:INST_MINUTOS|minutos[1]  ; divisor_frecuencia:INST_DIVISOR|reloj_interno ; divisor_frecuencia:INST_DIVISOR|reloj_interno ; 0.000        ; 0.062      ; 1.213      ;
; 1.020 ; contador_segundos:INST_SEGUNDOS|unidad[1] ; contador_segundos:INST_SEGUNDOS|unidad[2] ; divisor_frecuencia:INST_DIVISOR|reloj_interno ; divisor_frecuencia:INST_DIVISOR|reloj_interno ; 0.000        ; 0.062      ; 1.239      ;
; 1.025 ; contador_minutos:INST_MINUTOS|minutos[3]  ; contador_minutos:INST_MINUTOS|minutos[2]  ; divisor_frecuencia:INST_DIVISOR|reloj_interno ; divisor_frecuencia:INST_DIVISOR|reloj_interno ; 0.000        ; 0.062      ; 1.244      ;
; 1.058 ; control_boton:INST_BOTON|estado_marcha    ; contador_minutos:INST_MINUTOS|minutos[2]  ; reloj_50mhz                                   ; divisor_frecuencia:INST_DIVISOR|reloj_interno ; -0.500       ; 0.764      ; 1.509      ;
; 1.060 ; control_boton:INST_BOTON|estado_marcha    ; contador_minutos:INST_MINUTOS|minutos[0]  ; reloj_50mhz                                   ; divisor_frecuencia:INST_DIVISOR|reloj_interno ; -0.500       ; 0.764      ; 1.511      ;
; 1.078 ; contador_segundos:INST_SEGUNDOS|unidad[2] ; contador_segundos:INST_SEGUNDOS|unidad[3] ; divisor_frecuencia:INST_DIVISOR|reloj_interno ; divisor_frecuencia:INST_DIVISOR|reloj_interno ; 0.000        ; 0.062      ; 1.297      ;
; 1.081 ; contador_segundos:INST_SEGUNDOS|unidad[2] ; contador_segundos:INST_SEGUNDOS|unidad[1] ; divisor_frecuencia:INST_DIVISOR|reloj_interno ; divisor_frecuencia:INST_DIVISOR|reloj_interno ; 0.000        ; 0.062      ; 1.300      ;
; 1.104 ; contador_segundos:INST_SEGUNDOS|decena[1] ; contador_segundos:INST_SEGUNDOS|decena[3] ; divisor_frecuencia:INST_DIVISOR|reloj_interno ; divisor_frecuencia:INST_DIVISOR|reloj_interno ; 0.000        ; 0.062      ; 1.323      ;
; 1.110 ; contador_segundos:INST_SEGUNDOS|unidad[3] ; contador_segundos:INST_SEGUNDOS|unidad[1] ; divisor_frecuencia:INST_DIVISOR|reloj_interno ; divisor_frecuencia:INST_DIVISOR|reloj_interno ; 0.000        ; 0.062      ; 1.329      ;
; 1.129 ; contador_segundos:INST_SEGUNDOS|unidad[3] ; contador_segundos:INST_SEGUNDOS|unidad[2] ; divisor_frecuencia:INST_DIVISOR|reloj_interno ; divisor_frecuencia:INST_DIVISOR|reloj_interno ; 0.000        ; 0.062      ; 1.348      ;
; 1.183 ; contador_segundos:INST_SEGUNDOS|unidad[0] ; contador_minutos:INST_MINUTOS|minutos[1]  ; divisor_frecuencia:INST_DIVISOR|reloj_interno ; divisor_frecuencia:INST_DIVISOR|reloj_interno ; 0.000        ; 0.062      ; 1.402      ;
; 1.191 ; control_boton:INST_BOTON|estado_marcha    ; contador_segundos:INST_SEGUNDOS|unidad[0] ; reloj_50mhz                                   ; divisor_frecuencia:INST_DIVISOR|reloj_interno ; -0.500       ; 0.764      ; 1.642      ;
; 1.191 ; control_boton:INST_BOTON|estado_marcha    ; contador_segundos:INST_SEGUNDOS|unidad[3] ; reloj_50mhz                                   ; divisor_frecuencia:INST_DIVISOR|reloj_interno ; -0.500       ; 0.764      ; 1.642      ;
; 1.192 ; contador_minutos:INST_MINUTOS|minutos[0]  ; contador_minutos:INST_MINUTOS|minutos[2]  ; divisor_frecuencia:INST_DIVISOR|reloj_interno ; divisor_frecuencia:INST_DIVISOR|reloj_interno ; 0.000        ; 0.062      ; 1.411      ;
; 1.194 ; contador_minutos:INST_MINUTOS|minutos[3]  ; contador_minutos:INST_MINUTOS|minutos[0]  ; divisor_frecuencia:INST_DIVISOR|reloj_interno ; divisor_frecuencia:INST_DIVISOR|reloj_interno ; 0.000        ; 0.062      ; 1.413      ;
; 1.195 ; contador_segundos:INST_SEGUNDOS|unidad[1] ; contador_segundos:INST_SEGUNDOS|unidad[3] ; divisor_frecuencia:INST_DIVISOR|reloj_interno ; divisor_frecuencia:INST_DIVISOR|reloj_interno ; 0.000        ; 0.062      ; 1.414      ;
; 1.224 ; contador_minutos:INST_MINUTOS|minutos[1]  ; contador_minutos:INST_MINUTOS|minutos[0]  ; divisor_frecuencia:INST_DIVISOR|reloj_interno ; divisor_frecuencia:INST_DIVISOR|reloj_interno ; 0.000        ; 0.062      ; 1.443      ;
; 1.238 ; contador_segundos:INST_SEGUNDOS|unidad[0] ; contador_minutos:INST_MINUTOS|minutos[2]  ; divisor_frecuencia:INST_DIVISOR|reloj_interno ; divisor_frecuencia:INST_DIVISOR|reloj_interno ; 0.000        ; 0.062      ; 1.457      ;
; 1.239 ; contador_segundos:INST_SEGUNDOS|unidad[0] ; contador_minutos:INST_MINUTOS|minutos[0]  ; divisor_frecuencia:INST_DIVISOR|reloj_interno ; divisor_frecuencia:INST_DIVISOR|reloj_interno ; 0.000        ; 0.062      ; 1.458      ;
; 1.239 ; contador_segundos:INST_SEGUNDOS|decena[0] ; contador_segundos:INST_SEGUNDOS|decena[3] ; divisor_frecuencia:INST_DIVISOR|reloj_interno ; divisor_frecuencia:INST_DIVISOR|reloj_interno ; 0.000        ; 0.062      ; 1.458      ;
; 1.243 ; contador_segundos:INST_SEGUNDOS|decena[3] ; contador_minutos:INST_MINUTOS|minutos[1]  ; divisor_frecuencia:INST_DIVISOR|reloj_interno ; divisor_frecuencia:INST_DIVISOR|reloj_interno ; 0.000        ; 0.063      ; 1.463      ;
; 1.249 ; contador_segundos:INST_SEGUNDOS|decena[1] ; contador_segundos:INST_SEGUNDOS|decena[2] ; divisor_frecuencia:INST_DIVISOR|reloj_interno ; divisor_frecuencia:INST_DIVISOR|reloj_interno ; 0.000        ; 0.062      ; 1.468      ;
; 1.258 ; contador_segundos:INST_SEGUNDOS|decena[3] ; contador_segundos:INST_SEGUNDOS|decena[0] ; divisor_frecuencia:INST_DIVISOR|reloj_interno ; divisor_frecuencia:INST_DIVISOR|reloj_interno ; 0.000        ; 0.062      ; 1.477      ;
; 1.259 ; contador_segundos:INST_SEGUNDOS|decena[3] ; contador_segundos:INST_SEGUNDOS|decena[1] ; divisor_frecuencia:INST_DIVISOR|reloj_interno ; divisor_frecuencia:INST_DIVISOR|reloj_interno ; 0.000        ; 0.062      ; 1.478      ;
; 1.259 ; contador_segundos:INST_SEGUNDOS|decena[3] ; contador_segundos:INST_SEGUNDOS|decena[2] ; divisor_frecuencia:INST_DIVISOR|reloj_interno ; divisor_frecuencia:INST_DIVISOR|reloj_interno ; 0.000        ; 0.062      ; 1.478      ;
; 1.260 ; control_boton:INST_BOTON|estado_marcha    ; contador_segundos:INST_SEGUNDOS|decena[0] ; reloj_50mhz                                   ; divisor_frecuencia:INST_DIVISOR|reloj_interno ; -0.500       ; 0.763      ; 1.710      ;
; 1.261 ; control_boton:INST_BOTON|estado_marcha    ; contador_segundos:INST_SEGUNDOS|decena[2] ; reloj_50mhz                                   ; divisor_frecuencia:INST_DIVISOR|reloj_interno ; -0.500       ; 0.763      ; 1.711      ;
; 1.261 ; control_boton:INST_BOTON|estado_marcha    ; contador_segundos:INST_SEGUNDOS|decena[1] ; reloj_50mhz                                   ; divisor_frecuencia:INST_DIVISOR|reloj_interno ; -0.500       ; 0.763      ; 1.711      ;
; 1.263 ; control_boton:INST_BOTON|estado_marcha    ; contador_segundos:INST_SEGUNDOS|decena[3] ; reloj_50mhz                                   ; divisor_frecuencia:INST_DIVISOR|reloj_interno ; -0.500       ; 0.763      ; 1.713      ;
; 1.289 ; control_boton:INST_BOTON|estado_marcha    ; contador_minutos:INST_MINUTOS|minutos[1]  ; reloj_50mhz                                   ; divisor_frecuencia:INST_DIVISOR|reloj_interno ; -0.500       ; 0.764      ; 1.740      ;
; 1.312 ; contador_segundos:INST_SEGUNDOS|unidad[2] ; contador_minutos:INST_MINUTOS|minutos[1]  ; divisor_frecuencia:INST_DIVISOR|reloj_interno ; divisor_frecuencia:INST_DIVISOR|reloj_interno ; 0.000        ; 0.062      ; 1.531      ;
; 1.353 ; control_boton:INST_BOTON|estado_marcha    ; contador_minutos:INST_MINUTOS|minutos[3]  ; reloj_50mhz                                   ; divisor_frecuencia:INST_DIVISOR|reloj_interno ; -0.500       ; 0.764      ; 1.804      ;
; 1.356 ; contador_segundos:INST_SEGUNDOS|unidad[2] ; contador_minutos:INST_MINUTOS|minutos[2]  ; divisor_frecuencia:INST_DIVISOR|reloj_interno ; divisor_frecuencia:INST_DIVISOR|reloj_interno ; 0.000        ; 0.062      ; 1.575      ;
; 1.358 ; contador_segundos:INST_SEGUNDOS|unidad[2] ; contador_minutos:INST_MINUTOS|minutos[0]  ; divisor_frecuencia:INST_DIVISOR|reloj_interno ; divisor_frecuencia:INST_DIVISOR|reloj_interno ; 0.000        ; 0.062      ; 1.577      ;
; 1.367 ; contador_segundos:INST_SEGUNDOS|unidad[3] ; contador_minutos:INST_MINUTOS|minutos[1]  ; divisor_frecuencia:INST_DIVISOR|reloj_interno ; divisor_frecuencia:INST_DIVISOR|reloj_interno ; 0.000        ; 0.062      ; 1.586      ;
; 1.379 ; contador_segundos:INST_SEGUNDOS|decena[0] ; contador_segundos:INST_SEGUNDOS|decena[2] ; divisor_frecuencia:INST_DIVISOR|reloj_interno ; divisor_frecuencia:INST_DIVISOR|reloj_interno ; 0.000        ; 0.062      ; 1.598      ;
; 1.380 ; contador_segundos:INST_SEGUNDOS|unidad[0] ; contador_segundos:INST_SEGUNDOS|decena[0] ; divisor_frecuencia:INST_DIVISOR|reloj_interno ; divisor_frecuencia:INST_DIVISOR|reloj_interno ; 0.000        ; 0.061      ; 1.598      ;
; 1.381 ; contador_segundos:INST_SEGUNDOS|unidad[0] ; contador_segundos:INST_SEGUNDOS|decena[1] ; divisor_frecuencia:INST_DIVISOR|reloj_interno ; divisor_frecuencia:INST_DIVISOR|reloj_interno ; 0.000        ; 0.061      ; 1.599      ;
; 1.381 ; contador_segundos:INST_SEGUNDOS|unidad[0] ; contador_segundos:INST_SEGUNDOS|decena[2] ; divisor_frecuencia:INST_DIVISOR|reloj_interno ; divisor_frecuencia:INST_DIVISOR|reloj_interno ; 0.000        ; 0.061      ; 1.599      ;
; 1.381 ; contador_segundos:INST_SEGUNDOS|decena[0] ; contador_minutos:INST_MINUTOS|minutos[1]  ; divisor_frecuencia:INST_DIVISOR|reloj_interno ; divisor_frecuencia:INST_DIVISOR|reloj_interno ; 0.000        ; 0.063      ; 1.601      ;
; 1.383 ; contador_segundos:INST_SEGUNDOS|unidad[0] ; contador_segundos:INST_SEGUNDOS|decena[3] ; divisor_frecuencia:INST_DIVISOR|reloj_interno ; divisor_frecuencia:INST_DIVISOR|reloj_interno ; 0.000        ; 0.061      ; 1.601      ;
; 1.407 ; contador_segundos:INST_SEGUNDOS|unidad[1] ; contador_minutos:INST_MINUTOS|minutos[1]  ; divisor_frecuencia:INST_DIVISOR|reloj_interno ; divisor_frecuencia:INST_DIVISOR|reloj_interno ; 0.000        ; 0.062      ; 1.626      ;
; 1.422 ; contador_segundos:INST_SEGUNDOS|unidad[3] ; contador_minutos:INST_MINUTOS|minutos[2]  ; divisor_frecuencia:INST_DIVISOR|reloj_interno ; divisor_frecuencia:INST_DIVISOR|reloj_interno ; 0.000        ; 0.062      ; 1.641      ;
; 1.423 ; contador_minutos:INST_MINUTOS|minutos[2]  ; contador_minutos:INST_MINUTOS|minutos[1]  ; divisor_frecuencia:INST_DIVISOR|reloj_interno ; divisor_frecuencia:INST_DIVISOR|reloj_interno ; 0.000        ; 0.062      ; 1.642      ;
; 1.423 ; contador_segundos:INST_SEGUNDOS|unidad[3] ; contador_minutos:INST_MINUTOS|minutos[0]  ; divisor_frecuencia:INST_DIVISOR|reloj_interno ; divisor_frecuencia:INST_DIVISOR|reloj_interno ; 0.000        ; 0.062      ; 1.642      ;
; 1.423 ; contador_segundos:INST_SEGUNDOS|decena[3] ; contador_minutos:INST_MINUTOS|minutos[2]  ; divisor_frecuencia:INST_DIVISOR|reloj_interno ; divisor_frecuencia:INST_DIVISOR|reloj_interno ; 0.000        ; 0.063      ; 1.643      ;
; 1.425 ; contador_segundos:INST_SEGUNDOS|decena[3] ; contador_minutos:INST_MINUTOS|minutos[0]  ; divisor_frecuencia:INST_DIVISOR|reloj_interno ; divisor_frecuencia:INST_DIVISOR|reloj_interno ; 0.000        ; 0.063      ; 1.645      ;
; 1.430 ; contador_minutos:INST_MINUTOS|minutos[1]  ; contador_segundos:INST_SEGUNDOS|unidad[0] ; divisor_frecuencia:INST_DIVISOR|reloj_interno ; divisor_frecuencia:INST_DIVISOR|reloj_interno ; 0.000        ; 0.062      ; 1.649      ;
; 1.430 ; contador_minutos:INST_MINUTOS|minutos[1]  ; contador_segundos:INST_SEGUNDOS|unidad[3] ; divisor_frecuencia:INST_DIVISOR|reloj_interno ; divisor_frecuencia:INST_DIVISOR|reloj_interno ; 0.000        ; 0.062      ; 1.649      ;
; 1.433 ; contador_minutos:INST_MINUTOS|minutos[1]  ; contador_segundos:INST_SEGUNDOS|decena[0] ; divisor_frecuencia:INST_DIVISOR|reloj_interno ; divisor_frecuencia:INST_DIVISOR|reloj_interno ; 0.000        ; 0.061      ; 1.651      ;
; 1.434 ; contador_minutos:INST_MINUTOS|minutos[1]  ; contador_segundos:INST_SEGUNDOS|decena[1] ; divisor_frecuencia:INST_DIVISOR|reloj_interno ; divisor_frecuencia:INST_DIVISOR|reloj_interno ; 0.000        ; 0.061      ; 1.652      ;
; 1.434 ; contador_minutos:INST_MINUTOS|minutos[1]  ; contador_segundos:INST_SEGUNDOS|decena[2] ; divisor_frecuencia:INST_DIVISOR|reloj_interno ; divisor_frecuencia:INST_DIVISOR|reloj_interno ; 0.000        ; 0.061      ; 1.652      ;
; 1.436 ; contador_minutos:INST_MINUTOS|minutos[1]  ; contador_segundos:INST_SEGUNDOS|decena[3] ; divisor_frecuencia:INST_DIVISOR|reloj_interno ; divisor_frecuencia:INST_DIVISOR|reloj_interno ; 0.000        ; 0.061      ; 1.654      ;
; 1.451 ; contador_segundos:INST_SEGUNDOS|unidad[1] ; contador_minutos:INST_MINUTOS|minutos[2]  ; divisor_frecuencia:INST_DIVISOR|reloj_interno ; divisor_frecuencia:INST_DIVISOR|reloj_interno ; 0.000        ; 0.062      ; 1.670      ;
; 1.453 ; contador_segundos:INST_SEGUNDOS|unidad[1] ; contador_minutos:INST_MINUTOS|minutos[0]  ; divisor_frecuencia:INST_DIVISOR|reloj_interno ; divisor_frecuencia:INST_DIVISOR|reloj_interno ; 0.000        ; 0.062      ; 1.672      ;
; 1.480 ; contador_segundos:INST_SEGUNDOS|decena[2] ; contador_segundos:INST_SEGUNDOS|decena[1] ; divisor_frecuencia:INST_DIVISOR|reloj_interno ; divisor_frecuencia:INST_DIVISOR|reloj_interno ; 0.000        ; 0.062      ; 1.699      ;
; 1.480 ; contador_segundos:INST_SEGUNDOS|decena[2] ; contador_segundos:INST_SEGUNDOS|decena[0] ; divisor_frecuencia:INST_DIVISOR|reloj_interno ; divisor_frecuencia:INST_DIVISOR|reloj_interno ; 0.000        ; 0.062      ; 1.699      ;
; 1.483 ; contador_segundos:INST_SEGUNDOS|decena[2] ; contador_minutos:INST_MINUTOS|minutos[1]  ; divisor_frecuencia:INST_DIVISOR|reloj_interno ; divisor_frecuencia:INST_DIVISOR|reloj_interno ; 0.000        ; 0.063      ; 1.703      ;
; 1.489 ; contador_segundos:INST_SEGUNDOS|unidad[2] ; contador_segundos:INST_SEGUNDOS|unidad[0] ; divisor_frecuencia:INST_DIVISOR|reloj_interno ; divisor_frecuencia:INST_DIVISOR|reloj_interno ; 0.000        ; 0.062      ; 1.708      ;
; 1.506 ; contador_segundos:INST_SEGUNDOS|unidad[2] ; contador_segundos:INST_SEGUNDOS|decena[1] ; divisor_frecuencia:INST_DIVISOR|reloj_interno ; divisor_frecuencia:INST_DIVISOR|reloj_interno ; 0.000        ; 0.061      ; 1.724      ;
; 1.506 ; contador_segundos:INST_SEGUNDOS|unidad[2] ; contador_segundos:INST_SEGUNDOS|decena[0] ; divisor_frecuencia:INST_DIVISOR|reloj_interno ; divisor_frecuencia:INST_DIVISOR|reloj_interno ; 0.000        ; 0.061      ; 1.724      ;
; 1.507 ; contador_segundos:INST_SEGUNDOS|unidad[2] ; contador_segundos:INST_SEGUNDOS|decena[2] ; divisor_frecuencia:INST_DIVISOR|reloj_interno ; divisor_frecuencia:INST_DIVISOR|reloj_interno ; 0.000        ; 0.061      ; 1.725      ;
; 1.509 ; contador_segundos:INST_SEGUNDOS|decena[1] ; contador_minutos:INST_MINUTOS|minutos[1]  ; divisor_frecuencia:INST_DIVISOR|reloj_interno ; divisor_frecuencia:INST_DIVISOR|reloj_interno ; 0.000        ; 0.063      ; 1.729      ;
; 1.510 ; contador_segundos:INST_SEGUNDOS|unidad[2] ; contador_segundos:INST_SEGUNDOS|decena[3] ; divisor_frecuencia:INST_DIVISOR|reloj_interno ; divisor_frecuencia:INST_DIVISOR|reloj_interno ; 0.000        ; 0.061      ; 1.728      ;
; 1.524 ; contador_segundos:INST_SEGUNDOS|decena[1] ; contador_segundos:INST_SEGUNDOS|decena[0] ; divisor_frecuencia:INST_DIVISOR|reloj_interno ; divisor_frecuencia:INST_DIVISOR|reloj_interno ; 0.000        ; 0.062      ; 1.743      ;
; 1.539 ; contador_segundos:INST_SEGUNDOS|unidad[0] ; contador_minutos:INST_MINUTOS|minutos[3]  ; divisor_frecuencia:INST_DIVISOR|reloj_interno ; divisor_frecuencia:INST_DIVISOR|reloj_interno ; 0.000        ; 0.062      ; 1.758      ;
; 1.540 ; contador_segundos:INST_SEGUNDOS|unidad[3] ; contador_segundos:INST_SEGUNDOS|unidad[0] ; divisor_frecuencia:INST_DIVISOR|reloj_interno ; divisor_frecuencia:INST_DIVISOR|reloj_interno ; 0.000        ; 0.062      ; 1.759      ;
; 1.547 ; contador_minutos:INST_MINUTOS|minutos[3]  ; contador_segundos:INST_SEGUNDOS|unidad[3] ; divisor_frecuencia:INST_DIVISOR|reloj_interno ; divisor_frecuencia:INST_DIVISOR|reloj_interno ; 0.000        ; 0.062      ; 1.766      ;
; 1.549 ; contador_minutos:INST_MINUTOS|minutos[3]  ; contador_segundos:INST_SEGUNDOS|unidad[0] ; divisor_frecuencia:INST_DIVISOR|reloj_interno ; divisor_frecuencia:INST_DIVISOR|reloj_interno ; 0.000        ; 0.062      ; 1.768      ;
; 1.556 ; contador_segundos:INST_SEGUNDOS|decena[3] ; contador_segundos:INST_SEGUNDOS|unidad[0] ; divisor_frecuencia:INST_DIVISOR|reloj_interno ; divisor_frecuencia:INST_DIVISOR|reloj_interno ; 0.000        ; 0.063      ; 1.776      ;
; 1.556 ; contador_segundos:INST_SEGUNDOS|decena[3] ; contador_segundos:INST_SEGUNDOS|unidad[3] ; divisor_frecuencia:INST_DIVISOR|reloj_interno ; divisor_frecuencia:INST_DIVISOR|reloj_interno ; 0.000        ; 0.063      ; 1.776      ;
; 1.560 ; contador_segundos:INST_SEGUNDOS|decena[0] ; contador_minutos:INST_MINUTOS|minutos[2]  ; divisor_frecuencia:INST_DIVISOR|reloj_interno ; divisor_frecuencia:INST_DIVISOR|reloj_interno ; 0.000        ; 0.063      ; 1.780      ;
; 1.561 ; contador_segundos:INST_SEGUNDOS|decena[0] ; contador_minutos:INST_MINUTOS|minutos[0]  ; divisor_frecuencia:INST_DIVISOR|reloj_interno ; divisor_frecuencia:INST_DIVISOR|reloj_interno ; 0.000        ; 0.063      ; 1.781      ;
; 1.564 ; contador_segundos:INST_SEGUNDOS|unidad[3] ; contador_segundos:INST_SEGUNDOS|decena[0] ; divisor_frecuencia:INST_DIVISOR|reloj_interno ; divisor_frecuencia:INST_DIVISOR|reloj_interno ; 0.000        ; 0.061      ; 1.782      ;
; 1.565 ; contador_segundos:INST_SEGUNDOS|unidad[3] ; contador_segundos:INST_SEGUNDOS|decena[1] ; divisor_frecuencia:INST_DIVISOR|reloj_interno ; divisor_frecuencia:INST_DIVISOR|reloj_interno ; 0.000        ; 0.061      ; 1.783      ;
; 1.565 ; contador_segundos:INST_SEGUNDOS|unidad[3] ; contador_segundos:INST_SEGUNDOS|decena[2] ; divisor_frecuencia:INST_DIVISOR|reloj_interno ; divisor_frecuencia:INST_DIVISOR|reloj_interno ; 0.000        ; 0.061      ; 1.783      ;
+-------+-------------------------------------------+-------------------------------------------+-----------------------------------------------+-----------------------------------------------+--------------+------------+------------+


+-------------------------------------------------------------------------------------------------------------------------------------------------------------------------------------------------------------+
; Slow 1200mV 85C Model Recovery: 'divisor_frecuencia:INST_DIVISOR|reloj_interno'                                                                                                                             ;
+--------+------------------------------------------------+-------------------------------------------+--------------+-----------------------------------------------+--------------+------------+------------+
; Slack  ; From Node                                      ; To Node                                   ; Launch Clock ; Latch Clock                                   ; Relationship ; Clock Skew ; Data Delay ;
+--------+------------------------------------------------+-------------------------------------------+--------------+-----------------------------------------------+--------------+------------+------------+
; -0.657 ; control_boton:INST_BOTON|reinicio_temporizador ; contador_segundos:INST_SEGUNDOS|decena[3] ; reloj_50mhz  ; divisor_frecuencia:INST_DIVISOR|reloj_interno ; 0.500        ; 0.541      ; 1.683      ;
; -0.657 ; control_boton:INST_BOTON|reinicio_temporizador ; contador_segundos:INST_SEGUNDOS|decena[2] ; reloj_50mhz  ; divisor_frecuencia:INST_DIVISOR|reloj_interno ; 0.500        ; 0.541      ; 1.683      ;
; -0.657 ; control_boton:INST_BOTON|reinicio_temporizador ; contador_segundos:INST_SEGUNDOS|decena[1] ; reloj_50mhz  ; divisor_frecuencia:INST_DIVISOR|reloj_interno ; 0.500        ; 0.541      ; 1.683      ;
; -0.657 ; control_boton:INST_BOTON|reinicio_temporizador ; contador_segundos:INST_SEGUNDOS|decena[0] ; reloj_50mhz  ; divisor_frecuencia:INST_DIVISOR|reloj_interno ; 0.500        ; 0.541      ; 1.683      ;
; -0.657 ; control_boton:INST_BOTON|reinicio_temporizador ; contador_minutos:INST_MINUTOS|minutos[1]  ; reloj_50mhz  ; divisor_frecuencia:INST_DIVISOR|reloj_interno ; 0.500        ; 0.542      ; 1.684      ;
; -0.657 ; control_boton:INST_BOTON|reinicio_temporizador ; contador_minutos:INST_MINUTOS|minutos[0]  ; reloj_50mhz  ; divisor_frecuencia:INST_DIVISOR|reloj_interno ; 0.500        ; 0.542      ; 1.684      ;
; -0.657 ; control_boton:INST_BOTON|reinicio_temporizador ; contador_minutos:INST_MINUTOS|minutos[2]  ; reloj_50mhz  ; divisor_frecuencia:INST_DIVISOR|reloj_interno ; 0.500        ; 0.542      ; 1.684      ;
; -0.657 ; control_boton:INST_BOTON|reinicio_temporizador ; contador_minutos:INST_MINUTOS|minutos[3]  ; reloj_50mhz  ; divisor_frecuencia:INST_DIVISOR|reloj_interno ; 0.500        ; 0.542      ; 1.684      ;
; -0.620 ; control_boton:INST_BOTON|reinicio_temporizador ; contador_segundos:INST_SEGUNDOS|unidad[0] ; reloj_50mhz  ; divisor_frecuencia:INST_DIVISOR|reloj_interno ; 0.500        ; 0.542      ; 1.647      ;
; -0.620 ; control_boton:INST_BOTON|reinicio_temporizador ; contador_segundos:INST_SEGUNDOS|unidad[3] ; reloj_50mhz  ; divisor_frecuencia:INST_DIVISOR|reloj_interno ; 0.500        ; 0.542      ; 1.647      ;
; -0.620 ; control_boton:INST_BOTON|reinicio_temporizador ; contador_segundos:INST_SEGUNDOS|unidad[2] ; reloj_50mhz  ; divisor_frecuencia:INST_DIVISOR|reloj_interno ; 0.500        ; 0.542      ; 1.647      ;
; -0.620 ; control_boton:INST_BOTON|reinicio_temporizador ; contador_segundos:INST_SEGUNDOS|unidad[1] ; reloj_50mhz  ; divisor_frecuencia:INST_DIVISOR|reloj_interno ; 0.500        ; 0.542      ; 1.647      ;
+--------+------------------------------------------------+-------------------------------------------+--------------+-----------------------------------------------+--------------+------------+------------+


+-------------------------------------------------------------------------------------------------------------------------------------------------------------------------------------+
; Slow 1200mV 85C Model Recovery: 'reloj_50mhz'                                                                                                                                       ;
+--------+------------------------------------------------+-----------------------------------------------------+--------------+-------------+--------------+------------+------------+
; Slack  ; From Node                                      ; To Node                                             ; Launch Clock ; Latch Clock ; Relationship ; Clock Skew ; Data Delay ;
+--------+------------------------------------------------+-----------------------------------------------------+--------------+-------------+--------------+------------+------------+
; -0.618 ; control_boton:INST_BOTON|reinicio_temporizador ; divisor_frecuencia:INST_DIVISOR|contador_ciclos[6]  ; reloj_50mhz  ; reloj_50mhz ; 1.000        ; -0.060     ; 1.553      ;
; -0.618 ; control_boton:INST_BOTON|reinicio_temporizador ; divisor_frecuencia:INST_DIVISOR|contador_ciclos[8]  ; reloj_50mhz  ; reloj_50mhz ; 1.000        ; -0.060     ; 1.553      ;
; -0.618 ; control_boton:INST_BOTON|reinicio_temporizador ; divisor_frecuencia:INST_DIVISOR|contador_ciclos[7]  ; reloj_50mhz  ; reloj_50mhz ; 1.000        ; -0.060     ; 1.553      ;
; -0.618 ; control_boton:INST_BOTON|reinicio_temporizador ; divisor_frecuencia:INST_DIVISOR|contador_ciclos[5]  ; reloj_50mhz  ; reloj_50mhz ; 1.000        ; -0.060     ; 1.553      ;
; -0.618 ; control_boton:INST_BOTON|reinicio_temporizador ; divisor_frecuencia:INST_DIVISOR|contador_ciclos[2]  ; reloj_50mhz  ; reloj_50mhz ; 1.000        ; -0.060     ; 1.553      ;
; -0.618 ; control_boton:INST_BOTON|reinicio_temporizador ; divisor_frecuencia:INST_DIVISOR|contador_ciclos[1]  ; reloj_50mhz  ; reloj_50mhz ; 1.000        ; -0.060     ; 1.553      ;
; -0.618 ; control_boton:INST_BOTON|reinicio_temporizador ; divisor_frecuencia:INST_DIVISOR|contador_ciclos[0]  ; reloj_50mhz  ; reloj_50mhz ; 1.000        ; -0.060     ; 1.553      ;
; -0.449 ; control_boton:INST_BOTON|reinicio_temporizador ; divisor_frecuencia:INST_DIVISOR|contador_ciclos[13] ; reloj_50mhz  ; reloj_50mhz ; 1.000        ; -0.062     ; 1.382      ;
; -0.449 ; control_boton:INST_BOTON|reinicio_temporizador ; divisor_frecuencia:INST_DIVISOR|contador_ciclos[16] ; reloj_50mhz  ; reloj_50mhz ; 1.000        ; -0.062     ; 1.382      ;
; -0.449 ; control_boton:INST_BOTON|reinicio_temporizador ; divisor_frecuencia:INST_DIVISOR|contador_ciclos[24] ; reloj_50mhz  ; reloj_50mhz ; 1.000        ; -0.062     ; 1.382      ;
; -0.449 ; control_boton:INST_BOTON|reinicio_temporizador ; divisor_frecuencia:INST_DIVISOR|contador_ciclos[17] ; reloj_50mhz  ; reloj_50mhz ; 1.000        ; -0.062     ; 1.382      ;
; -0.449 ; control_boton:INST_BOTON|reinicio_temporizador ; divisor_frecuencia:INST_DIVISOR|contador_ciclos[25] ; reloj_50mhz  ; reloj_50mhz ; 1.000        ; -0.062     ; 1.382      ;
; -0.449 ; control_boton:INST_BOTON|reinicio_temporizador ; divisor_frecuencia:INST_DIVISOR|contador_ciclos[23] ; reloj_50mhz  ; reloj_50mhz ; 1.000        ; -0.062     ; 1.382      ;
; -0.449 ; control_boton:INST_BOTON|reinicio_temporizador ; divisor_frecuencia:INST_DIVISOR|contador_ciclos[15] ; reloj_50mhz  ; reloj_50mhz ; 1.000        ; -0.062     ; 1.382      ;
; -0.441 ; control_boton:INST_BOTON|reinicio_temporizador ; divisor_frecuencia:INST_DIVISOR|reloj_interno       ; reloj_50mhz  ; reloj_50mhz ; 1.000        ; -0.061     ; 1.375      ;
; -0.441 ; control_boton:INST_BOTON|reinicio_temporizador ; divisor_frecuencia:INST_DIVISOR|contador_ciclos[11] ; reloj_50mhz  ; reloj_50mhz ; 1.000        ; -0.061     ; 1.375      ;
; -0.441 ; control_boton:INST_BOTON|reinicio_temporizador ; divisor_frecuencia:INST_DIVISOR|contador_ciclos[12] ; reloj_50mhz  ; reloj_50mhz ; 1.000        ; -0.061     ; 1.375      ;
; -0.441 ; control_boton:INST_BOTON|reinicio_temporizador ; divisor_frecuencia:INST_DIVISOR|contador_ciclos[14] ; reloj_50mhz  ; reloj_50mhz ; 1.000        ; -0.061     ; 1.375      ;
; -0.441 ; control_boton:INST_BOTON|reinicio_temporizador ; divisor_frecuencia:INST_DIVISOR|contador_ciclos[18] ; reloj_50mhz  ; reloj_50mhz ; 1.000        ; -0.061     ; 1.375      ;
; -0.441 ; control_boton:INST_BOTON|reinicio_temporizador ; divisor_frecuencia:INST_DIVISOR|contador_ciclos[19] ; reloj_50mhz  ; reloj_50mhz ; 1.000        ; -0.061     ; 1.375      ;
; -0.441 ; control_boton:INST_BOTON|reinicio_temporizador ; divisor_frecuencia:INST_DIVISOR|contador_ciclos[20] ; reloj_50mhz  ; reloj_50mhz ; 1.000        ; -0.061     ; 1.375      ;
; -0.441 ; control_boton:INST_BOTON|reinicio_temporizador ; divisor_frecuencia:INST_DIVISOR|contador_ciclos[21] ; reloj_50mhz  ; reloj_50mhz ; 1.000        ; -0.061     ; 1.375      ;
; -0.441 ; control_boton:INST_BOTON|reinicio_temporizador ; divisor_frecuencia:INST_DIVISOR|contador_ciclos[22] ; reloj_50mhz  ; reloj_50mhz ; 1.000        ; -0.061     ; 1.375      ;
; -0.269 ; control_boton:INST_BOTON|reinicio_temporizador ; divisor_frecuencia:INST_DIVISOR|contador_ciclos[10] ; reloj_50mhz  ; reloj_50mhz ; 1.000        ; 0.289      ; 1.553      ;
; -0.269 ; control_boton:INST_BOTON|reinicio_temporizador ; divisor_frecuencia:INST_DIVISOR|contador_ciclos[9]  ; reloj_50mhz  ; reloj_50mhz ; 1.000        ; 0.289      ; 1.553      ;
; -0.269 ; control_boton:INST_BOTON|reinicio_temporizador ; divisor_frecuencia:INST_DIVISOR|contador_ciclos[4]  ; reloj_50mhz  ; reloj_50mhz ; 1.000        ; 0.289      ; 1.553      ;
; -0.269 ; control_boton:INST_BOTON|reinicio_temporizador ; divisor_frecuencia:INST_DIVISOR|contador_ciclos[3]  ; reloj_50mhz  ; reloj_50mhz ; 1.000        ; 0.289      ; 1.553      ;
+--------+------------------------------------------------+-----------------------------------------------------+--------------+-------------+--------------+------------+------------+


+------------------------------------------------------------------------------------------------------------------------------------------------------------------------------------+
; Slow 1200mV 85C Model Removal: 'reloj_50mhz'                                                                                                                                       ;
+-------+------------------------------------------------+-----------------------------------------------------+--------------+-------------+--------------+------------+------------+
; Slack ; From Node                                      ; To Node                                             ; Launch Clock ; Latch Clock ; Relationship ; Clock Skew ; Data Delay ;
+-------+------------------------------------------------+-----------------------------------------------------+--------------+-------------+--------------+------------+------------+
; 0.848 ; control_boton:INST_BOTON|reinicio_temporizador ; divisor_frecuencia:INST_DIVISOR|contador_ciclos[10] ; reloj_50mhz  ; reloj_50mhz ; 0.000        ; 0.425      ; 1.430      ;
; 0.848 ; control_boton:INST_BOTON|reinicio_temporizador ; divisor_frecuencia:INST_DIVISOR|contador_ciclos[9]  ; reloj_50mhz  ; reloj_50mhz ; 0.000        ; 0.425      ; 1.430      ;
; 0.848 ; control_boton:INST_BOTON|reinicio_temporizador ; divisor_frecuencia:INST_DIVISOR|contador_ciclos[4]  ; reloj_50mhz  ; reloj_50mhz ; 0.000        ; 0.425      ; 1.430      ;
; 0.848 ; control_boton:INST_BOTON|reinicio_temporizador ; divisor_frecuencia:INST_DIVISOR|contador_ciclos[3]  ; reloj_50mhz  ; reloj_50mhz ; 0.000        ; 0.425      ; 1.430      ;
; 1.032 ; control_boton:INST_BOTON|reinicio_temporizador ; divisor_frecuencia:INST_DIVISOR|reloj_interno       ; reloj_50mhz  ; reloj_50mhz ; 0.000        ; 0.061      ; 1.250      ;
; 1.032 ; control_boton:INST_BOTON|reinicio_temporizador ; divisor_frecuencia:INST_DIVISOR|contador_ciclos[11] ; reloj_50mhz  ; reloj_50mhz ; 0.000        ; 0.061      ; 1.250      ;
; 1.032 ; control_boton:INST_BOTON|reinicio_temporizador ; divisor_frecuencia:INST_DIVISOR|contador_ciclos[12] ; reloj_50mhz  ; reloj_50mhz ; 0.000        ; 0.061      ; 1.250      ;
; 1.032 ; control_boton:INST_BOTON|reinicio_temporizador ; divisor_frecuencia:INST_DIVISOR|contador_ciclos[14] ; reloj_50mhz  ; reloj_50mhz ; 0.000        ; 0.061      ; 1.250      ;
; 1.032 ; control_boton:INST_BOTON|reinicio_temporizador ; divisor_frecuencia:INST_DIVISOR|contador_ciclos[18] ; reloj_50mhz  ; reloj_50mhz ; 0.000        ; 0.061      ; 1.250      ;
; 1.032 ; control_boton:INST_BOTON|reinicio_temporizador ; divisor_frecuencia:INST_DIVISOR|contador_ciclos[19] ; reloj_50mhz  ; reloj_50mhz ; 0.000        ; 0.061      ; 1.250      ;
; 1.032 ; control_boton:INST_BOTON|reinicio_temporizador ; divisor_frecuencia:INST_DIVISOR|contador_ciclos[20] ; reloj_50mhz  ; reloj_50mhz ; 0.000        ; 0.061      ; 1.250      ;
; 1.032 ; control_boton:INST_BOTON|reinicio_temporizador ; divisor_frecuencia:INST_DIVISOR|contador_ciclos[21] ; reloj_50mhz  ; reloj_50mhz ; 0.000        ; 0.061      ; 1.250      ;
; 1.032 ; control_boton:INST_BOTON|reinicio_temporizador ; divisor_frecuencia:INST_DIVISOR|contador_ciclos[22] ; reloj_50mhz  ; reloj_50mhz ; 0.000        ; 0.061      ; 1.250      ;
; 1.037 ; control_boton:INST_BOTON|reinicio_temporizador ; divisor_frecuencia:INST_DIVISOR|contador_ciclos[13] ; reloj_50mhz  ; reloj_50mhz ; 0.000        ; 0.060      ; 1.254      ;
; 1.037 ; control_boton:INST_BOTON|reinicio_temporizador ; divisor_frecuencia:INST_DIVISOR|contador_ciclos[16] ; reloj_50mhz  ; reloj_50mhz ; 0.000        ; 0.060      ; 1.254      ;
; 1.037 ; control_boton:INST_BOTON|reinicio_temporizador ; divisor_frecuencia:INST_DIVISOR|contador_ciclos[24] ; reloj_50mhz  ; reloj_50mhz ; 0.000        ; 0.060      ; 1.254      ;
; 1.037 ; control_boton:INST_BOTON|reinicio_temporizador ; divisor_frecuencia:INST_DIVISOR|contador_ciclos[17] ; reloj_50mhz  ; reloj_50mhz ; 0.000        ; 0.060      ; 1.254      ;
; 1.037 ; control_boton:INST_BOTON|reinicio_temporizador ; divisor_frecuencia:INST_DIVISOR|contador_ciclos[25] ; reloj_50mhz  ; reloj_50mhz ; 0.000        ; 0.060      ; 1.254      ;
; 1.037 ; control_boton:INST_BOTON|reinicio_temporizador ; divisor_frecuencia:INST_DIVISOR|contador_ciclos[23] ; reloj_50mhz  ; reloj_50mhz ; 0.000        ; 0.060      ; 1.254      ;
; 1.037 ; control_boton:INST_BOTON|reinicio_temporizador ; divisor_frecuencia:INST_DIVISOR|contador_ciclos[15] ; reloj_50mhz  ; reloj_50mhz ; 0.000        ; 0.060      ; 1.254      ;
; 1.212 ; control_boton:INST_BOTON|reinicio_temporizador ; divisor_frecuencia:INST_DIVISOR|contador_ciclos[6]  ; reloj_50mhz  ; reloj_50mhz ; 0.000        ; 0.061      ; 1.430      ;
; 1.212 ; control_boton:INST_BOTON|reinicio_temporizador ; divisor_frecuencia:INST_DIVISOR|contador_ciclos[8]  ; reloj_50mhz  ; reloj_50mhz ; 0.000        ; 0.061      ; 1.430      ;
; 1.212 ; control_boton:INST_BOTON|reinicio_temporizador ; divisor_frecuencia:INST_DIVISOR|contador_ciclos[7]  ; reloj_50mhz  ; reloj_50mhz ; 0.000        ; 0.061      ; 1.430      ;
; 1.212 ; control_boton:INST_BOTON|reinicio_temporizador ; divisor_frecuencia:INST_DIVISOR|contador_ciclos[5]  ; reloj_50mhz  ; reloj_50mhz ; 0.000        ; 0.061      ; 1.430      ;
; 1.212 ; control_boton:INST_BOTON|reinicio_temporizador ; divisor_frecuencia:INST_DIVISOR|contador_ciclos[2]  ; reloj_50mhz  ; reloj_50mhz ; 0.000        ; 0.061      ; 1.430      ;
; 1.212 ; control_boton:INST_BOTON|reinicio_temporizador ; divisor_frecuencia:INST_DIVISOR|contador_ciclos[1]  ; reloj_50mhz  ; reloj_50mhz ; 0.000        ; 0.061      ; 1.430      ;
; 1.212 ; control_boton:INST_BOTON|reinicio_temporizador ; divisor_frecuencia:INST_DIVISOR|contador_ciclos[0]  ; reloj_50mhz  ; reloj_50mhz ; 0.000        ; 0.061      ; 1.430      ;
+-------+------------------------------------------------+-----------------------------------------------------+--------------+-------------+--------------+------------+------------+


+------------------------------------------------------------------------------------------------------------------------------------------------------------------------------------------------------------+
; Slow 1200mV 85C Model Removal: 'divisor_frecuencia:INST_DIVISOR|reloj_interno'                                                                                                                             ;
+-------+------------------------------------------------+-------------------------------------------+--------------+-----------------------------------------------+--------------+------------+------------+
; Slack ; From Node                                      ; To Node                                   ; Launch Clock ; Latch Clock                                   ; Relationship ; Clock Skew ; Data Delay ;
+-------+------------------------------------------------+-------------------------------------------+--------------+-----------------------------------------------+--------------+------------+------------+
; 1.057 ; control_boton:INST_BOTON|reinicio_temporizador ; contador_segundos:INST_SEGUNDOS|unidad[0] ; reloj_50mhz  ; divisor_frecuencia:INST_DIVISOR|reloj_interno ; -0.500       ; 0.764      ; 1.508      ;
; 1.057 ; control_boton:INST_BOTON|reinicio_temporizador ; contador_segundos:INST_SEGUNDOS|unidad[3] ; reloj_50mhz  ; divisor_frecuencia:INST_DIVISOR|reloj_interno ; -0.500       ; 0.764      ; 1.508      ;
; 1.057 ; control_boton:INST_BOTON|reinicio_temporizador ; contador_segundos:INST_SEGUNDOS|unidad[2] ; reloj_50mhz  ; divisor_frecuencia:INST_DIVISOR|reloj_interno ; -0.500       ; 0.764      ; 1.508      ;
; 1.057 ; control_boton:INST_BOTON|reinicio_temporizador ; contador_segundos:INST_SEGUNDOS|unidad[1] ; reloj_50mhz  ; divisor_frecuencia:INST_DIVISOR|reloj_interno ; -0.500       ; 0.764      ; 1.508      ;
; 1.082 ; control_boton:INST_BOTON|reinicio_temporizador ; contador_minutos:INST_MINUTOS|minutos[1]  ; reloj_50mhz  ; divisor_frecuencia:INST_DIVISOR|reloj_interno ; -0.500       ; 0.764      ; 1.533      ;
; 1.082 ; control_boton:INST_BOTON|reinicio_temporizador ; contador_minutos:INST_MINUTOS|minutos[0]  ; reloj_50mhz  ; divisor_frecuencia:INST_DIVISOR|reloj_interno ; -0.500       ; 0.764      ; 1.533      ;
; 1.082 ; control_boton:INST_BOTON|reinicio_temporizador ; contador_minutos:INST_MINUTOS|minutos[2]  ; reloj_50mhz  ; divisor_frecuencia:INST_DIVISOR|reloj_interno ; -0.500       ; 0.764      ; 1.533      ;
; 1.082 ; control_boton:INST_BOTON|reinicio_temporizador ; contador_minutos:INST_MINUTOS|minutos[3]  ; reloj_50mhz  ; divisor_frecuencia:INST_DIVISOR|reloj_interno ; -0.500       ; 0.764      ; 1.533      ;
; 1.086 ; control_boton:INST_BOTON|reinicio_temporizador ; contador_segundos:INST_SEGUNDOS|decena[3] ; reloj_50mhz  ; divisor_frecuencia:INST_DIVISOR|reloj_interno ; -0.500       ; 0.763      ; 1.536      ;
; 1.086 ; control_boton:INST_BOTON|reinicio_temporizador ; contador_segundos:INST_SEGUNDOS|decena[2] ; reloj_50mhz  ; divisor_frecuencia:INST_DIVISOR|reloj_interno ; -0.500       ; 0.763      ; 1.536      ;
; 1.086 ; control_boton:INST_BOTON|reinicio_temporizador ; contador_segundos:INST_SEGUNDOS|decena[1] ; reloj_50mhz  ; divisor_frecuencia:INST_DIVISOR|reloj_interno ; -0.500       ; 0.763      ; 1.536      ;
; 1.086 ; control_boton:INST_BOTON|reinicio_temporizador ; contador_segundos:INST_SEGUNDOS|decena[0] ; reloj_50mhz  ; divisor_frecuencia:INST_DIVISOR|reloj_interno ; -0.500       ; 0.763      ; 1.536      ;
+-------+------------------------------------------------+-------------------------------------------+--------------+-----------------------------------------------+--------------+------------+------------+


+-------------------------------------------------------------------------------------------------------------------------------------------+
; Slow 1200mV 85C Model Minimum Pulse Width: 'reloj_50mhz'                                                                                  ;
+--------+--------------+----------------+-----------------+-------------+------------+-----------------------------------------------------+
; Slack  ; Actual Width ; Required Width ; Type            ; Clock       ; Clock Edge ; Target                                              ;
+--------+--------------+----------------+-----------------+-------------+------------+-----------------------------------------------------+
; -3.000 ; 1.000        ; 4.000          ; Port Rate       ; reloj_50mhz ; Rise       ; reloj_50mhz                                         ;
; -1.000 ; 1.000        ; 2.000          ; Min Period      ; reloj_50mhz ; Rise       ; control_boton:INST_BOTON|boton_anterior             ;
; -1.000 ; 1.000        ; 2.000          ; Min Period      ; reloj_50mhz ; Rise       ; control_boton:INST_BOTON|boton_estable              ;
; -1.000 ; 1.000        ; 2.000          ; Min Period      ; reloj_50mhz ; Rise       ; control_boton:INST_BOTON|contador_antirrebote[0]    ;
; -1.000 ; 1.000        ; 2.000          ; Min Period      ; reloj_50mhz ; Rise       ; control_boton:INST_BOTON|contador_antirrebote[10]   ;
; -1.000 ; 1.000        ; 2.000          ; Min Period      ; reloj_50mhz ; Rise       ; control_boton:INST_BOTON|contador_antirrebote[11]   ;
; -1.000 ; 1.000        ; 2.000          ; Min Period      ; reloj_50mhz ; Rise       ; control_boton:INST_BOTON|contador_antirrebote[12]   ;
; -1.000 ; 1.000        ; 2.000          ; Min Period      ; reloj_50mhz ; Rise       ; control_boton:INST_BOTON|contador_antirrebote[13]   ;
; -1.000 ; 1.000        ; 2.000          ; Min Period      ; reloj_50mhz ; Rise       ; control_boton:INST_BOTON|contador_antirrebote[14]   ;
; -1.000 ; 1.000        ; 2.000          ; Min Period      ; reloj_50mhz ; Rise       ; control_boton:INST_BOTON|contador_antirrebote[15]   ;
; -1.000 ; 1.000        ; 2.000          ; Min Period      ; reloj_50mhz ; Rise       ; control_boton:INST_BOTON|contador_antirrebote[16]   ;
; -1.000 ; 1.000        ; 2.000          ; Min Period      ; reloj_50mhz ; Rise       ; control_boton:INST_BOTON|contador_antirrebote[17]   ;
; -1.000 ; 1.000        ; 2.000          ; Min Period      ; reloj_50mhz ; Rise       ; control_boton:INST_BOTON|contador_antirrebote[18]   ;
; -1.000 ; 1.000        ; 2.000          ; Min Period      ; reloj_50mhz ; Rise       ; control_boton:INST_BOTON|contador_antirrebote[19]   ;
; -1.000 ; 1.000        ; 2.000          ; Min Period      ; reloj_50mhz ; Rise       ; control_boton:INST_BOTON|contador_antirrebote[1]    ;
; -1.000 ; 1.000        ; 2.000          ; Min Period      ; reloj_50mhz ; Rise       ; control_boton:INST_BOTON|contador_antirrebote[2]    ;
; -1.000 ; 1.000        ; 2.000          ; Min Period      ; reloj_50mhz ; Rise       ; control_boton:INST_BOTON|contador_antirrebote[3]    ;
; -1.000 ; 1.000        ; 2.000          ; Min Period      ; reloj_50mhz ; Rise       ; control_boton:INST_BOTON|contador_antirrebote[4]    ;
; -1.000 ; 1.000        ; 2.000          ; Min Period      ; reloj_50mhz ; Rise       ; control_boton:INST_BOTON|contador_antirrebote[5]    ;
; -1.000 ; 1.000        ; 2.000          ; Min Period      ; reloj_50mhz ; Rise       ; control_boton:INST_BOTON|contador_antirrebote[6]    ;
; -1.000 ; 1.000        ; 2.000          ; Min Period      ; reloj_50mhz ; Rise       ; control_boton:INST_BOTON|contador_antirrebote[7]    ;
; -1.000 ; 1.000        ; 2.000          ; Min Period      ; reloj_50mhz ; Rise       ; control_boton:INST_BOTON|contador_antirrebote[8]    ;
; -1.000 ; 1.000        ; 2.000          ; Min Period      ; reloj_50mhz ; Rise       ; control_boton:INST_BOTON|contador_antirrebote[9]    ;
; -1.000 ; 1.000        ; 2.000          ; Min Period      ; reloj_50mhz ; Rise       ; control_boton:INST_BOTON|contador_duracion[0]       ;
; -1.000 ; 1.000        ; 2.000          ; Min Period      ; reloj_50mhz ; Rise       ; control_boton:INST_BOTON|contador_duracion[10]      ;
; -1.000 ; 1.000        ; 2.000          ; Min Period      ; reloj_50mhz ; Rise       ; control_boton:INST_BOTON|contador_duracion[11]      ;
; -1.000 ; 1.000        ; 2.000          ; Min Period      ; reloj_50mhz ; Rise       ; control_boton:INST_BOTON|contador_duracion[12]      ;
; -1.000 ; 1.000        ; 2.000          ; Min Period      ; reloj_50mhz ; Rise       ; control_boton:INST_BOTON|contador_duracion[13]      ;
; -1.000 ; 1.000        ; 2.000          ; Min Period      ; reloj_50mhz ; Rise       ; control_boton:INST_BOTON|contador_duracion[14]      ;
; -1.000 ; 1.000        ; 2.000          ; Min Period      ; reloj_50mhz ; Rise       ; control_boton:INST_BOTON|contador_duracion[15]      ;
; -1.000 ; 1.000        ; 2.000          ; Min Period      ; reloj_50mhz ; Rise       ; control_boton:INST_BOTON|contador_duracion[16]      ;
; -1.000 ; 1.000        ; 2.000          ; Min Period      ; reloj_50mhz ; Rise       ; control_boton:INST_BOTON|contador_duracion[17]      ;
; -1.000 ; 1.000        ; 2.000          ; Min Period      ; reloj_50mhz ; Rise       ; control_boton:INST_BOTON|contador_duracion[18]      ;
; -1.000 ; 1.000        ; 2.000          ; Min Period      ; reloj_50mhz ; Rise       ; control_boton:INST_BOTON|contador_duracion[19]      ;
; -1.000 ; 1.000        ; 2.000          ; Min Period      ; reloj_50mhz ; Rise       ; control_boton:INST_BOTON|contador_duracion[1]       ;
; -1.000 ; 1.000        ; 2.000          ; Min Period      ; reloj_50mhz ; Rise       ; control_boton:INST_BOTON|contador_duracion[20]      ;
; -1.000 ; 1.000        ; 2.000          ; Min Period      ; reloj_50mhz ; Rise       ; control_boton:INST_BOTON|contador_duracion[21]      ;
; -1.000 ; 1.000        ; 2.000          ; Min Period      ; reloj_50mhz ; Rise       ; control_boton:INST_BOTON|contador_duracion[22]      ;
; -1.000 ; 1.000        ; 2.000          ; Min Period      ; reloj_50mhz ; Rise       ; control_boton:INST_BOTON|contador_duracion[23]      ;
; -1.000 ; 1.000        ; 2.000          ; Min Period      ; reloj_50mhz ; Rise       ; control_boton:INST_BOTON|contador_duracion[24]      ;
; -1.000 ; 1.000        ; 2.000          ; Min Period      ; reloj_50mhz ; Rise       ; control_boton:INST_BOTON|contador_duracion[25]      ;
; -1.000 ; 1.000        ; 2.000          ; Min Period      ; reloj_50mhz ; Rise       ; control_boton:INST_BOTON|contador_duracion[26]      ;
; -1.000 ; 1.000        ; 2.000          ; Min Period      ; reloj_50mhz ; Rise       ; control_boton:INST_BOTON|contador_duracion[2]       ;
; -1.000 ; 1.000        ; 2.000          ; Min Period      ; reloj_50mhz ; Rise       ; control_boton:INST_BOTON|contador_duracion[3]       ;
; -1.000 ; 1.000        ; 2.000          ; Min Period      ; reloj_50mhz ; Rise       ; control_boton:INST_BOTON|contador_duracion[4]       ;
; -1.000 ; 1.000        ; 2.000          ; Min Period      ; reloj_50mhz ; Rise       ; control_boton:INST_BOTON|contador_duracion[5]       ;
; -1.000 ; 1.000        ; 2.000          ; Min Period      ; reloj_50mhz ; Rise       ; control_boton:INST_BOTON|contador_duracion[6]       ;
; -1.000 ; 1.000        ; 2.000          ; Min Period      ; reloj_50mhz ; Rise       ; control_boton:INST_BOTON|contador_duracion[7]       ;
; -1.000 ; 1.000        ; 2.000          ; Min Period      ; reloj_50mhz ; Rise       ; control_boton:INST_BOTON|contador_duracion[8]       ;
; -1.000 ; 1.000        ; 2.000          ; Min Period      ; reloj_50mhz ; Rise       ; control_boton:INST_BOTON|contador_duracion[9]       ;
; -1.000 ; 1.000        ; 2.000          ; Min Period      ; reloj_50mhz ; Rise       ; control_boton:INST_BOTON|estado_marcha              ;
; -1.000 ; 1.000        ; 2.000          ; Min Period      ; reloj_50mhz ; Rise       ; control_boton:INST_BOTON|pulsacion_larga            ;
; -1.000 ; 1.000        ; 2.000          ; Min Period      ; reloj_50mhz ; Rise       ; control_boton:INST_BOTON|reinicio_temporizador      ;
; -1.000 ; 1.000        ; 2.000          ; Min Period      ; reloj_50mhz ; Rise       ; divisor_frecuencia:INST_DIVISOR|contador_ciclos[0]  ;
; -1.000 ; 1.000        ; 2.000          ; Min Period      ; reloj_50mhz ; Rise       ; divisor_frecuencia:INST_DIVISOR|contador_ciclos[10] ;
; -1.000 ; 1.000        ; 2.000          ; Min Period      ; reloj_50mhz ; Rise       ; divisor_frecuencia:INST_DIVISOR|contador_ciclos[11] ;
; -1.000 ; 1.000        ; 2.000          ; Min Period      ; reloj_50mhz ; Rise       ; divisor_frecuencia:INST_DIVISOR|contador_ciclos[12] ;
; -1.000 ; 1.000        ; 2.000          ; Min Period      ; reloj_50mhz ; Rise       ; divisor_frecuencia:INST_DIVISOR|contador_ciclos[13] ;
; -1.000 ; 1.000        ; 2.000          ; Min Period      ; reloj_50mhz ; Rise       ; divisor_frecuencia:INST_DIVISOR|contador_ciclos[14] ;
; -1.000 ; 1.000        ; 2.000          ; Min Period      ; reloj_50mhz ; Rise       ; divisor_frecuencia:INST_DIVISOR|contador_ciclos[15] ;
; -1.000 ; 1.000        ; 2.000          ; Min Period      ; reloj_50mhz ; Rise       ; divisor_frecuencia:INST_DIVISOR|contador_ciclos[16] ;
; -1.000 ; 1.000        ; 2.000          ; Min Period      ; reloj_50mhz ; Rise       ; divisor_frecuencia:INST_DIVISOR|contador_ciclos[17] ;
; -1.000 ; 1.000        ; 2.000          ; Min Period      ; reloj_50mhz ; Rise       ; divisor_frecuencia:INST_DIVISOR|contador_ciclos[18] ;
; -1.000 ; 1.000        ; 2.000          ; Min Period      ; reloj_50mhz ; Rise       ; divisor_frecuencia:INST_DIVISOR|contador_ciclos[19] ;
; -1.000 ; 1.000        ; 2.000          ; Min Period      ; reloj_50mhz ; Rise       ; divisor_frecuencia:INST_DIVISOR|contador_ciclos[1]  ;
; -1.000 ; 1.000        ; 2.000          ; Min Period      ; reloj_50mhz ; Rise       ; divisor_frecuencia:INST_DIVISOR|contador_ciclos[20] ;
; -1.000 ; 1.000        ; 2.000          ; Min Period      ; reloj_50mhz ; Rise       ; divisor_frecuencia:INST_DIVISOR|contador_ciclos[21] ;
; -1.000 ; 1.000        ; 2.000          ; Min Period      ; reloj_50mhz ; Rise       ; divisor_frecuencia:INST_DIVISOR|contador_ciclos[22] ;
; -1.000 ; 1.000        ; 2.000          ; Min Period      ; reloj_50mhz ; Rise       ; divisor_frecuencia:INST_DIVISOR|contador_ciclos[23] ;
; -1.000 ; 1.000        ; 2.000          ; Min Period      ; reloj_50mhz ; Rise       ; divisor_frecuencia:INST_DIVISOR|contador_ciclos[24] ;
; -1.000 ; 1.000        ; 2.000          ; Min Period      ; reloj_50mhz ; Rise       ; divisor_frecuencia:INST_DIVISOR|contador_ciclos[25] ;
; -1.000 ; 1.000        ; 2.000          ; Min Period      ; reloj_50mhz ; Rise       ; divisor_frecuencia:INST_DIVISOR|contador_ciclos[2]  ;
; -1.000 ; 1.000        ; 2.000          ; Min Period      ; reloj_50mhz ; Rise       ; divisor_frecuencia:INST_DIVISOR|contador_ciclos[3]  ;
; -1.000 ; 1.000        ; 2.000          ; Min Period      ; reloj_50mhz ; Rise       ; divisor_frecuencia:INST_DIVISOR|contador_ciclos[4]  ;
; -1.000 ; 1.000        ; 2.000          ; Min Period      ; reloj_50mhz ; Rise       ; divisor_frecuencia:INST_DIVISOR|contador_ciclos[5]  ;
; -1.000 ; 1.000        ; 2.000          ; Min Period      ; reloj_50mhz ; Rise       ; divisor_frecuencia:INST_DIVISOR|contador_ciclos[6]  ;
; -1.000 ; 1.000        ; 2.000          ; Min Period      ; reloj_50mhz ; Rise       ; divisor_frecuencia:INST_DIVISOR|contador_ciclos[7]  ;
; -1.000 ; 1.000        ; 2.000          ; Min Period      ; reloj_50mhz ; Rise       ; divisor_frecuencia:INST_DIVISOR|contador_ciclos[8]  ;
; -1.000 ; 1.000        ; 2.000          ; Min Period      ; reloj_50mhz ; Rise       ; divisor_frecuencia:INST_DIVISOR|contador_ciclos[9]  ;
; -1.000 ; 1.000        ; 2.000          ; Min Period      ; reloj_50mhz ; Rise       ; divisor_frecuencia:INST_DIVISOR|reloj_interno       ;
; 0.164  ; 0.348        ; 0.184          ; Low Pulse Width ; reloj_50mhz ; Rise       ; control_boton:INST_BOTON|contador_antirrebote[14]   ;
; 0.164  ; 0.348        ; 0.184          ; Low Pulse Width ; reloj_50mhz ; Rise       ; control_boton:INST_BOTON|contador_antirrebote[17]   ;
; 0.164  ; 0.348        ; 0.184          ; Low Pulse Width ; reloj_50mhz ; Rise       ; control_boton:INST_BOTON|contador_antirrebote[18]   ;
; 0.164  ; 0.348        ; 0.184          ; Low Pulse Width ; reloj_50mhz ; Rise       ; control_boton:INST_BOTON|contador_antirrebote[19]   ;
; 0.165  ; 0.349        ; 0.184          ; Low Pulse Width ; reloj_50mhz ; Rise       ; control_boton:INST_BOTON|contador_antirrebote[0]    ;
; 0.165  ; 0.349        ; 0.184          ; Low Pulse Width ; reloj_50mhz ; Rise       ; control_boton:INST_BOTON|contador_antirrebote[1]    ;
; 0.165  ; 0.349        ; 0.184          ; Low Pulse Width ; reloj_50mhz ; Rise       ; control_boton:INST_BOTON|contador_antirrebote[2]    ;
; 0.165  ; 0.349        ; 0.184          ; Low Pulse Width ; reloj_50mhz ; Rise       ; control_boton:INST_BOTON|contador_antirrebote[3]    ;
; 0.165  ; 0.349        ; 0.184          ; Low Pulse Width ; reloj_50mhz ; Rise       ; control_boton:INST_BOTON|contador_antirrebote[4]    ;
; 0.165  ; 0.349        ; 0.184          ; Low Pulse Width ; reloj_50mhz ; Rise       ; control_boton:INST_BOTON|contador_antirrebote[5]    ;
; 0.165  ; 0.349        ; 0.184          ; Low Pulse Width ; reloj_50mhz ; Rise       ; divisor_frecuencia:INST_DIVISOR|contador_ciclos[10] ;
; 0.165  ; 0.349        ; 0.184          ; Low Pulse Width ; reloj_50mhz ; Rise       ; divisor_frecuencia:INST_DIVISOR|contador_ciclos[3]  ;
; 0.165  ; 0.349        ; 0.184          ; Low Pulse Width ; reloj_50mhz ; Rise       ; divisor_frecuencia:INST_DIVISOR|contador_ciclos[4]  ;
; 0.165  ; 0.349        ; 0.184          ; Low Pulse Width ; reloj_50mhz ; Rise       ; divisor_frecuencia:INST_DIVISOR|contador_ciclos[9]  ;
; 0.173  ; 0.357        ; 0.184          ; Low Pulse Width ; reloj_50mhz ; Rise       ; control_boton:INST_BOTON|contador_duracion[0]       ;
; 0.173  ; 0.357        ; 0.184          ; Low Pulse Width ; reloj_50mhz ; Rise       ; control_boton:INST_BOTON|contador_duracion[10]      ;
; 0.173  ; 0.357        ; 0.184          ; Low Pulse Width ; reloj_50mhz ; Rise       ; control_boton:INST_BOTON|contador_duracion[11]      ;
; 0.173  ; 0.357        ; 0.184          ; Low Pulse Width ; reloj_50mhz ; Rise       ; control_boton:INST_BOTON|contador_duracion[12]      ;
; 0.173  ; 0.357        ; 0.184          ; Low Pulse Width ; reloj_50mhz ; Rise       ; control_boton:INST_BOTON|contador_duracion[16]      ;
; 0.173  ; 0.357        ; 0.184          ; Low Pulse Width ; reloj_50mhz ; Rise       ; control_boton:INST_BOTON|contador_duracion[1]       ;
+--------+--------------+----------------+-----------------+-------------+------------+-----------------------------------------------------+


+----------------------------------------------------------------------------------------------------------------------------------------------------------------------+
; Slow 1200mV 85C Model Minimum Pulse Width: 'divisor_frecuencia:INST_DIVISOR|reloj_interno'                                                                           ;
+--------+--------------+----------------+------------------+-----------------------------------------------+------------+---------------------------------------------+
; Slack  ; Actual Width ; Required Width ; Type             ; Clock                                         ; Clock Edge ; Target                                      ;
+--------+--------------+----------------+------------------+-----------------------------------------------+------------+---------------------------------------------+
; -1.000 ; 1.000        ; 2.000          ; Min Period       ; divisor_frecuencia:INST_DIVISOR|reloj_interno ; Fall       ; contador_minutos:INST_MINUTOS|minutos[0]    ;
; -1.000 ; 1.000        ; 2.000          ; Min Period       ; divisor_frecuencia:INST_DIVISOR|reloj_interno ; Fall       ; contador_minutos:INST_MINUTOS|minutos[1]    ;
; -1.000 ; 1.000        ; 2.000          ; Min Period       ; divisor_frecuencia:INST_DIVISOR|reloj_interno ; Fall       ; contador_minutos:INST_MINUTOS|minutos[2]    ;
; -1.000 ; 1.000        ; 2.000          ; Min Period       ; divisor_frecuencia:INST_DIVISOR|reloj_interno ; Fall       ; contador_minutos:INST_MINUTOS|minutos[3]    ;
; -1.000 ; 1.000        ; 2.000          ; Min Period       ; divisor_frecuencia:INST_DIVISOR|reloj_interno ; Fall       ; contador_segundos:INST_SEGUNDOS|decena[0]   ;
; -1.000 ; 1.000        ; 2.000          ; Min Period       ; divisor_frecuencia:INST_DIVISOR|reloj_interno ; Fall       ; contador_segundos:INST_SEGUNDOS|decena[1]   ;
; -1.000 ; 1.000        ; 2.000          ; Min Period       ; divisor_frecuencia:INST_DIVISOR|reloj_interno ; Fall       ; contador_segundos:INST_SEGUNDOS|decena[2]   ;
; -1.000 ; 1.000        ; 2.000          ; Min Period       ; divisor_frecuencia:INST_DIVISOR|reloj_interno ; Fall       ; contador_segundos:INST_SEGUNDOS|decena[3]   ;
; -1.000 ; 1.000        ; 2.000          ; Min Period       ; divisor_frecuencia:INST_DIVISOR|reloj_interno ; Fall       ; contador_segundos:INST_SEGUNDOS|unidad[0]   ;
; -1.000 ; 1.000        ; 2.000          ; Min Period       ; divisor_frecuencia:INST_DIVISOR|reloj_interno ; Fall       ; contador_segundos:INST_SEGUNDOS|unidad[1]   ;
; -1.000 ; 1.000        ; 2.000          ; Min Period       ; divisor_frecuencia:INST_DIVISOR|reloj_interno ; Fall       ; contador_segundos:INST_SEGUNDOS|unidad[2]   ;
; -1.000 ; 1.000        ; 2.000          ; Min Period       ; divisor_frecuencia:INST_DIVISOR|reloj_interno ; Fall       ; contador_segundos:INST_SEGUNDOS|unidad[3]   ;
; 0.198  ; 0.414        ; 0.216          ; High Pulse Width ; divisor_frecuencia:INST_DIVISOR|reloj_interno ; Fall       ; contador_minutos:INST_MINUTOS|minutos[0]    ;
; 0.198  ; 0.414        ; 0.216          ; High Pulse Width ; divisor_frecuencia:INST_DIVISOR|reloj_interno ; Fall       ; contador_minutos:INST_MINUTOS|minutos[1]    ;
; 0.198  ; 0.414        ; 0.216          ; High Pulse Width ; divisor_frecuencia:INST_DIVISOR|reloj_interno ; Fall       ; contador_minutos:INST_MINUTOS|minutos[2]    ;
; 0.198  ; 0.414        ; 0.216          ; High Pulse Width ; divisor_frecuencia:INST_DIVISOR|reloj_interno ; Fall       ; contador_minutos:INST_MINUTOS|minutos[3]    ;
; 0.199  ; 0.415        ; 0.216          ; High Pulse Width ; divisor_frecuencia:INST_DIVISOR|reloj_interno ; Fall       ; contador_segundos:INST_SEGUNDOS|decena[0]   ;
; 0.199  ; 0.415        ; 0.216          ; High Pulse Width ; divisor_frecuencia:INST_DIVISOR|reloj_interno ; Fall       ; contador_segundos:INST_SEGUNDOS|decena[1]   ;
; 0.199  ; 0.415        ; 0.216          ; High Pulse Width ; divisor_frecuencia:INST_DIVISOR|reloj_interno ; Fall       ; contador_segundos:INST_SEGUNDOS|decena[2]   ;
; 0.199  ; 0.415        ; 0.216          ; High Pulse Width ; divisor_frecuencia:INST_DIVISOR|reloj_interno ; Fall       ; contador_segundos:INST_SEGUNDOS|decena[3]   ;
; 0.199  ; 0.415        ; 0.216          ; High Pulse Width ; divisor_frecuencia:INST_DIVISOR|reloj_interno ; Fall       ; contador_segundos:INST_SEGUNDOS|unidad[0]   ;
; 0.199  ; 0.415        ; 0.216          ; High Pulse Width ; divisor_frecuencia:INST_DIVISOR|reloj_interno ; Fall       ; contador_segundos:INST_SEGUNDOS|unidad[1]   ;
; 0.199  ; 0.415        ; 0.216          ; High Pulse Width ; divisor_frecuencia:INST_DIVISOR|reloj_interno ; Fall       ; contador_segundos:INST_SEGUNDOS|unidad[2]   ;
; 0.199  ; 0.415        ; 0.216          ; High Pulse Width ; divisor_frecuencia:INST_DIVISOR|reloj_interno ; Fall       ; contador_segundos:INST_SEGUNDOS|unidad[3]   ;
; 0.399  ; 0.583        ; 0.184          ; Low Pulse Width  ; divisor_frecuencia:INST_DIVISOR|reloj_interno ; Fall       ; contador_minutos:INST_MINUTOS|minutos[0]    ;
; 0.399  ; 0.583        ; 0.184          ; Low Pulse Width  ; divisor_frecuencia:INST_DIVISOR|reloj_interno ; Fall       ; contador_minutos:INST_MINUTOS|minutos[1]    ;
; 0.399  ; 0.583        ; 0.184          ; Low Pulse Width  ; divisor_frecuencia:INST_DIVISOR|reloj_interno ; Fall       ; contador_minutos:INST_MINUTOS|minutos[2]    ;
; 0.399  ; 0.583        ; 0.184          ; Low Pulse Width  ; divisor_frecuencia:INST_DIVISOR|reloj_interno ; Fall       ; contador_minutos:INST_MINUTOS|minutos[3]    ;
; 0.399  ; 0.583        ; 0.184          ; Low Pulse Width  ; divisor_frecuencia:INST_DIVISOR|reloj_interno ; Fall       ; contador_segundos:INST_SEGUNDOS|decena[0]   ;
; 0.399  ; 0.583        ; 0.184          ; Low Pulse Width  ; divisor_frecuencia:INST_DIVISOR|reloj_interno ; Fall       ; contador_segundos:INST_SEGUNDOS|decena[1]   ;
; 0.399  ; 0.583        ; 0.184          ; Low Pulse Width  ; divisor_frecuencia:INST_DIVISOR|reloj_interno ; Fall       ; contador_segundos:INST_SEGUNDOS|decena[2]   ;
; 0.399  ; 0.583        ; 0.184          ; Low Pulse Width  ; divisor_frecuencia:INST_DIVISOR|reloj_interno ; Fall       ; contador_segundos:INST_SEGUNDOS|decena[3]   ;
; 0.399  ; 0.583        ; 0.184          ; Low Pulse Width  ; divisor_frecuencia:INST_DIVISOR|reloj_interno ; Fall       ; contador_segundos:INST_SEGUNDOS|unidad[0]   ;
; 0.399  ; 0.583        ; 0.184          ; Low Pulse Width  ; divisor_frecuencia:INST_DIVISOR|reloj_interno ; Fall       ; contador_segundos:INST_SEGUNDOS|unidad[1]   ;
; 0.399  ; 0.583        ; 0.184          ; Low Pulse Width  ; divisor_frecuencia:INST_DIVISOR|reloj_interno ; Fall       ; contador_segundos:INST_SEGUNDOS|unidad[2]   ;
; 0.399  ; 0.583        ; 0.184          ; Low Pulse Width  ; divisor_frecuencia:INST_DIVISOR|reloj_interno ; Fall       ; contador_segundos:INST_SEGUNDOS|unidad[3]   ;
; 0.405  ; 0.405        ; 0.000          ; Low Pulse Width  ; divisor_frecuencia:INST_DIVISOR|reloj_interno ; Rise       ; INST_MINUTOS|minutos[0]|clk                 ;
; 0.405  ; 0.405        ; 0.000          ; Low Pulse Width  ; divisor_frecuencia:INST_DIVISOR|reloj_interno ; Rise       ; INST_MINUTOS|minutos[1]|clk                 ;
; 0.405  ; 0.405        ; 0.000          ; Low Pulse Width  ; divisor_frecuencia:INST_DIVISOR|reloj_interno ; Rise       ; INST_MINUTOS|minutos[2]|clk                 ;
; 0.405  ; 0.405        ; 0.000          ; Low Pulse Width  ; divisor_frecuencia:INST_DIVISOR|reloj_interno ; Rise       ; INST_MINUTOS|minutos[3]|clk                 ;
; 0.406  ; 0.406        ; 0.000          ; Low Pulse Width  ; divisor_frecuencia:INST_DIVISOR|reloj_interno ; Rise       ; INST_SEGUNDOS|decena[0]|clk                 ;
; 0.406  ; 0.406        ; 0.000          ; Low Pulse Width  ; divisor_frecuencia:INST_DIVISOR|reloj_interno ; Rise       ; INST_SEGUNDOS|decena[1]|clk                 ;
; 0.406  ; 0.406        ; 0.000          ; Low Pulse Width  ; divisor_frecuencia:INST_DIVISOR|reloj_interno ; Rise       ; INST_SEGUNDOS|decena[2]|clk                 ;
; 0.406  ; 0.406        ; 0.000          ; Low Pulse Width  ; divisor_frecuencia:INST_DIVISOR|reloj_interno ; Rise       ; INST_SEGUNDOS|decena[3]|clk                 ;
; 0.406  ; 0.406        ; 0.000          ; Low Pulse Width  ; divisor_frecuencia:INST_DIVISOR|reloj_interno ; Rise       ; INST_SEGUNDOS|unidad[0]|clk                 ;
; 0.406  ; 0.406        ; 0.000          ; Low Pulse Width  ; divisor_frecuencia:INST_DIVISOR|reloj_interno ; Rise       ; INST_SEGUNDOS|unidad[1]|clk                 ;
; 0.406  ; 0.406        ; 0.000          ; Low Pulse Width  ; divisor_frecuencia:INST_DIVISOR|reloj_interno ; Rise       ; INST_SEGUNDOS|unidad[2]|clk                 ;
; 0.406  ; 0.406        ; 0.000          ; Low Pulse Width  ; divisor_frecuencia:INST_DIVISOR|reloj_interno ; Rise       ; INST_SEGUNDOS|unidad[3]|clk                 ;
; 0.413  ; 0.413        ; 0.000          ; Low Pulse Width  ; divisor_frecuencia:INST_DIVISOR|reloj_interno ; Rise       ; INST_DIVISOR|reloj_interno~clkctrl|inclk[0] ;
; 0.413  ; 0.413        ; 0.000          ; Low Pulse Width  ; divisor_frecuencia:INST_DIVISOR|reloj_interno ; Rise       ; INST_DIVISOR|reloj_interno~clkctrl|outclk   ;
; 0.500  ; 0.500        ; 0.000          ; High Pulse Width ; divisor_frecuencia:INST_DIVISOR|reloj_interno ; Rise       ; INST_DIVISOR|reloj_interno|q                ;
; 0.500  ; 0.500        ; 0.000          ; Low Pulse Width  ; divisor_frecuencia:INST_DIVISOR|reloj_interno ; Rise       ; INST_DIVISOR|reloj_interno|q                ;
; 0.582  ; 0.582        ; 0.000          ; High Pulse Width ; divisor_frecuencia:INST_DIVISOR|reloj_interno ; Rise       ; INST_DIVISOR|reloj_interno~clkctrl|inclk[0] ;
; 0.582  ; 0.582        ; 0.000          ; High Pulse Width ; divisor_frecuencia:INST_DIVISOR|reloj_interno ; Rise       ; INST_DIVISOR|reloj_interno~clkctrl|outclk   ;
; 0.589  ; 0.589        ; 0.000          ; High Pulse Width ; divisor_frecuencia:INST_DIVISOR|reloj_interno ; Rise       ; INST_MINUTOS|minutos[0]|clk                 ;
; 0.589  ; 0.589        ; 0.000          ; High Pulse Width ; divisor_frecuencia:INST_DIVISOR|reloj_interno ; Rise       ; INST_MINUTOS|minutos[1]|clk                 ;
; 0.589  ; 0.589        ; 0.000          ; High Pulse Width ; divisor_frecuencia:INST_DIVISOR|reloj_interno ; Rise       ; INST_MINUTOS|minutos[2]|clk                 ;
; 0.589  ; 0.589        ; 0.000          ; High Pulse Width ; divisor_frecuencia:INST_DIVISOR|reloj_interno ; Rise       ; INST_MINUTOS|minutos[3]|clk                 ;
; 0.589  ; 0.589        ; 0.000          ; High Pulse Width ; divisor_frecuencia:INST_DIVISOR|reloj_interno ; Rise       ; INST_SEGUNDOS|decena[0]|clk                 ;
; 0.589  ; 0.589        ; 0.000          ; High Pulse Width ; divisor_frecuencia:INST_DIVISOR|reloj_interno ; Rise       ; INST_SEGUNDOS|decena[1]|clk                 ;
; 0.589  ; 0.589        ; 0.000          ; High Pulse Width ; divisor_frecuencia:INST_DIVISOR|reloj_interno ; Rise       ; INST_SEGUNDOS|decena[2]|clk                 ;
; 0.589  ; 0.589        ; 0.000          ; High Pulse Width ; divisor_frecuencia:INST_DIVISOR|reloj_interno ; Rise       ; INST_SEGUNDOS|decena[3]|clk                 ;
; 0.589  ; 0.589        ; 0.000          ; High Pulse Width ; divisor_frecuencia:INST_DIVISOR|reloj_interno ; Rise       ; INST_SEGUNDOS|unidad[0]|clk                 ;
; 0.589  ; 0.589        ; 0.000          ; High Pulse Width ; divisor_frecuencia:INST_DIVISOR|reloj_interno ; Rise       ; INST_SEGUNDOS|unidad[1]|clk                 ;
; 0.589  ; 0.589        ; 0.000          ; High Pulse Width ; divisor_frecuencia:INST_DIVISOR|reloj_interno ; Rise       ; INST_SEGUNDOS|unidad[2]|clk                 ;
; 0.589  ; 0.589        ; 0.000          ; High Pulse Width ; divisor_frecuencia:INST_DIVISOR|reloj_interno ; Rise       ; INST_SEGUNDOS|unidad[3]|clk                 ;
+--------+--------------+----------------+------------------+-----------------------------------------------+------------+---------------------------------------------+


+------------------------------------------------------------------------+
; Setup Times                                                            ;
+-----------+-------------+-------+-------+------------+-----------------+
; Data Port ; Clock Port  ; Rise  ; Fall  ; Clock Edge ; Clock Reference ;
+-----------+-------------+-------+-------+------------+-----------------+
; boton     ; reloj_50mhz ; 2.633 ; 3.074 ; Rise       ; reloj_50mhz     ;
+-----------+-------------+-------+-------+------------+-----------------+


+--------------------------------------------------------------------------+
; Hold Times                                                               ;
+-----------+-------------+--------+--------+------------+-----------------+
; Data Port ; Clock Port  ; Rise   ; Fall   ; Clock Edge ; Clock Reference ;
+-----------+-------------+--------+--------+------------+-----------------+
; boton     ; reloj_50mhz ; -1.461 ; -1.883 ; Rise       ; reloj_50mhz     ;
+-----------+-------------+--------+--------+------------+-----------------+


+----------------------------------------------------------------------------------------------------------------------------------------+
; Clock to Output Times                                                                                                                  ;
+-----------+-----------------------------------------------+-------+-------+------------+-----------------------------------------------+
; Data Port ; Clock Port                                    ; Rise  ; Fall  ; Clock Edge ; Clock Reference                               ;
+-----------+-----------------------------------------------+-------+-------+------------+-----------------------------------------------+
; HEX0[*]   ; divisor_frecuencia:INST_DIVISOR|reloj_interno ; 7.425 ; 7.446 ; Fall       ; divisor_frecuencia:INST_DIVISOR|reloj_interno ;
;  HEX0[0]  ; divisor_frecuencia:INST_DIVISOR|reloj_interno ; 7.425 ; 7.446 ; Fall       ; divisor_frecuencia:INST_DIVISOR|reloj_interno ;
;  HEX0[1]  ; divisor_frecuencia:INST_DIVISOR|reloj_interno ; 7.392 ; 7.361 ; Fall       ; divisor_frecuencia:INST_DIVISOR|reloj_interno ;
;  HEX0[2]  ; divisor_frecuencia:INST_DIVISOR|reloj_interno ; 7.081 ; 6.929 ; Fall       ; divisor_frecuencia:INST_DIVISOR|reloj_interno ;
;  HEX0[3]  ; divisor_frecuencia:INST_DIVISOR|reloj_interno ; 7.043 ; 7.015 ; Fall       ; divisor_frecuencia:INST_DIVISOR|reloj_interno ;
;  HEX0[4]  ; divisor_frecuencia:INST_DIVISOR|reloj_interno ; 7.036 ; 7.069 ; Fall       ; divisor_frecuencia:INST_DIVISOR|reloj_interno ;
;  HEX0[5]  ; divisor_frecuencia:INST_DIVISOR|reloj_interno ; 7.006 ; 7.007 ; Fall       ; divisor_frecuencia:INST_DIVISOR|reloj_interno ;
;  HEX0[6]  ; divisor_frecuencia:INST_DIVISOR|reloj_interno ; 7.108 ; 7.272 ; Fall       ; divisor_frecuencia:INST_DIVISOR|reloj_interno ;
; HEX1[*]   ; divisor_frecuencia:INST_DIVISOR|reloj_interno ; 7.527 ; 7.495 ; Fall       ; divisor_frecuencia:INST_DIVISOR|reloj_interno ;
;  HEX1[0]  ; divisor_frecuencia:INST_DIVISOR|reloj_interno ; 7.503 ; 7.446 ; Fall       ; divisor_frecuencia:INST_DIVISOR|reloj_interno ;
;  HEX1[1]  ; divisor_frecuencia:INST_DIVISOR|reloj_interno ; 7.425 ; 7.447 ; Fall       ; divisor_frecuencia:INST_DIVISOR|reloj_interno ;
;  HEX1[2]  ; divisor_frecuencia:INST_DIVISOR|reloj_interno ; 7.481 ; 7.495 ; Fall       ; divisor_frecuencia:INST_DIVISOR|reloj_interno ;
;  HEX1[3]  ; divisor_frecuencia:INST_DIVISOR|reloj_interno ; 7.527 ; 7.462 ; Fall       ; divisor_frecuencia:INST_DIVISOR|reloj_interno ;
;  HEX1[4]  ; divisor_frecuencia:INST_DIVISOR|reloj_interno ; 7.459 ; 7.459 ; Fall       ; divisor_frecuencia:INST_DIVISOR|reloj_interno ;
;  HEX1[5]  ; divisor_frecuencia:INST_DIVISOR|reloj_interno ; 7.257 ; 7.222 ; Fall       ; divisor_frecuencia:INST_DIVISOR|reloj_interno ;
;  HEX1[6]  ; divisor_frecuencia:INST_DIVISOR|reloj_interno ; 7.203 ; 7.299 ; Fall       ; divisor_frecuencia:INST_DIVISOR|reloj_interno ;
; HEX2[*]   ; divisor_frecuencia:INST_DIVISOR|reloj_interno ; 7.475 ; 7.617 ; Fall       ; divisor_frecuencia:INST_DIVISOR|reloj_interno ;
;  HEX2[0]  ; divisor_frecuencia:INST_DIVISOR|reloj_interno ; 7.206 ; 7.193 ; Fall       ; divisor_frecuencia:INST_DIVISOR|reloj_interno ;
;  HEX2[1]  ; divisor_frecuencia:INST_DIVISOR|reloj_interno ; 6.621 ; 6.578 ; Fall       ; divisor_frecuencia:INST_DIVISOR|reloj_interno ;
;  HEX2[2]  ; divisor_frecuencia:INST_DIVISOR|reloj_interno ; 6.782 ; 6.793 ; Fall       ; divisor_frecuencia:INST_DIVISOR|reloj_interno ;
;  HEX2[3]  ; divisor_frecuencia:INST_DIVISOR|reloj_interno ; 6.651 ; 6.563 ; Fall       ; divisor_frecuencia:INST_DIVISOR|reloj_interno ;
;  HEX2[4]  ; divisor_frecuencia:INST_DIVISOR|reloj_interno ; 6.621 ; 6.573 ; Fall       ; divisor_frecuencia:INST_DIVISOR|reloj_interno ;
;  HEX2[5]  ; divisor_frecuencia:INST_DIVISOR|reloj_interno ; 6.575 ; 6.600 ; Fall       ; divisor_frecuencia:INST_DIVISOR|reloj_interno ;
;  HEX2[6]  ; divisor_frecuencia:INST_DIVISOR|reloj_interno ; 7.475 ; 7.617 ; Fall       ; divisor_frecuencia:INST_DIVISOR|reloj_interno ;
+-----------+-----------------------------------------------+-------+-------+------------+-----------------------------------------------+


+----------------------------------------------------------------------------------------------------------------------------------------+
; Minimum Clock to Output Times                                                                                                          ;
+-----------+-----------------------------------------------+-------+-------+------------+-----------------------------------------------+
; Data Port ; Clock Port                                    ; Rise  ; Fall  ; Clock Edge ; Clock Reference                               ;
+-----------+-----------------------------------------------+-------+-------+------------+-----------------------------------------------+
; HEX0[*]   ; divisor_frecuencia:INST_DIVISOR|reloj_interno ; 6.359 ; 6.273 ; Fall       ; divisor_frecuencia:INST_DIVISOR|reloj_interno ;
;  HEX0[0]  ; divisor_frecuencia:INST_DIVISOR|reloj_interno ; 6.737 ; 6.698 ; Fall       ; divisor_frecuencia:INST_DIVISOR|reloj_interno ;
;  HEX0[1]  ; divisor_frecuencia:INST_DIVISOR|reloj_interno ; 6.702 ; 6.731 ; Fall       ; divisor_frecuencia:INST_DIVISOR|reloj_interno ;
;  HEX0[2]  ; divisor_frecuencia:INST_DIVISOR|reloj_interno ; 6.366 ; 6.289 ; Fall       ; divisor_frecuencia:INST_DIVISOR|reloj_interno ;
;  HEX0[3]  ; divisor_frecuencia:INST_DIVISOR|reloj_interno ; 6.359 ; 6.273 ; Fall       ; divisor_frecuencia:INST_DIVISOR|reloj_interno ;
;  HEX0[4]  ; divisor_frecuencia:INST_DIVISOR|reloj_interno ; 6.387 ; 6.367 ; Fall       ; divisor_frecuencia:INST_DIVISOR|reloj_interno ;
;  HEX0[5]  ; divisor_frecuencia:INST_DIVISOR|reloj_interno ; 6.363 ; 6.279 ; Fall       ; divisor_frecuencia:INST_DIVISOR|reloj_interno ;
;  HEX0[6]  ; divisor_frecuencia:INST_DIVISOR|reloj_interno ; 6.506 ; 6.592 ; Fall       ; divisor_frecuencia:INST_DIVISOR|reloj_interno ;
; HEX1[*]   ; divisor_frecuencia:INST_DIVISOR|reloj_interno ; 6.309 ; 6.364 ; Fall       ; divisor_frecuencia:INST_DIVISOR|reloj_interno ;
;  HEX1[0]  ; divisor_frecuencia:INST_DIVISOR|reloj_interno ; 6.622 ; 6.551 ; Fall       ; divisor_frecuencia:INST_DIVISOR|reloj_interno ;
;  HEX1[1]  ; divisor_frecuencia:INST_DIVISOR|reloj_interno ; 6.610 ; 6.537 ; Fall       ; divisor_frecuencia:INST_DIVISOR|reloj_interno ;
;  HEX1[2]  ; divisor_frecuencia:INST_DIVISOR|reloj_interno ; 6.645 ; 6.627 ; Fall       ; divisor_frecuencia:INST_DIVISOR|reloj_interno ;
;  HEX1[3]  ; divisor_frecuencia:INST_DIVISOR|reloj_interno ; 6.639 ; 6.560 ; Fall       ; divisor_frecuencia:INST_DIVISOR|reloj_interno ;
;  HEX1[4]  ; divisor_frecuencia:INST_DIVISOR|reloj_interno ; 6.664 ; 6.585 ; Fall       ; divisor_frecuencia:INST_DIVISOR|reloj_interno ;
;  HEX1[5]  ; divisor_frecuencia:INST_DIVISOR|reloj_interno ; 6.378 ; 6.364 ; Fall       ; divisor_frecuencia:INST_DIVISOR|reloj_interno ;
;  HEX1[6]  ; divisor_frecuencia:INST_DIVISOR|reloj_interno ; 6.309 ; 6.382 ; Fall       ; divisor_frecuencia:INST_DIVISOR|reloj_interno ;
; HEX2[*]   ; divisor_frecuencia:INST_DIVISOR|reloj_interno ; 5.968 ; 5.895 ; Fall       ; divisor_frecuencia:INST_DIVISOR|reloj_interno ;
;  HEX2[0]  ; divisor_frecuencia:INST_DIVISOR|reloj_interno ; 6.472 ; 6.403 ; Fall       ; divisor_frecuencia:INST_DIVISOR|reloj_interno ;
;  HEX2[1]  ; divisor_frecuencia:INST_DIVISOR|reloj_interno ; 5.987 ; 5.989 ; Fall       ; divisor_frecuencia:INST_DIVISOR|reloj_interno ;
;  HEX2[2]  ; divisor_frecuencia:INST_DIVISOR|reloj_interno ; 6.192 ; 6.115 ; Fall       ; divisor_frecuencia:INST_DIVISOR|reloj_interno ;
;  HEX2[3]  ; divisor_frecuencia:INST_DIVISOR|reloj_interno ; 5.968 ; 5.895 ; Fall       ; divisor_frecuencia:INST_DIVISOR|reloj_interno ;
;  HEX2[4]  ; divisor_frecuencia:INST_DIVISOR|reloj_interno ; 6.011 ; 6.013 ; Fall       ; divisor_frecuencia:INST_DIVISOR|reloj_interno ;
;  HEX2[5]  ; divisor_frecuencia:INST_DIVISOR|reloj_interno ; 6.005 ; 5.932 ; Fall       ; divisor_frecuencia:INST_DIVISOR|reloj_interno ;
;  HEX2[6]  ; divisor_frecuencia:INST_DIVISOR|reloj_interno ; 6.742 ; 6.836 ; Fall       ; divisor_frecuencia:INST_DIVISOR|reloj_interno ;
+-----------+-----------------------------------------------+-------+-------+------------+-----------------------------------------------+


----------------------------------------------
; Slow 1200mV 85C Model Metastability Report ;
----------------------------------------------
No synchronizer chains to report.


+----------------------------------------------------------------------------------------------------------------------------------------------+
; Slow 1200mV 0C Model Fmax Summary                                                                                                            ;
+------------+-----------------+-----------------------------------------------+---------------------------------------------------------------+
; Fmax       ; Restricted Fmax ; Clock Name                                    ; Note                                                          ;
+------------+-----------------+-----------------------------------------------+---------------------------------------------------------------+
; 289.77 MHz ; 250.0 MHz       ; reloj_50mhz                                   ; limit due to minimum period restriction (max I/O toggle rate) ;
; 451.26 MHz ; 451.26 MHz      ; divisor_frecuencia:INST_DIVISOR|reloj_interno ;                                                               ;
+------------+-----------------+-----------------------------------------------+---------------------------------------------------------------+
This panel reports FMAX for every clock in the design, regardless of the user-specified clock periods.  FMAX is only computed for paths where the source and destination registers or ports are driven by the same clock.  Paths of different clocks, including generated clocks, are ignored.  For paths between a clock and its inversion, FMAX is computed as if the rising and falling edges are scaled along with FMAX, such that the duty cycle (in terms of a percentage) is maintained. Altera recommends that you always use clock constraints and other slack reports for sign-off analysis.


+------------------------------------------------------------------------+
; Slow 1200mV 0C Model Setup Summary                                     ;
+-----------------------------------------------+--------+---------------+
; Clock                                         ; Slack  ; End Point TNS ;
+-----------------------------------------------+--------+---------------+
; reloj_50mhz                                   ; -2.451 ; -139.349      ;
; divisor_frecuencia:INST_DIVISOR|reloj_interno ; -1.216 ; -11.654       ;
+-----------------------------------------------+--------+---------------+


+------------------------------------------------------------------------+
; Slow 1200mV 0C Model Hold Summary                                      ;
+-----------------------------------------------+--------+---------------+
; Clock                                         ; Slack  ; End Point TNS ;
+-----------------------------------------------+--------+---------------+
; reloj_50mhz                                   ; -0.057 ; -0.057        ;
; divisor_frecuencia:INST_DIVISOR|reloj_interno ; 0.313  ; 0.000         ;
+-----------------------------------------------+--------+---------------+


+------------------------------------------------------------------------+
; Slow 1200mV 0C Model Recovery Summary                                  ;
+-----------------------------------------------+--------+---------------+
; Clock                                         ; Slack  ; End Point TNS ;
+-----------------------------------------------+--------+---------------+
; divisor_frecuencia:INST_DIVISOR|reloj_interno ; -0.607 ; -7.152        ;
; reloj_50mhz                                   ; -0.445 ; -8.282        ;
+-----------------------------------------------+--------+---------------+


+-----------------------------------------------------------------------+
; Slow 1200mV 0C Model Removal Summary                                  ;
+-----------------------------------------------+-------+---------------+
; Clock                                         ; Slack ; End Point TNS ;
+-----------------------------------------------+-------+---------------+
; reloj_50mhz                                   ; 0.770 ; 0.000         ;
; divisor_frecuencia:INST_DIVISOR|reloj_interno ; 1.070 ; 0.000         ;
+-----------------------------------------------+-------+---------------+


+------------------------------------------------------------------------+
; Slow 1200mV 0C Model Minimum Pulse Width Summary                       ;
+-----------------------------------------------+--------+---------------+
; Clock                                         ; Slack  ; End Point TNS ;
+-----------------------------------------------+--------+---------------+
; reloj_50mhz                                   ; -3.000 ; -82.000       ;
; divisor_frecuencia:INST_DIVISOR|reloj_interno ; -1.000 ; -12.000       ;
+-----------------------------------------------+--------+---------------+


+------------------------------------------------------------------------------------------------------------------------------------------------------------------------------------------+
; Slow 1200mV 0C Model Setup: 'reloj_50mhz'                                                                                                                                                ;
+--------+-----------------------------------------------------+-----------------------------------------------------+--------------+-------------+--------------+------------+------------+
; Slack  ; From Node                                           ; To Node                                             ; Launch Clock ; Latch Clock ; Relationship ; Clock Skew ; Data Delay ;
+--------+-----------------------------------------------------+-----------------------------------------------------+--------------+-------------+--------------+------------+------------+
; -2.451 ; divisor_frecuencia:INST_DIVISOR|contador_ciclos[23] ; divisor_frecuencia:INST_DIVISOR|reloj_interno       ; reloj_50mhz  ; reloj_50mhz ; 1.000        ; -0.053     ; 3.393      ;
; -2.418 ; divisor_frecuencia:INST_DIVISOR|contador_ciclos[4]  ; divisor_frecuencia:INST_DIVISOR|reloj_interno       ; reloj_50mhz  ; reloj_50mhz ; 1.000        ; -0.385     ; 3.028      ;
; -2.401 ; divisor_frecuencia:INST_DIVISOR|contador_ciclos[10] ; divisor_frecuencia:INST_DIVISOR|reloj_interno       ; reloj_50mhz  ; reloj_50mhz ; 1.000        ; -0.385     ; 3.011      ;
; -2.371 ; control_boton:INST_BOTON|contador_duracion[19]      ; control_boton:INST_BOTON|contador_duracion[8]       ; reloj_50mhz  ; reloj_50mhz ; 1.000        ; -0.052     ; 3.314      ;
; -2.361 ; divisor_frecuencia:INST_DIVISOR|contador_ciclos[17] ; divisor_frecuencia:INST_DIVISOR|reloj_interno       ; reloj_50mhz  ; reloj_50mhz ; 1.000        ; -0.053     ; 3.303      ;
; -2.357 ; divisor_frecuencia:INST_DIVISOR|contador_ciclos[9]  ; divisor_frecuencia:INST_DIVISOR|reloj_interno       ; reloj_50mhz  ; reloj_50mhz ; 1.000        ; -0.385     ; 2.967      ;
; -2.342 ; control_boton:INST_BOTON|contador_duracion[20]      ; control_boton:INST_BOTON|contador_duracion[8]       ; reloj_50mhz  ; reloj_50mhz ; 1.000        ; -0.052     ; 3.285      ;
; -2.340 ; divisor_frecuencia:INST_DIVISOR|contador_ciclos[21] ; divisor_frecuencia:INST_DIVISOR|reloj_interno       ; reloj_50mhz  ; reloj_50mhz ; 1.000        ; -0.053     ; 3.282      ;
; -2.334 ; divisor_frecuencia:INST_DIVISOR|contador_ciclos[18] ; divisor_frecuencia:INST_DIVISOR|reloj_interno       ; reloj_50mhz  ; reloj_50mhz ; 1.000        ; -0.053     ; 3.276      ;
; -2.328 ; divisor_frecuencia:INST_DIVISOR|contador_ciclos[24] ; divisor_frecuencia:INST_DIVISOR|reloj_interno       ; reloj_50mhz  ; reloj_50mhz ; 1.000        ; -0.053     ; 3.270      ;
; -2.327 ; control_boton:INST_BOTON|contador_duracion[18]      ; control_boton:INST_BOTON|contador_duracion[8]       ; reloj_50mhz  ; reloj_50mhz ; 1.000        ; -0.052     ; 3.270      ;
; -2.302 ; divisor_frecuencia:INST_DIVISOR|contador_ciclos[0]  ; divisor_frecuencia:INST_DIVISOR|reloj_interno       ; reloj_50mhz  ; reloj_50mhz ; 1.000        ; -0.054     ; 3.243      ;
; -2.297 ; divisor_frecuencia:INST_DIVISOR|contador_ciclos[22] ; divisor_frecuencia:INST_DIVISOR|reloj_interno       ; reloj_50mhz  ; reloj_50mhz ; 1.000        ; -0.053     ; 3.239      ;
; -2.292 ; divisor_frecuencia:INST_DIVISOR|contador_ciclos[3]  ; divisor_frecuencia:INST_DIVISOR|reloj_interno       ; reloj_50mhz  ; reloj_50mhz ; 1.000        ; -0.385     ; 2.902      ;
; -2.284 ; control_boton:INST_BOTON|contador_duracion[9]       ; control_boton:INST_BOTON|contador_duracion[8]       ; reloj_50mhz  ; reloj_50mhz ; 1.000        ; -0.384     ; 2.895      ;
; -2.265 ; control_boton:INST_BOTON|contador_antirrebote[7]    ; control_boton:INST_BOTON|contador_antirrebote[6]    ; reloj_50mhz  ; reloj_50mhz ; 1.000        ; -0.054     ; 3.206      ;
; -2.265 ; control_boton:INST_BOTON|contador_antirrebote[7]    ; control_boton:INST_BOTON|contador_antirrebote[7]    ; reloj_50mhz  ; reloj_50mhz ; 1.000        ; -0.054     ; 3.206      ;
; -2.265 ; control_boton:INST_BOTON|contador_antirrebote[7]    ; control_boton:INST_BOTON|contador_antirrebote[8]    ; reloj_50mhz  ; reloj_50mhz ; 1.000        ; -0.054     ; 3.206      ;
; -2.265 ; control_boton:INST_BOTON|contador_antirrebote[7]    ; control_boton:INST_BOTON|contador_antirrebote[9]    ; reloj_50mhz  ; reloj_50mhz ; 1.000        ; -0.054     ; 3.206      ;
; -2.261 ; divisor_frecuencia:INST_DIVISOR|contador_ciclos[8]  ; divisor_frecuencia:INST_DIVISOR|reloj_interno       ; reloj_50mhz  ; reloj_50mhz ; 1.000        ; -0.054     ; 3.202      ;
; -2.259 ; control_boton:INST_BOTON|contador_antirrebote[6]    ; control_boton:INST_BOTON|contador_antirrebote[6]    ; reloj_50mhz  ; reloj_50mhz ; 1.000        ; -0.054     ; 3.200      ;
; -2.259 ; control_boton:INST_BOTON|contador_antirrebote[6]    ; control_boton:INST_BOTON|contador_antirrebote[7]    ; reloj_50mhz  ; reloj_50mhz ; 1.000        ; -0.054     ; 3.200      ;
; -2.259 ; control_boton:INST_BOTON|contador_antirrebote[6]    ; control_boton:INST_BOTON|contador_antirrebote[8]    ; reloj_50mhz  ; reloj_50mhz ; 1.000        ; -0.054     ; 3.200      ;
; -2.259 ; control_boton:INST_BOTON|contador_antirrebote[6]    ; control_boton:INST_BOTON|contador_antirrebote[9]    ; reloj_50mhz  ; reloj_50mhz ; 1.000        ; -0.054     ; 3.200      ;
; -2.253 ; divisor_frecuencia:INST_DIVISOR|contador_ciclos[7]  ; divisor_frecuencia:INST_DIVISOR|reloj_interno       ; reloj_50mhz  ; reloj_50mhz ; 1.000        ; -0.054     ; 3.194      ;
; -2.253 ; divisor_frecuencia:INST_DIVISOR|contador_ciclos[20] ; divisor_frecuencia:INST_DIVISOR|reloj_interno       ; reloj_50mhz  ; reloj_50mhz ; 1.000        ; -0.053     ; 3.195      ;
; -2.241 ; divisor_frecuencia:INST_DIVISOR|contador_ciclos[15] ; divisor_frecuencia:INST_DIVISOR|reloj_interno       ; reloj_50mhz  ; reloj_50mhz ; 1.000        ; -0.053     ; 3.183      ;
; -2.206 ; divisor_frecuencia:INST_DIVISOR|contador_ciclos[25] ; divisor_frecuencia:INST_DIVISOR|reloj_interno       ; reloj_50mhz  ; reloj_50mhz ; 1.000        ; -0.053     ; 3.148      ;
; -2.196 ; divisor_frecuencia:INST_DIVISOR|contador_ciclos[14] ; divisor_frecuencia:INST_DIVISOR|reloj_interno       ; reloj_50mhz  ; reloj_50mhz ; 1.000        ; -0.053     ; 3.138      ;
; -2.195 ; control_boton:INST_BOTON|contador_duracion[8]       ; control_boton:INST_BOTON|contador_duracion[8]       ; reloj_50mhz  ; reloj_50mhz ; 1.000        ; -0.054     ; 3.136      ;
; -2.191 ; control_boton:INST_BOTON|contador_duracion[10]      ; control_boton:INST_BOTON|contador_duracion[8]       ; reloj_50mhz  ; reloj_50mhz ; 1.000        ; -0.384     ; 2.802      ;
; -2.180 ; control_boton:INST_BOTON|contador_duracion[19]      ; control_boton:INST_BOTON|contador_duracion[17]      ; reloj_50mhz  ; reloj_50mhz ; 1.000        ; -0.054     ; 3.121      ;
; -2.180 ; control_boton:INST_BOTON|contador_duracion[19]      ; control_boton:INST_BOTON|contador_duracion[19]      ; reloj_50mhz  ; reloj_50mhz ; 1.000        ; -0.054     ; 3.121      ;
; -2.180 ; control_boton:INST_BOTON|contador_duracion[19]      ; control_boton:INST_BOTON|contador_duracion[13]      ; reloj_50mhz  ; reloj_50mhz ; 1.000        ; -0.054     ; 3.121      ;
; -2.180 ; control_boton:INST_BOTON|contador_duracion[19]      ; control_boton:INST_BOTON|contador_duracion[14]      ; reloj_50mhz  ; reloj_50mhz ; 1.000        ; -0.054     ; 3.121      ;
; -2.180 ; control_boton:INST_BOTON|contador_duracion[19]      ; control_boton:INST_BOTON|contador_duracion[15]      ; reloj_50mhz  ; reloj_50mhz ; 1.000        ; -0.054     ; 3.121      ;
; -2.180 ; control_boton:INST_BOTON|contador_duracion[19]      ; control_boton:INST_BOTON|contador_duracion[18]      ; reloj_50mhz  ; reloj_50mhz ; 1.000        ; -0.054     ; 3.121      ;
; -2.180 ; control_boton:INST_BOTON|contador_duracion[19]      ; control_boton:INST_BOTON|contador_duracion[20]      ; reloj_50mhz  ; reloj_50mhz ; 1.000        ; -0.054     ; 3.121      ;
; -2.180 ; control_boton:INST_BOTON|contador_duracion[19]      ; control_boton:INST_BOTON|contador_duracion[21]      ; reloj_50mhz  ; reloj_50mhz ; 1.000        ; -0.054     ; 3.121      ;
; -2.180 ; control_boton:INST_BOTON|contador_duracion[19]      ; control_boton:INST_BOTON|contador_duracion[23]      ; reloj_50mhz  ; reloj_50mhz ; 1.000        ; -0.054     ; 3.121      ;
; -2.175 ; divisor_frecuencia:INST_DIVISOR|contador_ciclos[2]  ; divisor_frecuencia:INST_DIVISOR|reloj_interno       ; reloj_50mhz  ; reloj_50mhz ; 1.000        ; -0.054     ; 3.116      ;
; -2.174 ; divisor_frecuencia:INST_DIVISOR|contador_ciclos[1]  ; divisor_frecuencia:INST_DIVISOR|reloj_interno       ; reloj_50mhz  ; reloj_50mhz ; 1.000        ; -0.054     ; 3.115      ;
; -2.168 ; divisor_frecuencia:INST_DIVISOR|contador_ciclos[5]  ; divisor_frecuencia:INST_DIVISOR|reloj_interno       ; reloj_50mhz  ; reloj_50mhz ; 1.000        ; -0.054     ; 3.109      ;
; -2.151 ; control_boton:INST_BOTON|contador_duracion[12]      ; control_boton:INST_BOTON|contador_duracion[8]       ; reloj_50mhz  ; reloj_50mhz ; 1.000        ; -0.384     ; 2.762      ;
; -2.151 ; control_boton:INST_BOTON|contador_duracion[20]      ; control_boton:INST_BOTON|contador_duracion[17]      ; reloj_50mhz  ; reloj_50mhz ; 1.000        ; -0.054     ; 3.092      ;
; -2.151 ; control_boton:INST_BOTON|contador_duracion[20]      ; control_boton:INST_BOTON|contador_duracion[19]      ; reloj_50mhz  ; reloj_50mhz ; 1.000        ; -0.054     ; 3.092      ;
; -2.151 ; control_boton:INST_BOTON|contador_duracion[20]      ; control_boton:INST_BOTON|contador_duracion[13]      ; reloj_50mhz  ; reloj_50mhz ; 1.000        ; -0.054     ; 3.092      ;
; -2.151 ; control_boton:INST_BOTON|contador_duracion[20]      ; control_boton:INST_BOTON|contador_duracion[14]      ; reloj_50mhz  ; reloj_50mhz ; 1.000        ; -0.054     ; 3.092      ;
; -2.151 ; control_boton:INST_BOTON|contador_duracion[20]      ; control_boton:INST_BOTON|contador_duracion[15]      ; reloj_50mhz  ; reloj_50mhz ; 1.000        ; -0.054     ; 3.092      ;
; -2.151 ; control_boton:INST_BOTON|contador_duracion[20]      ; control_boton:INST_BOTON|contador_duracion[18]      ; reloj_50mhz  ; reloj_50mhz ; 1.000        ; -0.054     ; 3.092      ;
; -2.151 ; control_boton:INST_BOTON|contador_duracion[20]      ; control_boton:INST_BOTON|contador_duracion[20]      ; reloj_50mhz  ; reloj_50mhz ; 1.000        ; -0.054     ; 3.092      ;
; -2.151 ; control_boton:INST_BOTON|contador_duracion[20]      ; control_boton:INST_BOTON|contador_duracion[21]      ; reloj_50mhz  ; reloj_50mhz ; 1.000        ; -0.054     ; 3.092      ;
; -2.151 ; control_boton:INST_BOTON|contador_duracion[20]      ; control_boton:INST_BOTON|contador_duracion[23]      ; reloj_50mhz  ; reloj_50mhz ; 1.000        ; -0.054     ; 3.092      ;
; -2.143 ; control_boton:INST_BOTON|contador_antirrebote[9]    ; control_boton:INST_BOTON|contador_antirrebote[6]    ; reloj_50mhz  ; reloj_50mhz ; 1.000        ; -0.054     ; 3.084      ;
; -2.143 ; control_boton:INST_BOTON|contador_antirrebote[9]    ; control_boton:INST_BOTON|contador_antirrebote[7]    ; reloj_50mhz  ; reloj_50mhz ; 1.000        ; -0.054     ; 3.084      ;
; -2.143 ; control_boton:INST_BOTON|contador_antirrebote[9]    ; control_boton:INST_BOTON|contador_antirrebote[8]    ; reloj_50mhz  ; reloj_50mhz ; 1.000        ; -0.054     ; 3.084      ;
; -2.143 ; control_boton:INST_BOTON|contador_antirrebote[9]    ; control_boton:INST_BOTON|contador_antirrebote[9]    ; reloj_50mhz  ; reloj_50mhz ; 1.000        ; -0.054     ; 3.084      ;
; -2.140 ; divisor_frecuencia:INST_DIVISOR|contador_ciclos[16] ; divisor_frecuencia:INST_DIVISOR|reloj_interno       ; reloj_50mhz  ; reloj_50mhz ; 1.000        ; -0.053     ; 3.082      ;
; -2.136 ; control_boton:INST_BOTON|contador_duracion[18]      ; control_boton:INST_BOTON|contador_duracion[17]      ; reloj_50mhz  ; reloj_50mhz ; 1.000        ; -0.054     ; 3.077      ;
; -2.136 ; control_boton:INST_BOTON|contador_duracion[18]      ; control_boton:INST_BOTON|contador_duracion[19]      ; reloj_50mhz  ; reloj_50mhz ; 1.000        ; -0.054     ; 3.077      ;
; -2.136 ; control_boton:INST_BOTON|contador_duracion[18]      ; control_boton:INST_BOTON|contador_duracion[13]      ; reloj_50mhz  ; reloj_50mhz ; 1.000        ; -0.054     ; 3.077      ;
; -2.136 ; control_boton:INST_BOTON|contador_duracion[18]      ; control_boton:INST_BOTON|contador_duracion[14]      ; reloj_50mhz  ; reloj_50mhz ; 1.000        ; -0.054     ; 3.077      ;
; -2.136 ; control_boton:INST_BOTON|contador_duracion[18]      ; control_boton:INST_BOTON|contador_duracion[15]      ; reloj_50mhz  ; reloj_50mhz ; 1.000        ; -0.054     ; 3.077      ;
; -2.136 ; control_boton:INST_BOTON|contador_duracion[18]      ; control_boton:INST_BOTON|contador_duracion[18]      ; reloj_50mhz  ; reloj_50mhz ; 1.000        ; -0.054     ; 3.077      ;
; -2.136 ; control_boton:INST_BOTON|contador_duracion[18]      ; control_boton:INST_BOTON|contador_duracion[20]      ; reloj_50mhz  ; reloj_50mhz ; 1.000        ; -0.054     ; 3.077      ;
; -2.136 ; control_boton:INST_BOTON|contador_duracion[18]      ; control_boton:INST_BOTON|contador_duracion[21]      ; reloj_50mhz  ; reloj_50mhz ; 1.000        ; -0.054     ; 3.077      ;
; -2.136 ; control_boton:INST_BOTON|contador_duracion[18]      ; control_boton:INST_BOTON|contador_duracion[23]      ; reloj_50mhz  ; reloj_50mhz ; 1.000        ; -0.054     ; 3.077      ;
; -2.131 ; control_boton:INST_BOTON|contador_antirrebote[13]   ; control_boton:INST_BOTON|contador_antirrebote[6]    ; reloj_50mhz  ; reloj_50mhz ; 1.000        ; -0.053     ; 3.073      ;
; -2.131 ; control_boton:INST_BOTON|contador_antirrebote[13]   ; control_boton:INST_BOTON|contador_antirrebote[7]    ; reloj_50mhz  ; reloj_50mhz ; 1.000        ; -0.053     ; 3.073      ;
; -2.131 ; control_boton:INST_BOTON|contador_antirrebote[13]   ; control_boton:INST_BOTON|contador_antirrebote[8]    ; reloj_50mhz  ; reloj_50mhz ; 1.000        ; -0.053     ; 3.073      ;
; -2.131 ; control_boton:INST_BOTON|contador_antirrebote[13]   ; control_boton:INST_BOTON|contador_antirrebote[9]    ; reloj_50mhz  ; reloj_50mhz ; 1.000        ; -0.053     ; 3.073      ;
; -2.130 ; control_boton:INST_BOTON|contador_antirrebote[12]   ; control_boton:INST_BOTON|contador_antirrebote[6]    ; reloj_50mhz  ; reloj_50mhz ; 1.000        ; -0.053     ; 3.072      ;
; -2.130 ; control_boton:INST_BOTON|contador_antirrebote[12]   ; control_boton:INST_BOTON|contador_antirrebote[7]    ; reloj_50mhz  ; reloj_50mhz ; 1.000        ; -0.053     ; 3.072      ;
; -2.130 ; control_boton:INST_BOTON|contador_antirrebote[12]   ; control_boton:INST_BOTON|contador_antirrebote[8]    ; reloj_50mhz  ; reloj_50mhz ; 1.000        ; -0.053     ; 3.072      ;
; -2.130 ; control_boton:INST_BOTON|contador_antirrebote[12]   ; control_boton:INST_BOTON|contador_antirrebote[9]    ; reloj_50mhz  ; reloj_50mhz ; 1.000        ; -0.053     ; 3.072      ;
; -2.126 ; control_boton:INST_BOTON|contador_duracion[21]      ; control_boton:INST_BOTON|contador_duracion[8]       ; reloj_50mhz  ; reloj_50mhz ; 1.000        ; -0.052     ; 3.069      ;
; -2.126 ; divisor_frecuencia:INST_DIVISOR|contador_ciclos[19] ; divisor_frecuencia:INST_DIVISOR|reloj_interno       ; reloj_50mhz  ; reloj_50mhz ; 1.000        ; -0.053     ; 3.068      ;
; -2.121 ; control_boton:INST_BOTON|contador_duracion[11]      ; control_boton:INST_BOTON|contador_duracion[8]       ; reloj_50mhz  ; reloj_50mhz ; 1.000        ; -0.384     ; 2.732      ;
; -2.120 ; control_boton:INST_BOTON|contador_antirrebote[11]   ; control_boton:INST_BOTON|contador_antirrebote[6]    ; reloj_50mhz  ; reloj_50mhz ; 1.000        ; -0.053     ; 3.062      ;
; -2.120 ; control_boton:INST_BOTON|contador_antirrebote[11]   ; control_boton:INST_BOTON|contador_antirrebote[7]    ; reloj_50mhz  ; reloj_50mhz ; 1.000        ; -0.053     ; 3.062      ;
; -2.120 ; control_boton:INST_BOTON|contador_antirrebote[11]   ; control_boton:INST_BOTON|contador_antirrebote[8]    ; reloj_50mhz  ; reloj_50mhz ; 1.000        ; -0.053     ; 3.062      ;
; -2.120 ; control_boton:INST_BOTON|contador_antirrebote[11]   ; control_boton:INST_BOTON|contador_antirrebote[9]    ; reloj_50mhz  ; reloj_50mhz ; 1.000        ; -0.053     ; 3.062      ;
; -2.119 ; divisor_frecuencia:INST_DIVISOR|contador_ciclos[3]  ; divisor_frecuencia:INST_DIVISOR|contador_ciclos[24] ; reloj_50mhz  ; reloj_50mhz ; 1.000        ; -0.386     ; 2.728      ;
; -2.116 ; control_boton:INST_BOTON|contador_duracion[17]      ; control_boton:INST_BOTON|contador_duracion[8]       ; reloj_50mhz  ; reloj_50mhz ; 1.000        ; -0.052     ; 3.059      ;
; -2.114 ; divisor_frecuencia:INST_DIVISOR|contador_ciclos[6]  ; divisor_frecuencia:INST_DIVISOR|reloj_interno       ; reloj_50mhz  ; reloj_50mhz ; 1.000        ; -0.054     ; 3.055      ;
; -2.110 ; divisor_frecuencia:INST_DIVISOR|contador_ciclos[12] ; divisor_frecuencia:INST_DIVISOR|reloj_interno       ; reloj_50mhz  ; reloj_50mhz ; 1.000        ; -0.053     ; 3.052      ;
; -2.105 ; control_boton:INST_BOTON|contador_duracion[22]      ; control_boton:INST_BOTON|contador_duracion[8]       ; reloj_50mhz  ; reloj_50mhz ; 1.000        ; -0.382     ; 2.718      ;
; -2.093 ; control_boton:INST_BOTON|contador_duracion[9]       ; control_boton:INST_BOTON|contador_duracion[17]      ; reloj_50mhz  ; reloj_50mhz ; 1.000        ; -0.386     ; 2.702      ;
; -2.093 ; control_boton:INST_BOTON|contador_duracion[9]       ; control_boton:INST_BOTON|contador_duracion[19]      ; reloj_50mhz  ; reloj_50mhz ; 1.000        ; -0.386     ; 2.702      ;
; -2.093 ; control_boton:INST_BOTON|contador_duracion[9]       ; control_boton:INST_BOTON|contador_duracion[13]      ; reloj_50mhz  ; reloj_50mhz ; 1.000        ; -0.386     ; 2.702      ;
; -2.093 ; control_boton:INST_BOTON|contador_duracion[9]       ; control_boton:INST_BOTON|contador_duracion[14]      ; reloj_50mhz  ; reloj_50mhz ; 1.000        ; -0.386     ; 2.702      ;
; -2.093 ; control_boton:INST_BOTON|contador_duracion[9]       ; control_boton:INST_BOTON|contador_duracion[15]      ; reloj_50mhz  ; reloj_50mhz ; 1.000        ; -0.386     ; 2.702      ;
; -2.093 ; control_boton:INST_BOTON|contador_duracion[9]       ; control_boton:INST_BOTON|contador_duracion[18]      ; reloj_50mhz  ; reloj_50mhz ; 1.000        ; -0.386     ; 2.702      ;
; -2.093 ; control_boton:INST_BOTON|contador_duracion[9]       ; control_boton:INST_BOTON|contador_duracion[20]      ; reloj_50mhz  ; reloj_50mhz ; 1.000        ; -0.386     ; 2.702      ;
; -2.093 ; control_boton:INST_BOTON|contador_duracion[9]       ; control_boton:INST_BOTON|contador_duracion[21]      ; reloj_50mhz  ; reloj_50mhz ; 1.000        ; -0.386     ; 2.702      ;
; -2.093 ; control_boton:INST_BOTON|contador_duracion[9]       ; control_boton:INST_BOTON|contador_duracion[23]      ; reloj_50mhz  ; reloj_50mhz ; 1.000        ; -0.386     ; 2.702      ;
; -2.092 ; control_boton:INST_BOTON|contador_duracion[19]      ; control_boton:INST_BOTON|estado_marcha              ; reloj_50mhz  ; reloj_50mhz ; 1.000        ; -0.052     ; 3.035      ;
; -2.087 ; control_boton:INST_BOTON|contador_duracion[19]      ; control_boton:INST_BOTON|reinicio_temporizador      ; reloj_50mhz  ; reloj_50mhz ; 1.000        ; -0.052     ; 3.030      ;
; -2.066 ; divisor_frecuencia:INST_DIVISOR|contador_ciclos[23] ; divisor_frecuencia:INST_DIVISOR|contador_ciclos[11] ; reloj_50mhz  ; reloj_50mhz ; 1.000        ; -0.053     ; 3.008      ;
; -2.065 ; divisor_frecuencia:INST_DIVISOR|contador_ciclos[23] ; divisor_frecuencia:INST_DIVISOR|contador_ciclos[21] ; reloj_50mhz  ; reloj_50mhz ; 1.000        ; -0.053     ; 3.007      ;
+--------+-----------------------------------------------------+-----------------------------------------------------+--------------+-------------+--------------+------------+------------+


+-----------------------------------------------------------------------------------------------------------------------------------------------------------------------------------------------------------------------------------------+
; Slow 1200mV 0C Model Setup: 'divisor_frecuencia:INST_DIVISOR|reloj_interno'                                                                                                                                                             ;
+--------+-------------------------------------------+-------------------------------------------+-----------------------------------------------+-----------------------------------------------+--------------+------------+------------+
; Slack  ; From Node                                 ; To Node                                   ; Launch Clock                                  ; Latch Clock                                   ; Relationship ; Clock Skew ; Data Delay ;
+--------+-------------------------------------------+-------------------------------------------+-----------------------------------------------+-----------------------------------------------+--------------+------------+------------+
; -1.216 ; contador_segundos:INST_SEGUNDOS|decena[1] ; contador_minutos:INST_MINUTOS|minutos[3]  ; divisor_frecuencia:INST_DIVISOR|reloj_interno ; divisor_frecuencia:INST_DIVISOR|reloj_interno ; 1.000        ; -0.054     ; 2.157      ;
; -1.195 ; contador_segundos:INST_SEGUNDOS|decena[2] ; contador_minutos:INST_MINUTOS|minutos[3]  ; divisor_frecuencia:INST_DIVISOR|reloj_interno ; divisor_frecuencia:INST_DIVISOR|reloj_interno ; 1.000        ; -0.054     ; 2.136      ;
; -1.185 ; contador_segundos:INST_SEGUNDOS|decena[1] ; contador_minutos:INST_MINUTOS|minutos[1]  ; divisor_frecuencia:INST_DIVISOR|reloj_interno ; divisor_frecuencia:INST_DIVISOR|reloj_interno ; 1.000        ; -0.054     ; 2.126      ;
; -1.163 ; contador_segundos:INST_SEGUNDOS|decena[1] ; contador_segundos:INST_SEGUNDOS|decena[2] ; divisor_frecuencia:INST_DIVISOR|reloj_interno ; divisor_frecuencia:INST_DIVISOR|reloj_interno ; 1.000        ; -0.054     ; 2.104      ;
; -1.160 ; contador_segundos:INST_SEGUNDOS|decena[1] ; contador_segundos:INST_SEGUNDOS|decena[1] ; divisor_frecuencia:INST_DIVISOR|reloj_interno ; divisor_frecuencia:INST_DIVISOR|reloj_interno ; 1.000        ; -0.054     ; 2.101      ;
; -1.127 ; contador_minutos:INST_MINUTOS|minutos[2]  ; contador_minutos:INST_MINUTOS|minutos[3]  ; divisor_frecuencia:INST_DIVISOR|reloj_interno ; divisor_frecuencia:INST_DIVISOR|reloj_interno ; 1.000        ; -0.054     ; 2.068      ;
; -1.122 ; contador_segundos:INST_SEGUNDOS|decena[2] ; contador_segundos:INST_SEGUNDOS|decena[2] ; divisor_frecuencia:INST_DIVISOR|reloj_interno ; divisor_frecuencia:INST_DIVISOR|reloj_interno ; 1.000        ; -0.054     ; 2.063      ;
; -1.121 ; contador_segundos:INST_SEGUNDOS|decena[2] ; contador_segundos:INST_SEGUNDOS|decena[1] ; divisor_frecuencia:INST_DIVISOR|reloj_interno ; divisor_frecuencia:INST_DIVISOR|reloj_interno ; 1.000        ; -0.054     ; 2.062      ;
; -1.120 ; contador_minutos:INST_MINUTOS|minutos[0]  ; contador_minutos:INST_MINUTOS|minutos[3]  ; divisor_frecuencia:INST_DIVISOR|reloj_interno ; divisor_frecuencia:INST_DIVISOR|reloj_interno ; 1.000        ; -0.054     ; 2.061      ;
; -1.119 ; contador_segundos:INST_SEGUNDOS|decena[0] ; contador_minutos:INST_MINUTOS|minutos[3]  ; divisor_frecuencia:INST_DIVISOR|reloj_interno ; divisor_frecuencia:INST_DIVISOR|reloj_interno ; 1.000        ; -0.054     ; 2.060      ;
; -1.117 ; contador_segundos:INST_SEGUNDOS|decena[2] ; contador_minutos:INST_MINUTOS|minutos[1]  ; divisor_frecuencia:INST_DIVISOR|reloj_interno ; divisor_frecuencia:INST_DIVISOR|reloj_interno ; 1.000        ; -0.054     ; 2.058      ;
; -1.096 ; contador_minutos:INST_MINUTOS|minutos[2]  ; contador_minutos:INST_MINUTOS|minutos[1]  ; divisor_frecuencia:INST_DIVISOR|reloj_interno ; divisor_frecuencia:INST_DIVISOR|reloj_interno ; 1.000        ; -0.054     ; 2.037      ;
; -1.084 ; contador_minutos:INST_MINUTOS|minutos[0]  ; contador_minutos:INST_MINUTOS|minutos[1]  ; divisor_frecuencia:INST_DIVISOR|reloj_interno ; divisor_frecuencia:INST_DIVISOR|reloj_interno ; 1.000        ; -0.054     ; 2.025      ;
; -1.077 ; contador_segundos:INST_SEGUNDOS|unidad[1] ; contador_minutos:INST_MINUTOS|minutos[3]  ; divisor_frecuencia:INST_DIVISOR|reloj_interno ; divisor_frecuencia:INST_DIVISOR|reloj_interno ; 1.000        ; -0.055     ; 2.017      ;
; -1.074 ; contador_segundos:INST_SEGUNDOS|unidad[3] ; contador_minutos:INST_MINUTOS|minutos[3]  ; divisor_frecuencia:INST_DIVISOR|reloj_interno ; divisor_frecuencia:INST_DIVISOR|reloj_interno ; 1.000        ; -0.055     ; 2.014      ;
; -1.066 ; contador_segundos:INST_SEGUNDOS|unidad[1] ; contador_segundos:INST_SEGUNDOS|decena[2] ; divisor_frecuencia:INST_DIVISOR|reloj_interno ; divisor_frecuencia:INST_DIVISOR|reloj_interno ; 1.000        ; -0.055     ; 2.006      ;
; -1.063 ; contador_segundos:INST_SEGUNDOS|unidad[1] ; contador_segundos:INST_SEGUNDOS|decena[1] ; divisor_frecuencia:INST_DIVISOR|reloj_interno ; divisor_frecuencia:INST_DIVISOR|reloj_interno ; 1.000        ; -0.055     ; 2.003      ;
; -1.047 ; contador_segundos:INST_SEGUNDOS|decena[1] ; contador_segundos:INST_SEGUNDOS|unidad[0] ; divisor_frecuencia:INST_DIVISOR|reloj_interno ; divisor_frecuencia:INST_DIVISOR|reloj_interno ; 1.000        ; -0.053     ; 1.989      ;
; -1.046 ; contador_segundos:INST_SEGUNDOS|decena[0] ; contador_segundos:INST_SEGUNDOS|decena[2] ; divisor_frecuencia:INST_DIVISOR|reloj_interno ; divisor_frecuencia:INST_DIVISOR|reloj_interno ; 1.000        ; -0.054     ; 1.987      ;
; -1.045 ; contador_segundos:INST_SEGUNDOS|decena[1] ; contador_segundos:INST_SEGUNDOS|unidad[3] ; divisor_frecuencia:INST_DIVISOR|reloj_interno ; divisor_frecuencia:INST_DIVISOR|reloj_interno ; 1.000        ; -0.053     ; 1.987      ;
; -1.045 ; contador_segundos:INST_SEGUNDOS|decena[0] ; contador_segundos:INST_SEGUNDOS|decena[1] ; divisor_frecuencia:INST_DIVISOR|reloj_interno ; divisor_frecuencia:INST_DIVISOR|reloj_interno ; 1.000        ; -0.054     ; 1.986      ;
; -1.041 ; contador_segundos:INST_SEGUNDOS|decena[0] ; contador_minutos:INST_MINUTOS|minutos[1]  ; divisor_frecuencia:INST_DIVISOR|reloj_interno ; divisor_frecuencia:INST_DIVISOR|reloj_interno ; 1.000        ; -0.054     ; 1.982      ;
; -1.005 ; contador_segundos:INST_SEGUNDOS|decena[2] ; contador_segundos:INST_SEGUNDOS|unidad[0] ; divisor_frecuencia:INST_DIVISOR|reloj_interno ; divisor_frecuencia:INST_DIVISOR|reloj_interno ; 1.000        ; -0.053     ; 1.947      ;
; -1.004 ; contador_segundos:INST_SEGUNDOS|decena[1] ; contador_minutos:INST_MINUTOS|minutos[0]  ; divisor_frecuencia:INST_DIVISOR|reloj_interno ; divisor_frecuencia:INST_DIVISOR|reloj_interno ; 1.000        ; -0.054     ; 1.945      ;
; -1.004 ; contador_segundos:INST_SEGUNDOS|decena[2] ; contador_segundos:INST_SEGUNDOS|unidad[3] ; divisor_frecuencia:INST_DIVISOR|reloj_interno ; divisor_frecuencia:INST_DIVISOR|reloj_interno ; 1.000        ; -0.053     ; 1.946      ;
; -1.002 ; contador_minutos:INST_MINUTOS|minutos[2]  ; contador_segundos:INST_SEGUNDOS|decena[3] ; divisor_frecuencia:INST_DIVISOR|reloj_interno ; divisor_frecuencia:INST_DIVISOR|reloj_interno ; 1.000        ; -0.054     ; 1.943      ;
; -1.001 ; contador_segundos:INST_SEGUNDOS|unidad[3] ; contador_segundos:INST_SEGUNDOS|decena[2] ; divisor_frecuencia:INST_DIVISOR|reloj_interno ; divisor_frecuencia:INST_DIVISOR|reloj_interno ; 1.000        ; -0.055     ; 1.941      ;
; -1.000 ; contador_segundos:INST_SEGUNDOS|unidad[3] ; contador_segundos:INST_SEGUNDOS|decena[1] ; divisor_frecuencia:INST_DIVISOR|reloj_interno ; divisor_frecuencia:INST_DIVISOR|reloj_interno ; 1.000        ; -0.055     ; 1.940      ;
; -0.998 ; contador_segundos:INST_SEGUNDOS|decena[2] ; contador_minutos:INST_MINUTOS|minutos[0]  ; divisor_frecuencia:INST_DIVISOR|reloj_interno ; divisor_frecuencia:INST_DIVISOR|reloj_interno ; 1.000        ; -0.054     ; 1.939      ;
; -0.998 ; contador_minutos:INST_MINUTOS|minutos[2]  ; contador_segundos:INST_SEGUNDOS|decena[2] ; divisor_frecuencia:INST_DIVISOR|reloj_interno ; divisor_frecuencia:INST_DIVISOR|reloj_interno ; 1.000        ; -0.054     ; 1.939      ;
; -0.998 ; contador_minutos:INST_MINUTOS|minutos[2]  ; contador_segundos:INST_SEGUNDOS|decena[1] ; divisor_frecuencia:INST_DIVISOR|reloj_interno ; divisor_frecuencia:INST_DIVISOR|reloj_interno ; 1.000        ; -0.054     ; 1.939      ;
; -0.997 ; contador_minutos:INST_MINUTOS|minutos[2]  ; contador_segundos:INST_SEGUNDOS|decena[0] ; divisor_frecuencia:INST_DIVISOR|reloj_interno ; divisor_frecuencia:INST_DIVISOR|reloj_interno ; 1.000        ; -0.054     ; 1.938      ;
; -0.984 ; contador_minutos:INST_MINUTOS|minutos[3]  ; contador_minutos:INST_MINUTOS|minutos[3]  ; divisor_frecuencia:INST_DIVISOR|reloj_interno ; divisor_frecuencia:INST_DIVISOR|reloj_interno ; 1.000        ; -0.054     ; 1.925      ;
; -0.982 ; contador_segundos:INST_SEGUNDOS|decena[1] ; contador_minutos:INST_MINUTOS|minutos[2]  ; divisor_frecuencia:INST_DIVISOR|reloj_interno ; divisor_frecuencia:INST_DIVISOR|reloj_interno ; 1.000        ; -0.054     ; 1.923      ;
; -0.977 ; contador_segundos:INST_SEGUNDOS|decena[2] ; contador_minutos:INST_MINUTOS|minutos[2]  ; divisor_frecuencia:INST_DIVISOR|reloj_interno ; divisor_frecuencia:INST_DIVISOR|reloj_interno ; 1.000        ; -0.054     ; 1.918      ;
; -0.974 ; contador_segundos:INST_SEGUNDOS|unidad[2] ; contador_minutos:INST_MINUTOS|minutos[3]  ; divisor_frecuencia:INST_DIVISOR|reloj_interno ; divisor_frecuencia:INST_DIVISOR|reloj_interno ; 1.000        ; -0.055     ; 1.914      ;
; -0.972 ; contador_segundos:INST_SEGUNDOS|decena[3] ; contador_minutos:INST_MINUTOS|minutos[3]  ; divisor_frecuencia:INST_DIVISOR|reloj_interno ; divisor_frecuencia:INST_DIVISOR|reloj_interno ; 1.000        ; -0.054     ; 1.913      ;
; -0.972 ; contador_minutos:INST_MINUTOS|minutos[0]  ; contador_segundos:INST_SEGUNDOS|unidad[0] ; divisor_frecuencia:INST_DIVISOR|reloj_interno ; divisor_frecuencia:INST_DIVISOR|reloj_interno ; 1.000        ; -0.053     ; 1.914      ;
; -0.971 ; contador_segundos:INST_SEGUNDOS|unidad[1] ; contador_minutos:INST_MINUTOS|minutos[1]  ; divisor_frecuencia:INST_DIVISOR|reloj_interno ; divisor_frecuencia:INST_DIVISOR|reloj_interno ; 1.000        ; -0.055     ; 1.911      ;
; -0.971 ; contador_minutos:INST_MINUTOS|minutos[0]  ; contador_segundos:INST_SEGUNDOS|unidad[3] ; divisor_frecuencia:INST_DIVISOR|reloj_interno ; divisor_frecuencia:INST_DIVISOR|reloj_interno ; 1.000        ; -0.053     ; 1.913      ;
; -0.963 ; contador_segundos:INST_SEGUNDOS|unidad[2] ; contador_segundos:INST_SEGUNDOS|decena[2] ; divisor_frecuencia:INST_DIVISOR|reloj_interno ; divisor_frecuencia:INST_DIVISOR|reloj_interno ; 1.000        ; -0.055     ; 1.903      ;
; -0.960 ; contador_segundos:INST_SEGUNDOS|unidad[2] ; contador_segundos:INST_SEGUNDOS|decena[1] ; divisor_frecuencia:INST_DIVISOR|reloj_interno ; divisor_frecuencia:INST_DIVISOR|reloj_interno ; 1.000        ; -0.055     ; 1.900      ;
; -0.959 ; contador_minutos:INST_MINUTOS|minutos[0]  ; contador_segundos:INST_SEGUNDOS|decena[3] ; divisor_frecuencia:INST_DIVISOR|reloj_interno ; divisor_frecuencia:INST_DIVISOR|reloj_interno ; 1.000        ; -0.054     ; 1.900      ;
; -0.958 ; contador_minutos:INST_MINUTOS|minutos[0]  ; contador_segundos:INST_SEGUNDOS|decena[2] ; divisor_frecuencia:INST_DIVISOR|reloj_interno ; divisor_frecuencia:INST_DIVISOR|reloj_interno ; 1.000        ; -0.054     ; 1.899      ;
; -0.958 ; contador_minutos:INST_MINUTOS|minutos[2]  ; contador_segundos:INST_SEGUNDOS|unidad[0] ; divisor_frecuencia:INST_DIVISOR|reloj_interno ; divisor_frecuencia:INST_DIVISOR|reloj_interno ; 1.000        ; -0.053     ; 1.900      ;
; -0.957 ; contador_minutos:INST_MINUTOS|minutos[0]  ; contador_segundos:INST_SEGUNDOS|decena[1] ; divisor_frecuencia:INST_DIVISOR|reloj_interno ; divisor_frecuencia:INST_DIVISOR|reloj_interno ; 1.000        ; -0.054     ; 1.898      ;
; -0.957 ; contador_minutos:INST_MINUTOS|minutos[0]  ; contador_segundos:INST_SEGUNDOS|decena[0] ; divisor_frecuencia:INST_DIVISOR|reloj_interno ; divisor_frecuencia:INST_DIVISOR|reloj_interno ; 1.000        ; -0.054     ; 1.898      ;
; -0.956 ; contador_minutos:INST_MINUTOS|minutos[2]  ; contador_segundos:INST_SEGUNDOS|unidad[3] ; divisor_frecuencia:INST_DIVISOR|reloj_interno ; divisor_frecuencia:INST_DIVISOR|reloj_interno ; 1.000        ; -0.053     ; 1.898      ;
; -0.948 ; contador_minutos:INST_MINUTOS|minutos[3]  ; contador_minutos:INST_MINUTOS|minutos[1]  ; divisor_frecuencia:INST_DIVISOR|reloj_interno ; divisor_frecuencia:INST_DIVISOR|reloj_interno ; 1.000        ; -0.054     ; 1.889      ;
; -0.941 ; contador_segundos:INST_SEGUNDOS|decena[3] ; contador_minutos:INST_MINUTOS|minutos[1]  ; divisor_frecuencia:INST_DIVISOR|reloj_interno ; divisor_frecuencia:INST_DIVISOR|reloj_interno ; 1.000        ; -0.054     ; 1.882      ;
; -0.929 ; contador_segundos:INST_SEGUNDOS|decena[0] ; contador_segundos:INST_SEGUNDOS|unidad[0] ; divisor_frecuencia:INST_DIVISOR|reloj_interno ; divisor_frecuencia:INST_DIVISOR|reloj_interno ; 1.000        ; -0.053     ; 1.871      ;
; -0.928 ; contador_segundos:INST_SEGUNDOS|decena[0] ; contador_segundos:INST_SEGUNDOS|unidad[3] ; divisor_frecuencia:INST_DIVISOR|reloj_interno ; divisor_frecuencia:INST_DIVISOR|reloj_interno ; 1.000        ; -0.053     ; 1.870      ;
; -0.922 ; contador_segundos:INST_SEGUNDOS|decena[0] ; contador_minutos:INST_MINUTOS|minutos[0]  ; divisor_frecuencia:INST_DIVISOR|reloj_interno ; divisor_frecuencia:INST_DIVISOR|reloj_interno ; 1.000        ; -0.054     ; 1.863      ;
; -0.919 ; contador_segundos:INST_SEGUNDOS|decena[3] ; contador_segundos:INST_SEGUNDOS|decena[2] ; divisor_frecuencia:INST_DIVISOR|reloj_interno ; divisor_frecuencia:INST_DIVISOR|reloj_interno ; 1.000        ; -0.054     ; 1.860      ;
; -0.916 ; contador_segundos:INST_SEGUNDOS|decena[3] ; contador_segundos:INST_SEGUNDOS|decena[1] ; divisor_frecuencia:INST_DIVISOR|reloj_interno ; divisor_frecuencia:INST_DIVISOR|reloj_interno ; 1.000        ; -0.054     ; 1.857      ;
; -0.910 ; contador_segundos:INST_SEGUNDOS|unidad[3] ; contador_minutos:INST_MINUTOS|minutos[1]  ; divisor_frecuencia:INST_DIVISOR|reloj_interno ; divisor_frecuencia:INST_DIVISOR|reloj_interno ; 1.000        ; -0.055     ; 1.850      ;
; -0.907 ; contador_segundos:INST_SEGUNDOS|unidad[1] ; contador_minutos:INST_MINUTOS|minutos[0]  ; divisor_frecuencia:INST_DIVISOR|reloj_interno ; divisor_frecuencia:INST_DIVISOR|reloj_interno ; 1.000        ; -0.055     ; 1.847      ;
; -0.906 ; contador_minutos:INST_MINUTOS|minutos[1]  ; contador_minutos:INST_MINUTOS|minutos[1]  ; divisor_frecuencia:INST_DIVISOR|reloj_interno ; divisor_frecuencia:INST_DIVISOR|reloj_interno ; 1.000        ; -0.054     ; 1.847      ;
; -0.901 ; contador_segundos:INST_SEGUNDOS|decena[0] ; contador_minutos:INST_MINUTOS|minutos[2]  ; divisor_frecuencia:INST_DIVISOR|reloj_interno ; divisor_frecuencia:INST_DIVISOR|reloj_interno ; 1.000        ; -0.054     ; 1.842      ;
; -0.888 ; contador_segundos:INST_SEGUNDOS|unidad[0] ; contador_minutos:INST_MINUTOS|minutos[3]  ; divisor_frecuencia:INST_DIVISOR|reloj_interno ; divisor_frecuencia:INST_DIVISOR|reloj_interno ; 1.000        ; -0.055     ; 1.828      ;
; -0.885 ; contador_segundos:INST_SEGUNDOS|unidad[1] ; contador_minutos:INST_MINUTOS|minutos[2]  ; divisor_frecuencia:INST_DIVISOR|reloj_interno ; divisor_frecuencia:INST_DIVISOR|reloj_interno ; 1.000        ; -0.055     ; 1.825      ;
; -0.884 ; control_boton:INST_BOTON|estado_marcha    ; contador_minutos:INST_MINUTOS|minutos[3]  ; reloj_50mhz                                   ; divisor_frecuencia:INST_DIVISOR|reloj_interno ; 0.500        ; 0.430      ; 1.799      ;
; -0.877 ; contador_segundos:INST_SEGUNDOS|unidad[3] ; contador_minutos:INST_MINUTOS|minutos[0]  ; divisor_frecuencia:INST_DIVISOR|reloj_interno ; divisor_frecuencia:INST_DIVISOR|reloj_interno ; 1.000        ; -0.055     ; 1.817      ;
; -0.868 ; contador_segundos:INST_SEGUNDOS|unidad[2] ; contador_minutos:INST_MINUTOS|minutos[1]  ; divisor_frecuencia:INST_DIVISOR|reloj_interno ; divisor_frecuencia:INST_DIVISOR|reloj_interno ; 1.000        ; -0.055     ; 1.808      ;
; -0.859 ; contador_segundos:INST_SEGUNDOS|unidad[1] ; contador_segundos:INST_SEGUNDOS|decena[3] ; divisor_frecuencia:INST_DIVISOR|reloj_interno ; divisor_frecuencia:INST_DIVISOR|reloj_interno ; 1.000        ; -0.055     ; 1.799      ;
; -0.859 ; contador_minutos:INST_MINUTOS|minutos[1]  ; contador_minutos:INST_MINUTOS|minutos[3]  ; divisor_frecuencia:INST_DIVISOR|reloj_interno ; divisor_frecuencia:INST_DIVISOR|reloj_interno ; 1.000        ; -0.054     ; 1.800      ;
; -0.857 ; contador_segundos:INST_SEGUNDOS|unidad[1] ; contador_segundos:INST_SEGUNDOS|decena[0] ; divisor_frecuencia:INST_DIVISOR|reloj_interno ; divisor_frecuencia:INST_DIVISOR|reloj_interno ; 1.000        ; -0.055     ; 1.797      ;
; -0.856 ; contador_segundos:INST_SEGUNDOS|unidad[3] ; contador_minutos:INST_MINUTOS|minutos[2]  ; divisor_frecuencia:INST_DIVISOR|reloj_interno ; divisor_frecuencia:INST_DIVISOR|reloj_interno ; 1.000        ; -0.055     ; 1.796      ;
; -0.853 ; control_boton:INST_BOTON|estado_marcha    ; contador_minutos:INST_MINUTOS|minutos[1]  ; reloj_50mhz                                   ; divisor_frecuencia:INST_DIVISOR|reloj_interno ; 0.500        ; 0.430      ; 1.768      ;
; -0.848 ; contador_minutos:INST_MINUTOS|minutos[2]  ; contador_minutos:INST_MINUTOS|minutos[0]  ; divisor_frecuencia:INST_DIVISOR|reloj_interno ; divisor_frecuencia:INST_DIVISOR|reloj_interno ; 1.000        ; -0.054     ; 1.789      ;
; -0.847 ; contador_minutos:INST_MINUTOS|minutos[2]  ; contador_minutos:INST_MINUTOS|minutos[2]  ; divisor_frecuencia:INST_DIVISOR|reloj_interno ; divisor_frecuencia:INST_DIVISOR|reloj_interno ; 1.000        ; -0.054     ; 1.788      ;
; -0.839 ; contador_minutos:INST_MINUTOS|minutos[0]  ; contador_minutos:INST_MINUTOS|minutos[0]  ; divisor_frecuencia:INST_DIVISOR|reloj_interno ; divisor_frecuencia:INST_DIVISOR|reloj_interno ; 1.000        ; -0.054     ; 1.780      ;
; -0.838 ; contador_minutos:INST_MINUTOS|minutos[0]  ; contador_minutos:INST_MINUTOS|minutos[2]  ; divisor_frecuencia:INST_DIVISOR|reloj_interno ; divisor_frecuencia:INST_DIVISOR|reloj_interno ; 1.000        ; -0.054     ; 1.779      ;
; -0.836 ; contador_minutos:INST_MINUTOS|minutos[3]  ; contador_segundos:INST_SEGUNDOS|unidad[0] ; divisor_frecuencia:INST_DIVISOR|reloj_interno ; divisor_frecuencia:INST_DIVISOR|reloj_interno ; 1.000        ; -0.053     ; 1.778      ;
; -0.835 ; contador_minutos:INST_MINUTOS|minutos[3]  ; contador_segundos:INST_SEGUNDOS|unidad[3] ; divisor_frecuencia:INST_DIVISOR|reloj_interno ; divisor_frecuencia:INST_DIVISOR|reloj_interno ; 1.000        ; -0.053     ; 1.777      ;
; -0.833 ; contador_segundos:INST_SEGUNDOS|unidad[1] ; contador_segundos:INST_SEGUNDOS|unidad[0] ; divisor_frecuencia:INST_DIVISOR|reloj_interno ; divisor_frecuencia:INST_DIVISOR|reloj_interno ; 1.000        ; -0.054     ; 1.774      ;
; -0.831 ; contador_segundos:INST_SEGUNDOS|unidad[1] ; contador_segundos:INST_SEGUNDOS|unidad[3] ; divisor_frecuencia:INST_DIVISOR|reloj_interno ; divisor_frecuencia:INST_DIVISOR|reloj_interno ; 1.000        ; -0.054     ; 1.772      ;
; -0.823 ; contador_minutos:INST_MINUTOS|minutos[3]  ; contador_segundos:INST_SEGUNDOS|decena[3] ; divisor_frecuencia:INST_DIVISOR|reloj_interno ; divisor_frecuencia:INST_DIVISOR|reloj_interno ; 1.000        ; -0.054     ; 1.764      ;
; -0.822 ; contador_minutos:INST_MINUTOS|minutos[3]  ; contador_segundos:INST_SEGUNDOS|decena[2] ; divisor_frecuencia:INST_DIVISOR|reloj_interno ; divisor_frecuencia:INST_DIVISOR|reloj_interno ; 1.000        ; -0.054     ; 1.763      ;
; -0.821 ; contador_minutos:INST_MINUTOS|minutos[3]  ; contador_segundos:INST_SEGUNDOS|decena[1] ; divisor_frecuencia:INST_DIVISOR|reloj_interno ; divisor_frecuencia:INST_DIVISOR|reloj_interno ; 1.000        ; -0.054     ; 1.762      ;
; -0.821 ; contador_minutos:INST_MINUTOS|minutos[3]  ; contador_segundos:INST_SEGUNDOS|decena[0] ; divisor_frecuencia:INST_DIVISOR|reloj_interno ; divisor_frecuencia:INST_DIVISOR|reloj_interno ; 1.000        ; -0.054     ; 1.762      ;
; -0.815 ; contador_segundos:INST_SEGUNDOS|unidad[0] ; contador_segundos:INST_SEGUNDOS|decena[2] ; divisor_frecuencia:INST_DIVISOR|reloj_interno ; divisor_frecuencia:INST_DIVISOR|reloj_interno ; 1.000        ; -0.055     ; 1.755      ;
; -0.814 ; contador_segundos:INST_SEGUNDOS|unidad[0] ; contador_segundos:INST_SEGUNDOS|decena[1] ; divisor_frecuencia:INST_DIVISOR|reloj_interno ; divisor_frecuencia:INST_DIVISOR|reloj_interno ; 1.000        ; -0.055     ; 1.754      ;
; -0.810 ; contador_segundos:INST_SEGUNDOS|unidad[3] ; contador_segundos:INST_SEGUNDOS|decena[3] ; divisor_frecuencia:INST_DIVISOR|reloj_interno ; divisor_frecuencia:INST_DIVISOR|reloj_interno ; 1.000        ; -0.055     ; 1.750      ;
; -0.805 ; contador_segundos:INST_SEGUNDOS|unidad[3] ; contador_segundos:INST_SEGUNDOS|decena[0] ; divisor_frecuencia:INST_DIVISOR|reloj_interno ; divisor_frecuencia:INST_DIVISOR|reloj_interno ; 1.000        ; -0.055     ; 1.745      ;
; -0.804 ; contador_segundos:INST_SEGUNDOS|unidad[2] ; contador_minutos:INST_MINUTOS|minutos[0]  ; divisor_frecuencia:INST_DIVISOR|reloj_interno ; divisor_frecuencia:INST_DIVISOR|reloj_interno ; 1.000        ; -0.055     ; 1.744      ;
; -0.803 ; contador_segundos:INST_SEGUNDOS|decena[3] ; contador_segundos:INST_SEGUNDOS|unidad[0] ; divisor_frecuencia:INST_DIVISOR|reloj_interno ; divisor_frecuencia:INST_DIVISOR|reloj_interno ; 1.000        ; -0.053     ; 1.745      ;
; -0.801 ; contador_segundos:INST_SEGUNDOS|decena[3] ; contador_segundos:INST_SEGUNDOS|unidad[3] ; divisor_frecuencia:INST_DIVISOR|reloj_interno ; divisor_frecuencia:INST_DIVISOR|reloj_interno ; 1.000        ; -0.053     ; 1.743      ;
; -0.798 ; contador_segundos:INST_SEGUNDOS|unidad[3] ; contador_segundos:INST_SEGUNDOS|unidad[0] ; divisor_frecuencia:INST_DIVISOR|reloj_interno ; divisor_frecuencia:INST_DIVISOR|reloj_interno ; 1.000        ; -0.054     ; 1.739      ;
; -0.797 ; contador_segundos:INST_SEGUNDOS|unidad[3] ; contador_segundos:INST_SEGUNDOS|unidad[3] ; divisor_frecuencia:INST_DIVISOR|reloj_interno ; divisor_frecuencia:INST_DIVISOR|reloj_interno ; 1.000        ; -0.054     ; 1.738      ;
; -0.787 ; control_boton:INST_BOTON|estado_marcha    ; contador_segundos:INST_SEGUNDOS|decena[3] ; reloj_50mhz                                   ; divisor_frecuencia:INST_DIVISOR|reloj_interno ; 0.500        ; 0.430      ; 1.702      ;
; -0.783 ; control_boton:INST_BOTON|estado_marcha    ; contador_segundos:INST_SEGUNDOS|decena[2] ; reloj_50mhz                                   ; divisor_frecuencia:INST_DIVISOR|reloj_interno ; 0.500        ; 0.430      ; 1.698      ;
; -0.783 ; control_boton:INST_BOTON|estado_marcha    ; contador_segundos:INST_SEGUNDOS|decena[1] ; reloj_50mhz                                   ; divisor_frecuencia:INST_DIVISOR|reloj_interno ; 0.500        ; 0.430      ; 1.698      ;
; -0.782 ; control_boton:INST_BOTON|estado_marcha    ; contador_segundos:INST_SEGUNDOS|decena[0] ; reloj_50mhz                                   ; divisor_frecuencia:INST_DIVISOR|reloj_interno ; 0.500        ; 0.430      ; 1.697      ;
; -0.782 ; contador_segundos:INST_SEGUNDOS|unidad[2] ; contador_minutos:INST_MINUTOS|minutos[2]  ; divisor_frecuencia:INST_DIVISOR|reloj_interno ; divisor_frecuencia:INST_DIVISOR|reloj_interno ; 1.000        ; -0.055     ; 1.722      ;
; -0.760 ; contador_segundos:INST_SEGUNDOS|decena[3] ; contador_minutos:INST_MINUTOS|minutos[0]  ; divisor_frecuencia:INST_DIVISOR|reloj_interno ; divisor_frecuencia:INST_DIVISOR|reloj_interno ; 1.000        ; -0.054     ; 1.701      ;
; -0.756 ; contador_segundos:INST_SEGUNDOS|decena[1] ; contador_segundos:INST_SEGUNDOS|decena[3] ; divisor_frecuencia:INST_DIVISOR|reloj_interno ; divisor_frecuencia:INST_DIVISOR|reloj_interno ; 1.000        ; -0.054     ; 1.697      ;
; -0.756 ; contador_segundos:INST_SEGUNDOS|unidad[2] ; contador_segundos:INST_SEGUNDOS|decena[3] ; divisor_frecuencia:INST_DIVISOR|reloj_interno ; divisor_frecuencia:INST_DIVISOR|reloj_interno ; 1.000        ; -0.055     ; 1.696      ;
; -0.754 ; contador_segundos:INST_SEGUNDOS|unidad[2] ; contador_segundos:INST_SEGUNDOS|decena[0] ; divisor_frecuencia:INST_DIVISOR|reloj_interno ; divisor_frecuencia:INST_DIVISOR|reloj_interno ; 1.000        ; -0.055     ; 1.694      ;
; -0.751 ; contador_segundos:INST_SEGUNDOS|decena[1] ; contador_segundos:INST_SEGUNDOS|decena[0] ; divisor_frecuencia:INST_DIVISOR|reloj_interno ; divisor_frecuencia:INST_DIVISOR|reloj_interno ; 1.000        ; -0.054     ; 1.692      ;
+--------+-------------------------------------------+-------------------------------------------+-----------------------------------------------+-----------------------------------------------+--------------+------------+------------+


+---------------------------------------------------------------------------------------------------------------------------------------------------------------------------------------------------------------------------+
; Slow 1200mV 0C Model Hold: 'reloj_50mhz'                                                                                                                                                                                  ;
+--------+-----------------------------------------------------+-----------------------------------------------------+-----------------------------------------------+-------------+--------------+------------+------------+
; Slack  ; From Node                                           ; To Node                                             ; Launch Clock                                  ; Latch Clock ; Relationship ; Clock Skew ; Data Delay ;
+--------+-----------------------------------------------------+-----------------------------------------------------+-----------------------------------------------+-------------+--------------+------------+------------+
; -0.057 ; divisor_frecuencia:INST_DIVISOR|reloj_interno       ; divisor_frecuencia:INST_DIVISOR|reloj_interno       ; divisor_frecuencia:INST_DIVISOR|reloj_interno ; reloj_50mhz ; 0.000        ; 2.130      ; 2.427      ;
; 0.314  ; control_boton:INST_BOTON|estado_marcha              ; control_boton:INST_BOTON|estado_marcha              ; reloj_50mhz                                   ; reloj_50mhz ; 0.000        ; 0.053      ; 0.511      ;
; 0.348  ; divisor_frecuencia:INST_DIVISOR|contador_ciclos[25] ; divisor_frecuencia:INST_DIVISOR|contador_ciclos[25] ; reloj_50mhz                                   ; reloj_50mhz ; 0.000        ; 0.054      ; 0.546      ;
; 0.414  ; control_boton:INST_BOTON|contador_antirrebote[13]   ; control_boton:INST_BOTON|contador_antirrebote[14]   ; reloj_50mhz                                   ; reloj_50mhz ; 0.000        ; 0.385      ; 0.943      ;
; 0.417  ; control_boton:INST_BOTON|contador_duracion[15]      ; control_boton:INST_BOTON|contador_duracion[16]      ; reloj_50mhz                                   ; reloj_50mhz ; 0.000        ; 0.384      ; 0.945      ;
; 0.420  ; divisor_frecuencia:INST_DIVISOR|contador_ciclos[8]  ; divisor_frecuencia:INST_DIVISOR|contador_ciclos[9]  ; reloj_50mhz                                   ; reloj_50mhz ; 0.000        ; 0.385      ; 0.949      ;
; 0.420  ; control_boton:INST_BOTON|contador_duracion[21]      ; control_boton:INST_BOTON|contador_duracion[22]      ; reloj_50mhz                                   ; reloj_50mhz ; 0.000        ; 0.384      ; 0.948      ;
; 0.421  ; divisor_frecuencia:INST_DIVISOR|contador_ciclos[2]  ; divisor_frecuencia:INST_DIVISOR|contador_ciclos[3]  ; reloj_50mhz                                   ; reloj_50mhz ; 0.000        ; 0.385      ; 0.950      ;
; 0.422  ; control_boton:INST_BOTON|contador_antirrebote[16]   ; control_boton:INST_BOTON|contador_antirrebote[17]   ; reloj_50mhz                                   ; reloj_50mhz ; 0.000        ; 0.385      ; 0.951      ;
; 0.427  ; divisor_frecuencia:INST_DIVISOR|contador_ciclos[8]  ; divisor_frecuencia:INST_DIVISOR|contador_ciclos[10] ; reloj_50mhz                                   ; reloj_50mhz ; 0.000        ; 0.385      ; 0.956      ;
; 0.428  ; divisor_frecuencia:INST_DIVISOR|contador_ciclos[2]  ; divisor_frecuencia:INST_DIVISOR|contador_ciclos[4]  ; reloj_50mhz                                   ; reloj_50mhz ; 0.000        ; 0.385      ; 0.957      ;
; 0.429  ; control_boton:INST_BOTON|contador_antirrebote[16]   ; control_boton:INST_BOTON|contador_antirrebote[18]   ; reloj_50mhz                                   ; reloj_50mhz ; 0.000        ; 0.385      ; 0.958      ;
; 0.429  ; control_boton:INST_BOTON|contador_antirrebote[12]   ; control_boton:INST_BOTON|contador_antirrebote[14]   ; reloj_50mhz                                   ; reloj_50mhz ; 0.000        ; 0.385      ; 0.958      ;
; 0.431  ; control_boton:INST_BOTON|contador_duracion[23]      ; control_boton:INST_BOTON|contador_duracion[24]      ; reloj_50mhz                                   ; reloj_50mhz ; 0.000        ; 0.384      ; 0.959      ;
; 0.432  ; control_boton:INST_BOTON|contador_duracion[20]      ; control_boton:INST_BOTON|contador_duracion[22]      ; reloj_50mhz                                   ; reloj_50mhz ; 0.000        ; 0.384      ; 0.960      ;
; 0.437  ; control_boton:INST_BOTON|contador_duracion[8]       ; control_boton:INST_BOTON|contador_duracion[9]       ; reloj_50mhz                                   ; reloj_50mhz ; 0.000        ; 0.384      ; 0.965      ;
; 0.441  ; control_boton:INST_BOTON|contador_duracion[14]      ; control_boton:INST_BOTON|contador_duracion[16]      ; reloj_50mhz                                   ; reloj_50mhz ; 0.000        ; 0.384      ; 0.969      ;
; 0.444  ; control_boton:INST_BOTON|contador_duracion[8]       ; control_boton:INST_BOTON|contador_duracion[10]      ; reloj_50mhz                                   ; reloj_50mhz ; 0.000        ; 0.384      ; 0.972      ;
; 0.481  ; control_boton:INST_BOTON|contador_duracion[3]       ; control_boton:INST_BOTON|contador_duracion[3]       ; reloj_50mhz                                   ; reloj_50mhz ; 0.000        ; 0.067      ; 0.692      ;
; 0.482  ; control_boton:INST_BOTON|contador_antirrebote[5]    ; control_boton:INST_BOTON|contador_antirrebote[5]    ; reloj_50mhz                                   ; reloj_50mhz ; 0.000        ; 0.067      ; 0.693      ;
; 0.483  ; control_boton:INST_BOTON|contador_duracion[2]       ; control_boton:INST_BOTON|contador_duracion[2]       ; reloj_50mhz                                   ; reloj_50mhz ; 0.000        ; 0.067      ; 0.694      ;
; 0.484  ; control_boton:INST_BOTON|contador_duracion[1]       ; control_boton:INST_BOTON|contador_duracion[1]       ; reloj_50mhz                                   ; reloj_50mhz ; 0.000        ; 0.067      ; 0.695      ;
; 0.484  ; control_boton:INST_BOTON|contador_duracion[7]       ; control_boton:INST_BOTON|contador_duracion[7]       ; reloj_50mhz                                   ; reloj_50mhz ; 0.000        ; 0.067      ; 0.695      ;
; 0.485  ; control_boton:INST_BOTON|contador_duracion[5]       ; control_boton:INST_BOTON|contador_duracion[5]       ; reloj_50mhz                                   ; reloj_50mhz ; 0.000        ; 0.067      ; 0.696      ;
; 0.485  ; control_boton:INST_BOTON|contador_antirrebote[1]    ; control_boton:INST_BOTON|contador_antirrebote[1]    ; reloj_50mhz                                   ; reloj_50mhz ; 0.000        ; 0.067      ; 0.696      ;
; 0.485  ; control_boton:INST_BOTON|contador_antirrebote[3]    ; control_boton:INST_BOTON|contador_antirrebote[3]    ; reloj_50mhz                                   ; reloj_50mhz ; 0.000        ; 0.067      ; 0.696      ;
; 0.486  ; control_boton:INST_BOTON|contador_duracion[6]       ; control_boton:INST_BOTON|contador_duracion[6]       ; reloj_50mhz                                   ; reloj_50mhz ; 0.000        ; 0.067      ; 0.697      ;
; 0.487  ; control_boton:INST_BOTON|contador_duracion[4]       ; control_boton:INST_BOTON|contador_duracion[4]       ; reloj_50mhz                                   ; reloj_50mhz ; 0.000        ; 0.067      ; 0.698      ;
; 0.487  ; control_boton:INST_BOTON|contador_antirrebote[2]    ; control_boton:INST_BOTON|contador_antirrebote[2]    ; reloj_50mhz                                   ; reloj_50mhz ; 0.000        ; 0.067      ; 0.698      ;
; 0.487  ; control_boton:INST_BOTON|contador_antirrebote[4]    ; control_boton:INST_BOTON|contador_antirrebote[4]    ; reloj_50mhz                                   ; reloj_50mhz ; 0.000        ; 0.067      ; 0.698      ;
; 0.488  ; control_boton:INST_BOTON|contador_duracion[16]      ; control_boton:INST_BOTON|contador_duracion[16]      ; reloj_50mhz                                   ; reloj_50mhz ; 0.000        ; 0.067      ; 0.699      ;
; 0.488  ; divisor_frecuencia:INST_DIVISOR|contador_ciclos[3]  ; divisor_frecuencia:INST_DIVISOR|contador_ciclos[3]  ; reloj_50mhz                                   ; reloj_50mhz ; 0.000        ; 0.067      ; 0.699      ;
; 0.489  ; divisor_frecuencia:INST_DIVISOR|contador_ciclos[9]  ; divisor_frecuencia:INST_DIVISOR|contador_ciclos[9]  ; reloj_50mhz                                   ; reloj_50mhz ; 0.000        ; 0.067      ; 0.700      ;
; 0.493  ; control_boton:INST_BOTON|contador_antirrebote[14]   ; control_boton:INST_BOTON|contador_antirrebote[14]   ; reloj_50mhz                                   ; reloj_50mhz ; 0.000        ; 0.067      ; 0.704      ;
; 0.493  ; divisor_frecuencia:INST_DIVISOR|contador_ciclos[4]  ; divisor_frecuencia:INST_DIVISOR|contador_ciclos[4]  ; reloj_50mhz                                   ; reloj_50mhz ; 0.000        ; 0.067      ; 0.704      ;
; 0.494  ; control_boton:INST_BOTON|contador_antirrebote[18]   ; control_boton:INST_BOTON|contador_antirrebote[18]   ; reloj_50mhz                                   ; reloj_50mhz ; 0.000        ; 0.067      ; 0.705      ;
; 0.497  ; control_boton:INST_BOTON|contador_duracion[0]       ; control_boton:INST_BOTON|contador_duracion[0]       ; reloj_50mhz                                   ; reloj_50mhz ; 0.000        ; 0.067      ; 0.708      ;
; 0.498  ; control_boton:INST_BOTON|contador_antirrebote[0]    ; control_boton:INST_BOTON|contador_antirrebote[0]    ; reloj_50mhz                                   ; reloj_50mhz ; 0.000        ; 0.067      ; 0.709      ;
; 0.499  ; control_boton:INST_BOTON|contador_duracion[12]      ; control_boton:INST_BOTON|contador_duracion[12]      ; reloj_50mhz                                   ; reloj_50mhz ; 0.000        ; 0.067      ; 0.710      ;
; 0.499  ; divisor_frecuencia:INST_DIVISOR|contador_ciclos[10] ; divisor_frecuencia:INST_DIVISOR|contador_ciclos[10] ; reloj_50mhz                                   ; reloj_50mhz ; 0.000        ; 0.067      ; 0.710      ;
; 0.499  ; control_boton:INST_BOTON|contador_duracion[10]      ; control_boton:INST_BOTON|contador_duracion[10]      ; reloj_50mhz                                   ; reloj_50mhz ; 0.000        ; 0.067      ; 0.710      ;
; 0.501  ; control_boton:INST_BOTON|contador_duracion[11]      ; control_boton:INST_BOTON|contador_duracion[11]      ; reloj_50mhz                                   ; reloj_50mhz ; 0.000        ; 0.067      ; 0.712      ;
; 0.501  ; control_boton:INST_BOTON|contador_duracion[26]      ; control_boton:INST_BOTON|contador_duracion[26]      ; reloj_50mhz                                   ; reloj_50mhz ; 0.000        ; 0.067      ; 0.712      ;
; 0.501  ; control_boton:INST_BOTON|contador_antirrebote[7]    ; control_boton:INST_BOTON|contador_antirrebote[7]    ; reloj_50mhz                                   ; reloj_50mhz ; 0.000        ; 0.054      ; 0.699      ;
; 0.501  ; control_boton:INST_BOTON|contador_duracion[24]      ; control_boton:INST_BOTON|contador_duracion[24]      ; reloj_50mhz                                   ; reloj_50mhz ; 0.000        ; 0.067      ; 0.712      ;
; 0.501  ; control_boton:INST_BOTON|contador_duracion[9]       ; control_boton:INST_BOTON|contador_duracion[9]       ; reloj_50mhz                                   ; reloj_50mhz ; 0.000        ; 0.067      ; 0.712      ;
; 0.502  ; divisor_frecuencia:INST_DIVISOR|contador_ciclos[8]  ; divisor_frecuencia:INST_DIVISOR|contador_ciclos[8]  ; reloj_50mhz                                   ; reloj_50mhz ; 0.000        ; 0.054      ; 0.700      ;
; 0.502  ; control_boton:INST_BOTON|contador_duracion[15]      ; control_boton:INST_BOTON|contador_duracion[15]      ; reloj_50mhz                                   ; reloj_50mhz ; 0.000        ; 0.054      ; 0.700      ;
; 0.502  ; control_boton:INST_BOTON|contador_antirrebote[13]   ; control_boton:INST_BOTON|contador_antirrebote[13]   ; reloj_50mhz                                   ; reloj_50mhz ; 0.000        ; 0.053      ; 0.699      ;
; 0.503  ; divisor_frecuencia:INST_DIVISOR|contador_ciclos[7]  ; divisor_frecuencia:INST_DIVISOR|contador_ciclos[7]  ; reloj_50mhz                                   ; reloj_50mhz ; 0.000        ; 0.054      ; 0.701      ;
; 0.503  ; divisor_frecuencia:INST_DIVISOR|contador_ciclos[5]  ; divisor_frecuencia:INST_DIVISOR|contador_ciclos[5]  ; reloj_50mhz                                   ; reloj_50mhz ; 0.000        ; 0.054      ; 0.701      ;
; 0.503  ; divisor_frecuencia:INST_DIVISOR|contador_ciclos[2]  ; divisor_frecuencia:INST_DIVISOR|contador_ciclos[2]  ; reloj_50mhz                                   ; reloj_50mhz ; 0.000        ; 0.054      ; 0.701      ;
; 0.503  ; control_boton:INST_BOTON|contador_antirrebote[17]   ; control_boton:INST_BOTON|contador_antirrebote[17]   ; reloj_50mhz                                   ; reloj_50mhz ; 0.000        ; 0.067      ; 0.714      ;
; 0.504  ; control_boton:INST_BOTON|contador_antirrebote[6]    ; control_boton:INST_BOTON|contador_antirrebote[6]    ; reloj_50mhz                                   ; reloj_50mhz ; 0.000        ; 0.054      ; 0.702      ;
; 0.505  ; control_boton:INST_BOTON|contador_duracion[21]      ; control_boton:INST_BOTON|contador_duracion[21]      ; reloj_50mhz                                   ; reloj_50mhz ; 0.000        ; 0.054      ; 0.703      ;
; 0.505  ; control_boton:INST_BOTON|contador_antirrebote[8]    ; control_boton:INST_BOTON|contador_antirrebote[8]    ; reloj_50mhz                                   ; reloj_50mhz ; 0.000        ; 0.054      ; 0.703      ;
; 0.505  ; control_boton:INST_BOTON|contador_antirrebote[10]   ; control_boton:INST_BOTON|contador_antirrebote[10]   ; reloj_50mhz                                   ; reloj_50mhz ; 0.000        ; 0.053      ; 0.702      ;
; 0.505  ; control_boton:INST_BOTON|contador_antirrebote[12]   ; control_boton:INST_BOTON|contador_antirrebote[12]   ; reloj_50mhz                                   ; reloj_50mhz ; 0.000        ; 0.053      ; 0.702      ;
; 0.505  ; control_boton:INST_BOTON|contador_antirrebote[16]   ; control_boton:INST_BOTON|contador_antirrebote[16]   ; reloj_50mhz                                   ; reloj_50mhz ; 0.000        ; 0.053      ; 0.702      ;
; 0.505  ; control_boton:INST_BOTON|contador_duracion[22]      ; control_boton:INST_BOTON|contador_duracion[22]      ; reloj_50mhz                                   ; reloj_50mhz ; 0.000        ; 0.067      ; 0.716      ;
; 0.506  ; control_boton:INST_BOTON|contador_duracion[20]      ; control_boton:INST_BOTON|contador_duracion[20]      ; reloj_50mhz                                   ; reloj_50mhz ; 0.000        ; 0.054      ; 0.704      ;
; 0.506  ; divisor_frecuencia:INST_DIVISOR|contador_ciclos[7]  ; divisor_frecuencia:INST_DIVISOR|contador_ciclos[9]  ; reloj_50mhz                                   ; reloj_50mhz ; 0.000        ; 0.385      ; 1.035      ;
; 0.513  ; control_boton:INST_BOTON|contador_duracion[13]      ; control_boton:INST_BOTON|contador_duracion[13]      ; reloj_50mhz                                   ; reloj_50mhz ; 0.000        ; 0.054      ; 0.711      ;
; 0.513  ; divisor_frecuencia:INST_DIVISOR|contador_ciclos[7]  ; divisor_frecuencia:INST_DIVISOR|contador_ciclos[10] ; reloj_50mhz                                   ; reloj_50mhz ; 0.000        ; 0.385      ; 1.042      ;
; 0.514  ; divisor_frecuencia:INST_DIVISOR|contador_ciclos[15] ; divisor_frecuencia:INST_DIVISOR|contador_ciclos[15] ; reloj_50mhz                                   ; reloj_50mhz ; 0.000        ; 0.054      ; 0.712      ;
; 0.514  ; divisor_frecuencia:INST_DIVISOR|contador_ciclos[1]  ; divisor_frecuencia:INST_DIVISOR|contador_ciclos[1]  ; reloj_50mhz                                   ; reloj_50mhz ; 0.000        ; 0.054      ; 0.712      ;
; 0.515  ; divisor_frecuencia:INST_DIVISOR|contador_ciclos[17] ; divisor_frecuencia:INST_DIVISOR|contador_ciclos[17] ; reloj_50mhz                                   ; reloj_50mhz ; 0.000        ; 0.054      ; 0.713      ;
; 0.515  ; control_boton:INST_BOTON|contador_duracion[14]      ; control_boton:INST_BOTON|contador_duracion[14]      ; reloj_50mhz                                   ; reloj_50mhz ; 0.000        ; 0.054      ; 0.713      ;
; 0.515  ; divisor_frecuencia:INST_DIVISOR|reloj_interno       ; divisor_frecuencia:INST_DIVISOR|reloj_interno       ; divisor_frecuencia:INST_DIVISOR|reloj_interno ; reloj_50mhz ; -0.500       ; 2.130      ; 2.499      ;
; 0.516  ; divisor_frecuencia:INST_DIVISOR|contador_ciclos[23] ; divisor_frecuencia:INST_DIVISOR|contador_ciclos[23] ; reloj_50mhz                                   ; reloj_50mhz ; 0.000        ; 0.054      ; 0.714      ;
; 0.516  ; control_boton:INST_BOTON|contador_duracion[23]      ; control_boton:INST_BOTON|contador_duracion[23]      ; reloj_50mhz                                   ; reloj_50mhz ; 0.000        ; 0.054      ; 0.714      ;
; 0.516  ; control_boton:INST_BOTON|contador_duracion[21]      ; control_boton:INST_BOTON|contador_duracion[24]      ; reloj_50mhz                                   ; reloj_50mhz ; 0.000        ; 0.384      ; 1.044      ;
; 0.517  ; divisor_frecuencia:INST_DIVISOR|contador_ciclos[1]  ; divisor_frecuencia:INST_DIVISOR|contador_ciclos[3]  ; reloj_50mhz                                   ; reloj_50mhz ; 0.000        ; 0.385      ; 1.046      ;
; 0.518  ; control_boton:INST_BOTON|contador_antirrebote[16]   ; control_boton:INST_BOTON|contador_antirrebote[19]   ; reloj_50mhz                                   ; reloj_50mhz ; 0.000        ; 0.385      ; 1.047      ;
; 0.520  ; control_boton:INST_BOTON|contador_duracion[25]      ; control_boton:INST_BOTON|contador_duracion[25]      ; reloj_50mhz                                   ; reloj_50mhz ; 0.000        ; 0.067      ; 0.731      ;
; 0.520  ; control_boton:INST_BOTON|contador_duracion[23]      ; control_boton:INST_BOTON|contador_duracion[25]      ; reloj_50mhz                                   ; reloj_50mhz ; 0.000        ; 0.384      ; 1.048      ;
; 0.520  ; divisor_frecuencia:INST_DIVISOR|contador_ciclos[6]  ; divisor_frecuencia:INST_DIVISOR|contador_ciclos[9]  ; reloj_50mhz                                   ; reloj_50mhz ; 0.000        ; 0.385      ; 1.049      ;
; 0.524  ; divisor_frecuencia:INST_DIVISOR|contador_ciclos[1]  ; divisor_frecuencia:INST_DIVISOR|contador_ciclos[4]  ; reloj_50mhz                                   ; reloj_50mhz ; 0.000        ; 0.385      ; 1.053      ;
; 0.524  ; control_boton:INST_BOTON|contador_duracion[13]      ; control_boton:INST_BOTON|contador_duracion[16]      ; reloj_50mhz                                   ; reloj_50mhz ; 0.000        ; 0.384      ; 1.052      ;
; 0.525  ; control_boton:INST_BOTON|contador_antirrebote[10]   ; control_boton:INST_BOTON|contador_antirrebote[14]   ; reloj_50mhz                                   ; reloj_50mhz ; 0.000        ; 0.385      ; 1.054      ;
; 0.526  ; control_boton:INST_BOTON|contador_duracion[19]      ; control_boton:INST_BOTON|contador_duracion[19]      ; reloj_50mhz                                   ; reloj_50mhz ; 0.000        ; 0.054      ; 0.724      ;
; 0.526  ; divisor_frecuencia:INST_DIVISOR|contador_ciclos[0]  ; divisor_frecuencia:INST_DIVISOR|contador_ciclos[3]  ; reloj_50mhz                                   ; reloj_50mhz ; 0.000        ; 0.385      ; 1.055      ;
; 0.527  ; divisor_frecuencia:INST_DIVISOR|contador_ciclos[0]  ; divisor_frecuencia:INST_DIVISOR|contador_ciclos[0]  ; reloj_50mhz                                   ; reloj_50mhz ; 0.000        ; 0.054      ; 0.725      ;
; 0.527  ; control_boton:INST_BOTON|contador_duracion[23]      ; control_boton:INST_BOTON|contador_duracion[26]      ; reloj_50mhz                                   ; reloj_50mhz ; 0.000        ; 0.384      ; 1.055      ;
; 0.527  ; divisor_frecuencia:INST_DIVISOR|contador_ciclos[6]  ; divisor_frecuencia:INST_DIVISOR|contador_ciclos[10] ; reloj_50mhz                                   ; reloj_50mhz ; 0.000        ; 0.385      ; 1.056      ;
; 0.528  ; control_boton:INST_BOTON|contador_duracion[20]      ; control_boton:INST_BOTON|contador_duracion[24]      ; reloj_50mhz                                   ; reloj_50mhz ; 0.000        ; 0.384      ; 1.056      ;
; 0.533  ; control_boton:INST_BOTON|contador_duracion[8]       ; control_boton:INST_BOTON|contador_duracion[11]      ; reloj_50mhz                                   ; reloj_50mhz ; 0.000        ; 0.384      ; 1.061      ;
; 0.533  ; divisor_frecuencia:INST_DIVISOR|contador_ciclos[0]  ; divisor_frecuencia:INST_DIVISOR|contador_ciclos[4]  ; reloj_50mhz                                   ; reloj_50mhz ; 0.000        ; 0.385      ; 1.062      ;
; 0.536  ; control_boton:INST_BOTON|contador_duracion[19]      ; control_boton:INST_BOTON|contador_duracion[22]      ; reloj_50mhz                                   ; reloj_50mhz ; 0.000        ; 0.384      ; 1.064      ;
; 0.538  ; control_boton:INST_BOTON|contador_duracion[17]      ; control_boton:INST_BOTON|contador_duracion[17]      ; reloj_50mhz                                   ; reloj_50mhz ; 0.000        ; 0.054      ; 0.736      ;
; 0.540  ; control_boton:INST_BOTON|contador_duracion[8]       ; control_boton:INST_BOTON|contador_duracion[12]      ; reloj_50mhz                                   ; reloj_50mhz ; 0.000        ; 0.384      ; 1.068      ;
; 0.585  ; control_boton:INST_BOTON|boton_estable              ; control_boton:INST_BOTON|contador_duracion[16]      ; reloj_50mhz                                   ; reloj_50mhz ; 0.000        ; 0.384      ; 1.113      ;
; 0.585  ; control_boton:INST_BOTON|boton_estable              ; control_boton:INST_BOTON|contador_duracion[24]      ; reloj_50mhz                                   ; reloj_50mhz ; 0.000        ; 0.384      ; 1.113      ;
; 0.585  ; control_boton:INST_BOTON|boton_estable              ; control_boton:INST_BOTON|contador_duracion[22]      ; reloj_50mhz                                   ; reloj_50mhz ; 0.000        ; 0.384      ; 1.113      ;
; 0.585  ; control_boton:INST_BOTON|boton_estable              ; control_boton:INST_BOTON|contador_duracion[26]      ; reloj_50mhz                                   ; reloj_50mhz ; 0.000        ; 0.384      ; 1.113      ;
; 0.585  ; control_boton:INST_BOTON|boton_estable              ; control_boton:INST_BOTON|contador_duracion[25]      ; reloj_50mhz                                   ; reloj_50mhz ; 0.000        ; 0.384      ; 1.113      ;
; 0.599  ; control_boton:INST_BOTON|contador_antirrebote[13]   ; control_boton:INST_BOTON|contador_antirrebote[17]   ; reloj_50mhz                                   ; reloj_50mhz ; 0.000        ; 0.385      ; 1.128      ;
; 0.602  ; divisor_frecuencia:INST_DIVISOR|contador_ciclos[5]  ; divisor_frecuencia:INST_DIVISOR|contador_ciclos[9]  ; reloj_50mhz                                   ; reloj_50mhz ; 0.000        ; 0.385      ; 1.131      ;
; 0.605  ; control_boton:INST_BOTON|contador_duracion[21]      ; control_boton:INST_BOTON|contador_duracion[25]      ; reloj_50mhz                                   ; reloj_50mhz ; 0.000        ; 0.384      ; 1.133      ;
; 0.606  ; control_boton:INST_BOTON|contador_antirrebote[13]   ; control_boton:INST_BOTON|contador_antirrebote[18]   ; reloj_50mhz                                   ; reloj_50mhz ; 0.000        ; 0.385      ; 1.135      ;
+--------+-----------------------------------------------------+-----------------------------------------------------+-----------------------------------------------+-------------+--------------+------------+------------+


+----------------------------------------------------------------------------------------------------------------------------------------------------------------------------------------------------------------------------------------+
; Slow 1200mV 0C Model Hold: 'divisor_frecuencia:INST_DIVISOR|reloj_interno'                                                                                                                                                             ;
+-------+-------------------------------------------+-------------------------------------------+-----------------------------------------------+-----------------------------------------------+--------------+------------+------------+
; Slack ; From Node                                 ; To Node                                   ; Launch Clock                                  ; Latch Clock                                   ; Relationship ; Clock Skew ; Data Delay ;
+-------+-------------------------------------------+-------------------------------------------+-----------------------------------------------+-----------------------------------------------+--------------+------------+------------+
; 0.313 ; contador_segundos:INST_SEGUNDOS|unidad[0] ; contador_segundos:INST_SEGUNDOS|unidad[0] ; divisor_frecuencia:INST_DIVISOR|reloj_interno ; divisor_frecuencia:INST_DIVISOR|reloj_interno ; 0.000        ; 0.054      ; 0.511      ;
; 0.313 ; contador_segundos:INST_SEGUNDOS|unidad[3] ; contador_segundos:INST_SEGUNDOS|unidad[3] ; divisor_frecuencia:INST_DIVISOR|reloj_interno ; divisor_frecuencia:INST_DIVISOR|reloj_interno ; 0.000        ; 0.054      ; 0.511      ;
; 0.313 ; contador_segundos:INST_SEGUNDOS|unidad[2] ; contador_segundos:INST_SEGUNDOS|unidad[2] ; divisor_frecuencia:INST_DIVISOR|reloj_interno ; divisor_frecuencia:INST_DIVISOR|reloj_interno ; 0.000        ; 0.054      ; 0.511      ;
; 0.313 ; contador_segundos:INST_SEGUNDOS|unidad[1] ; contador_segundos:INST_SEGUNDOS|unidad[1] ; divisor_frecuencia:INST_DIVISOR|reloj_interno ; divisor_frecuencia:INST_DIVISOR|reloj_interno ; 0.000        ; 0.054      ; 0.511      ;
; 0.313 ; contador_minutos:INST_MINUTOS|minutos[0]  ; contador_minutos:INST_MINUTOS|minutos[0]  ; divisor_frecuencia:INST_DIVISOR|reloj_interno ; divisor_frecuencia:INST_DIVISOR|reloj_interno ; 0.000        ; 0.054      ; 0.511      ;
; 0.313 ; contador_minutos:INST_MINUTOS|minutos[2]  ; contador_minutos:INST_MINUTOS|minutos[2]  ; divisor_frecuencia:INST_DIVISOR|reloj_interno ; divisor_frecuencia:INST_DIVISOR|reloj_interno ; 0.000        ; 0.054      ; 0.511      ;
; 0.313 ; contador_minutos:INST_MINUTOS|minutos[3]  ; contador_minutos:INST_MINUTOS|minutos[3]  ; divisor_frecuencia:INST_DIVISOR|reloj_interno ; divisor_frecuencia:INST_DIVISOR|reloj_interno ; 0.000        ; 0.054      ; 0.511      ;
; 0.313 ; contador_minutos:INST_MINUTOS|minutos[1]  ; contador_minutos:INST_MINUTOS|minutos[1]  ; divisor_frecuencia:INST_DIVISOR|reloj_interno ; divisor_frecuencia:INST_DIVISOR|reloj_interno ; 0.000        ; 0.054      ; 0.511      ;
; 0.313 ; contador_segundos:INST_SEGUNDOS|decena[3] ; contador_segundos:INST_SEGUNDOS|decena[3] ; divisor_frecuencia:INST_DIVISOR|reloj_interno ; divisor_frecuencia:INST_DIVISOR|reloj_interno ; 0.000        ; 0.054      ; 0.511      ;
; 0.313 ; contador_segundos:INST_SEGUNDOS|decena[1] ; contador_segundos:INST_SEGUNDOS|decena[1] ; divisor_frecuencia:INST_DIVISOR|reloj_interno ; divisor_frecuencia:INST_DIVISOR|reloj_interno ; 0.000        ; 0.054      ; 0.511      ;
; 0.313 ; contador_segundos:INST_SEGUNDOS|decena[0] ; contador_segundos:INST_SEGUNDOS|decena[0] ; divisor_frecuencia:INST_DIVISOR|reloj_interno ; divisor_frecuencia:INST_DIVISOR|reloj_interno ; 0.000        ; 0.054      ; 0.511      ;
; 0.313 ; contador_segundos:INST_SEGUNDOS|decena[2] ; contador_segundos:INST_SEGUNDOS|decena[2] ; divisor_frecuencia:INST_DIVISOR|reloj_interno ; divisor_frecuencia:INST_DIVISOR|reloj_interno ; 0.000        ; 0.054      ; 0.511      ;
; 0.531 ; contador_minutos:INST_MINUTOS|minutos[1]  ; contador_minutos:INST_MINUTOS|minutos[3]  ; divisor_frecuencia:INST_DIVISOR|reloj_interno ; divisor_frecuencia:INST_DIVISOR|reloj_interno ; 0.000        ; 0.054      ; 0.729      ;
; 0.562 ; contador_minutos:INST_MINUTOS|minutos[2]  ; contador_minutos:INST_MINUTOS|minutos[3]  ; divisor_frecuencia:INST_DIVISOR|reloj_interno ; divisor_frecuencia:INST_DIVISOR|reloj_interno ; 0.000        ; 0.054      ; 0.760      ;
; 0.675 ; control_boton:INST_BOTON|estado_marcha    ; contador_segundos:INST_SEGUNDOS|unidad[1] ; reloj_50mhz                                   ; divisor_frecuencia:INST_DIVISOR|reloj_interno ; -0.500       ; 0.625      ; 0.974      ;
; 0.677 ; control_boton:INST_BOTON|estado_marcha    ; contador_segundos:INST_SEGUNDOS|unidad[2] ; reloj_50mhz                                   ; divisor_frecuencia:INST_DIVISOR|reloj_interno ; -0.500       ; 0.625      ; 0.976      ;
; 0.720 ; contador_segundos:INST_SEGUNDOS|decena[2] ; contador_segundos:INST_SEGUNDOS|decena[3] ; divisor_frecuencia:INST_DIVISOR|reloj_interno ; divisor_frecuencia:INST_DIVISOR|reloj_interno ; 0.000        ; 0.054      ; 0.918      ;
; 0.825 ; contador_minutos:INST_MINUTOS|minutos[0]  ; contador_minutos:INST_MINUTOS|minutos[3]  ; divisor_frecuencia:INST_DIVISOR|reloj_interno ; divisor_frecuencia:INST_DIVISOR|reloj_interno ; 0.000        ; 0.054      ; 1.023      ;
; 0.826 ; contador_minutos:INST_MINUTOS|minutos[1]  ; contador_minutos:INST_MINUTOS|minutos[2]  ; divisor_frecuencia:INST_DIVISOR|reloj_interno ; divisor_frecuencia:INST_DIVISOR|reloj_interno ; 0.000        ; 0.054      ; 1.024      ;
; 0.835 ; contador_segundos:INST_SEGUNDOS|unidad[0] ; contador_segundos:INST_SEGUNDOS|unidad[1] ; divisor_frecuencia:INST_DIVISOR|reloj_interno ; divisor_frecuencia:INST_DIVISOR|reloj_interno ; 0.000        ; 0.054      ; 1.033      ;
; 0.844 ; contador_segundos:INST_SEGUNDOS|unidad[0] ; contador_segundos:INST_SEGUNDOS|unidad[3] ; divisor_frecuencia:INST_DIVISOR|reloj_interno ; divisor_frecuencia:INST_DIVISOR|reloj_interno ; 0.000        ; 0.054      ; 1.042      ;
; 0.845 ; contador_segundos:INST_SEGUNDOS|unidad[0] ; contador_segundos:INST_SEGUNDOS|unidad[2] ; divisor_frecuencia:INST_DIVISOR|reloj_interno ; divisor_frecuencia:INST_DIVISOR|reloj_interno ; 0.000        ; 0.054      ; 1.043      ;
; 0.875 ; contador_minutos:INST_MINUTOS|minutos[0]  ; contador_minutos:INST_MINUTOS|minutos[1]  ; divisor_frecuencia:INST_DIVISOR|reloj_interno ; divisor_frecuencia:INST_DIVISOR|reloj_interno ; 0.000        ; 0.054      ; 1.073      ;
; 0.884 ; contador_minutos:INST_MINUTOS|minutos[2]  ; contador_minutos:INST_MINUTOS|minutos[0]  ; divisor_frecuencia:INST_DIVISOR|reloj_interno ; divisor_frecuencia:INST_DIVISOR|reloj_interno ; 0.000        ; 0.054      ; 1.082      ;
; 0.911 ; contador_segundos:INST_SEGUNDOS|decena[0] ; contador_segundos:INST_SEGUNDOS|decena[1] ; divisor_frecuencia:INST_DIVISOR|reloj_interno ; divisor_frecuencia:INST_DIVISOR|reloj_interno ; 0.000        ; 0.054      ; 1.109      ;
; 0.921 ; contador_minutos:INST_MINUTOS|minutos[3]  ; contador_minutos:INST_MINUTOS|minutos[2]  ; divisor_frecuencia:INST_DIVISOR|reloj_interno ; divisor_frecuencia:INST_DIVISOR|reloj_interno ; 0.000        ; 0.054      ; 1.119      ;
; 0.930 ; contador_segundos:INST_SEGUNDOS|unidad[1] ; contador_segundos:INST_SEGUNDOS|unidad[2] ; divisor_frecuencia:INST_DIVISOR|reloj_interno ; divisor_frecuencia:INST_DIVISOR|reloj_interno ; 0.000        ; 0.054      ; 1.128      ;
; 0.968 ; contador_segundos:INST_SEGUNDOS|unidad[2] ; contador_segundos:INST_SEGUNDOS|unidad[1] ; divisor_frecuencia:INST_DIVISOR|reloj_interno ; divisor_frecuencia:INST_DIVISOR|reloj_interno ; 0.000        ; 0.054      ; 1.166      ;
; 0.985 ; contador_segundos:INST_SEGUNDOS|unidad[2] ; contador_segundos:INST_SEGUNDOS|unidad[3] ; divisor_frecuencia:INST_DIVISOR|reloj_interno ; divisor_frecuencia:INST_DIVISOR|reloj_interno ; 0.000        ; 0.054      ; 1.183      ;
; 1.000 ; contador_segundos:INST_SEGUNDOS|unidad[3] ; contador_segundos:INST_SEGUNDOS|unidad[1] ; divisor_frecuencia:INST_DIVISOR|reloj_interno ; divisor_frecuencia:INST_DIVISOR|reloj_interno ; 0.000        ; 0.054      ; 1.198      ;
; 1.004 ; contador_segundos:INST_SEGUNDOS|decena[1] ; contador_segundos:INST_SEGUNDOS|decena[3] ; divisor_frecuencia:INST_DIVISOR|reloj_interno ; divisor_frecuencia:INST_DIVISOR|reloj_interno ; 0.000        ; 0.054      ; 1.202      ;
; 1.010 ; contador_segundos:INST_SEGUNDOS|unidad[3] ; contador_segundos:INST_SEGUNDOS|unidad[2] ; divisor_frecuencia:INST_DIVISOR|reloj_interno ; divisor_frecuencia:INST_DIVISOR|reloj_interno ; 0.000        ; 0.054      ; 1.208      ;
; 1.053 ; contador_minutos:INST_MINUTOS|minutos[0]  ; contador_minutos:INST_MINUTOS|minutos[2]  ; divisor_frecuencia:INST_DIVISOR|reloj_interno ; divisor_frecuencia:INST_DIVISOR|reloj_interno ; 0.000        ; 0.054      ; 1.251      ;
; 1.059 ; contador_minutos:INST_MINUTOS|minutos[3]  ; contador_minutos:INST_MINUTOS|minutos[0]  ; divisor_frecuencia:INST_DIVISOR|reloj_interno ; divisor_frecuencia:INST_DIVISOR|reloj_interno ; 0.000        ; 0.054      ; 1.257      ;
; 1.068 ; control_boton:INST_BOTON|estado_marcha    ; contador_minutos:INST_MINUTOS|minutos[2]  ; reloj_50mhz                                   ; divisor_frecuencia:INST_DIVISOR|reloj_interno ; -0.500       ; 0.624      ; 1.366      ;
; 1.069 ; control_boton:INST_BOTON|estado_marcha    ; contador_minutos:INST_MINUTOS|minutos[0]  ; reloj_50mhz                                   ; divisor_frecuencia:INST_DIVISOR|reloj_interno ; -0.500       ; 0.624      ; 1.367      ;
; 1.070 ; contador_segundos:INST_SEGUNDOS|unidad[1] ; contador_segundos:INST_SEGUNDOS|unidad[3] ; divisor_frecuencia:INST_DIVISOR|reloj_interno ; divisor_frecuencia:INST_DIVISOR|reloj_interno ; 0.000        ; 0.054      ; 1.268      ;
; 1.075 ; contador_segundos:INST_SEGUNDOS|unidad[0] ; contador_minutos:INST_MINUTOS|minutos[1]  ; divisor_frecuencia:INST_DIVISOR|reloj_interno ; divisor_frecuencia:INST_DIVISOR|reloj_interno ; 0.000        ; 0.053      ; 1.272      ;
; 1.102 ; contador_minutos:INST_MINUTOS|minutos[1]  ; contador_minutos:INST_MINUTOS|minutos[0]  ; divisor_frecuencia:INST_DIVISOR|reloj_interno ; divisor_frecuencia:INST_DIVISOR|reloj_interno ; 0.000        ; 0.054      ; 1.300      ;
; 1.112 ; contador_segundos:INST_SEGUNDOS|decena[0] ; contador_segundos:INST_SEGUNDOS|decena[3] ; divisor_frecuencia:INST_DIVISOR|reloj_interno ; divisor_frecuencia:INST_DIVISOR|reloj_interno ; 0.000        ; 0.054      ; 1.310      ;
; 1.119 ; contador_segundos:INST_SEGUNDOS|decena[3] ; contador_minutos:INST_MINUTOS|minutos[1]  ; divisor_frecuencia:INST_DIVISOR|reloj_interno ; divisor_frecuencia:INST_DIVISOR|reloj_interno ; 0.000        ; 0.054      ; 1.317      ;
; 1.125 ; contador_segundos:INST_SEGUNDOS|unidad[0] ; contador_minutos:INST_MINUTOS|minutos[2]  ; divisor_frecuencia:INST_DIVISOR|reloj_interno ; divisor_frecuencia:INST_DIVISOR|reloj_interno ; 0.000        ; 0.053      ; 1.322      ;
; 1.126 ; contador_segundos:INST_SEGUNDOS|unidad[0] ; contador_minutos:INST_MINUTOS|minutos[0]  ; divisor_frecuencia:INST_DIVISOR|reloj_interno ; divisor_frecuencia:INST_DIVISOR|reloj_interno ; 0.000        ; 0.053      ; 1.323      ;
; 1.127 ; contador_segundos:INST_SEGUNDOS|decena[3] ; contador_segundos:INST_SEGUNDOS|decena[1] ; divisor_frecuencia:INST_DIVISOR|reloj_interno ; divisor_frecuencia:INST_DIVISOR|reloj_interno ; 0.000        ; 0.054      ; 1.325      ;
; 1.127 ; contador_segundos:INST_SEGUNDOS|decena[3] ; contador_segundos:INST_SEGUNDOS|decena[0] ; divisor_frecuencia:INST_DIVISOR|reloj_interno ; divisor_frecuencia:INST_DIVISOR|reloj_interno ; 0.000        ; 0.054      ; 1.325      ;
; 1.128 ; contador_segundos:INST_SEGUNDOS|decena[3] ; contador_segundos:INST_SEGUNDOS|decena[2] ; divisor_frecuencia:INST_DIVISOR|reloj_interno ; divisor_frecuencia:INST_DIVISOR|reloj_interno ; 0.000        ; 0.054      ; 1.326      ;
; 1.149 ; contador_segundos:INST_SEGUNDOS|decena[1] ; contador_segundos:INST_SEGUNDOS|decena[2] ; divisor_frecuencia:INST_DIVISOR|reloj_interno ; divisor_frecuencia:INST_DIVISOR|reloj_interno ; 0.000        ; 0.054      ; 1.347      ;
; 1.171 ; contador_segundos:INST_SEGUNDOS|unidad[2] ; contador_minutos:INST_MINUTOS|minutos[1]  ; divisor_frecuencia:INST_DIVISOR|reloj_interno ; divisor_frecuencia:INST_DIVISOR|reloj_interno ; 0.000        ; 0.053      ; 1.368      ;
; 1.196 ; control_boton:INST_BOTON|estado_marcha    ; contador_segundos:INST_SEGUNDOS|unidad[0] ; reloj_50mhz                                   ; divisor_frecuencia:INST_DIVISOR|reloj_interno ; -0.500       ; 0.625      ; 1.495      ;
; 1.196 ; control_boton:INST_BOTON|estado_marcha    ; contador_segundos:INST_SEGUNDOS|unidad[3] ; reloj_50mhz                                   ; divisor_frecuencia:INST_DIVISOR|reloj_interno ; -0.500       ; 0.625      ; 1.495      ;
; 1.208 ; contador_segundos:INST_SEGUNDOS|unidad[2] ; contador_minutos:INST_MINUTOS|minutos[2]  ; divisor_frecuencia:INST_DIVISOR|reloj_interno ; divisor_frecuencia:INST_DIVISOR|reloj_interno ; 0.000        ; 0.053      ; 1.405      ;
; 1.209 ; contador_segundos:INST_SEGUNDOS|unidad[2] ; contador_minutos:INST_MINUTOS|minutos[0]  ; divisor_frecuencia:INST_DIVISOR|reloj_interno ; divisor_frecuencia:INST_DIVISOR|reloj_interno ; 0.000        ; 0.053      ; 1.406      ;
; 1.235 ; contador_segundos:INST_SEGUNDOS|decena[0] ; contador_segundos:INST_SEGUNDOS|decena[2] ; divisor_frecuencia:INST_DIVISOR|reloj_interno ; divisor_frecuencia:INST_DIVISOR|reloj_interno ; 0.000        ; 0.054      ; 1.433      ;
; 1.240 ; contador_segundos:INST_SEGUNDOS|unidad[3] ; contador_minutos:INST_MINUTOS|minutos[1]  ; divisor_frecuencia:INST_DIVISOR|reloj_interno ; divisor_frecuencia:INST_DIVISOR|reloj_interno ; 0.000        ; 0.053      ; 1.437      ;
; 1.249 ; contador_segundos:INST_SEGUNDOS|decena[0] ; contador_minutos:INST_MINUTOS|minutos[1]  ; divisor_frecuencia:INST_DIVISOR|reloj_interno ; divisor_frecuencia:INST_DIVISOR|reloj_interno ; 0.000        ; 0.054      ; 1.447      ;
; 1.256 ; contador_segundos:INST_SEGUNDOS|unidad[1] ; contador_minutos:INST_MINUTOS|minutos[1]  ; divisor_frecuencia:INST_DIVISOR|reloj_interno ; divisor_frecuencia:INST_DIVISOR|reloj_interno ; 0.000        ; 0.053      ; 1.453      ;
; 1.260 ; control_boton:INST_BOTON|estado_marcha    ; contador_segundos:INST_SEGUNDOS|decena[1] ; reloj_50mhz                                   ; divisor_frecuencia:INST_DIVISOR|reloj_interno ; -0.500       ; 0.624      ; 1.558      ;
; 1.260 ; control_boton:INST_BOTON|estado_marcha    ; contador_segundos:INST_SEGUNDOS|decena[0] ; reloj_50mhz                                   ; divisor_frecuencia:INST_DIVISOR|reloj_interno ; -0.500       ; 0.624      ; 1.558      ;
; 1.261 ; control_boton:INST_BOTON|estado_marcha    ; contador_segundos:INST_SEGUNDOS|decena[2] ; reloj_50mhz                                   ; divisor_frecuencia:INST_DIVISOR|reloj_interno ; -0.500       ; 0.624      ; 1.559      ;
; 1.261 ; contador_segundos:INST_SEGUNDOS|unidad[0] ; contador_segundos:INST_SEGUNDOS|decena[1] ; divisor_frecuencia:INST_DIVISOR|reloj_interno ; divisor_frecuencia:INST_DIVISOR|reloj_interno ; 0.000        ; 0.053      ; 1.458      ;
; 1.261 ; contador_segundos:INST_SEGUNDOS|unidad[0] ; contador_segundos:INST_SEGUNDOS|decena[0] ; divisor_frecuencia:INST_DIVISOR|reloj_interno ; divisor_frecuencia:INST_DIVISOR|reloj_interno ; 0.000        ; 0.053      ; 1.458      ;
; 1.262 ; control_boton:INST_BOTON|estado_marcha    ; contador_segundos:INST_SEGUNDOS|decena[3] ; reloj_50mhz                                   ; divisor_frecuencia:INST_DIVISOR|reloj_interno ; -0.500       ; 0.624      ; 1.560      ;
; 1.262 ; contador_segundos:INST_SEGUNDOS|unidad[0] ; contador_segundos:INST_SEGUNDOS|decena[2] ; divisor_frecuencia:INST_DIVISOR|reloj_interno ; divisor_frecuencia:INST_DIVISOR|reloj_interno ; 0.000        ; 0.053      ; 1.459      ;
; 1.263 ; contador_segundos:INST_SEGUNDOS|unidad[0] ; contador_segundos:INST_SEGUNDOS|decena[3] ; divisor_frecuencia:INST_DIVISOR|reloj_interno ; divisor_frecuencia:INST_DIVISOR|reloj_interno ; 0.000        ; 0.053      ; 1.460      ;
; 1.270 ; contador_minutos:INST_MINUTOS|minutos[2]  ; contador_minutos:INST_MINUTOS|minutos[1]  ; divisor_frecuencia:INST_DIVISOR|reloj_interno ; divisor_frecuencia:INST_DIVISOR|reloj_interno ; 0.000        ; 0.054      ; 1.468      ;
; 1.271 ; contador_segundos:INST_SEGUNDOS|decena[3] ; contador_minutos:INST_MINUTOS|minutos[2]  ; divisor_frecuencia:INST_DIVISOR|reloj_interno ; divisor_frecuencia:INST_DIVISOR|reloj_interno ; 0.000        ; 0.054      ; 1.469      ;
; 1.272 ; contador_segundos:INST_SEGUNDOS|decena[3] ; contador_minutos:INST_MINUTOS|minutos[0]  ; divisor_frecuencia:INST_DIVISOR|reloj_interno ; divisor_frecuencia:INST_DIVISOR|reloj_interno ; 0.000        ; 0.054      ; 1.470      ;
; 1.274 ; contador_minutos:INST_MINUTOS|minutos[1]  ; contador_segundos:INST_SEGUNDOS|decena[1] ; divisor_frecuencia:INST_DIVISOR|reloj_interno ; divisor_frecuencia:INST_DIVISOR|reloj_interno ; 0.000        ; 0.054      ; 1.472      ;
; 1.274 ; contador_minutos:INST_MINUTOS|minutos[1]  ; contador_segundos:INST_SEGUNDOS|decena[0] ; divisor_frecuencia:INST_DIVISOR|reloj_interno ; divisor_frecuencia:INST_DIVISOR|reloj_interno ; 0.000        ; 0.054      ; 1.472      ;
; 1.275 ; contador_minutos:INST_MINUTOS|minutos[1]  ; contador_segundos:INST_SEGUNDOS|decena[2] ; divisor_frecuencia:INST_DIVISOR|reloj_interno ; divisor_frecuencia:INST_DIVISOR|reloj_interno ; 0.000        ; 0.054      ; 1.473      ;
; 1.276 ; contador_minutos:INST_MINUTOS|minutos[1]  ; contador_segundos:INST_SEGUNDOS|decena[3] ; divisor_frecuencia:INST_DIVISOR|reloj_interno ; divisor_frecuencia:INST_DIVISOR|reloj_interno ; 0.000        ; 0.054      ; 1.474      ;
; 1.277 ; control_boton:INST_BOTON|estado_marcha    ; contador_minutos:INST_MINUTOS|minutos[1]  ; reloj_50mhz                                   ; divisor_frecuencia:INST_DIVISOR|reloj_interno ; -0.500       ; 0.624      ; 1.575      ;
; 1.286 ; contador_minutos:INST_MINUTOS|minutos[1]  ; contador_segundos:INST_SEGUNDOS|unidad[0] ; divisor_frecuencia:INST_DIVISOR|reloj_interno ; divisor_frecuencia:INST_DIVISOR|reloj_interno ; 0.000        ; 0.055      ; 1.485      ;
; 1.286 ; contador_minutos:INST_MINUTOS|minutos[1]  ; contador_segundos:INST_SEGUNDOS|unidad[3] ; divisor_frecuencia:INST_DIVISOR|reloj_interno ; divisor_frecuencia:INST_DIVISOR|reloj_interno ; 0.000        ; 0.055      ; 1.485      ;
; 1.290 ; contador_segundos:INST_SEGUNDOS|unidad[3] ; contador_minutos:INST_MINUTOS|minutos[2]  ; divisor_frecuencia:INST_DIVISOR|reloj_interno ; divisor_frecuencia:INST_DIVISOR|reloj_interno ; 0.000        ; 0.053      ; 1.487      ;
; 1.291 ; contador_segundos:INST_SEGUNDOS|unidad[3] ; contador_minutos:INST_MINUTOS|minutos[0]  ; divisor_frecuencia:INST_DIVISOR|reloj_interno ; divisor_frecuencia:INST_DIVISOR|reloj_interno ; 0.000        ; 0.053      ; 1.488      ;
; 1.293 ; contador_segundos:INST_SEGUNDOS|unidad[1] ; contador_minutos:INST_MINUTOS|minutos[2]  ; divisor_frecuencia:INST_DIVISOR|reloj_interno ; divisor_frecuencia:INST_DIVISOR|reloj_interno ; 0.000        ; 0.053      ; 1.490      ;
; 1.294 ; contador_segundos:INST_SEGUNDOS|unidad[1] ; contador_minutos:INST_MINUTOS|minutos[0]  ; divisor_frecuencia:INST_DIVISOR|reloj_interno ; divisor_frecuencia:INST_DIVISOR|reloj_interno ; 0.000        ; 0.053      ; 1.491      ;
; 1.326 ; contador_segundos:INST_SEGUNDOS|decena[2] ; contador_segundos:INST_SEGUNDOS|decena[0] ; divisor_frecuencia:INST_DIVISOR|reloj_interno ; divisor_frecuencia:INST_DIVISOR|reloj_interno ; 0.000        ; 0.054      ; 1.524      ;
; 1.327 ; contador_segundos:INST_SEGUNDOS|decena[2] ; contador_segundos:INST_SEGUNDOS|decena[1] ; divisor_frecuencia:INST_DIVISOR|reloj_interno ; divisor_frecuencia:INST_DIVISOR|reloj_interno ; 0.000        ; 0.054      ; 1.525      ;
; 1.336 ; contador_segundos:INST_SEGUNDOS|unidad[2] ; contador_segundos:INST_SEGUNDOS|unidad[0] ; divisor_frecuencia:INST_DIVISOR|reloj_interno ; divisor_frecuencia:INST_DIVISOR|reloj_interno ; 0.000        ; 0.054      ; 1.534      ;
; 1.338 ; control_boton:INST_BOTON|estado_marcha    ; contador_minutos:INST_MINUTOS|minutos[3]  ; reloj_50mhz                                   ; divisor_frecuencia:INST_DIVISOR|reloj_interno ; -0.500       ; 0.624      ; 1.636      ;
; 1.339 ; contador_segundos:INST_SEGUNDOS|unidad[2] ; contador_segundos:INST_SEGUNDOS|decena[0] ; divisor_frecuencia:INST_DIVISOR|reloj_interno ; divisor_frecuencia:INST_DIVISOR|reloj_interno ; 0.000        ; 0.053      ; 1.536      ;
; 1.340 ; contador_segundos:INST_SEGUNDOS|unidad[2] ; contador_segundos:INST_SEGUNDOS|decena[1] ; divisor_frecuencia:INST_DIVISOR|reloj_interno ; divisor_frecuencia:INST_DIVISOR|reloj_interno ; 0.000        ; 0.053      ; 1.537      ;
; 1.340 ; contador_segundos:INST_SEGUNDOS|unidad[2] ; contador_segundos:INST_SEGUNDOS|decena[2] ; divisor_frecuencia:INST_DIVISOR|reloj_interno ; divisor_frecuencia:INST_DIVISOR|reloj_interno ; 0.000        ; 0.053      ; 1.537      ;
; 1.341 ; contador_segundos:INST_SEGUNDOS|decena[2] ; contador_minutos:INST_MINUTOS|minutos[1]  ; divisor_frecuencia:INST_DIVISOR|reloj_interno ; divisor_frecuencia:INST_DIVISOR|reloj_interno ; 0.000        ; 0.054      ; 1.539      ;
; 1.343 ; contador_segundos:INST_SEGUNDOS|unidad[2] ; contador_segundos:INST_SEGUNDOS|decena[3] ; divisor_frecuencia:INST_DIVISOR|reloj_interno ; divisor_frecuencia:INST_DIVISOR|reloj_interno ; 0.000        ; 0.053      ; 1.540      ;
; 1.357 ; contador_segundos:INST_SEGUNDOS|decena[1] ; contador_minutos:INST_MINUTOS|minutos[1]  ; divisor_frecuencia:INST_DIVISOR|reloj_interno ; divisor_frecuencia:INST_DIVISOR|reloj_interno ; 0.000        ; 0.054      ; 1.555      ;
; 1.365 ; contador_segundos:INST_SEGUNDOS|decena[1] ; contador_segundos:INST_SEGUNDOS|decena[0] ; divisor_frecuencia:INST_DIVISOR|reloj_interno ; divisor_frecuencia:INST_DIVISOR|reloj_interno ; 0.000        ; 0.054      ; 1.563      ;
; 1.382 ; contador_minutos:INST_MINUTOS|minutos[3]  ; contador_segundos:INST_SEGUNDOS|unidad[3] ; divisor_frecuencia:INST_DIVISOR|reloj_interno ; divisor_frecuencia:INST_DIVISOR|reloj_interno ; 0.000        ; 0.055      ; 1.581      ;
; 1.384 ; contador_minutos:INST_MINUTOS|minutos[3]  ; contador_segundos:INST_SEGUNDOS|unidad[0] ; divisor_frecuencia:INST_DIVISOR|reloj_interno ; divisor_frecuencia:INST_DIVISOR|reloj_interno ; 0.000        ; 0.055      ; 1.583      ;
; 1.394 ; contador_segundos:INST_SEGUNDOS|unidad[0] ; contador_minutos:INST_MINUTOS|minutos[3]  ; divisor_frecuencia:INST_DIVISOR|reloj_interno ; divisor_frecuencia:INST_DIVISOR|reloj_interno ; 0.000        ; 0.053      ; 1.591      ;
; 1.396 ; contador_segundos:INST_SEGUNDOS|unidad[3] ; contador_segundos:INST_SEGUNDOS|unidad[0] ; divisor_frecuencia:INST_DIVISOR|reloj_interno ; divisor_frecuencia:INST_DIVISOR|reloj_interno ; 0.000        ; 0.054      ; 1.594      ;
; 1.399 ; contador_segundos:INST_SEGUNDOS|decena[3] ; contador_segundos:INST_SEGUNDOS|unidad[0] ; divisor_frecuencia:INST_DIVISOR|reloj_interno ; divisor_frecuencia:INST_DIVISOR|reloj_interno ; 0.000        ; 0.055      ; 1.598      ;
; 1.399 ; contador_segundos:INST_SEGUNDOS|decena[3] ; contador_segundos:INST_SEGUNDOS|unidad[3] ; divisor_frecuencia:INST_DIVISOR|reloj_interno ; divisor_frecuencia:INST_DIVISOR|reloj_interno ; 0.000        ; 0.055      ; 1.598      ;
; 1.412 ; contador_segundos:INST_SEGUNDOS|decena[0] ; contador_minutos:INST_MINUTOS|minutos[2]  ; divisor_frecuencia:INST_DIVISOR|reloj_interno ; divisor_frecuencia:INST_DIVISOR|reloj_interno ; 0.000        ; 0.054      ; 1.610      ;
; 1.413 ; contador_segundos:INST_SEGUNDOS|decena[0] ; contador_minutos:INST_MINUTOS|minutos[0]  ; divisor_frecuencia:INST_DIVISOR|reloj_interno ; divisor_frecuencia:INST_DIVISOR|reloj_interno ; 0.000        ; 0.054      ; 1.611      ;
; 1.421 ; contador_segundos:INST_SEGUNDOS|unidad[1] ; contador_segundos:INST_SEGUNDOS|unidad[0] ; divisor_frecuencia:INST_DIVISOR|reloj_interno ; divisor_frecuencia:INST_DIVISOR|reloj_interno ; 0.000        ; 0.054      ; 1.619      ;
; 1.423 ; contador_minutos:INST_MINUTOS|minutos[3]  ; contador_segundos:INST_SEGUNDOS|decena[0] ; divisor_frecuencia:INST_DIVISOR|reloj_interno ; divisor_frecuencia:INST_DIVISOR|reloj_interno ; 0.000        ; 0.054      ; 1.621      ;
; 1.424 ; contador_segundos:INST_SEGUNDOS|unidad[1] ; contador_segundos:INST_SEGUNDOS|decena[0] ; divisor_frecuencia:INST_DIVISOR|reloj_interno ; divisor_frecuencia:INST_DIVISOR|reloj_interno ; 0.000        ; 0.053      ; 1.621      ;
+-------+-------------------------------------------+-------------------------------------------+-----------------------------------------------+-----------------------------------------------+--------------+------------+------------+


+-------------------------------------------------------------------------------------------------------------------------------------------------------------------------------------------------------------+
; Slow 1200mV 0C Model Recovery: 'divisor_frecuencia:INST_DIVISOR|reloj_interno'                                                                                                                              ;
+--------+------------------------------------------------+-------------------------------------------+--------------+-----------------------------------------------+--------------+------------+------------+
; Slack  ; From Node                                      ; To Node                                   ; Launch Clock ; Latch Clock                                   ; Relationship ; Clock Skew ; Data Delay ;
+--------+------------------------------------------------+-------------------------------------------+--------------+-----------------------------------------------+--------------+------------+------------+
; -0.607 ; control_boton:INST_BOTON|reinicio_temporizador ; contador_minutos:INST_MINUTOS|minutos[1]  ; reloj_50mhz  ; divisor_frecuencia:INST_DIVISOR|reloj_interno ; 0.500        ; 0.430      ; 1.522      ;
; -0.607 ; control_boton:INST_BOTON|reinicio_temporizador ; contador_minutos:INST_MINUTOS|minutos[0]  ; reloj_50mhz  ; divisor_frecuencia:INST_DIVISOR|reloj_interno ; 0.500        ; 0.430      ; 1.522      ;
; -0.607 ; control_boton:INST_BOTON|reinicio_temporizador ; contador_minutos:INST_MINUTOS|minutos[2]  ; reloj_50mhz  ; divisor_frecuencia:INST_DIVISOR|reloj_interno ; 0.500        ; 0.430      ; 1.522      ;
; -0.607 ; control_boton:INST_BOTON|reinicio_temporizador ; contador_minutos:INST_MINUTOS|minutos[3]  ; reloj_50mhz  ; divisor_frecuencia:INST_DIVISOR|reloj_interno ; 0.500        ; 0.430      ; 1.522      ;
; -0.605 ; control_boton:INST_BOTON|reinicio_temporizador ; contador_segundos:INST_SEGUNDOS|decena[3] ; reloj_50mhz  ; divisor_frecuencia:INST_DIVISOR|reloj_interno ; 0.500        ; 0.430      ; 1.520      ;
; -0.605 ; control_boton:INST_BOTON|reinicio_temporizador ; contador_segundos:INST_SEGUNDOS|decena[2] ; reloj_50mhz  ; divisor_frecuencia:INST_DIVISOR|reloj_interno ; 0.500        ; 0.430      ; 1.520      ;
; -0.605 ; control_boton:INST_BOTON|reinicio_temporizador ; contador_segundos:INST_SEGUNDOS|decena[1] ; reloj_50mhz  ; divisor_frecuencia:INST_DIVISOR|reloj_interno ; 0.500        ; 0.430      ; 1.520      ;
; -0.605 ; control_boton:INST_BOTON|reinicio_temporizador ; contador_segundos:INST_SEGUNDOS|decena[0] ; reloj_50mhz  ; divisor_frecuencia:INST_DIVISOR|reloj_interno ; 0.500        ; 0.430      ; 1.520      ;
; -0.576 ; control_boton:INST_BOTON|reinicio_temporizador ; contador_segundos:INST_SEGUNDOS|unidad[0] ; reloj_50mhz  ; divisor_frecuencia:INST_DIVISOR|reloj_interno ; 0.500        ; 0.431      ; 1.492      ;
; -0.576 ; control_boton:INST_BOTON|reinicio_temporizador ; contador_segundos:INST_SEGUNDOS|unidad[3] ; reloj_50mhz  ; divisor_frecuencia:INST_DIVISOR|reloj_interno ; 0.500        ; 0.431      ; 1.492      ;
; -0.576 ; control_boton:INST_BOTON|reinicio_temporizador ; contador_segundos:INST_SEGUNDOS|unidad[2] ; reloj_50mhz  ; divisor_frecuencia:INST_DIVISOR|reloj_interno ; 0.500        ; 0.431      ; 1.492      ;
; -0.576 ; control_boton:INST_BOTON|reinicio_temporizador ; contador_segundos:INST_SEGUNDOS|unidad[1] ; reloj_50mhz  ; divisor_frecuencia:INST_DIVISOR|reloj_interno ; 0.500        ; 0.431      ; 1.492      ;
+--------+------------------------------------------------+-------------------------------------------+--------------+-----------------------------------------------+--------------+------------+------------+


+-------------------------------------------------------------------------------------------------------------------------------------------------------------------------------------+
; Slow 1200mV 0C Model Recovery: 'reloj_50mhz'                                                                                                                                        ;
+--------+------------------------------------------------+-----------------------------------------------------+--------------+-------------+--------------+------------+------------+
; Slack  ; From Node                                      ; To Node                                             ; Launch Clock ; Latch Clock ; Relationship ; Clock Skew ; Data Delay ;
+--------+------------------------------------------------+-----------------------------------------------------+--------------+-------------+--------------+------------+------------+
; -0.445 ; control_boton:INST_BOTON|reinicio_temporizador ; divisor_frecuencia:INST_DIVISOR|contador_ciclos[6]  ; reloj_50mhz  ; reloj_50mhz ; 1.000        ; -0.053     ; 1.387      ;
; -0.445 ; control_boton:INST_BOTON|reinicio_temporizador ; divisor_frecuencia:INST_DIVISOR|contador_ciclos[8]  ; reloj_50mhz  ; reloj_50mhz ; 1.000        ; -0.053     ; 1.387      ;
; -0.445 ; control_boton:INST_BOTON|reinicio_temporizador ; divisor_frecuencia:INST_DIVISOR|contador_ciclos[7]  ; reloj_50mhz  ; reloj_50mhz ; 1.000        ; -0.053     ; 1.387      ;
; -0.445 ; control_boton:INST_BOTON|reinicio_temporizador ; divisor_frecuencia:INST_DIVISOR|contador_ciclos[5]  ; reloj_50mhz  ; reloj_50mhz ; 1.000        ; -0.053     ; 1.387      ;
; -0.445 ; control_boton:INST_BOTON|reinicio_temporizador ; divisor_frecuencia:INST_DIVISOR|contador_ciclos[2]  ; reloj_50mhz  ; reloj_50mhz ; 1.000        ; -0.053     ; 1.387      ;
; -0.445 ; control_boton:INST_BOTON|reinicio_temporizador ; divisor_frecuencia:INST_DIVISOR|contador_ciclos[1]  ; reloj_50mhz  ; reloj_50mhz ; 1.000        ; -0.053     ; 1.387      ;
; -0.445 ; control_boton:INST_BOTON|reinicio_temporizador ; divisor_frecuencia:INST_DIVISOR|contador_ciclos[0]  ; reloj_50mhz  ; reloj_50mhz ; 1.000        ; -0.053     ; 1.387      ;
; -0.294 ; control_boton:INST_BOTON|reinicio_temporizador ; divisor_frecuencia:INST_DIVISOR|contador_ciclos[13] ; reloj_50mhz  ; reloj_50mhz ; 1.000        ; -0.054     ; 1.235      ;
; -0.294 ; control_boton:INST_BOTON|reinicio_temporizador ; divisor_frecuencia:INST_DIVISOR|contador_ciclos[16] ; reloj_50mhz  ; reloj_50mhz ; 1.000        ; -0.054     ; 1.235      ;
; -0.294 ; control_boton:INST_BOTON|reinicio_temporizador ; divisor_frecuencia:INST_DIVISOR|contador_ciclos[24] ; reloj_50mhz  ; reloj_50mhz ; 1.000        ; -0.054     ; 1.235      ;
; -0.294 ; control_boton:INST_BOTON|reinicio_temporizador ; divisor_frecuencia:INST_DIVISOR|contador_ciclos[17] ; reloj_50mhz  ; reloj_50mhz ; 1.000        ; -0.054     ; 1.235      ;
; -0.294 ; control_boton:INST_BOTON|reinicio_temporizador ; divisor_frecuencia:INST_DIVISOR|contador_ciclos[25] ; reloj_50mhz  ; reloj_50mhz ; 1.000        ; -0.054     ; 1.235      ;
; -0.294 ; control_boton:INST_BOTON|reinicio_temporizador ; divisor_frecuencia:INST_DIVISOR|contador_ciclos[23] ; reloj_50mhz  ; reloj_50mhz ; 1.000        ; -0.054     ; 1.235      ;
; -0.294 ; control_boton:INST_BOTON|reinicio_temporizador ; divisor_frecuencia:INST_DIVISOR|contador_ciclos[15] ; reloj_50mhz  ; reloj_50mhz ; 1.000        ; -0.054     ; 1.235      ;
; -0.289 ; control_boton:INST_BOTON|reinicio_temporizador ; divisor_frecuencia:INST_DIVISOR|reloj_interno       ; reloj_50mhz  ; reloj_50mhz ; 1.000        ; -0.053     ; 1.231      ;
; -0.289 ; control_boton:INST_BOTON|reinicio_temporizador ; divisor_frecuencia:INST_DIVISOR|contador_ciclos[11] ; reloj_50mhz  ; reloj_50mhz ; 1.000        ; -0.053     ; 1.231      ;
; -0.289 ; control_boton:INST_BOTON|reinicio_temporizador ; divisor_frecuencia:INST_DIVISOR|contador_ciclos[12] ; reloj_50mhz  ; reloj_50mhz ; 1.000        ; -0.053     ; 1.231      ;
; -0.289 ; control_boton:INST_BOTON|reinicio_temporizador ; divisor_frecuencia:INST_DIVISOR|contador_ciclos[14] ; reloj_50mhz  ; reloj_50mhz ; 1.000        ; -0.053     ; 1.231      ;
; -0.289 ; control_boton:INST_BOTON|reinicio_temporizador ; divisor_frecuencia:INST_DIVISOR|contador_ciclos[18] ; reloj_50mhz  ; reloj_50mhz ; 1.000        ; -0.053     ; 1.231      ;
; -0.289 ; control_boton:INST_BOTON|reinicio_temporizador ; divisor_frecuencia:INST_DIVISOR|contador_ciclos[19] ; reloj_50mhz  ; reloj_50mhz ; 1.000        ; -0.053     ; 1.231      ;
; -0.289 ; control_boton:INST_BOTON|reinicio_temporizador ; divisor_frecuencia:INST_DIVISOR|contador_ciclos[20] ; reloj_50mhz  ; reloj_50mhz ; 1.000        ; -0.053     ; 1.231      ;
; -0.289 ; control_boton:INST_BOTON|reinicio_temporizador ; divisor_frecuencia:INST_DIVISOR|contador_ciclos[21] ; reloj_50mhz  ; reloj_50mhz ; 1.000        ; -0.053     ; 1.231      ;
; -0.289 ; control_boton:INST_BOTON|reinicio_temporizador ; divisor_frecuencia:INST_DIVISOR|contador_ciclos[22] ; reloj_50mhz  ; reloj_50mhz ; 1.000        ; -0.053     ; 1.231      ;
; -0.127 ; control_boton:INST_BOTON|reinicio_temporizador ; divisor_frecuencia:INST_DIVISOR|contador_ciclos[10] ; reloj_50mhz  ; reloj_50mhz ; 1.000        ; 0.265      ; 1.387      ;
; -0.127 ; control_boton:INST_BOTON|reinicio_temporizador ; divisor_frecuencia:INST_DIVISOR|contador_ciclos[9]  ; reloj_50mhz  ; reloj_50mhz ; 1.000        ; 0.265      ; 1.387      ;
; -0.127 ; control_boton:INST_BOTON|reinicio_temporizador ; divisor_frecuencia:INST_DIVISOR|contador_ciclos[4]  ; reloj_50mhz  ; reloj_50mhz ; 1.000        ; 0.265      ; 1.387      ;
; -0.127 ; control_boton:INST_BOTON|reinicio_temporizador ; divisor_frecuencia:INST_DIVISOR|contador_ciclos[3]  ; reloj_50mhz  ; reloj_50mhz ; 1.000        ; 0.265      ; 1.387      ;
+--------+------------------------------------------------+-----------------------------------------------------+--------------+-------------+--------------+------------+------------+


+------------------------------------------------------------------------------------------------------------------------------------------------------------------------------------+
; Slow 1200mV 0C Model Removal: 'reloj_50mhz'                                                                                                                                        ;
+-------+------------------------------------------------+-----------------------------------------------------+--------------+-------------+--------------+------------+------------+
; Slack ; From Node                                      ; To Node                                             ; Launch Clock ; Latch Clock ; Relationship ; Clock Skew ; Data Delay ;
+-------+------------------------------------------------+-----------------------------------------------------+--------------+-------------+--------------+------------+------------+
; 0.770 ; control_boton:INST_BOTON|reinicio_temporizador ; divisor_frecuencia:INST_DIVISOR|contador_ciclos[10] ; reloj_50mhz  ; reloj_50mhz ; 0.000        ; 0.385      ; 1.299      ;
; 0.770 ; control_boton:INST_BOTON|reinicio_temporizador ; divisor_frecuencia:INST_DIVISOR|contador_ciclos[9]  ; reloj_50mhz  ; reloj_50mhz ; 0.000        ; 0.385      ; 1.299      ;
; 0.770 ; control_boton:INST_BOTON|reinicio_temporizador ; divisor_frecuencia:INST_DIVISOR|contador_ciclos[4]  ; reloj_50mhz  ; reloj_50mhz ; 0.000        ; 0.385      ; 1.299      ;
; 0.770 ; control_boton:INST_BOTON|reinicio_temporizador ; divisor_frecuencia:INST_DIVISOR|contador_ciclos[3]  ; reloj_50mhz  ; reloj_50mhz ; 0.000        ; 0.385      ; 1.299      ;
; 0.930 ; control_boton:INST_BOTON|reinicio_temporizador ; divisor_frecuencia:INST_DIVISOR|reloj_interno       ; reloj_50mhz  ; reloj_50mhz ; 0.000        ; 0.053      ; 1.127      ;
; 0.930 ; control_boton:INST_BOTON|reinicio_temporizador ; divisor_frecuencia:INST_DIVISOR|contador_ciclos[11] ; reloj_50mhz  ; reloj_50mhz ; 0.000        ; 0.053      ; 1.127      ;
; 0.930 ; control_boton:INST_BOTON|reinicio_temporizador ; divisor_frecuencia:INST_DIVISOR|contador_ciclos[12] ; reloj_50mhz  ; reloj_50mhz ; 0.000        ; 0.053      ; 1.127      ;
; 0.930 ; control_boton:INST_BOTON|reinicio_temporizador ; divisor_frecuencia:INST_DIVISOR|contador_ciclos[14] ; reloj_50mhz  ; reloj_50mhz ; 0.000        ; 0.053      ; 1.127      ;
; 0.930 ; control_boton:INST_BOTON|reinicio_temporizador ; divisor_frecuencia:INST_DIVISOR|contador_ciclos[18] ; reloj_50mhz  ; reloj_50mhz ; 0.000        ; 0.053      ; 1.127      ;
; 0.930 ; control_boton:INST_BOTON|reinicio_temporizador ; divisor_frecuencia:INST_DIVISOR|contador_ciclos[19] ; reloj_50mhz  ; reloj_50mhz ; 0.000        ; 0.053      ; 1.127      ;
; 0.930 ; control_boton:INST_BOTON|reinicio_temporizador ; divisor_frecuencia:INST_DIVISOR|contador_ciclos[20] ; reloj_50mhz  ; reloj_50mhz ; 0.000        ; 0.053      ; 1.127      ;
; 0.930 ; control_boton:INST_BOTON|reinicio_temporizador ; divisor_frecuencia:INST_DIVISOR|contador_ciclos[21] ; reloj_50mhz  ; reloj_50mhz ; 0.000        ; 0.053      ; 1.127      ;
; 0.930 ; control_boton:INST_BOTON|reinicio_temporizador ; divisor_frecuencia:INST_DIVISOR|contador_ciclos[22] ; reloj_50mhz  ; reloj_50mhz ; 0.000        ; 0.053      ; 1.127      ;
; 0.938 ; control_boton:INST_BOTON|reinicio_temporizador ; divisor_frecuencia:INST_DIVISOR|contador_ciclos[13] ; reloj_50mhz  ; reloj_50mhz ; 0.000        ; 0.053      ; 1.135      ;
; 0.938 ; control_boton:INST_BOTON|reinicio_temporizador ; divisor_frecuencia:INST_DIVISOR|contador_ciclos[16] ; reloj_50mhz  ; reloj_50mhz ; 0.000        ; 0.053      ; 1.135      ;
; 0.938 ; control_boton:INST_BOTON|reinicio_temporizador ; divisor_frecuencia:INST_DIVISOR|contador_ciclos[24] ; reloj_50mhz  ; reloj_50mhz ; 0.000        ; 0.053      ; 1.135      ;
; 0.938 ; control_boton:INST_BOTON|reinicio_temporizador ; divisor_frecuencia:INST_DIVISOR|contador_ciclos[17] ; reloj_50mhz  ; reloj_50mhz ; 0.000        ; 0.053      ; 1.135      ;
; 0.938 ; control_boton:INST_BOTON|reinicio_temporizador ; divisor_frecuencia:INST_DIVISOR|contador_ciclos[25] ; reloj_50mhz  ; reloj_50mhz ; 0.000        ; 0.053      ; 1.135      ;
; 0.938 ; control_boton:INST_BOTON|reinicio_temporizador ; divisor_frecuencia:INST_DIVISOR|contador_ciclos[23] ; reloj_50mhz  ; reloj_50mhz ; 0.000        ; 0.053      ; 1.135      ;
; 0.938 ; control_boton:INST_BOTON|reinicio_temporizador ; divisor_frecuencia:INST_DIVISOR|contador_ciclos[15] ; reloj_50mhz  ; reloj_50mhz ; 0.000        ; 0.053      ; 1.135      ;
; 1.101 ; control_boton:INST_BOTON|reinicio_temporizador ; divisor_frecuencia:INST_DIVISOR|contador_ciclos[6]  ; reloj_50mhz  ; reloj_50mhz ; 0.000        ; 0.054      ; 1.299      ;
; 1.101 ; control_boton:INST_BOTON|reinicio_temporizador ; divisor_frecuencia:INST_DIVISOR|contador_ciclos[8]  ; reloj_50mhz  ; reloj_50mhz ; 0.000        ; 0.054      ; 1.299      ;
; 1.101 ; control_boton:INST_BOTON|reinicio_temporizador ; divisor_frecuencia:INST_DIVISOR|contador_ciclos[7]  ; reloj_50mhz  ; reloj_50mhz ; 0.000        ; 0.054      ; 1.299      ;
; 1.101 ; control_boton:INST_BOTON|reinicio_temporizador ; divisor_frecuencia:INST_DIVISOR|contador_ciclos[5]  ; reloj_50mhz  ; reloj_50mhz ; 0.000        ; 0.054      ; 1.299      ;
; 1.101 ; control_boton:INST_BOTON|reinicio_temporizador ; divisor_frecuencia:INST_DIVISOR|contador_ciclos[2]  ; reloj_50mhz  ; reloj_50mhz ; 0.000        ; 0.054      ; 1.299      ;
; 1.101 ; control_boton:INST_BOTON|reinicio_temporizador ; divisor_frecuencia:INST_DIVISOR|contador_ciclos[1]  ; reloj_50mhz  ; reloj_50mhz ; 0.000        ; 0.054      ; 1.299      ;
; 1.101 ; control_boton:INST_BOTON|reinicio_temporizador ; divisor_frecuencia:INST_DIVISOR|contador_ciclos[0]  ; reloj_50mhz  ; reloj_50mhz ; 0.000        ; 0.054      ; 1.299      ;
+-------+------------------------------------------------+-----------------------------------------------------+--------------+-------------+--------------+------------+------------+


+------------------------------------------------------------------------------------------------------------------------------------------------------------------------------------------------------------+
; Slow 1200mV 0C Model Removal: 'divisor_frecuencia:INST_DIVISOR|reloj_interno'                                                                                                                              ;
+-------+------------------------------------------------+-------------------------------------------+--------------+-----------------------------------------------+--------------+------------+------------+
; Slack ; From Node                                      ; To Node                                   ; Launch Clock ; Latch Clock                                   ; Relationship ; Clock Skew ; Data Delay ;
+-------+------------------------------------------------+-------------------------------------------+--------------+-----------------------------------------------+--------------+------------+------------+
; 1.070 ; control_boton:INST_BOTON|reinicio_temporizador ; contador_segundos:INST_SEGUNDOS|unidad[0] ; reloj_50mhz  ; divisor_frecuencia:INST_DIVISOR|reloj_interno ; -0.500       ; 0.625      ; 1.369      ;
; 1.070 ; control_boton:INST_BOTON|reinicio_temporizador ; contador_segundos:INST_SEGUNDOS|unidad[3] ; reloj_50mhz  ; divisor_frecuencia:INST_DIVISOR|reloj_interno ; -0.500       ; 0.625      ; 1.369      ;
; 1.070 ; control_boton:INST_BOTON|reinicio_temporizador ; contador_segundos:INST_SEGUNDOS|unidad[2] ; reloj_50mhz  ; divisor_frecuencia:INST_DIVISOR|reloj_interno ; -0.500       ; 0.625      ; 1.369      ;
; 1.070 ; control_boton:INST_BOTON|reinicio_temporizador ; contador_segundos:INST_SEGUNDOS|unidad[1] ; reloj_50mhz  ; divisor_frecuencia:INST_DIVISOR|reloj_interno ; -0.500       ; 0.625      ; 1.369      ;
; 1.093 ; control_boton:INST_BOTON|reinicio_temporizador ; contador_minutos:INST_MINUTOS|minutos[1]  ; reloj_50mhz  ; divisor_frecuencia:INST_DIVISOR|reloj_interno ; -0.500       ; 0.624      ; 1.391      ;
; 1.093 ; control_boton:INST_BOTON|reinicio_temporizador ; contador_minutos:INST_MINUTOS|minutos[0]  ; reloj_50mhz  ; divisor_frecuencia:INST_DIVISOR|reloj_interno ; -0.500       ; 0.624      ; 1.391      ;
; 1.093 ; control_boton:INST_BOTON|reinicio_temporizador ; contador_minutos:INST_MINUTOS|minutos[2]  ; reloj_50mhz  ; divisor_frecuencia:INST_DIVISOR|reloj_interno ; -0.500       ; 0.624      ; 1.391      ;
; 1.093 ; control_boton:INST_BOTON|reinicio_temporizador ; contador_minutos:INST_MINUTOS|minutos[3]  ; reloj_50mhz  ; divisor_frecuencia:INST_DIVISOR|reloj_interno ; -0.500       ; 0.624      ; 1.391      ;
; 1.099 ; control_boton:INST_BOTON|reinicio_temporizador ; contador_segundos:INST_SEGUNDOS|decena[3] ; reloj_50mhz  ; divisor_frecuencia:INST_DIVISOR|reloj_interno ; -0.500       ; 0.624      ; 1.397      ;
; 1.099 ; control_boton:INST_BOTON|reinicio_temporizador ; contador_segundos:INST_SEGUNDOS|decena[2] ; reloj_50mhz  ; divisor_frecuencia:INST_DIVISOR|reloj_interno ; -0.500       ; 0.624      ; 1.397      ;
; 1.099 ; control_boton:INST_BOTON|reinicio_temporizador ; contador_segundos:INST_SEGUNDOS|decena[1] ; reloj_50mhz  ; divisor_frecuencia:INST_DIVISOR|reloj_interno ; -0.500       ; 0.624      ; 1.397      ;
; 1.099 ; control_boton:INST_BOTON|reinicio_temporizador ; contador_segundos:INST_SEGUNDOS|decena[0] ; reloj_50mhz  ; divisor_frecuencia:INST_DIVISOR|reloj_interno ; -0.500       ; 0.624      ; 1.397      ;
+-------+------------------------------------------------+-------------------------------------------+--------------+-----------------------------------------------+--------------+------------+------------+


+-------------------------------------------------------------------------------------------------------------------------------------------+
; Slow 1200mV 0C Model Minimum Pulse Width: 'reloj_50mhz'                                                                                   ;
+--------+--------------+----------------+-----------------+-------------+------------+-----------------------------------------------------+
; Slack  ; Actual Width ; Required Width ; Type            ; Clock       ; Clock Edge ; Target                                              ;
+--------+--------------+----------------+-----------------+-------------+------------+-----------------------------------------------------+
; -3.000 ; 1.000        ; 4.000          ; Port Rate       ; reloj_50mhz ; Rise       ; reloj_50mhz                                         ;
; -1.000 ; 1.000        ; 2.000          ; Min Period      ; reloj_50mhz ; Rise       ; control_boton:INST_BOTON|boton_anterior             ;
; -1.000 ; 1.000        ; 2.000          ; Min Period      ; reloj_50mhz ; Rise       ; control_boton:INST_BOTON|boton_estable              ;
; -1.000 ; 1.000        ; 2.000          ; Min Period      ; reloj_50mhz ; Rise       ; control_boton:INST_BOTON|contador_antirrebote[0]    ;
; -1.000 ; 1.000        ; 2.000          ; Min Period      ; reloj_50mhz ; Rise       ; control_boton:INST_BOTON|contador_antirrebote[10]   ;
; -1.000 ; 1.000        ; 2.000          ; Min Period      ; reloj_50mhz ; Rise       ; control_boton:INST_BOTON|contador_antirrebote[11]   ;
; -1.000 ; 1.000        ; 2.000          ; Min Period      ; reloj_50mhz ; Rise       ; control_boton:INST_BOTON|contador_antirrebote[12]   ;
; -1.000 ; 1.000        ; 2.000          ; Min Period      ; reloj_50mhz ; Rise       ; control_boton:INST_BOTON|contador_antirrebote[13]   ;
; -1.000 ; 1.000        ; 2.000          ; Min Period      ; reloj_50mhz ; Rise       ; control_boton:INST_BOTON|contador_antirrebote[14]   ;
; -1.000 ; 1.000        ; 2.000          ; Min Period      ; reloj_50mhz ; Rise       ; control_boton:INST_BOTON|contador_antirrebote[15]   ;
; -1.000 ; 1.000        ; 2.000          ; Min Period      ; reloj_50mhz ; Rise       ; control_boton:INST_BOTON|contador_antirrebote[16]   ;
; -1.000 ; 1.000        ; 2.000          ; Min Period      ; reloj_50mhz ; Rise       ; control_boton:INST_BOTON|contador_antirrebote[17]   ;
; -1.000 ; 1.000        ; 2.000          ; Min Period      ; reloj_50mhz ; Rise       ; control_boton:INST_BOTON|contador_antirrebote[18]   ;
; -1.000 ; 1.000        ; 2.000          ; Min Period      ; reloj_50mhz ; Rise       ; control_boton:INST_BOTON|contador_antirrebote[19]   ;
; -1.000 ; 1.000        ; 2.000          ; Min Period      ; reloj_50mhz ; Rise       ; control_boton:INST_BOTON|contador_antirrebote[1]    ;
; -1.000 ; 1.000        ; 2.000          ; Min Period      ; reloj_50mhz ; Rise       ; control_boton:INST_BOTON|contador_antirrebote[2]    ;
; -1.000 ; 1.000        ; 2.000          ; Min Period      ; reloj_50mhz ; Rise       ; control_boton:INST_BOTON|contador_antirrebote[3]    ;
; -1.000 ; 1.000        ; 2.000          ; Min Period      ; reloj_50mhz ; Rise       ; control_boton:INST_BOTON|contador_antirrebote[4]    ;
; -1.000 ; 1.000        ; 2.000          ; Min Period      ; reloj_50mhz ; Rise       ; control_boton:INST_BOTON|contador_antirrebote[5]    ;
; -1.000 ; 1.000        ; 2.000          ; Min Period      ; reloj_50mhz ; Rise       ; control_boton:INST_BOTON|contador_antirrebote[6]    ;
; -1.000 ; 1.000        ; 2.000          ; Min Period      ; reloj_50mhz ; Rise       ; control_boton:INST_BOTON|contador_antirrebote[7]    ;
; -1.000 ; 1.000        ; 2.000          ; Min Period      ; reloj_50mhz ; Rise       ; control_boton:INST_BOTON|contador_antirrebote[8]    ;
; -1.000 ; 1.000        ; 2.000          ; Min Period      ; reloj_50mhz ; Rise       ; control_boton:INST_BOTON|contador_antirrebote[9]    ;
; -1.000 ; 1.000        ; 2.000          ; Min Period      ; reloj_50mhz ; Rise       ; control_boton:INST_BOTON|contador_duracion[0]       ;
; -1.000 ; 1.000        ; 2.000          ; Min Period      ; reloj_50mhz ; Rise       ; control_boton:INST_BOTON|contador_duracion[10]      ;
; -1.000 ; 1.000        ; 2.000          ; Min Period      ; reloj_50mhz ; Rise       ; control_boton:INST_BOTON|contador_duracion[11]      ;
; -1.000 ; 1.000        ; 2.000          ; Min Period      ; reloj_50mhz ; Rise       ; control_boton:INST_BOTON|contador_duracion[12]      ;
; -1.000 ; 1.000        ; 2.000          ; Min Period      ; reloj_50mhz ; Rise       ; control_boton:INST_BOTON|contador_duracion[13]      ;
; -1.000 ; 1.000        ; 2.000          ; Min Period      ; reloj_50mhz ; Rise       ; control_boton:INST_BOTON|contador_duracion[14]      ;
; -1.000 ; 1.000        ; 2.000          ; Min Period      ; reloj_50mhz ; Rise       ; control_boton:INST_BOTON|contador_duracion[15]      ;
; -1.000 ; 1.000        ; 2.000          ; Min Period      ; reloj_50mhz ; Rise       ; control_boton:INST_BOTON|contador_duracion[16]      ;
; -1.000 ; 1.000        ; 2.000          ; Min Period      ; reloj_50mhz ; Rise       ; control_boton:INST_BOTON|contador_duracion[17]      ;
; -1.000 ; 1.000        ; 2.000          ; Min Period      ; reloj_50mhz ; Rise       ; control_boton:INST_BOTON|contador_duracion[18]      ;
; -1.000 ; 1.000        ; 2.000          ; Min Period      ; reloj_50mhz ; Rise       ; control_boton:INST_BOTON|contador_duracion[19]      ;
; -1.000 ; 1.000        ; 2.000          ; Min Period      ; reloj_50mhz ; Rise       ; control_boton:INST_BOTON|contador_duracion[1]       ;
; -1.000 ; 1.000        ; 2.000          ; Min Period      ; reloj_50mhz ; Rise       ; control_boton:INST_BOTON|contador_duracion[20]      ;
; -1.000 ; 1.000        ; 2.000          ; Min Period      ; reloj_50mhz ; Rise       ; control_boton:INST_BOTON|contador_duracion[21]      ;
; -1.000 ; 1.000        ; 2.000          ; Min Period      ; reloj_50mhz ; Rise       ; control_boton:INST_BOTON|contador_duracion[22]      ;
; -1.000 ; 1.000        ; 2.000          ; Min Period      ; reloj_50mhz ; Rise       ; control_boton:INST_BOTON|contador_duracion[23]      ;
; -1.000 ; 1.000        ; 2.000          ; Min Period      ; reloj_50mhz ; Rise       ; control_boton:INST_BOTON|contador_duracion[24]      ;
; -1.000 ; 1.000        ; 2.000          ; Min Period      ; reloj_50mhz ; Rise       ; control_boton:INST_BOTON|contador_duracion[25]      ;
; -1.000 ; 1.000        ; 2.000          ; Min Period      ; reloj_50mhz ; Rise       ; control_boton:INST_BOTON|contador_duracion[26]      ;
; -1.000 ; 1.000        ; 2.000          ; Min Period      ; reloj_50mhz ; Rise       ; control_boton:INST_BOTON|contador_duracion[2]       ;
; -1.000 ; 1.000        ; 2.000          ; Min Period      ; reloj_50mhz ; Rise       ; control_boton:INST_BOTON|contador_duracion[3]       ;
; -1.000 ; 1.000        ; 2.000          ; Min Period      ; reloj_50mhz ; Rise       ; control_boton:INST_BOTON|contador_duracion[4]       ;
; -1.000 ; 1.000        ; 2.000          ; Min Period      ; reloj_50mhz ; Rise       ; control_boton:INST_BOTON|contador_duracion[5]       ;
; -1.000 ; 1.000        ; 2.000          ; Min Period      ; reloj_50mhz ; Rise       ; control_boton:INST_BOTON|contador_duracion[6]       ;
; -1.000 ; 1.000        ; 2.000          ; Min Period      ; reloj_50mhz ; Rise       ; control_boton:INST_BOTON|contador_duracion[7]       ;
; -1.000 ; 1.000        ; 2.000          ; Min Period      ; reloj_50mhz ; Rise       ; control_boton:INST_BOTON|contador_duracion[8]       ;
; -1.000 ; 1.000        ; 2.000          ; Min Period      ; reloj_50mhz ; Rise       ; control_boton:INST_BOTON|contador_duracion[9]       ;
; -1.000 ; 1.000        ; 2.000          ; Min Period      ; reloj_50mhz ; Rise       ; control_boton:INST_BOTON|estado_marcha              ;
; -1.000 ; 1.000        ; 2.000          ; Min Period      ; reloj_50mhz ; Rise       ; control_boton:INST_BOTON|pulsacion_larga            ;
; -1.000 ; 1.000        ; 2.000          ; Min Period      ; reloj_50mhz ; Rise       ; control_boton:INST_BOTON|reinicio_temporizador      ;
; -1.000 ; 1.000        ; 2.000          ; Min Period      ; reloj_50mhz ; Rise       ; divisor_frecuencia:INST_DIVISOR|contador_ciclos[0]  ;
; -1.000 ; 1.000        ; 2.000          ; Min Period      ; reloj_50mhz ; Rise       ; divisor_frecuencia:INST_DIVISOR|contador_ciclos[10] ;
; -1.000 ; 1.000        ; 2.000          ; Min Period      ; reloj_50mhz ; Rise       ; divisor_frecuencia:INST_DIVISOR|contador_ciclos[11] ;
; -1.000 ; 1.000        ; 2.000          ; Min Period      ; reloj_50mhz ; Rise       ; divisor_frecuencia:INST_DIVISOR|contador_ciclos[12] ;
; -1.000 ; 1.000        ; 2.000          ; Min Period      ; reloj_50mhz ; Rise       ; divisor_frecuencia:INST_DIVISOR|contador_ciclos[13] ;
; -1.000 ; 1.000        ; 2.000          ; Min Period      ; reloj_50mhz ; Rise       ; divisor_frecuencia:INST_DIVISOR|contador_ciclos[14] ;
; -1.000 ; 1.000        ; 2.000          ; Min Period      ; reloj_50mhz ; Rise       ; divisor_frecuencia:INST_DIVISOR|contador_ciclos[15] ;
; -1.000 ; 1.000        ; 2.000          ; Min Period      ; reloj_50mhz ; Rise       ; divisor_frecuencia:INST_DIVISOR|contador_ciclos[16] ;
; -1.000 ; 1.000        ; 2.000          ; Min Period      ; reloj_50mhz ; Rise       ; divisor_frecuencia:INST_DIVISOR|contador_ciclos[17] ;
; -1.000 ; 1.000        ; 2.000          ; Min Period      ; reloj_50mhz ; Rise       ; divisor_frecuencia:INST_DIVISOR|contador_ciclos[18] ;
; -1.000 ; 1.000        ; 2.000          ; Min Period      ; reloj_50mhz ; Rise       ; divisor_frecuencia:INST_DIVISOR|contador_ciclos[19] ;
; -1.000 ; 1.000        ; 2.000          ; Min Period      ; reloj_50mhz ; Rise       ; divisor_frecuencia:INST_DIVISOR|contador_ciclos[1]  ;
; -1.000 ; 1.000        ; 2.000          ; Min Period      ; reloj_50mhz ; Rise       ; divisor_frecuencia:INST_DIVISOR|contador_ciclos[20] ;
; -1.000 ; 1.000        ; 2.000          ; Min Period      ; reloj_50mhz ; Rise       ; divisor_frecuencia:INST_DIVISOR|contador_ciclos[21] ;
; -1.000 ; 1.000        ; 2.000          ; Min Period      ; reloj_50mhz ; Rise       ; divisor_frecuencia:INST_DIVISOR|contador_ciclos[22] ;
; -1.000 ; 1.000        ; 2.000          ; Min Period      ; reloj_50mhz ; Rise       ; divisor_frecuencia:INST_DIVISOR|contador_ciclos[23] ;
; -1.000 ; 1.000        ; 2.000          ; Min Period      ; reloj_50mhz ; Rise       ; divisor_frecuencia:INST_DIVISOR|contador_ciclos[24] ;
; -1.000 ; 1.000        ; 2.000          ; Min Period      ; reloj_50mhz ; Rise       ; divisor_frecuencia:INST_DIVISOR|contador_ciclos[25] ;
; -1.000 ; 1.000        ; 2.000          ; Min Period      ; reloj_50mhz ; Rise       ; divisor_frecuencia:INST_DIVISOR|contador_ciclos[2]  ;
; -1.000 ; 1.000        ; 2.000          ; Min Period      ; reloj_50mhz ; Rise       ; divisor_frecuencia:INST_DIVISOR|contador_ciclos[3]  ;
; -1.000 ; 1.000        ; 2.000          ; Min Period      ; reloj_50mhz ; Rise       ; divisor_frecuencia:INST_DIVISOR|contador_ciclos[4]  ;
; -1.000 ; 1.000        ; 2.000          ; Min Period      ; reloj_50mhz ; Rise       ; divisor_frecuencia:INST_DIVISOR|contador_ciclos[5]  ;
; -1.000 ; 1.000        ; 2.000          ; Min Period      ; reloj_50mhz ; Rise       ; divisor_frecuencia:INST_DIVISOR|contador_ciclos[6]  ;
; -1.000 ; 1.000        ; 2.000          ; Min Period      ; reloj_50mhz ; Rise       ; divisor_frecuencia:INST_DIVISOR|contador_ciclos[7]  ;
; -1.000 ; 1.000        ; 2.000          ; Min Period      ; reloj_50mhz ; Rise       ; divisor_frecuencia:INST_DIVISOR|contador_ciclos[8]  ;
; -1.000 ; 1.000        ; 2.000          ; Min Period      ; reloj_50mhz ; Rise       ; divisor_frecuencia:INST_DIVISOR|contador_ciclos[9]  ;
; -1.000 ; 1.000        ; 2.000          ; Min Period      ; reloj_50mhz ; Rise       ; divisor_frecuencia:INST_DIVISOR|reloj_interno       ;
; 0.173  ; 0.357        ; 0.184          ; Low Pulse Width ; reloj_50mhz ; Rise       ; divisor_frecuencia:INST_DIVISOR|contador_ciclos[10] ;
; 0.173  ; 0.357        ; 0.184          ; Low Pulse Width ; reloj_50mhz ; Rise       ; divisor_frecuencia:INST_DIVISOR|contador_ciclos[3]  ;
; 0.173  ; 0.357        ; 0.184          ; Low Pulse Width ; reloj_50mhz ; Rise       ; divisor_frecuencia:INST_DIVISOR|contador_ciclos[4]  ;
; 0.173  ; 0.357        ; 0.184          ; Low Pulse Width ; reloj_50mhz ; Rise       ; divisor_frecuencia:INST_DIVISOR|contador_ciclos[9]  ;
; 0.174  ; 0.358        ; 0.184          ; Low Pulse Width ; reloj_50mhz ; Rise       ; control_boton:INST_BOTON|contador_antirrebote[0]    ;
; 0.174  ; 0.358        ; 0.184          ; Low Pulse Width ; reloj_50mhz ; Rise       ; control_boton:INST_BOTON|contador_antirrebote[1]    ;
; 0.174  ; 0.358        ; 0.184          ; Low Pulse Width ; reloj_50mhz ; Rise       ; control_boton:INST_BOTON|contador_antirrebote[2]    ;
; 0.174  ; 0.358        ; 0.184          ; Low Pulse Width ; reloj_50mhz ; Rise       ; control_boton:INST_BOTON|contador_antirrebote[3]    ;
; 0.174  ; 0.358        ; 0.184          ; Low Pulse Width ; reloj_50mhz ; Rise       ; control_boton:INST_BOTON|contador_antirrebote[4]    ;
; 0.174  ; 0.358        ; 0.184          ; Low Pulse Width ; reloj_50mhz ; Rise       ; control_boton:INST_BOTON|contador_antirrebote[5]    ;
; 0.178  ; 0.362        ; 0.184          ; Low Pulse Width ; reloj_50mhz ; Rise       ; control_boton:INST_BOTON|contador_antirrebote[14]   ;
; 0.178  ; 0.362        ; 0.184          ; Low Pulse Width ; reloj_50mhz ; Rise       ; control_boton:INST_BOTON|contador_antirrebote[17]   ;
; 0.178  ; 0.362        ; 0.184          ; Low Pulse Width ; reloj_50mhz ; Rise       ; control_boton:INST_BOTON|contador_antirrebote[18]   ;
; 0.178  ; 0.362        ; 0.184          ; Low Pulse Width ; reloj_50mhz ; Rise       ; control_boton:INST_BOTON|contador_antirrebote[19]   ;
; 0.179  ; 0.363        ; 0.184          ; Low Pulse Width ; reloj_50mhz ; Rise       ; control_boton:INST_BOTON|contador_duracion[8]       ;
; 0.179  ; 0.363        ; 0.184          ; Low Pulse Width ; reloj_50mhz ; Rise       ; divisor_frecuencia:INST_DIVISOR|contador_ciclos[0]  ;
; 0.179  ; 0.363        ; 0.184          ; Low Pulse Width ; reloj_50mhz ; Rise       ; divisor_frecuencia:INST_DIVISOR|contador_ciclos[13] ;
; 0.179  ; 0.363        ; 0.184          ; Low Pulse Width ; reloj_50mhz ; Rise       ; divisor_frecuencia:INST_DIVISOR|contador_ciclos[15] ;
; 0.179  ; 0.363        ; 0.184          ; Low Pulse Width ; reloj_50mhz ; Rise       ; divisor_frecuencia:INST_DIVISOR|contador_ciclos[16] ;
; 0.179  ; 0.363        ; 0.184          ; Low Pulse Width ; reloj_50mhz ; Rise       ; divisor_frecuencia:INST_DIVISOR|contador_ciclos[17] ;
+--------+--------------+----------------+-----------------+-------------+------------+-----------------------------------------------------+


+----------------------------------------------------------------------------------------------------------------------------------------------------------------------+
; Slow 1200mV 0C Model Minimum Pulse Width: 'divisor_frecuencia:INST_DIVISOR|reloj_interno'                                                                            ;
+--------+--------------+----------------+------------------+-----------------------------------------------+------------+---------------------------------------------+
; Slack  ; Actual Width ; Required Width ; Type             ; Clock                                         ; Clock Edge ; Target                                      ;
+--------+--------------+----------------+------------------+-----------------------------------------------+------------+---------------------------------------------+
; -1.000 ; 1.000        ; 2.000          ; Min Period       ; divisor_frecuencia:INST_DIVISOR|reloj_interno ; Fall       ; contador_minutos:INST_MINUTOS|minutos[0]    ;
; -1.000 ; 1.000        ; 2.000          ; Min Period       ; divisor_frecuencia:INST_DIVISOR|reloj_interno ; Fall       ; contador_minutos:INST_MINUTOS|minutos[1]    ;
; -1.000 ; 1.000        ; 2.000          ; Min Period       ; divisor_frecuencia:INST_DIVISOR|reloj_interno ; Fall       ; contador_minutos:INST_MINUTOS|minutos[2]    ;
; -1.000 ; 1.000        ; 2.000          ; Min Period       ; divisor_frecuencia:INST_DIVISOR|reloj_interno ; Fall       ; contador_minutos:INST_MINUTOS|minutos[3]    ;
; -1.000 ; 1.000        ; 2.000          ; Min Period       ; divisor_frecuencia:INST_DIVISOR|reloj_interno ; Fall       ; contador_segundos:INST_SEGUNDOS|decena[0]   ;
; -1.000 ; 1.000        ; 2.000          ; Min Period       ; divisor_frecuencia:INST_DIVISOR|reloj_interno ; Fall       ; contador_segundos:INST_SEGUNDOS|decena[1]   ;
; -1.000 ; 1.000        ; 2.000          ; Min Period       ; divisor_frecuencia:INST_DIVISOR|reloj_interno ; Fall       ; contador_segundos:INST_SEGUNDOS|decena[2]   ;
; -1.000 ; 1.000        ; 2.000          ; Min Period       ; divisor_frecuencia:INST_DIVISOR|reloj_interno ; Fall       ; contador_segundos:INST_SEGUNDOS|decena[3]   ;
; -1.000 ; 1.000        ; 2.000          ; Min Period       ; divisor_frecuencia:INST_DIVISOR|reloj_interno ; Fall       ; contador_segundos:INST_SEGUNDOS|unidad[0]   ;
; -1.000 ; 1.000        ; 2.000          ; Min Period       ; divisor_frecuencia:INST_DIVISOR|reloj_interno ; Fall       ; contador_segundos:INST_SEGUNDOS|unidad[1]   ;
; -1.000 ; 1.000        ; 2.000          ; Min Period       ; divisor_frecuencia:INST_DIVISOR|reloj_interno ; Fall       ; contador_segundos:INST_SEGUNDOS|unidad[2]   ;
; -1.000 ; 1.000        ; 2.000          ; Min Period       ; divisor_frecuencia:INST_DIVISOR|reloj_interno ; Fall       ; contador_segundos:INST_SEGUNDOS|unidad[3]   ;
; 0.229  ; 0.445        ; 0.216          ; High Pulse Width ; divisor_frecuencia:INST_DIVISOR|reloj_interno ; Fall       ; contador_segundos:INST_SEGUNDOS|decena[0]   ;
; 0.229  ; 0.445        ; 0.216          ; High Pulse Width ; divisor_frecuencia:INST_DIVISOR|reloj_interno ; Fall       ; contador_segundos:INST_SEGUNDOS|decena[1]   ;
; 0.229  ; 0.445        ; 0.216          ; High Pulse Width ; divisor_frecuencia:INST_DIVISOR|reloj_interno ; Fall       ; contador_segundos:INST_SEGUNDOS|decena[2]   ;
; 0.229  ; 0.445        ; 0.216          ; High Pulse Width ; divisor_frecuencia:INST_DIVISOR|reloj_interno ; Fall       ; contador_segundos:INST_SEGUNDOS|decena[3]   ;
; 0.229  ; 0.445        ; 0.216          ; High Pulse Width ; divisor_frecuencia:INST_DIVISOR|reloj_interno ; Fall       ; contador_segundos:INST_SEGUNDOS|unidad[0]   ;
; 0.229  ; 0.445        ; 0.216          ; High Pulse Width ; divisor_frecuencia:INST_DIVISOR|reloj_interno ; Fall       ; contador_segundos:INST_SEGUNDOS|unidad[1]   ;
; 0.229  ; 0.445        ; 0.216          ; High Pulse Width ; divisor_frecuencia:INST_DIVISOR|reloj_interno ; Fall       ; contador_segundos:INST_SEGUNDOS|unidad[2]   ;
; 0.229  ; 0.445        ; 0.216          ; High Pulse Width ; divisor_frecuencia:INST_DIVISOR|reloj_interno ; Fall       ; contador_segundos:INST_SEGUNDOS|unidad[3]   ;
; 0.230  ; 0.446        ; 0.216          ; High Pulse Width ; divisor_frecuencia:INST_DIVISOR|reloj_interno ; Fall       ; contador_minutos:INST_MINUTOS|minutos[0]    ;
; 0.230  ; 0.446        ; 0.216          ; High Pulse Width ; divisor_frecuencia:INST_DIVISOR|reloj_interno ; Fall       ; contador_minutos:INST_MINUTOS|minutos[1]    ;
; 0.230  ; 0.446        ; 0.216          ; High Pulse Width ; divisor_frecuencia:INST_DIVISOR|reloj_interno ; Fall       ; contador_minutos:INST_MINUTOS|minutos[2]    ;
; 0.230  ; 0.446        ; 0.216          ; High Pulse Width ; divisor_frecuencia:INST_DIVISOR|reloj_interno ; Fall       ; contador_minutos:INST_MINUTOS|minutos[3]    ;
; 0.369  ; 0.553        ; 0.184          ; Low Pulse Width  ; divisor_frecuencia:INST_DIVISOR|reloj_interno ; Fall       ; contador_minutos:INST_MINUTOS|minutos[0]    ;
; 0.369  ; 0.553        ; 0.184          ; Low Pulse Width  ; divisor_frecuencia:INST_DIVISOR|reloj_interno ; Fall       ; contador_minutos:INST_MINUTOS|minutos[1]    ;
; 0.369  ; 0.553        ; 0.184          ; Low Pulse Width  ; divisor_frecuencia:INST_DIVISOR|reloj_interno ; Fall       ; contador_minutos:INST_MINUTOS|minutos[2]    ;
; 0.369  ; 0.553        ; 0.184          ; Low Pulse Width  ; divisor_frecuencia:INST_DIVISOR|reloj_interno ; Fall       ; contador_minutos:INST_MINUTOS|minutos[3]    ;
; 0.369  ; 0.553        ; 0.184          ; Low Pulse Width  ; divisor_frecuencia:INST_DIVISOR|reloj_interno ; Fall       ; contador_segundos:INST_SEGUNDOS|decena[0]   ;
; 0.369  ; 0.553        ; 0.184          ; Low Pulse Width  ; divisor_frecuencia:INST_DIVISOR|reloj_interno ; Fall       ; contador_segundos:INST_SEGUNDOS|decena[1]   ;
; 0.369  ; 0.553        ; 0.184          ; Low Pulse Width  ; divisor_frecuencia:INST_DIVISOR|reloj_interno ; Fall       ; contador_segundos:INST_SEGUNDOS|decena[2]   ;
; 0.369  ; 0.553        ; 0.184          ; Low Pulse Width  ; divisor_frecuencia:INST_DIVISOR|reloj_interno ; Fall       ; contador_segundos:INST_SEGUNDOS|decena[3]   ;
; 0.369  ; 0.553        ; 0.184          ; Low Pulse Width  ; divisor_frecuencia:INST_DIVISOR|reloj_interno ; Fall       ; contador_segundos:INST_SEGUNDOS|unidad[0]   ;
; 0.369  ; 0.553        ; 0.184          ; Low Pulse Width  ; divisor_frecuencia:INST_DIVISOR|reloj_interno ; Fall       ; contador_segundos:INST_SEGUNDOS|unidad[1]   ;
; 0.369  ; 0.553        ; 0.184          ; Low Pulse Width  ; divisor_frecuencia:INST_DIVISOR|reloj_interno ; Fall       ; contador_segundos:INST_SEGUNDOS|unidad[2]   ;
; 0.369  ; 0.553        ; 0.184          ; Low Pulse Width  ; divisor_frecuencia:INST_DIVISOR|reloj_interno ; Fall       ; contador_segundos:INST_SEGUNDOS|unidad[3]   ;
; 0.430  ; 0.430        ; 0.000          ; Low Pulse Width  ; divisor_frecuencia:INST_DIVISOR|reloj_interno ; Rise       ; INST_SEGUNDOS|decena[0]|clk                 ;
; 0.430  ; 0.430        ; 0.000          ; Low Pulse Width  ; divisor_frecuencia:INST_DIVISOR|reloj_interno ; Rise       ; INST_SEGUNDOS|decena[1]|clk                 ;
; 0.430  ; 0.430        ; 0.000          ; Low Pulse Width  ; divisor_frecuencia:INST_DIVISOR|reloj_interno ; Rise       ; INST_SEGUNDOS|decena[2]|clk                 ;
; 0.430  ; 0.430        ; 0.000          ; Low Pulse Width  ; divisor_frecuencia:INST_DIVISOR|reloj_interno ; Rise       ; INST_SEGUNDOS|decena[3]|clk                 ;
; 0.430  ; 0.430        ; 0.000          ; Low Pulse Width  ; divisor_frecuencia:INST_DIVISOR|reloj_interno ; Rise       ; INST_SEGUNDOS|unidad[0]|clk                 ;
; 0.430  ; 0.430        ; 0.000          ; Low Pulse Width  ; divisor_frecuencia:INST_DIVISOR|reloj_interno ; Rise       ; INST_SEGUNDOS|unidad[1]|clk                 ;
; 0.430  ; 0.430        ; 0.000          ; Low Pulse Width  ; divisor_frecuencia:INST_DIVISOR|reloj_interno ; Rise       ; INST_SEGUNDOS|unidad[2]|clk                 ;
; 0.430  ; 0.430        ; 0.000          ; Low Pulse Width  ; divisor_frecuencia:INST_DIVISOR|reloj_interno ; Rise       ; INST_SEGUNDOS|unidad[3]|clk                 ;
; 0.431  ; 0.431        ; 0.000          ; Low Pulse Width  ; divisor_frecuencia:INST_DIVISOR|reloj_interno ; Rise       ; INST_MINUTOS|minutos[0]|clk                 ;
; 0.431  ; 0.431        ; 0.000          ; Low Pulse Width  ; divisor_frecuencia:INST_DIVISOR|reloj_interno ; Rise       ; INST_MINUTOS|minutos[1]|clk                 ;
; 0.431  ; 0.431        ; 0.000          ; Low Pulse Width  ; divisor_frecuencia:INST_DIVISOR|reloj_interno ; Rise       ; INST_MINUTOS|minutos[2]|clk                 ;
; 0.431  ; 0.431        ; 0.000          ; Low Pulse Width  ; divisor_frecuencia:INST_DIVISOR|reloj_interno ; Rise       ; INST_MINUTOS|minutos[3]|clk                 ;
; 0.436  ; 0.436        ; 0.000          ; Low Pulse Width  ; divisor_frecuencia:INST_DIVISOR|reloj_interno ; Rise       ; INST_DIVISOR|reloj_interno~clkctrl|inclk[0] ;
; 0.436  ; 0.436        ; 0.000          ; Low Pulse Width  ; divisor_frecuencia:INST_DIVISOR|reloj_interno ; Rise       ; INST_DIVISOR|reloj_interno~clkctrl|outclk   ;
; 0.500  ; 0.500        ; 0.000          ; High Pulse Width ; divisor_frecuencia:INST_DIVISOR|reloj_interno ; Rise       ; INST_DIVISOR|reloj_interno|q                ;
; 0.500  ; 0.500        ; 0.000          ; Low Pulse Width  ; divisor_frecuencia:INST_DIVISOR|reloj_interno ; Rise       ; INST_DIVISOR|reloj_interno|q                ;
; 0.562  ; 0.562        ; 0.000          ; High Pulse Width ; divisor_frecuencia:INST_DIVISOR|reloj_interno ; Rise       ; INST_DIVISOR|reloj_interno~clkctrl|inclk[0] ;
; 0.562  ; 0.562        ; 0.000          ; High Pulse Width ; divisor_frecuencia:INST_DIVISOR|reloj_interno ; Rise       ; INST_DIVISOR|reloj_interno~clkctrl|outclk   ;
; 0.567  ; 0.567        ; 0.000          ; High Pulse Width ; divisor_frecuencia:INST_DIVISOR|reloj_interno ; Rise       ; INST_MINUTOS|minutos[0]|clk                 ;
; 0.567  ; 0.567        ; 0.000          ; High Pulse Width ; divisor_frecuencia:INST_DIVISOR|reloj_interno ; Rise       ; INST_MINUTOS|minutos[1]|clk                 ;
; 0.567  ; 0.567        ; 0.000          ; High Pulse Width ; divisor_frecuencia:INST_DIVISOR|reloj_interno ; Rise       ; INST_MINUTOS|minutos[2]|clk                 ;
; 0.567  ; 0.567        ; 0.000          ; High Pulse Width ; divisor_frecuencia:INST_DIVISOR|reloj_interno ; Rise       ; INST_MINUTOS|minutos[3]|clk                 ;
; 0.567  ; 0.567        ; 0.000          ; High Pulse Width ; divisor_frecuencia:INST_DIVISOR|reloj_interno ; Rise       ; INST_SEGUNDOS|decena[0]|clk                 ;
; 0.567  ; 0.567        ; 0.000          ; High Pulse Width ; divisor_frecuencia:INST_DIVISOR|reloj_interno ; Rise       ; INST_SEGUNDOS|decena[1]|clk                 ;
; 0.567  ; 0.567        ; 0.000          ; High Pulse Width ; divisor_frecuencia:INST_DIVISOR|reloj_interno ; Rise       ; INST_SEGUNDOS|decena[2]|clk                 ;
; 0.567  ; 0.567        ; 0.000          ; High Pulse Width ; divisor_frecuencia:INST_DIVISOR|reloj_interno ; Rise       ; INST_SEGUNDOS|decena[3]|clk                 ;
; 0.567  ; 0.567        ; 0.000          ; High Pulse Width ; divisor_frecuencia:INST_DIVISOR|reloj_interno ; Rise       ; INST_SEGUNDOS|unidad[0]|clk                 ;
; 0.567  ; 0.567        ; 0.000          ; High Pulse Width ; divisor_frecuencia:INST_DIVISOR|reloj_interno ; Rise       ; INST_SEGUNDOS|unidad[1]|clk                 ;
; 0.567  ; 0.567        ; 0.000          ; High Pulse Width ; divisor_frecuencia:INST_DIVISOR|reloj_interno ; Rise       ; INST_SEGUNDOS|unidad[2]|clk                 ;
; 0.567  ; 0.567        ; 0.000          ; High Pulse Width ; divisor_frecuencia:INST_DIVISOR|reloj_interno ; Rise       ; INST_SEGUNDOS|unidad[3]|clk                 ;
+--------+--------------+----------------+------------------+-----------------------------------------------+------------+---------------------------------------------+


+------------------------------------------------------------------------+
; Setup Times                                                            ;
+-----------+-------------+-------+-------+------------+-----------------+
; Data Port ; Clock Port  ; Rise  ; Fall  ; Clock Edge ; Clock Reference ;
+-----------+-------------+-------+-------+------------+-----------------+
; boton     ; reloj_50mhz ; 2.314 ; 2.676 ; Rise       ; reloj_50mhz     ;
+-----------+-------------+-------+-------+------------+-----------------+


+--------------------------------------------------------------------------+
; Hold Times                                                               ;
+-----------+-------------+--------+--------+------------+-----------------+
; Data Port ; Clock Port  ; Rise   ; Fall   ; Clock Edge ; Clock Reference ;
+-----------+-------------+--------+--------+------------+-----------------+
; boton     ; reloj_50mhz ; -1.246 ; -1.594 ; Rise       ; reloj_50mhz     ;
+-----------+-------------+--------+--------+------------+-----------------+


+----------------------------------------------------------------------------------------------------------------------------------------+
; Clock to Output Times                                                                                                                  ;
+-----------+-----------------------------------------------+-------+-------+------------+-----------------------------------------------+
; Data Port ; Clock Port                                    ; Rise  ; Fall  ; Clock Edge ; Clock Reference                               ;
+-----------+-----------------------------------------------+-------+-------+------------+-----------------------------------------------+
; HEX0[*]   ; divisor_frecuencia:INST_DIVISOR|reloj_interno ; 6.901 ; 6.874 ; Fall       ; divisor_frecuencia:INST_DIVISOR|reloj_interno ;
;  HEX0[0]  ; divisor_frecuencia:INST_DIVISOR|reloj_interno ; 6.901 ; 6.874 ; Fall       ; divisor_frecuencia:INST_DIVISOR|reloj_interno ;
;  HEX0[1]  ; divisor_frecuencia:INST_DIVISOR|reloj_interno ; 6.862 ; 6.769 ; Fall       ; divisor_frecuencia:INST_DIVISOR|reloj_interno ;
;  HEX0[2]  ; divisor_frecuencia:INST_DIVISOR|reloj_interno ; 6.579 ; 6.447 ; Fall       ; divisor_frecuencia:INST_DIVISOR|reloj_interno ;
;  HEX0[3]  ; divisor_frecuencia:INST_DIVISOR|reloj_interno ; 6.546 ; 6.479 ; Fall       ; divisor_frecuencia:INST_DIVISOR|reloj_interno ;
;  HEX0[4]  ; divisor_frecuencia:INST_DIVISOR|reloj_interno ; 6.573 ; 6.540 ; Fall       ; divisor_frecuencia:INST_DIVISOR|reloj_interno ;
;  HEX0[5]  ; divisor_frecuencia:INST_DIVISOR|reloj_interno ; 6.543 ; 6.490 ; Fall       ; divisor_frecuencia:INST_DIVISOR|reloj_interno ;
;  HEX0[6]  ; divisor_frecuencia:INST_DIVISOR|reloj_interno ; 6.600 ; 6.750 ; Fall       ; divisor_frecuencia:INST_DIVISOR|reloj_interno ;
; HEX1[*]   ; divisor_frecuencia:INST_DIVISOR|reloj_interno ; 6.982 ; 6.918 ; Fall       ; divisor_frecuencia:INST_DIVISOR|reloj_interno ;
;  HEX1[0]  ; divisor_frecuencia:INST_DIVISOR|reloj_interno ; 6.962 ; 6.859 ; Fall       ; divisor_frecuencia:INST_DIVISOR|reloj_interno ;
;  HEX1[1]  ; divisor_frecuencia:INST_DIVISOR|reloj_interno ; 6.921 ; 6.862 ; Fall       ; divisor_frecuencia:INST_DIVISOR|reloj_interno ;
;  HEX1[2]  ; divisor_frecuencia:INST_DIVISOR|reloj_interno ; 6.963 ; 6.918 ; Fall       ; divisor_frecuencia:INST_DIVISOR|reloj_interno ;
;  HEX1[3]  ; divisor_frecuencia:INST_DIVISOR|reloj_interno ; 6.982 ; 6.867 ; Fall       ; divisor_frecuencia:INST_DIVISOR|reloj_interno ;
;  HEX1[4]  ; divisor_frecuencia:INST_DIVISOR|reloj_interno ; 6.946 ; 6.853 ; Fall       ; divisor_frecuencia:INST_DIVISOR|reloj_interno ;
;  HEX1[5]  ; divisor_frecuencia:INST_DIVISOR|reloj_interno ; 6.728 ; 6.659 ; Fall       ; divisor_frecuencia:INST_DIVISOR|reloj_interno ;
;  HEX1[6]  ; divisor_frecuencia:INST_DIVISOR|reloj_interno ; 6.646 ; 6.768 ; Fall       ; divisor_frecuencia:INST_DIVISOR|reloj_interno ;
; HEX2[*]   ; divisor_frecuencia:INST_DIVISOR|reloj_interno ; 6.929 ; 7.044 ; Fall       ; divisor_frecuencia:INST_DIVISOR|reloj_interno ;
;  HEX2[0]  ; divisor_frecuencia:INST_DIVISOR|reloj_interno ; 6.719 ; 6.633 ; Fall       ; divisor_frecuencia:INST_DIVISOR|reloj_interno ;
;  HEX2[1]  ; divisor_frecuencia:INST_DIVISOR|reloj_interno ; 6.151 ; 6.090 ; Fall       ; divisor_frecuencia:INST_DIVISOR|reloj_interno ;
;  HEX2[2]  ; divisor_frecuencia:INST_DIVISOR|reloj_interno ; 6.326 ; 6.297 ; Fall       ; divisor_frecuencia:INST_DIVISOR|reloj_interno ;
;  HEX2[3]  ; divisor_frecuencia:INST_DIVISOR|reloj_interno ; 6.181 ; 6.077 ; Fall       ; divisor_frecuencia:INST_DIVISOR|reloj_interno ;
;  HEX2[4]  ; divisor_frecuencia:INST_DIVISOR|reloj_interno ; 6.158 ; 6.089 ; Fall       ; divisor_frecuencia:INST_DIVISOR|reloj_interno ;
;  HEX2[5]  ; divisor_frecuencia:INST_DIVISOR|reloj_interno ; 6.135 ; 6.113 ; Fall       ; divisor_frecuencia:INST_DIVISOR|reloj_interno ;
;  HEX2[6]  ; divisor_frecuencia:INST_DIVISOR|reloj_interno ; 6.929 ; 7.044 ; Fall       ; divisor_frecuencia:INST_DIVISOR|reloj_interno ;
+-----------+-----------------------------------------------+-------+-------+------------+-----------------------------------------------+


+----------------------------------------------------------------------------------------------------------------------------------------+
; Minimum Clock to Output Times                                                                                                          ;
+-----------+-----------------------------------------------+-------+-------+------------+-----------------------------------------------+
; Data Port ; Clock Port                                    ; Rise  ; Fall  ; Clock Edge ; Clock Reference                               ;
+-----------+-----------------------------------------------+-------+-------+------------+-----------------------------------------------+
; HEX0[*]   ; divisor_frecuencia:INST_DIVISOR|reloj_interno ; 5.960 ; 5.841 ; Fall       ; divisor_frecuencia:INST_DIVISOR|reloj_interno ;
;  HEX0[0]  ; divisor_frecuencia:INST_DIVISOR|reloj_interno ; 6.307 ; 6.231 ; Fall       ; divisor_frecuencia:INST_DIVISOR|reloj_interno ;
;  HEX0[1]  ; divisor_frecuencia:INST_DIVISOR|reloj_interno ; 6.271 ; 6.213 ; Fall       ; divisor_frecuencia:INST_DIVISOR|reloj_interno ;
;  HEX0[2]  ; divisor_frecuencia:INST_DIVISOR|reloj_interno ; 5.964 ; 5.865 ; Fall       ; divisor_frecuencia:INST_DIVISOR|reloj_interno ;
;  HEX0[3]  ; divisor_frecuencia:INST_DIVISOR|reloj_interno ; 5.960 ; 5.841 ; Fall       ; divisor_frecuencia:INST_DIVISOR|reloj_interno ;
;  HEX0[4]  ; divisor_frecuencia:INST_DIVISOR|reloj_interno ; 5.987 ; 5.918 ; Fall       ; divisor_frecuencia:INST_DIVISOR|reloj_interno ;
;  HEX0[5]  ; divisor_frecuencia:INST_DIVISOR|reloj_interno ; 5.963 ; 5.866 ; Fall       ; divisor_frecuencia:INST_DIVISOR|reloj_interno ;
;  HEX0[6]  ; divisor_frecuencia:INST_DIVISOR|reloj_interno ; 6.051 ; 6.170 ; Fall       ; divisor_frecuencia:INST_DIVISOR|reloj_interno ;
; HEX1[*]   ; divisor_frecuencia:INST_DIVISOR|reloj_interno ; 5.870 ; 5.900 ; Fall       ; divisor_frecuencia:INST_DIVISOR|reloj_interno ;
;  HEX1[0]  ; divisor_frecuencia:INST_DIVISOR|reloj_interno ; 6.200 ; 6.086 ; Fall       ; divisor_frecuencia:INST_DIVISOR|reloj_interno ;
;  HEX1[1]  ; divisor_frecuencia:INST_DIVISOR|reloj_interno ; 6.190 ; 6.076 ; Fall       ; divisor_frecuencia:INST_DIVISOR|reloj_interno ;
;  HEX1[2]  ; divisor_frecuencia:INST_DIVISOR|reloj_interno ; 6.215 ; 6.150 ; Fall       ; divisor_frecuencia:INST_DIVISOR|reloj_interno ;
;  HEX1[3]  ; divisor_frecuencia:INST_DIVISOR|reloj_interno ; 6.212 ; 6.086 ; Fall       ; divisor_frecuencia:INST_DIVISOR|reloj_interno ;
;  HEX1[4]  ; divisor_frecuencia:INST_DIVISOR|reloj_interno ; 6.234 ; 6.104 ; Fall       ; divisor_frecuencia:INST_DIVISOR|reloj_interno ;
;  HEX1[5]  ; divisor_frecuencia:INST_DIVISOR|reloj_interno ; 5.964 ; 5.900 ; Fall       ; divisor_frecuencia:INST_DIVISOR|reloj_interno ;
;  HEX1[6]  ; divisor_frecuencia:INST_DIVISOR|reloj_interno ; 5.870 ; 5.974 ; Fall       ; divisor_frecuencia:INST_DIVISOR|reloj_interno ;
; HEX2[*]   ; divisor_frecuencia:INST_DIVISOR|reloj_interno ; 5.581 ; 5.488 ; Fall       ; divisor_frecuencia:INST_DIVISOR|reloj_interno ;
;  HEX2[0]  ; divisor_frecuencia:INST_DIVISOR|reloj_interno ; 6.041 ; 5.955 ; Fall       ; divisor_frecuencia:INST_DIVISOR|reloj_interno ;
;  HEX2[1]  ; divisor_frecuencia:INST_DIVISOR|reloj_interno ; 5.597 ; 5.569 ; Fall       ; divisor_frecuencia:INST_DIVISOR|reloj_interno ;
;  HEX2[2]  ; divisor_frecuencia:INST_DIVISOR|reloj_interno ; 5.795 ; 5.700 ; Fall       ; divisor_frecuencia:INST_DIVISOR|reloj_interno ;
;  HEX2[3]  ; divisor_frecuencia:INST_DIVISOR|reloj_interno ; 5.581 ; 5.488 ; Fall       ; divisor_frecuencia:INST_DIVISOR|reloj_interno ;
;  HEX2[4]  ; divisor_frecuencia:INST_DIVISOR|reloj_interno ; 5.624 ; 5.594 ; Fall       ; divisor_frecuencia:INST_DIVISOR|reloj_interno ;
;  HEX2[5]  ; divisor_frecuencia:INST_DIVISOR|reloj_interno ; 5.615 ; 5.526 ; Fall       ; divisor_frecuencia:INST_DIVISOR|reloj_interno ;
;  HEX2[6]  ; divisor_frecuencia:INST_DIVISOR|reloj_interno ; 6.256 ; 6.379 ; Fall       ; divisor_frecuencia:INST_DIVISOR|reloj_interno ;
+-----------+-----------------------------------------------+-------+-------+------------+-----------------------------------------------+


---------------------------------------------
; Slow 1200mV 0C Model Metastability Report ;
---------------------------------------------
No synchronizer chains to report.


+------------------------------------------------------------------------+
; Fast 1200mV 0C Model Setup Summary                                     ;
+-----------------------------------------------+--------+---------------+
; Clock                                         ; Slack  ; End Point TNS ;
+-----------------------------------------------+--------+---------------+
; reloj_50mhz                                   ; -1.191 ; -55.348       ;
; divisor_frecuencia:INST_DIVISOR|reloj_interno ; -0.364 ; -2.894        ;
+-----------------------------------------------+--------+---------------+


+------------------------------------------------------------------------+
; Fast 1200mV 0C Model Hold Summary                                      ;
+-----------------------------------------------+--------+---------------+
; Clock                                         ; Slack  ; End Point TNS ;
+-----------------------------------------------+--------+---------------+
; reloj_50mhz                                   ; -0.099 ; -0.099        ;
; divisor_frecuencia:INST_DIVISOR|reloj_interno ; 0.185  ; 0.000         ;
+-----------------------------------------------+--------+---------------+


+------------------------------------------------------------------------+
; Fast 1200mV 0C Model Recovery Summary                                  ;
+-----------------------------------------------+--------+---------------+
; Clock                                         ; Slack  ; End Point TNS ;
+-----------------------------------------------+--------+---------------+
; divisor_frecuencia:INST_DIVISOR|reloj_interno ; -0.101 ; -1.116        ;
; reloj_50mhz                                   ; 0.074  ; 0.000         ;
+-----------------------------------------------+--------+---------------+


+-----------------------------------------------------------------------+
; Fast 1200mV 0C Model Removal Summary                                  ;
+-----------------------------------------------+-------+---------------+
; Clock                                         ; Slack ; End Point TNS ;
+-----------------------------------------------+-------+---------------+
; reloj_50mhz                                   ; 0.463 ; 0.000         ;
; divisor_frecuencia:INST_DIVISOR|reloj_interno ; 0.680 ; 0.000         ;
+-----------------------------------------------+-------+---------------+


+------------------------------------------------------------------------+
; Fast 1200mV 0C Model Minimum Pulse Width Summary                       ;
+-----------------------------------------------+--------+---------------+
; Clock                                         ; Slack  ; End Point TNS ;
+-----------------------------------------------+--------+---------------+
; reloj_50mhz                                   ; -3.000 ; -87.203       ;
; divisor_frecuencia:INST_DIVISOR|reloj_interno ; -1.000 ; -12.000       ;
+-----------------------------------------------+--------+---------------+


+------------------------------------------------------------------------------------------------------------------------------------------------------------------------------------------+
; Fast 1200mV 0C Model Setup: 'reloj_50mhz'                                                                                                                                                ;
+--------+-----------------------------------------------------+-----------------------------------------------------+--------------+-------------+--------------+------------+------------+
; Slack  ; From Node                                           ; To Node                                             ; Launch Clock ; Latch Clock ; Relationship ; Clock Skew ; Data Delay ;
+--------+-----------------------------------------------------+-----------------------------------------------------+--------------+-------------+--------------+------------+------------+
; -1.191 ; divisor_frecuencia:INST_DIVISOR|contador_ciclos[4]  ; divisor_frecuencia:INST_DIVISOR|reloj_interno       ; reloj_50mhz  ; reloj_50mhz ; 1.000        ; -0.233     ; 1.945      ;
; -1.183 ; divisor_frecuencia:INST_DIVISOR|contador_ciclos[23] ; divisor_frecuencia:INST_DIVISOR|reloj_interno       ; reloj_50mhz  ; reloj_50mhz ; 1.000        ; -0.035     ; 2.135      ;
; -1.159 ; divisor_frecuencia:INST_DIVISOR|contador_ciclos[21] ; divisor_frecuencia:INST_DIVISOR|reloj_interno       ; reloj_50mhz  ; reloj_50mhz ; 1.000        ; -0.035     ; 2.111      ;
; -1.158 ; divisor_frecuencia:INST_DIVISOR|contador_ciclos[18] ; divisor_frecuencia:INST_DIVISOR|reloj_interno       ; reloj_50mhz  ; reloj_50mhz ; 1.000        ; -0.035     ; 2.110      ;
; -1.144 ; divisor_frecuencia:INST_DIVISOR|contador_ciclos[24] ; divisor_frecuencia:INST_DIVISOR|reloj_interno       ; reloj_50mhz  ; reloj_50mhz ; 1.000        ; -0.035     ; 2.096      ;
; -1.141 ; divisor_frecuencia:INST_DIVISOR|contador_ciclos[0]  ; divisor_frecuencia:INST_DIVISOR|reloj_interno       ; reloj_50mhz  ; reloj_50mhz ; 1.000        ; -0.036     ; 2.092      ;
; -1.137 ; divisor_frecuencia:INST_DIVISOR|contador_ciclos[9]  ; divisor_frecuencia:INST_DIVISOR|reloj_interno       ; reloj_50mhz  ; reloj_50mhz ; 1.000        ; -0.233     ; 1.891      ;
; -1.128 ; divisor_frecuencia:INST_DIVISOR|contador_ciclos[22] ; divisor_frecuencia:INST_DIVISOR|reloj_interno       ; reloj_50mhz  ; reloj_50mhz ; 1.000        ; -0.035     ; 2.080      ;
; -1.118 ; divisor_frecuencia:INST_DIVISOR|contador_ciclos[3]  ; divisor_frecuencia:INST_DIVISOR|reloj_interno       ; reloj_50mhz  ; reloj_50mhz ; 1.000        ; -0.233     ; 1.872      ;
; -1.112 ; divisor_frecuencia:INST_DIVISOR|contador_ciclos[10] ; divisor_frecuencia:INST_DIVISOR|reloj_interno       ; reloj_50mhz  ; reloj_50mhz ; 1.000        ; -0.233     ; 1.866      ;
; -1.094 ; divisor_frecuencia:INST_DIVISOR|contador_ciclos[20] ; divisor_frecuencia:INST_DIVISOR|reloj_interno       ; reloj_50mhz  ; reloj_50mhz ; 1.000        ; -0.035     ; 2.046      ;
; -1.091 ; divisor_frecuencia:INST_DIVISOR|contador_ciclos[17] ; divisor_frecuencia:INST_DIVISOR|reloj_interno       ; reloj_50mhz  ; reloj_50mhz ; 1.000        ; -0.035     ; 2.043      ;
; -1.084 ; divisor_frecuencia:INST_DIVISOR|contador_ciclos[8]  ; divisor_frecuencia:INST_DIVISOR|reloj_interno       ; reloj_50mhz  ; reloj_50mhz ; 1.000        ; -0.036     ; 2.035      ;
; -1.084 ; divisor_frecuencia:INST_DIVISOR|contador_ciclos[7]  ; divisor_frecuencia:INST_DIVISOR|reloj_interno       ; reloj_50mhz  ; reloj_50mhz ; 1.000        ; -0.036     ; 2.035      ;
; -1.067 ; divisor_frecuencia:INST_DIVISOR|contador_ciclos[1]  ; divisor_frecuencia:INST_DIVISOR|reloj_interno       ; reloj_50mhz  ; reloj_50mhz ; 1.000        ; -0.036     ; 2.018      ;
; -1.059 ; divisor_frecuencia:INST_DIVISOR|contador_ciclos[2]  ; divisor_frecuencia:INST_DIVISOR|reloj_interno       ; reloj_50mhz  ; reloj_50mhz ; 1.000        ; -0.036     ; 2.010      ;
; -1.058 ; divisor_frecuencia:INST_DIVISOR|contador_ciclos[5]  ; divisor_frecuencia:INST_DIVISOR|reloj_interno       ; reloj_50mhz  ; reloj_50mhz ; 1.000        ; -0.036     ; 2.009      ;
; -1.055 ; divisor_frecuencia:INST_DIVISOR|contador_ciclos[14] ; divisor_frecuencia:INST_DIVISOR|reloj_interno       ; reloj_50mhz  ; reloj_50mhz ; 1.000        ; -0.035     ; 2.007      ;
; -1.036 ; control_boton:INST_BOTON|contador_duracion[19]      ; control_boton:INST_BOTON|contador_duracion[8]       ; reloj_50mhz  ; reloj_50mhz ; 1.000        ; -0.032     ; 1.991      ;
; -1.027 ; divisor_frecuencia:INST_DIVISOR|contador_ciclos[15] ; divisor_frecuencia:INST_DIVISOR|reloj_interno       ; reloj_50mhz  ; reloj_50mhz ; 1.000        ; -0.035     ; 1.979      ;
; -1.026 ; divisor_frecuencia:INST_DIVISOR|contador_ciclos[25] ; divisor_frecuencia:INST_DIVISOR|reloj_interno       ; reloj_50mhz  ; reloj_50mhz ; 1.000        ; -0.035     ; 1.978      ;
; -1.024 ; divisor_frecuencia:INST_DIVISOR|contador_ciclos[16] ; divisor_frecuencia:INST_DIVISOR|reloj_interno       ; reloj_50mhz  ; reloj_50mhz ; 1.000        ; -0.035     ; 1.976      ;
; -1.022 ; divisor_frecuencia:INST_DIVISOR|contador_ciclos[19] ; divisor_frecuencia:INST_DIVISOR|reloj_interno       ; reloj_50mhz  ; reloj_50mhz ; 1.000        ; -0.035     ; 1.974      ;
; -1.022 ; control_boton:INST_BOTON|contador_duracion[18]      ; control_boton:INST_BOTON|contador_duracion[8]       ; reloj_50mhz  ; reloj_50mhz ; 1.000        ; -0.032     ; 1.977      ;
; -1.020 ; control_boton:INST_BOTON|contador_duracion[20]      ; control_boton:INST_BOTON|contador_duracion[8]       ; reloj_50mhz  ; reloj_50mhz ; 1.000        ; -0.032     ; 1.975      ;
; -1.011 ; divisor_frecuencia:INST_DIVISOR|contador_ciclos[12] ; divisor_frecuencia:INST_DIVISOR|reloj_interno       ; reloj_50mhz  ; reloj_50mhz ; 1.000        ; -0.035     ; 1.963      ;
; -0.995 ; divisor_frecuencia:INST_DIVISOR|contador_ciclos[3]  ; divisor_frecuencia:INST_DIVISOR|contador_ciclos[24] ; reloj_50mhz  ; reloj_50mhz ; 1.000        ; -0.233     ; 1.749      ;
; -0.994 ; divisor_frecuencia:INST_DIVISOR|contador_ciclos[6]  ; divisor_frecuencia:INST_DIVISOR|reloj_interno       ; reloj_50mhz  ; reloj_50mhz ; 1.000        ; -0.036     ; 1.945      ;
; -0.982 ; control_boton:INST_BOTON|contador_duracion[9]       ; control_boton:INST_BOTON|contador_duracion[8]       ; reloj_50mhz  ; reloj_50mhz ; 1.000        ; -0.231     ; 1.738      ;
; -0.977 ; control_boton:INST_BOTON|contador_antirrebote[7]    ; control_boton:INST_BOTON|contador_antirrebote[6]    ; reloj_50mhz  ; reloj_50mhz ; 1.000        ; -0.035     ; 1.929      ;
; -0.977 ; control_boton:INST_BOTON|contador_antirrebote[7]    ; control_boton:INST_BOTON|contador_antirrebote[7]    ; reloj_50mhz  ; reloj_50mhz ; 1.000        ; -0.035     ; 1.929      ;
; -0.977 ; control_boton:INST_BOTON|contador_antirrebote[7]    ; control_boton:INST_BOTON|contador_antirrebote[8]    ; reloj_50mhz  ; reloj_50mhz ; 1.000        ; -0.035     ; 1.929      ;
; -0.977 ; control_boton:INST_BOTON|contador_antirrebote[7]    ; control_boton:INST_BOTON|contador_antirrebote[9]    ; reloj_50mhz  ; reloj_50mhz ; 1.000        ; -0.035     ; 1.929      ;
; -0.972 ; control_boton:INST_BOTON|contador_antirrebote[6]    ; control_boton:INST_BOTON|contador_antirrebote[6]    ; reloj_50mhz  ; reloj_50mhz ; 1.000        ; -0.035     ; 1.924      ;
; -0.972 ; control_boton:INST_BOTON|contador_antirrebote[6]    ; control_boton:INST_BOTON|contador_antirrebote[7]    ; reloj_50mhz  ; reloj_50mhz ; 1.000        ; -0.035     ; 1.924      ;
; -0.972 ; control_boton:INST_BOTON|contador_antirrebote[6]    ; control_boton:INST_BOTON|contador_antirrebote[8]    ; reloj_50mhz  ; reloj_50mhz ; 1.000        ; -0.035     ; 1.924      ;
; -0.972 ; control_boton:INST_BOTON|contador_antirrebote[6]    ; control_boton:INST_BOTON|contador_antirrebote[9]    ; reloj_50mhz  ; reloj_50mhz ; 1.000        ; -0.035     ; 1.924      ;
; -0.953 ; divisor_frecuencia:INST_DIVISOR|contador_ciclos[11] ; divisor_frecuencia:INST_DIVISOR|reloj_interno       ; reloj_50mhz  ; reloj_50mhz ; 1.000        ; -0.035     ; 1.905      ;
; -0.947 ; control_boton:INST_BOTON|contador_duracion[10]      ; control_boton:INST_BOTON|contador_duracion[8]       ; reloj_50mhz  ; reloj_50mhz ; 1.000        ; -0.231     ; 1.703      ;
; -0.943 ; control_boton:INST_BOTON|contador_duracion[8]       ; control_boton:INST_BOTON|contador_duracion[8]       ; reloj_50mhz  ; reloj_50mhz ; 1.000        ; -0.035     ; 1.895      ;
; -0.942 ; divisor_frecuencia:INST_DIVISOR|contador_ciclos[3]  ; divisor_frecuencia:INST_DIVISOR|contador_ciclos[21] ; reloj_50mhz  ; reloj_50mhz ; 1.000        ; -0.233     ; 1.696      ;
; -0.931 ; divisor_frecuencia:INST_DIVISOR|contador_ciclos[4]  ; divisor_frecuencia:INST_DIVISOR|contador_ciclos[11] ; reloj_50mhz  ; reloj_50mhz ; 1.000        ; -0.233     ; 1.685      ;
; -0.930 ; divisor_frecuencia:INST_DIVISOR|contador_ciclos[4]  ; divisor_frecuencia:INST_DIVISOR|contador_ciclos[21] ; reloj_50mhz  ; reloj_50mhz ; 1.000        ; -0.233     ; 1.684      ;
; -0.930 ; divisor_frecuencia:INST_DIVISOR|contador_ciclos[3]  ; divisor_frecuencia:INST_DIVISOR|contador_ciclos[22] ; reloj_50mhz  ; reloj_50mhz ; 1.000        ; -0.233     ; 1.684      ;
; -0.925 ; control_boton:INST_BOTON|contador_duracion[19]      ; control_boton:INST_BOTON|contador_duracion[17]      ; reloj_50mhz  ; reloj_50mhz ; 1.000        ; -0.034     ; 1.878      ;
; -0.925 ; control_boton:INST_BOTON|contador_duracion[19]      ; control_boton:INST_BOTON|contador_duracion[19]      ; reloj_50mhz  ; reloj_50mhz ; 1.000        ; -0.034     ; 1.878      ;
; -0.925 ; control_boton:INST_BOTON|contador_duracion[19]      ; control_boton:INST_BOTON|contador_duracion[13]      ; reloj_50mhz  ; reloj_50mhz ; 1.000        ; -0.034     ; 1.878      ;
; -0.925 ; control_boton:INST_BOTON|contador_duracion[19]      ; control_boton:INST_BOTON|contador_duracion[14]      ; reloj_50mhz  ; reloj_50mhz ; 1.000        ; -0.034     ; 1.878      ;
; -0.925 ; control_boton:INST_BOTON|contador_duracion[19]      ; control_boton:INST_BOTON|contador_duracion[15]      ; reloj_50mhz  ; reloj_50mhz ; 1.000        ; -0.034     ; 1.878      ;
; -0.925 ; control_boton:INST_BOTON|contador_duracion[19]      ; control_boton:INST_BOTON|contador_duracion[18]      ; reloj_50mhz  ; reloj_50mhz ; 1.000        ; -0.034     ; 1.878      ;
; -0.925 ; control_boton:INST_BOTON|contador_duracion[19]      ; control_boton:INST_BOTON|contador_duracion[20]      ; reloj_50mhz  ; reloj_50mhz ; 1.000        ; -0.034     ; 1.878      ;
; -0.925 ; control_boton:INST_BOTON|contador_duracion[19]      ; control_boton:INST_BOTON|contador_duracion[21]      ; reloj_50mhz  ; reloj_50mhz ; 1.000        ; -0.034     ; 1.878      ;
; -0.925 ; control_boton:INST_BOTON|contador_duracion[19]      ; control_boton:INST_BOTON|contador_duracion[23]      ; reloj_50mhz  ; reloj_50mhz ; 1.000        ; -0.034     ; 1.878      ;
; -0.923 ; divisor_frecuencia:INST_DIVISOR|contador_ciclos[23] ; divisor_frecuencia:INST_DIVISOR|contador_ciclos[11] ; reloj_50mhz  ; reloj_50mhz ; 1.000        ; -0.035     ; 1.875      ;
; -0.922 ; divisor_frecuencia:INST_DIVISOR|contador_ciclos[23] ; divisor_frecuencia:INST_DIVISOR|contador_ciclos[21] ; reloj_50mhz  ; reloj_50mhz ; 1.000        ; -0.035     ; 1.874      ;
; -0.919 ; divisor_frecuencia:INST_DIVISOR|contador_ciclos[13] ; divisor_frecuencia:INST_DIVISOR|reloj_interno       ; reloj_50mhz  ; reloj_50mhz ; 1.000        ; -0.035     ; 1.871      ;
; -0.911 ; control_boton:INST_BOTON|contador_duracion[18]      ; control_boton:INST_BOTON|contador_duracion[17]      ; reloj_50mhz  ; reloj_50mhz ; 1.000        ; -0.034     ; 1.864      ;
; -0.911 ; control_boton:INST_BOTON|contador_duracion[18]      ; control_boton:INST_BOTON|contador_duracion[19]      ; reloj_50mhz  ; reloj_50mhz ; 1.000        ; -0.034     ; 1.864      ;
; -0.911 ; control_boton:INST_BOTON|contador_duracion[18]      ; control_boton:INST_BOTON|contador_duracion[13]      ; reloj_50mhz  ; reloj_50mhz ; 1.000        ; -0.034     ; 1.864      ;
; -0.911 ; control_boton:INST_BOTON|contador_duracion[18]      ; control_boton:INST_BOTON|contador_duracion[14]      ; reloj_50mhz  ; reloj_50mhz ; 1.000        ; -0.034     ; 1.864      ;
; -0.911 ; control_boton:INST_BOTON|contador_duracion[18]      ; control_boton:INST_BOTON|contador_duracion[15]      ; reloj_50mhz  ; reloj_50mhz ; 1.000        ; -0.034     ; 1.864      ;
; -0.911 ; control_boton:INST_BOTON|contador_duracion[18]      ; control_boton:INST_BOTON|contador_duracion[18]      ; reloj_50mhz  ; reloj_50mhz ; 1.000        ; -0.034     ; 1.864      ;
; -0.911 ; control_boton:INST_BOTON|contador_duracion[18]      ; control_boton:INST_BOTON|contador_duracion[20]      ; reloj_50mhz  ; reloj_50mhz ; 1.000        ; -0.034     ; 1.864      ;
; -0.911 ; control_boton:INST_BOTON|contador_duracion[18]      ; control_boton:INST_BOTON|contador_duracion[21]      ; reloj_50mhz  ; reloj_50mhz ; 1.000        ; -0.034     ; 1.864      ;
; -0.911 ; control_boton:INST_BOTON|contador_duracion[18]      ; control_boton:INST_BOTON|contador_duracion[23]      ; reloj_50mhz  ; reloj_50mhz ; 1.000        ; -0.034     ; 1.864      ;
; -0.909 ; control_boton:INST_BOTON|contador_duracion[20]      ; control_boton:INST_BOTON|contador_duracion[17]      ; reloj_50mhz  ; reloj_50mhz ; 1.000        ; -0.034     ; 1.862      ;
; -0.909 ; control_boton:INST_BOTON|contador_duracion[20]      ; control_boton:INST_BOTON|contador_duracion[19]      ; reloj_50mhz  ; reloj_50mhz ; 1.000        ; -0.034     ; 1.862      ;
; -0.909 ; control_boton:INST_BOTON|contador_duracion[20]      ; control_boton:INST_BOTON|contador_duracion[13]      ; reloj_50mhz  ; reloj_50mhz ; 1.000        ; -0.034     ; 1.862      ;
; -0.909 ; control_boton:INST_BOTON|contador_duracion[20]      ; control_boton:INST_BOTON|contador_duracion[14]      ; reloj_50mhz  ; reloj_50mhz ; 1.000        ; -0.034     ; 1.862      ;
; -0.909 ; control_boton:INST_BOTON|contador_duracion[20]      ; control_boton:INST_BOTON|contador_duracion[15]      ; reloj_50mhz  ; reloj_50mhz ; 1.000        ; -0.034     ; 1.862      ;
; -0.909 ; control_boton:INST_BOTON|contador_duracion[20]      ; control_boton:INST_BOTON|contador_duracion[18]      ; reloj_50mhz  ; reloj_50mhz ; 1.000        ; -0.034     ; 1.862      ;
; -0.909 ; control_boton:INST_BOTON|contador_duracion[20]      ; control_boton:INST_BOTON|contador_duracion[20]      ; reloj_50mhz  ; reloj_50mhz ; 1.000        ; -0.034     ; 1.862      ;
; -0.909 ; control_boton:INST_BOTON|contador_duracion[20]      ; control_boton:INST_BOTON|contador_duracion[21]      ; reloj_50mhz  ; reloj_50mhz ; 1.000        ; -0.034     ; 1.862      ;
; -0.909 ; control_boton:INST_BOTON|contador_duracion[20]      ; control_boton:INST_BOTON|contador_duracion[23]      ; reloj_50mhz  ; reloj_50mhz ; 1.000        ; -0.034     ; 1.862      ;
; -0.902 ; control_boton:INST_BOTON|contador_duracion[12]      ; control_boton:INST_BOTON|contador_duracion[8]       ; reloj_50mhz  ; reloj_50mhz ; 1.000        ; -0.231     ; 1.658      ;
; -0.900 ; control_boton:INST_BOTON|contador_antirrebote[9]    ; control_boton:INST_BOTON|contador_antirrebote[6]    ; reloj_50mhz  ; reloj_50mhz ; 1.000        ; -0.035     ; 1.852      ;
; -0.900 ; control_boton:INST_BOTON|contador_antirrebote[9]    ; control_boton:INST_BOTON|contador_antirrebote[7]    ; reloj_50mhz  ; reloj_50mhz ; 1.000        ; -0.035     ; 1.852      ;
; -0.900 ; control_boton:INST_BOTON|contador_antirrebote[9]    ; control_boton:INST_BOTON|contador_antirrebote[8]    ; reloj_50mhz  ; reloj_50mhz ; 1.000        ; -0.035     ; 1.852      ;
; -0.900 ; control_boton:INST_BOTON|contador_antirrebote[9]    ; control_boton:INST_BOTON|contador_antirrebote[9]    ; reloj_50mhz  ; reloj_50mhz ; 1.000        ; -0.035     ; 1.852      ;
; -0.899 ; divisor_frecuencia:INST_DIVISOR|contador_ciclos[21] ; divisor_frecuencia:INST_DIVISOR|contador_ciclos[11] ; reloj_50mhz  ; reloj_50mhz ; 1.000        ; -0.035     ; 1.851      ;
; -0.898 ; divisor_frecuencia:INST_DIVISOR|contador_ciclos[21] ; divisor_frecuencia:INST_DIVISOR|contador_ciclos[21] ; reloj_50mhz  ; reloj_50mhz ; 1.000        ; -0.035     ; 1.850      ;
; -0.898 ; divisor_frecuencia:INST_DIVISOR|contador_ciclos[18] ; divisor_frecuencia:INST_DIVISOR|contador_ciclos[11] ; reloj_50mhz  ; reloj_50mhz ; 1.000        ; -0.035     ; 1.850      ;
; -0.897 ; control_boton:INST_BOTON|contador_duracion[17]      ; control_boton:INST_BOTON|contador_duracion[8]       ; reloj_50mhz  ; reloj_50mhz ; 1.000        ; -0.032     ; 1.852      ;
; -0.897 ; divisor_frecuencia:INST_DIVISOR|contador_ciclos[18] ; divisor_frecuencia:INST_DIVISOR|contador_ciclos[21] ; reloj_50mhz  ; reloj_50mhz ; 1.000        ; -0.035     ; 1.849      ;
; -0.893 ; control_boton:INST_BOTON|contador_duracion[11]      ; control_boton:INST_BOTON|contador_duracion[8]       ; reloj_50mhz  ; reloj_50mhz ; 1.000        ; -0.231     ; 1.649      ;
; -0.892 ; control_boton:INST_BOTON|contador_duracion[21]      ; control_boton:INST_BOTON|contador_duracion[8]       ; reloj_50mhz  ; reloj_50mhz ; 1.000        ; -0.032     ; 1.847      ;
; -0.884 ; divisor_frecuencia:INST_DIVISOR|contador_ciclos[24] ; divisor_frecuencia:INST_DIVISOR|contador_ciclos[11] ; reloj_50mhz  ; reloj_50mhz ; 1.000        ; -0.035     ; 1.836      ;
; -0.883 ; divisor_frecuencia:INST_DIVISOR|contador_ciclos[4]  ; divisor_frecuencia:INST_DIVISOR|contador_ciclos[24] ; reloj_50mhz  ; reloj_50mhz ; 1.000        ; -0.233     ; 1.637      ;
; -0.883 ; divisor_frecuencia:INST_DIVISOR|contador_ciclos[24] ; divisor_frecuencia:INST_DIVISOR|contador_ciclos[21] ; reloj_50mhz  ; reloj_50mhz ; 1.000        ; -0.035     ; 1.835      ;
; -0.881 ; divisor_frecuencia:INST_DIVISOR|contador_ciclos[0]  ; divisor_frecuencia:INST_DIVISOR|contador_ciclos[11] ; reloj_50mhz  ; reloj_50mhz ; 1.000        ; -0.036     ; 1.832      ;
; -0.880 ; control_boton:INST_BOTON|contador_antirrebote[13]   ; control_boton:INST_BOTON|contador_antirrebote[6]    ; reloj_50mhz  ; reloj_50mhz ; 1.000        ; -0.033     ; 1.834      ;
; -0.880 ; control_boton:INST_BOTON|contador_antirrebote[13]   ; control_boton:INST_BOTON|contador_antirrebote[7]    ; reloj_50mhz  ; reloj_50mhz ; 1.000        ; -0.033     ; 1.834      ;
; -0.880 ; control_boton:INST_BOTON|contador_antirrebote[13]   ; control_boton:INST_BOTON|contador_antirrebote[8]    ; reloj_50mhz  ; reloj_50mhz ; 1.000        ; -0.033     ; 1.834      ;
; -0.880 ; control_boton:INST_BOTON|contador_antirrebote[13]   ; control_boton:INST_BOTON|contador_antirrebote[9]    ; reloj_50mhz  ; reloj_50mhz ; 1.000        ; -0.033     ; 1.834      ;
; -0.880 ; divisor_frecuencia:INST_DIVISOR|contador_ciclos[0]  ; divisor_frecuencia:INST_DIVISOR|contador_ciclos[21] ; reloj_50mhz  ; reloj_50mhz ; 1.000        ; -0.036     ; 1.831      ;
; -0.877 ; divisor_frecuencia:INST_DIVISOR|contador_ciclos[9]  ; divisor_frecuencia:INST_DIVISOR|contador_ciclos[11] ; reloj_50mhz  ; reloj_50mhz ; 1.000        ; -0.233     ; 1.631      ;
; -0.876 ; control_boton:INST_BOTON|contador_duracion[19]      ; control_boton:INST_BOTON|estado_marcha              ; reloj_50mhz  ; reloj_50mhz ; 1.000        ; -0.033     ; 1.830      ;
; -0.876 ; divisor_frecuencia:INST_DIVISOR|contador_ciclos[9]  ; divisor_frecuencia:INST_DIVISOR|contador_ciclos[21] ; reloj_50mhz  ; reloj_50mhz ; 1.000        ; -0.233     ; 1.630      ;
; -0.874 ; divisor_frecuencia:INST_DIVISOR|contador_ciclos[1]  ; divisor_frecuencia:INST_DIVISOR|contador_ciclos[24] ; reloj_50mhz  ; reloj_50mhz ; 1.000        ; -0.036     ; 1.825      ;
; -0.874 ; control_boton:INST_BOTON|contador_antirrebote[12]   ; control_boton:INST_BOTON|contador_antirrebote[6]    ; reloj_50mhz  ; reloj_50mhz ; 1.000        ; -0.033     ; 1.828      ;
+--------+-----------------------------------------------------+-----------------------------------------------------+--------------+-------------+--------------+------------+------------+


+-----------------------------------------------------------------------------------------------------------------------------------------------------------------------------------------------------------------------------------------+
; Fast 1200mV 0C Model Setup: 'divisor_frecuencia:INST_DIVISOR|reloj_interno'                                                                                                                                                             ;
+--------+-------------------------------------------+-------------------------------------------+-----------------------------------------------+-----------------------------------------------+--------------+------------+------------+
; Slack  ; From Node                                 ; To Node                                   ; Launch Clock                                  ; Latch Clock                                   ; Relationship ; Clock Skew ; Data Delay ;
+--------+-------------------------------------------+-------------------------------------------+-----------------------------------------------+-----------------------------------------------+--------------+------------+------------+
; -0.364 ; contador_segundos:INST_SEGUNDOS|decena[2] ; contador_minutos:INST_MINUTOS|minutos[3]  ; divisor_frecuencia:INST_DIVISOR|reloj_interno ; divisor_frecuencia:INST_DIVISOR|reloj_interno ; 1.000        ; -0.036     ; 1.315      ;
; -0.363 ; contador_segundos:INST_SEGUNDOS|decena[1] ; contador_minutos:INST_MINUTOS|minutos[3]  ; divisor_frecuencia:INST_DIVISOR|reloj_interno ; divisor_frecuencia:INST_DIVISOR|reloj_interno ; 1.000        ; -0.036     ; 1.314      ;
; -0.353 ; contador_segundos:INST_SEGUNDOS|decena[1] ; contador_minutos:INST_MINUTOS|minutos[1]  ; divisor_frecuencia:INST_DIVISOR|reloj_interno ; divisor_frecuencia:INST_DIVISOR|reloj_interno ; 1.000        ; -0.036     ; 1.304      ;
; -0.342 ; contador_segundos:INST_SEGUNDOS|decena[2] ; contador_segundos:INST_SEGUNDOS|decena[2] ; divisor_frecuencia:INST_DIVISOR|reloj_interno ; divisor_frecuencia:INST_DIVISOR|reloj_interno ; 1.000        ; -0.037     ; 1.292      ;
; -0.341 ; contador_segundos:INST_SEGUNDOS|decena[2] ; contador_segundos:INST_SEGUNDOS|decena[1] ; divisor_frecuencia:INST_DIVISOR|reloj_interno ; divisor_frecuencia:INST_DIVISOR|reloj_interno ; 1.000        ; -0.037     ; 1.291      ;
; -0.329 ; contador_minutos:INST_MINUTOS|minutos[2]  ; contador_minutos:INST_MINUTOS|minutos[3]  ; divisor_frecuencia:INST_DIVISOR|reloj_interno ; divisor_frecuencia:INST_DIVISOR|reloj_interno ; 1.000        ; -0.037     ; 1.279      ;
; -0.328 ; contador_segundos:INST_SEGUNDOS|decena[2] ; contador_minutos:INST_MINUTOS|minutos[1]  ; divisor_frecuencia:INST_DIVISOR|reloj_interno ; divisor_frecuencia:INST_DIVISOR|reloj_interno ; 1.000        ; -0.036     ; 1.279      ;
; -0.323 ; contador_segundos:INST_SEGUNDOS|decena[1] ; contador_segundos:INST_SEGUNDOS|decena[2] ; divisor_frecuencia:INST_DIVISOR|reloj_interno ; divisor_frecuencia:INST_DIVISOR|reloj_interno ; 1.000        ; -0.037     ; 1.273      ;
; -0.322 ; contador_segundos:INST_SEGUNDOS|decena[1] ; contador_segundos:INST_SEGUNDOS|decena[1] ; divisor_frecuencia:INST_DIVISOR|reloj_interno ; divisor_frecuencia:INST_DIVISOR|reloj_interno ; 1.000        ; -0.037     ; 1.272      ;
; -0.320 ; contador_minutos:INST_MINUTOS|minutos[0]  ; contador_minutos:INST_MINUTOS|minutos[3]  ; divisor_frecuencia:INST_DIVISOR|reloj_interno ; divisor_frecuencia:INST_DIVISOR|reloj_interno ; 1.000        ; -0.037     ; 1.270      ;
; -0.319 ; contador_minutos:INST_MINUTOS|minutos[2]  ; contador_minutos:INST_MINUTOS|minutos[1]  ; divisor_frecuencia:INST_DIVISOR|reloj_interno ; divisor_frecuencia:INST_DIVISOR|reloj_interno ; 1.000        ; -0.037     ; 1.269      ;
; -0.311 ; contador_segundos:INST_SEGUNDOS|decena[0] ; contador_minutos:INST_MINUTOS|minutos[3]  ; divisor_frecuencia:INST_DIVISOR|reloj_interno ; divisor_frecuencia:INST_DIVISOR|reloj_interno ; 1.000        ; -0.036     ; 1.262      ;
; -0.305 ; contador_minutos:INST_MINUTOS|minutos[0]  ; contador_minutos:INST_MINUTOS|minutos[1]  ; divisor_frecuencia:INST_DIVISOR|reloj_interno ; divisor_frecuencia:INST_DIVISOR|reloj_interno ; 1.000        ; -0.037     ; 1.255      ;
; -0.302 ; contador_segundos:INST_SEGUNDOS|unidad[3] ; contador_minutos:INST_MINUTOS|minutos[3]  ; divisor_frecuencia:INST_DIVISOR|reloj_interno ; divisor_frecuencia:INST_DIVISOR|reloj_interno ; 1.000        ; -0.038     ; 1.251      ;
; -0.289 ; contador_segundos:INST_SEGUNDOS|decena[0] ; contador_segundos:INST_SEGUNDOS|decena[2] ; divisor_frecuencia:INST_DIVISOR|reloj_interno ; divisor_frecuencia:INST_DIVISOR|reloj_interno ; 1.000        ; -0.037     ; 1.239      ;
; -0.288 ; contador_segundos:INST_SEGUNDOS|decena[0] ; contador_segundos:INST_SEGUNDOS|decena[1] ; divisor_frecuencia:INST_DIVISOR|reloj_interno ; divisor_frecuencia:INST_DIVISOR|reloj_interno ; 1.000        ; -0.037     ; 1.238      ;
; -0.280 ; contador_segundos:INST_SEGUNDOS|unidad[3] ; contador_segundos:INST_SEGUNDOS|decena[2] ; divisor_frecuencia:INST_DIVISOR|reloj_interno ; divisor_frecuencia:INST_DIVISOR|reloj_interno ; 1.000        ; -0.039     ; 1.228      ;
; -0.279 ; contador_segundos:INST_SEGUNDOS|unidad[3] ; contador_segundos:INST_SEGUNDOS|decena[1] ; divisor_frecuencia:INST_DIVISOR|reloj_interno ; divisor_frecuencia:INST_DIVISOR|reloj_interno ; 1.000        ; -0.039     ; 1.227      ;
; -0.275 ; contador_segundos:INST_SEGUNDOS|decena[0] ; contador_minutos:INST_MINUTOS|minutos[1]  ; divisor_frecuencia:INST_DIVISOR|reloj_interno ; divisor_frecuencia:INST_DIVISOR|reloj_interno ; 1.000        ; -0.036     ; 1.226      ;
; -0.270 ; contador_segundos:INST_SEGUNDOS|unidad[1] ; contador_minutos:INST_MINUTOS|minutos[3]  ; divisor_frecuencia:INST_DIVISOR|reloj_interno ; divisor_frecuencia:INST_DIVISOR|reloj_interno ; 1.000        ; -0.038     ; 1.219      ;
; -0.260 ; contador_segundos:INST_SEGUNDOS|decena[1] ; contador_segundos:INST_SEGUNDOS|unidad[0] ; divisor_frecuencia:INST_DIVISOR|reloj_interno ; divisor_frecuencia:INST_DIVISOR|reloj_interno ; 1.000        ; -0.036     ; 1.211      ;
; -0.260 ; contador_segundos:INST_SEGUNDOS|decena[1] ; contador_segundos:INST_SEGUNDOS|unidad[3] ; divisor_frecuencia:INST_DIVISOR|reloj_interno ; divisor_frecuencia:INST_DIVISOR|reloj_interno ; 1.000        ; -0.036     ; 1.211      ;
; -0.255 ; contador_segundos:INST_SEGUNDOS|decena[2] ; contador_minutos:INST_MINUTOS|minutos[0]  ; divisor_frecuencia:INST_DIVISOR|reloj_interno ; divisor_frecuencia:INST_DIVISOR|reloj_interno ; 1.000        ; -0.036     ; 1.206      ;
; -0.251 ; control_boton:INST_BOTON|estado_marcha    ; contador_minutos:INST_MINUTOS|minutos[3]  ; reloj_50mhz                                   ; divisor_frecuencia:INST_DIVISOR|reloj_interno ; 0.500        ; 0.405      ; 1.133      ;
; -0.248 ; contador_segundos:INST_SEGUNDOS|unidad[1] ; contador_segundos:INST_SEGUNDOS|decena[2] ; divisor_frecuencia:INST_DIVISOR|reloj_interno ; divisor_frecuencia:INST_DIVISOR|reloj_interno ; 1.000        ; -0.039     ; 1.196      ;
; -0.247 ; contador_segundos:INST_SEGUNDOS|unidad[1] ; contador_segundos:INST_SEGUNDOS|decena[1] ; divisor_frecuencia:INST_DIVISOR|reloj_interno ; divisor_frecuencia:INST_DIVISOR|reloj_interno ; 1.000        ; -0.039     ; 1.195      ;
; -0.246 ; contador_segundos:INST_SEGUNDOS|decena[2] ; contador_segundos:INST_SEGUNDOS|unidad[0] ; divisor_frecuencia:INST_DIVISOR|reloj_interno ; divisor_frecuencia:INST_DIVISOR|reloj_interno ; 1.000        ; -0.036     ; 1.197      ;
; -0.246 ; contador_segundos:INST_SEGUNDOS|decena[2] ; contador_segundos:INST_SEGUNDOS|unidad[3] ; divisor_frecuencia:INST_DIVISOR|reloj_interno ; divisor_frecuencia:INST_DIVISOR|reloj_interno ; 1.000        ; -0.036     ; 1.197      ;
; -0.243 ; contador_minutos:INST_MINUTOS|minutos[0]  ; contador_segundos:INST_SEGUNDOS|decena[1] ; divisor_frecuencia:INST_DIVISOR|reloj_interno ; divisor_frecuencia:INST_DIVISOR|reloj_interno ; 1.000        ; -0.038     ; 1.192      ;
; -0.241 ; control_boton:INST_BOTON|estado_marcha    ; contador_minutos:INST_MINUTOS|minutos[1]  ; reloj_50mhz                                   ; divisor_frecuencia:INST_DIVISOR|reloj_interno ; 0.500        ; 0.405      ; 1.123      ;
; -0.241 ; contador_minutos:INST_MINUTOS|minutos[0]  ; contador_segundos:INST_SEGUNDOS|decena[3] ; divisor_frecuencia:INST_DIVISOR|reloj_interno ; divisor_frecuencia:INST_DIVISOR|reloj_interno ; 1.000        ; -0.038     ; 1.190      ;
; -0.241 ; contador_minutos:INST_MINUTOS|minutos[0]  ; contador_segundos:INST_SEGUNDOS|decena[2] ; divisor_frecuencia:INST_DIVISOR|reloj_interno ; divisor_frecuencia:INST_DIVISOR|reloj_interno ; 1.000        ; -0.038     ; 1.190      ;
; -0.240 ; contador_minutos:INST_MINUTOS|minutos[0]  ; contador_segundos:INST_SEGUNDOS|decena[0] ; divisor_frecuencia:INST_DIVISOR|reloj_interno ; divisor_frecuencia:INST_DIVISOR|reloj_interno ; 1.000        ; -0.038     ; 1.189      ;
; -0.238 ; contador_segundos:INST_SEGUNDOS|decena[2] ; contador_minutos:INST_MINUTOS|minutos[2]  ; divisor_frecuencia:INST_DIVISOR|reloj_interno ; divisor_frecuencia:INST_DIVISOR|reloj_interno ; 1.000        ; -0.036     ; 1.189      ;
; -0.236 ; contador_segundos:INST_SEGUNDOS|decena[1] ; contador_minutos:INST_MINUTOS|minutos[0]  ; divisor_frecuencia:INST_DIVISOR|reloj_interno ; divisor_frecuencia:INST_DIVISOR|reloj_interno ; 1.000        ; -0.036     ; 1.187      ;
; -0.233 ; contador_minutos:INST_MINUTOS|minutos[3]  ; contador_minutos:INST_MINUTOS|minutos[3]  ; divisor_frecuencia:INST_DIVISOR|reloj_interno ; divisor_frecuencia:INST_DIVISOR|reloj_interno ; 1.000        ; -0.037     ; 1.183      ;
; -0.226 ; contador_minutos:INST_MINUTOS|minutos[2]  ; contador_segundos:INST_SEGUNDOS|decena[1] ; divisor_frecuencia:INST_DIVISOR|reloj_interno ; divisor_frecuencia:INST_DIVISOR|reloj_interno ; 1.000        ; -0.038     ; 1.175      ;
; -0.226 ; contador_minutos:INST_MINUTOS|minutos[2]  ; contador_segundos:INST_SEGUNDOS|unidad[0] ; divisor_frecuencia:INST_DIVISOR|reloj_interno ; divisor_frecuencia:INST_DIVISOR|reloj_interno ; 1.000        ; -0.037     ; 1.176      ;
; -0.226 ; contador_minutos:INST_MINUTOS|minutos[2]  ; contador_segundos:INST_SEGUNDOS|unidad[3] ; divisor_frecuencia:INST_DIVISOR|reloj_interno ; divisor_frecuencia:INST_DIVISOR|reloj_interno ; 1.000        ; -0.037     ; 1.176      ;
; -0.226 ; contador_minutos:INST_MINUTOS|minutos[2]  ; contador_segundos:INST_SEGUNDOS|decena[3] ; divisor_frecuencia:INST_DIVISOR|reloj_interno ; divisor_frecuencia:INST_DIVISOR|reloj_interno ; 1.000        ; -0.038     ; 1.175      ;
; -0.225 ; contador_segundos:INST_SEGUNDOS|unidad[1] ; contador_minutos:INST_MINUTOS|minutos[1]  ; divisor_frecuencia:INST_DIVISOR|reloj_interno ; divisor_frecuencia:INST_DIVISOR|reloj_interno ; 1.000        ; -0.038     ; 1.174      ;
; -0.225 ; contador_minutos:INST_MINUTOS|minutos[2]  ; contador_segundos:INST_SEGUNDOS|decena[2] ; divisor_frecuencia:INST_DIVISOR|reloj_interno ; divisor_frecuencia:INST_DIVISOR|reloj_interno ; 1.000        ; -0.038     ; 1.174      ;
; -0.225 ; contador_minutos:INST_MINUTOS|minutos[2]  ; contador_segundos:INST_SEGUNDOS|decena[0] ; divisor_frecuencia:INST_DIVISOR|reloj_interno ; divisor_frecuencia:INST_DIVISOR|reloj_interno ; 1.000        ; -0.038     ; 1.174      ;
; -0.223 ; contador_minutos:INST_MINUTOS|minutos[0]  ; contador_segundos:INST_SEGUNDOS|unidad[0] ; divisor_frecuencia:INST_DIVISOR|reloj_interno ; divisor_frecuencia:INST_DIVISOR|reloj_interno ; 1.000        ; -0.037     ; 1.173      ;
; -0.223 ; contador_minutos:INST_MINUTOS|minutos[0]  ; contador_segundos:INST_SEGUNDOS|unidad[3] ; divisor_frecuencia:INST_DIVISOR|reloj_interno ; divisor_frecuencia:INST_DIVISOR|reloj_interno ; 1.000        ; -0.037     ; 1.173      ;
; -0.219 ; contador_segundos:INST_SEGUNDOS|decena[1] ; contador_minutos:INST_MINUTOS|minutos[2]  ; divisor_frecuencia:INST_DIVISOR|reloj_interno ; divisor_frecuencia:INST_DIVISOR|reloj_interno ; 1.000        ; -0.036     ; 1.170      ;
; -0.218 ; contador_minutos:INST_MINUTOS|minutos[3]  ; contador_minutos:INST_MINUTOS|minutos[1]  ; divisor_frecuencia:INST_DIVISOR|reloj_interno ; divisor_frecuencia:INST_DIVISOR|reloj_interno ; 1.000        ; -0.037     ; 1.168      ;
; -0.218 ; contador_segundos:INST_SEGUNDOS|unidad[2] ; contador_minutos:INST_MINUTOS|minutos[3]  ; divisor_frecuencia:INST_DIVISOR|reloj_interno ; divisor_frecuencia:INST_DIVISOR|reloj_interno ; 1.000        ; -0.038     ; 1.167      ;
; -0.202 ; contador_segundos:INST_SEGUNDOS|decena[0] ; contador_minutos:INST_MINUTOS|minutos[0]  ; divisor_frecuencia:INST_DIVISOR|reloj_interno ; divisor_frecuencia:INST_DIVISOR|reloj_interno ; 1.000        ; -0.036     ; 1.153      ;
; -0.200 ; contador_segundos:INST_SEGUNDOS|decena[3] ; contador_minutos:INST_MINUTOS|minutos[3]  ; divisor_frecuencia:INST_DIVISOR|reloj_interno ; divisor_frecuencia:INST_DIVISOR|reloj_interno ; 1.000        ; -0.036     ; 1.151      ;
; -0.196 ; contador_segundos:INST_SEGUNDOS|unidad[2] ; contador_segundos:INST_SEGUNDOS|decena[2] ; divisor_frecuencia:INST_DIVISOR|reloj_interno ; divisor_frecuencia:INST_DIVISOR|reloj_interno ; 1.000        ; -0.039     ; 1.144      ;
; -0.195 ; contador_segundos:INST_SEGUNDOS|unidad[3] ; contador_minutos:INST_MINUTOS|minutos[1]  ; divisor_frecuencia:INST_DIVISOR|reloj_interno ; divisor_frecuencia:INST_DIVISOR|reloj_interno ; 1.000        ; -0.038     ; 1.144      ;
; -0.195 ; contador_segundos:INST_SEGUNDOS|unidad[2] ; contador_segundos:INST_SEGUNDOS|decena[1] ; divisor_frecuencia:INST_DIVISOR|reloj_interno ; divisor_frecuencia:INST_DIVISOR|reloj_interno ; 1.000        ; -0.039     ; 1.143      ;
; -0.193 ; contador_segundos:INST_SEGUNDOS|unidad[3] ; contador_minutos:INST_MINUTOS|minutos[0]  ; divisor_frecuencia:INST_DIVISOR|reloj_interno ; divisor_frecuencia:INST_DIVISOR|reloj_interno ; 1.000        ; -0.038     ; 1.142      ;
; -0.193 ; contador_segundos:INST_SEGUNDOS|decena[0] ; contador_segundos:INST_SEGUNDOS|unidad[0] ; divisor_frecuencia:INST_DIVISOR|reloj_interno ; divisor_frecuencia:INST_DIVISOR|reloj_interno ; 1.000        ; -0.036     ; 1.144      ;
; -0.193 ; contador_segundos:INST_SEGUNDOS|decena[0] ; contador_segundos:INST_SEGUNDOS|unidad[3] ; divisor_frecuencia:INST_DIVISOR|reloj_interno ; divisor_frecuencia:INST_DIVISOR|reloj_interno ; 1.000        ; -0.036     ; 1.144      ;
; -0.190 ; contador_segundos:INST_SEGUNDOS|decena[3] ; contador_minutos:INST_MINUTOS|minutos[1]  ; divisor_frecuencia:INST_DIVISOR|reloj_interno ; divisor_frecuencia:INST_DIVISOR|reloj_interno ; 1.000        ; -0.036     ; 1.141      ;
; -0.187 ; control_boton:INST_BOTON|estado_marcha    ; contador_segundos:INST_SEGUNDOS|decena[3] ; reloj_50mhz                                   ; divisor_frecuencia:INST_DIVISOR|reloj_interno ; 0.500        ; 0.404      ; 1.068      ;
; -0.187 ; control_boton:INST_BOTON|estado_marcha    ; contador_segundos:INST_SEGUNDOS|decena[1] ; reloj_50mhz                                   ; divisor_frecuencia:INST_DIVISOR|reloj_interno ; 0.500        ; 0.404      ; 1.068      ;
; -0.186 ; control_boton:INST_BOTON|estado_marcha    ; contador_segundos:INST_SEGUNDOS|decena[2] ; reloj_50mhz                                   ; divisor_frecuencia:INST_DIVISOR|reloj_interno ; 0.500        ; 0.404      ; 1.067      ;
; -0.186 ; control_boton:INST_BOTON|estado_marcha    ; contador_segundos:INST_SEGUNDOS|decena[0] ; reloj_50mhz                                   ; divisor_frecuencia:INST_DIVISOR|reloj_interno ; 0.500        ; 0.404      ; 1.067      ;
; -0.185 ; contador_segundos:INST_SEGUNDOS|unidad[0] ; contador_minutos:INST_MINUTOS|minutos[3]  ; divisor_frecuencia:INST_DIVISOR|reloj_interno ; divisor_frecuencia:INST_DIVISOR|reloj_interno ; 1.000        ; -0.038     ; 1.134      ;
; -0.185 ; contador_segundos:INST_SEGUNDOS|decena[0] ; contador_minutos:INST_MINUTOS|minutos[2]  ; divisor_frecuencia:INST_DIVISOR|reloj_interno ; divisor_frecuencia:INST_DIVISOR|reloj_interno ; 1.000        ; -0.036     ; 1.136      ;
; -0.176 ; contador_segundos:INST_SEGUNDOS|unidad[3] ; contador_minutos:INST_MINUTOS|minutos[2]  ; divisor_frecuencia:INST_DIVISOR|reloj_interno ; divisor_frecuencia:INST_DIVISOR|reloj_interno ; 1.000        ; -0.038     ; 1.125      ;
; -0.171 ; contador_segundos:INST_SEGUNDOS|decena[3] ; contador_segundos:INST_SEGUNDOS|decena[2] ; divisor_frecuencia:INST_DIVISOR|reloj_interno ; divisor_frecuencia:INST_DIVISOR|reloj_interno ; 1.000        ; -0.037     ; 1.121      ;
; -0.170 ; contador_segundos:INST_SEGUNDOS|decena[3] ; contador_segundos:INST_SEGUNDOS|decena[1] ; divisor_frecuencia:INST_DIVISOR|reloj_interno ; divisor_frecuencia:INST_DIVISOR|reloj_interno ; 1.000        ; -0.037     ; 1.120      ;
; -0.168 ; contador_segundos:INST_SEGUNDOS|unidad[1] ; contador_minutos:INST_MINUTOS|minutos[0]  ; divisor_frecuencia:INST_DIVISOR|reloj_interno ; divisor_frecuencia:INST_DIVISOR|reloj_interno ; 1.000        ; -0.038     ; 1.117      ;
; -0.163 ; contador_segundos:INST_SEGUNDOS|unidad[0] ; contador_segundos:INST_SEGUNDOS|decena[2] ; divisor_frecuencia:INST_DIVISOR|reloj_interno ; divisor_frecuencia:INST_DIVISOR|reloj_interno ; 1.000        ; -0.039     ; 1.111      ;
; -0.162 ; contador_segundos:INST_SEGUNDOS|unidad[0] ; contador_segundos:INST_SEGUNDOS|decena[1] ; divisor_frecuencia:INST_DIVISOR|reloj_interno ; divisor_frecuencia:INST_DIVISOR|reloj_interno ; 1.000        ; -0.039     ; 1.110      ;
; -0.160 ; contador_minutos:INST_MINUTOS|minutos[1]  ; contador_minutos:INST_MINUTOS|minutos[1]  ; divisor_frecuencia:INST_DIVISOR|reloj_interno ; divisor_frecuencia:INST_DIVISOR|reloj_interno ; 1.000        ; -0.037     ; 1.110      ;
; -0.158 ; contador_minutos:INST_MINUTOS|minutos[0]  ; contador_minutos:INST_MINUTOS|minutos[0]  ; divisor_frecuencia:INST_DIVISOR|reloj_interno ; divisor_frecuencia:INST_DIVISOR|reloj_interno ; 1.000        ; -0.037     ; 1.108      ;
; -0.157 ; contador_minutos:INST_MINUTOS|minutos[0]  ; contador_minutos:INST_MINUTOS|minutos[2]  ; divisor_frecuencia:INST_DIVISOR|reloj_interno ; divisor_frecuencia:INST_DIVISOR|reloj_interno ; 1.000        ; -0.037     ; 1.107      ;
; -0.156 ; contador_minutos:INST_MINUTOS|minutos[3]  ; contador_segundos:INST_SEGUNDOS|decena[1] ; divisor_frecuencia:INST_DIVISOR|reloj_interno ; divisor_frecuencia:INST_DIVISOR|reloj_interno ; 1.000        ; -0.038     ; 1.105      ;
; -0.156 ; contador_minutos:INST_MINUTOS|minutos[2]  ; contador_minutos:INST_MINUTOS|minutos[0]  ; divisor_frecuencia:INST_DIVISOR|reloj_interno ; divisor_frecuencia:INST_DIVISOR|reloj_interno ; 1.000        ; -0.037     ; 1.106      ;
; -0.154 ; contador_minutos:INST_MINUTOS|minutos[3]  ; contador_segundos:INST_SEGUNDOS|decena[3] ; divisor_frecuencia:INST_DIVISOR|reloj_interno ; divisor_frecuencia:INST_DIVISOR|reloj_interno ; 1.000        ; -0.038     ; 1.103      ;
; -0.154 ; contador_minutos:INST_MINUTOS|minutos[3]  ; contador_segundos:INST_SEGUNDOS|decena[2] ; divisor_frecuencia:INST_DIVISOR|reloj_interno ; divisor_frecuencia:INST_DIVISOR|reloj_interno ; 1.000        ; -0.038     ; 1.103      ;
; -0.153 ; contador_minutos:INST_MINUTOS|minutos[3]  ; contador_segundos:INST_SEGUNDOS|decena[0] ; divisor_frecuencia:INST_DIVISOR|reloj_interno ; divisor_frecuencia:INST_DIVISOR|reloj_interno ; 1.000        ; -0.038     ; 1.102      ;
; -0.151 ; contador_segundos:INST_SEGUNDOS|unidad[3] ; contador_segundos:INST_SEGUNDOS|decena[3] ; divisor_frecuencia:INST_DIVISOR|reloj_interno ; divisor_frecuencia:INST_DIVISOR|reloj_interno ; 1.000        ; -0.039     ; 1.099      ;
; -0.151 ; contador_minutos:INST_MINUTOS|minutos[2]  ; contador_minutos:INST_MINUTOS|minutos[2]  ; divisor_frecuencia:INST_DIVISOR|reloj_interno ; divisor_frecuencia:INST_DIVISOR|reloj_interno ; 1.000        ; -0.037     ; 1.101      ;
; -0.150 ; contador_segundos:INST_SEGUNDOS|unidad[3] ; contador_segundos:INST_SEGUNDOS|decena[0] ; divisor_frecuencia:INST_DIVISOR|reloj_interno ; divisor_frecuencia:INST_DIVISOR|reloj_interno ; 1.000        ; -0.039     ; 1.098      ;
; -0.148 ; control_boton:INST_BOTON|estado_marcha    ; contador_segundos:INST_SEGUNDOS|unidad[0] ; reloj_50mhz                                   ; divisor_frecuencia:INST_DIVISOR|reloj_interno ; 0.500        ; 0.405      ; 1.030      ;
; -0.148 ; control_boton:INST_BOTON|estado_marcha    ; contador_segundos:INST_SEGUNDOS|unidad[3] ; reloj_50mhz                                   ; divisor_frecuencia:INST_DIVISOR|reloj_interno ; 0.500        ; 0.405      ; 1.030      ;
; -0.147 ; contador_segundos:INST_SEGUNDOS|unidad[1] ; contador_minutos:INST_MINUTOS|minutos[2]  ; divisor_frecuencia:INST_DIVISOR|reloj_interno ; divisor_frecuencia:INST_DIVISOR|reloj_interno ; 1.000        ; -0.038     ; 1.096      ;
; -0.144 ; contador_segundos:INST_SEGUNDOS|unidad[2] ; contador_minutos:INST_MINUTOS|minutos[1]  ; divisor_frecuencia:INST_DIVISOR|reloj_interno ; divisor_frecuencia:INST_DIVISOR|reloj_interno ; 1.000        ; -0.038     ; 1.093      ;
; -0.138 ; contador_minutos:INST_MINUTOS|minutos[1]  ; contador_minutos:INST_MINUTOS|minutos[3]  ; divisor_frecuencia:INST_DIVISOR|reloj_interno ; divisor_frecuencia:INST_DIVISOR|reloj_interno ; 1.000        ; -0.037     ; 1.088      ;
; -0.136 ; contador_minutos:INST_MINUTOS|minutos[3]  ; contador_segundos:INST_SEGUNDOS|unidad[0] ; divisor_frecuencia:INST_DIVISOR|reloj_interno ; divisor_frecuencia:INST_DIVISOR|reloj_interno ; 1.000        ; -0.037     ; 1.086      ;
; -0.136 ; contador_minutos:INST_MINUTOS|minutos[3]  ; contador_segundos:INST_SEGUNDOS|unidad[3] ; divisor_frecuencia:INST_DIVISOR|reloj_interno ; divisor_frecuencia:INST_DIVISOR|reloj_interno ; 1.000        ; -0.037     ; 1.086      ;
; -0.132 ; contador_segundos:INST_SEGUNDOS|unidad[1] ; contador_segundos:INST_SEGUNDOS|unidad[0] ; divisor_frecuencia:INST_DIVISOR|reloj_interno ; divisor_frecuencia:INST_DIVISOR|reloj_interno ; 1.000        ; -0.038     ; 1.081      ;
; -0.132 ; contador_segundos:INST_SEGUNDOS|unidad[1] ; contador_segundos:INST_SEGUNDOS|unidad[3] ; divisor_frecuencia:INST_DIVISOR|reloj_interno ; divisor_frecuencia:INST_DIVISOR|reloj_interno ; 1.000        ; -0.038     ; 1.081      ;
; -0.123 ; contador_segundos:INST_SEGUNDOS|unidad[1] ; contador_segundos:INST_SEGUNDOS|decena[3] ; divisor_frecuencia:INST_DIVISOR|reloj_interno ; divisor_frecuencia:INST_DIVISOR|reloj_interno ; 1.000        ; -0.039     ; 1.071      ;
; -0.122 ; contador_segundos:INST_SEGUNDOS|unidad[1] ; contador_segundos:INST_SEGUNDOS|decena[0] ; divisor_frecuencia:INST_DIVISOR|reloj_interno ; divisor_frecuencia:INST_DIVISOR|reloj_interno ; 1.000        ; -0.039     ; 1.070      ;
; -0.113 ; contador_segundos:INST_SEGUNDOS|unidad[3] ; contador_segundos:INST_SEGUNDOS|unidad[0] ; divisor_frecuencia:INST_DIVISOR|reloj_interno ; divisor_frecuencia:INST_DIVISOR|reloj_interno ; 1.000        ; -0.038     ; 1.062      ;
; -0.113 ; contador_segundos:INST_SEGUNDOS|unidad[3] ; contador_segundos:INST_SEGUNDOS|unidad[3] ; divisor_frecuencia:INST_DIVISOR|reloj_interno ; divisor_frecuencia:INST_DIVISOR|reloj_interno ; 1.000        ; -0.038     ; 1.062      ;
; -0.109 ; contador_segundos:INST_SEGUNDOS|unidad[2] ; contador_minutos:INST_MINUTOS|minutos[0]  ; divisor_frecuencia:INST_DIVISOR|reloj_interno ; divisor_frecuencia:INST_DIVISOR|reloj_interno ; 1.000        ; -0.038     ; 1.058      ;
; -0.108 ; contador_segundos:INST_SEGUNDOS|unidad[0] ; contador_segundos:INST_SEGUNDOS|unidad[3] ; divisor_frecuencia:INST_DIVISOR|reloj_interno ; divisor_frecuencia:INST_DIVISOR|reloj_interno ; 1.000        ; -0.038     ; 1.057      ;
; -0.097 ; contador_segundos:INST_SEGUNDOS|decena[3] ; contador_segundos:INST_SEGUNDOS|unidad[0] ; divisor_frecuencia:INST_DIVISOR|reloj_interno ; divisor_frecuencia:INST_DIVISOR|reloj_interno ; 1.000        ; -0.036     ; 1.048      ;
; -0.097 ; contador_segundos:INST_SEGUNDOS|decena[3] ; contador_segundos:INST_SEGUNDOS|unidad[3] ; divisor_frecuencia:INST_DIVISOR|reloj_interno ; divisor_frecuencia:INST_DIVISOR|reloj_interno ; 1.000        ; -0.036     ; 1.048      ;
; -0.092 ; contador_segundos:INST_SEGUNDOS|unidad[2] ; contador_minutos:INST_MINUTOS|minutos[2]  ; divisor_frecuencia:INST_DIVISOR|reloj_interno ; divisor_frecuencia:INST_DIVISOR|reloj_interno ; 1.000        ; -0.038     ; 1.041      ;
; -0.089 ; contador_segundos:INST_SEGUNDOS|decena[1] ; contador_segundos:INST_SEGUNDOS|decena[3] ; divisor_frecuencia:INST_DIVISOR|reloj_interno ; divisor_frecuencia:INST_DIVISOR|reloj_interno ; 1.000        ; -0.037     ; 1.039      ;
; -0.088 ; contador_segundos:INST_SEGUNDOS|decena[1] ; contador_segundos:INST_SEGUNDOS|decena[0] ; divisor_frecuencia:INST_DIVISOR|reloj_interno ; divisor_frecuencia:INST_DIVISOR|reloj_interno ; 1.000        ; -0.037     ; 1.038      ;
+--------+-------------------------------------------+-------------------------------------------+-----------------------------------------------+-----------------------------------------------+--------------+------------+------------+


+---------------------------------------------------------------------------------------------------------------------------------------------------------------------------------------------------------------------------+
; Fast 1200mV 0C Model Hold: 'reloj_50mhz'                                                                                                                                                                                  ;
+--------+-----------------------------------------------------+-----------------------------------------------------+-----------------------------------------------+-------------+--------------+------------+------------+
; Slack  ; From Node                                           ; To Node                                             ; Launch Clock                                  ; Latch Clock ; Relationship ; Clock Skew ; Data Delay ;
+--------+-----------------------------------------------------+-----------------------------------------------------+-----------------------------------------------+-------------+--------------+------------+------------+
; -0.099 ; divisor_frecuencia:INST_DIVISOR|reloj_interno       ; divisor_frecuencia:INST_DIVISOR|reloj_interno       ; divisor_frecuencia:INST_DIVISOR|reloj_interno ; reloj_50mhz ; 0.000        ; 1.335      ; 1.455      ;
; 0.188  ; control_boton:INST_BOTON|estado_marcha              ; control_boton:INST_BOTON|estado_marcha              ; reloj_50mhz                                   ; reloj_50mhz ; 0.000        ; 0.035      ; 0.307      ;
; 0.206  ; divisor_frecuencia:INST_DIVISOR|contador_ciclos[25] ; divisor_frecuencia:INST_DIVISOR|contador_ciclos[25] ; reloj_50mhz                                   ; reloj_50mhz ; 0.000        ; 0.035      ; 0.325      ;
; 0.251  ; control_boton:INST_BOTON|contador_antirrebote[13]   ; control_boton:INST_BOTON|contador_antirrebote[14]   ; reloj_50mhz                                   ; reloj_50mhz ; 0.000        ; 0.232      ; 0.567      ;
; 0.253  ; control_boton:INST_BOTON|contador_duracion[15]      ; control_boton:INST_BOTON|contador_duracion[16]      ; reloj_50mhz                                   ; reloj_50mhz ; 0.000        ; 0.230      ; 0.567      ;
; 0.254  ; control_boton:INST_BOTON|contador_duracion[21]      ; control_boton:INST_BOTON|contador_duracion[22]      ; reloj_50mhz                                   ; reloj_50mhz ; 0.000        ; 0.230      ; 0.568      ;
; 0.261  ; divisor_frecuencia:INST_DIVISOR|contador_ciclos[8]  ; divisor_frecuencia:INST_DIVISOR|contador_ciclos[9]  ; reloj_50mhz                                   ; reloj_50mhz ; 0.000        ; 0.232      ; 0.577      ;
; 0.261  ; divisor_frecuencia:INST_DIVISOR|contador_ciclos[2]  ; divisor_frecuencia:INST_DIVISOR|contador_ciclos[3]  ; reloj_50mhz                                   ; reloj_50mhz ; 0.000        ; 0.232      ; 0.577      ;
; 0.262  ; control_boton:INST_BOTON|contador_duracion[23]      ; control_boton:INST_BOTON|contador_duracion[24]      ; reloj_50mhz                                   ; reloj_50mhz ; 0.000        ; 0.230      ; 0.576      ;
; 0.262  ; control_boton:INST_BOTON|contador_antirrebote[16]   ; control_boton:INST_BOTON|contador_antirrebote[17]   ; reloj_50mhz                                   ; reloj_50mhz ; 0.000        ; 0.232      ; 0.578      ;
; 0.264  ; divisor_frecuencia:INST_DIVISOR|contador_ciclos[8]  ; divisor_frecuencia:INST_DIVISOR|contador_ciclos[10] ; reloj_50mhz                                   ; reloj_50mhz ; 0.000        ; 0.232      ; 0.580      ;
; 0.264  ; divisor_frecuencia:INST_DIVISOR|contador_ciclos[2]  ; divisor_frecuencia:INST_DIVISOR|contador_ciclos[4]  ; reloj_50mhz                                   ; reloj_50mhz ; 0.000        ; 0.232      ; 0.580      ;
; 0.265  ; control_boton:INST_BOTON|contador_antirrebote[16]   ; control_boton:INST_BOTON|contador_antirrebote[18]   ; reloj_50mhz                                   ; reloj_50mhz ; 0.000        ; 0.232      ; 0.581      ;
; 0.265  ; control_boton:INST_BOTON|contador_antirrebote[12]   ; control_boton:INST_BOTON|contador_antirrebote[14]   ; reloj_50mhz                                   ; reloj_50mhz ; 0.000        ; 0.232      ; 0.581      ;
; 0.267  ; control_boton:INST_BOTON|contador_duracion[20]      ; control_boton:INST_BOTON|contador_duracion[22]      ; reloj_50mhz                                   ; reloj_50mhz ; 0.000        ; 0.230      ; 0.581      ;
; 0.272  ; control_boton:INST_BOTON|contador_duracion[8]       ; control_boton:INST_BOTON|contador_duracion[9]       ; reloj_50mhz                                   ; reloj_50mhz ; 0.000        ; 0.231      ; 0.587      ;
; 0.273  ; control_boton:INST_BOTON|contador_duracion[14]      ; control_boton:INST_BOTON|contador_duracion[16]      ; reloj_50mhz                                   ; reloj_50mhz ; 0.000        ; 0.230      ; 0.587      ;
; 0.275  ; control_boton:INST_BOTON|contador_duracion[8]       ; control_boton:INST_BOTON|contador_duracion[10]      ; reloj_50mhz                                   ; reloj_50mhz ; 0.000        ; 0.231      ; 0.590      ;
; 0.286  ; control_boton:INST_BOTON|contador_duracion[3]       ; control_boton:INST_BOTON|contador_duracion[3]       ; reloj_50mhz                                   ; reloj_50mhz ; 0.000        ; 0.043      ; 0.413      ;
; 0.286  ; control_boton:INST_BOTON|contador_antirrebote[5]    ; control_boton:INST_BOTON|contador_antirrebote[5]    ; reloj_50mhz                                   ; reloj_50mhz ; 0.000        ; 0.043      ; 0.413      ;
; 0.287  ; control_boton:INST_BOTON|contador_duracion[1]       ; control_boton:INST_BOTON|contador_duracion[1]       ; reloj_50mhz                                   ; reloj_50mhz ; 0.000        ; 0.043      ; 0.414      ;
; 0.287  ; control_boton:INST_BOTON|contador_duracion[2]       ; control_boton:INST_BOTON|contador_duracion[2]       ; reloj_50mhz                                   ; reloj_50mhz ; 0.000        ; 0.043      ; 0.414      ;
; 0.287  ; control_boton:INST_BOTON|contador_duracion[5]       ; control_boton:INST_BOTON|contador_duracion[5]       ; reloj_50mhz                                   ; reloj_50mhz ; 0.000        ; 0.043      ; 0.414      ;
; 0.287  ; control_boton:INST_BOTON|contador_duracion[7]       ; control_boton:INST_BOTON|contador_duracion[7]       ; reloj_50mhz                                   ; reloj_50mhz ; 0.000        ; 0.043      ; 0.414      ;
; 0.287  ; control_boton:INST_BOTON|contador_antirrebote[1]    ; control_boton:INST_BOTON|contador_antirrebote[1]    ; reloj_50mhz                                   ; reloj_50mhz ; 0.000        ; 0.043      ; 0.414      ;
; 0.287  ; control_boton:INST_BOTON|contador_antirrebote[3]    ; control_boton:INST_BOTON|contador_antirrebote[3]    ; reloj_50mhz                                   ; reloj_50mhz ; 0.000        ; 0.043      ; 0.414      ;
; 0.288  ; control_boton:INST_BOTON|contador_duracion[4]       ; control_boton:INST_BOTON|contador_duracion[4]       ; reloj_50mhz                                   ; reloj_50mhz ; 0.000        ; 0.043      ; 0.415      ;
; 0.288  ; control_boton:INST_BOTON|contador_duracion[6]       ; control_boton:INST_BOTON|contador_duracion[6]       ; reloj_50mhz                                   ; reloj_50mhz ; 0.000        ; 0.043      ; 0.415      ;
; 0.288  ; control_boton:INST_BOTON|contador_antirrebote[2]    ; control_boton:INST_BOTON|contador_antirrebote[2]    ; reloj_50mhz                                   ; reloj_50mhz ; 0.000        ; 0.043      ; 0.415      ;
; 0.289  ; control_boton:INST_BOTON|contador_antirrebote[4]    ; control_boton:INST_BOTON|contador_antirrebote[4]    ; reloj_50mhz                                   ; reloj_50mhz ; 0.000        ; 0.043      ; 0.416      ;
; 0.290  ; divisor_frecuencia:INST_DIVISOR|contador_ciclos[3]  ; divisor_frecuencia:INST_DIVISOR|contador_ciclos[3]  ; reloj_50mhz                                   ; reloj_50mhz ; 0.000        ; 0.043      ; 0.417      ;
; 0.291  ; divisor_frecuencia:INST_DIVISOR|contador_ciclos[9]  ; divisor_frecuencia:INST_DIVISOR|contador_ciclos[9]  ; reloj_50mhz                                   ; reloj_50mhz ; 0.000        ; 0.043      ; 0.418      ;
; 0.292  ; control_boton:INST_BOTON|contador_duracion[16]      ; control_boton:INST_BOTON|contador_duracion[16]      ; reloj_50mhz                                   ; reloj_50mhz ; 0.000        ; 0.042      ; 0.418      ;
; 0.293  ; divisor_frecuencia:INST_DIVISOR|contador_ciclos[4]  ; divisor_frecuencia:INST_DIVISOR|contador_ciclos[4]  ; reloj_50mhz                                   ; reloj_50mhz ; 0.000        ; 0.043      ; 0.420      ;
; 0.295  ; control_boton:INST_BOTON|contador_antirrebote[14]   ; control_boton:INST_BOTON|contador_antirrebote[14]   ; reloj_50mhz                                   ; reloj_50mhz ; 0.000        ; 0.042      ; 0.421      ;
; 0.295  ; control_boton:INST_BOTON|contador_antirrebote[18]   ; control_boton:INST_BOTON|contador_antirrebote[18]   ; reloj_50mhz                                   ; reloj_50mhz ; 0.000        ; 0.042      ; 0.421      ;
; 0.296  ; control_boton:INST_BOTON|contador_duracion[0]       ; control_boton:INST_BOTON|contador_duracion[0]       ; reloj_50mhz                                   ; reloj_50mhz ; 0.000        ; 0.043      ; 0.423      ;
; 0.296  ; control_boton:INST_BOTON|contador_antirrebote[0]    ; control_boton:INST_BOTON|contador_antirrebote[0]    ; reloj_50mhz                                   ; reloj_50mhz ; 0.000        ; 0.043      ; 0.423      ;
; 0.298  ; control_boton:INST_BOTON|contador_duracion[11]      ; control_boton:INST_BOTON|contador_duracion[11]      ; reloj_50mhz                                   ; reloj_50mhz ; 0.000        ; 0.043      ; 0.425      ;
; 0.298  ; control_boton:INST_BOTON|contador_duracion[12]      ; control_boton:INST_BOTON|contador_duracion[12]      ; reloj_50mhz                                   ; reloj_50mhz ; 0.000        ; 0.043      ; 0.425      ;
; 0.298  ; control_boton:INST_BOTON|contador_antirrebote[7]    ; control_boton:INST_BOTON|contador_antirrebote[7]    ; reloj_50mhz                                   ; reloj_50mhz ; 0.000        ; 0.035      ; 0.417      ;
; 0.298  ; divisor_frecuencia:INST_DIVISOR|contador_ciclos[10] ; divisor_frecuencia:INST_DIVISOR|contador_ciclos[10] ; reloj_50mhz                                   ; reloj_50mhz ; 0.000        ; 0.043      ; 0.425      ;
; 0.298  ; control_boton:INST_BOTON|contador_duracion[10]      ; control_boton:INST_BOTON|contador_duracion[10]      ; reloj_50mhz                                   ; reloj_50mhz ; 0.000        ; 0.043      ; 0.425      ;
; 0.299  ; divisor_frecuencia:INST_DIVISOR|contador_ciclos[5]  ; divisor_frecuencia:INST_DIVISOR|contador_ciclos[5]  ; reloj_50mhz                                   ; reloj_50mhz ; 0.000        ; 0.035      ; 0.418      ;
; 0.299  ; control_boton:INST_BOTON|contador_duracion[26]      ; control_boton:INST_BOTON|contador_duracion[26]      ; reloj_50mhz                                   ; reloj_50mhz ; 0.000        ; 0.042      ; 0.425      ;
; 0.299  ; control_boton:INST_BOTON|contador_antirrebote[10]   ; control_boton:INST_BOTON|contador_antirrebote[10]   ; reloj_50mhz                                   ; reloj_50mhz ; 0.000        ; 0.035      ; 0.418      ;
; 0.299  ; control_boton:INST_BOTON|contador_antirrebote[13]   ; control_boton:INST_BOTON|contador_antirrebote[13]   ; reloj_50mhz                                   ; reloj_50mhz ; 0.000        ; 0.035      ; 0.418      ;
; 0.299  ; control_boton:INST_BOTON|contador_duracion[9]       ; control_boton:INST_BOTON|contador_duracion[9]       ; reloj_50mhz                                   ; reloj_50mhz ; 0.000        ; 0.043      ; 0.426      ;
; 0.300  ; divisor_frecuencia:INST_DIVISOR|contador_ciclos[8]  ; divisor_frecuencia:INST_DIVISOR|contador_ciclos[8]  ; reloj_50mhz                                   ; reloj_50mhz ; 0.000        ; 0.035      ; 0.419      ;
; 0.300  ; divisor_frecuencia:INST_DIVISOR|contador_ciclos[7]  ; divisor_frecuencia:INST_DIVISOR|contador_ciclos[7]  ; reloj_50mhz                                   ; reloj_50mhz ; 0.000        ; 0.035      ; 0.419      ;
; 0.300  ; divisor_frecuencia:INST_DIVISOR|contador_ciclos[2]  ; divisor_frecuencia:INST_DIVISOR|contador_ciclos[2]  ; reloj_50mhz                                   ; reloj_50mhz ; 0.000        ; 0.035      ; 0.419      ;
; 0.300  ; control_boton:INST_BOTON|contador_duracion[15]      ; control_boton:INST_BOTON|contador_duracion[15]      ; reloj_50mhz                                   ; reloj_50mhz ; 0.000        ; 0.034      ; 0.418      ;
; 0.300  ; control_boton:INST_BOTON|contador_antirrebote[8]    ; control_boton:INST_BOTON|contador_antirrebote[8]    ; reloj_50mhz                                   ; reloj_50mhz ; 0.000        ; 0.035      ; 0.419      ;
; 0.300  ; control_boton:INST_BOTON|contador_antirrebote[17]   ; control_boton:INST_BOTON|contador_antirrebote[17]   ; reloj_50mhz                                   ; reloj_50mhz ; 0.000        ; 0.042      ; 0.426      ;
; 0.301  ; control_boton:INST_BOTON|contador_duracion[21]      ; control_boton:INST_BOTON|contador_duracion[21]      ; reloj_50mhz                                   ; reloj_50mhz ; 0.000        ; 0.034      ; 0.419      ;
; 0.301  ; control_boton:INST_BOTON|contador_antirrebote[6]    ; control_boton:INST_BOTON|contador_antirrebote[6]    ; reloj_50mhz                                   ; reloj_50mhz ; 0.000        ; 0.035      ; 0.420      ;
; 0.301  ; control_boton:INST_BOTON|contador_antirrebote[12]   ; control_boton:INST_BOTON|contador_antirrebote[12]   ; reloj_50mhz                                   ; reloj_50mhz ; 0.000        ; 0.035      ; 0.420      ;
; 0.301  ; control_boton:INST_BOTON|contador_antirrebote[16]   ; control_boton:INST_BOTON|contador_antirrebote[16]   ; reloj_50mhz                                   ; reloj_50mhz ; 0.000        ; 0.035      ; 0.420      ;
; 0.301  ; control_boton:INST_BOTON|contador_duracion[24]      ; control_boton:INST_BOTON|contador_duracion[24]      ; reloj_50mhz                                   ; reloj_50mhz ; 0.000        ; 0.042      ; 0.427      ;
; 0.302  ; control_boton:INST_BOTON|contador_duracion[20]      ; control_boton:INST_BOTON|contador_duracion[20]      ; reloj_50mhz                                   ; reloj_50mhz ; 0.000        ; 0.034      ; 0.420      ;
; 0.302  ; control_boton:INST_BOTON|contador_duracion[22]      ; control_boton:INST_BOTON|contador_duracion[22]      ; reloj_50mhz                                   ; reloj_50mhz ; 0.000        ; 0.042      ; 0.428      ;
; 0.306  ; divisor_frecuencia:INST_DIVISOR|contador_ciclos[15] ; divisor_frecuencia:INST_DIVISOR|contador_ciclos[15] ; reloj_50mhz                                   ; reloj_50mhz ; 0.000        ; 0.035      ; 0.425      ;
; 0.307  ; divisor_frecuencia:INST_DIVISOR|contador_ciclos[17] ; divisor_frecuencia:INST_DIVISOR|contador_ciclos[17] ; reloj_50mhz                                   ; reloj_50mhz ; 0.000        ; 0.035      ; 0.426      ;
; 0.307  ; divisor_frecuencia:INST_DIVISOR|contador_ciclos[23] ; divisor_frecuencia:INST_DIVISOR|contador_ciclos[23] ; reloj_50mhz                                   ; reloj_50mhz ; 0.000        ; 0.035      ; 0.426      ;
; 0.307  ; divisor_frecuencia:INST_DIVISOR|contador_ciclos[1]  ; divisor_frecuencia:INST_DIVISOR|contador_ciclos[1]  ; reloj_50mhz                                   ; reloj_50mhz ; 0.000        ; 0.035      ; 0.426      ;
; 0.307  ; control_boton:INST_BOTON|contador_duracion[13]      ; control_boton:INST_BOTON|contador_duracion[13]      ; reloj_50mhz                                   ; reloj_50mhz ; 0.000        ; 0.034      ; 0.425      ;
; 0.308  ; control_boton:INST_BOTON|contador_duracion[14]      ; control_boton:INST_BOTON|contador_duracion[14]      ; reloj_50mhz                                   ; reloj_50mhz ; 0.000        ; 0.034      ; 0.426      ;
; 0.308  ; control_boton:INST_BOTON|boton_estable              ; control_boton:INST_BOTON|contador_duracion[16]      ; reloj_50mhz                                   ; reloj_50mhz ; 0.000        ; 0.232      ; 0.624      ;
; 0.308  ; control_boton:INST_BOTON|boton_estable              ; control_boton:INST_BOTON|contador_duracion[24]      ; reloj_50mhz                                   ; reloj_50mhz ; 0.000        ; 0.232      ; 0.624      ;
; 0.308  ; control_boton:INST_BOTON|boton_estable              ; control_boton:INST_BOTON|contador_duracion[22]      ; reloj_50mhz                                   ; reloj_50mhz ; 0.000        ; 0.232      ; 0.624      ;
; 0.308  ; control_boton:INST_BOTON|boton_estable              ; control_boton:INST_BOTON|contador_duracion[26]      ; reloj_50mhz                                   ; reloj_50mhz ; 0.000        ; 0.232      ; 0.624      ;
; 0.308  ; control_boton:INST_BOTON|boton_estable              ; control_boton:INST_BOTON|contador_duracion[25]      ; reloj_50mhz                                   ; reloj_50mhz ; 0.000        ; 0.232      ; 0.624      ;
; 0.309  ; control_boton:INST_BOTON|contador_duracion[23]      ; control_boton:INST_BOTON|contador_duracion[23]      ; reloj_50mhz                                   ; reloj_50mhz ; 0.000        ; 0.034      ; 0.427      ;
; 0.312  ; control_boton:INST_BOTON|contador_duracion[25]      ; control_boton:INST_BOTON|contador_duracion[25]      ; reloj_50mhz                                   ; reloj_50mhz ; 0.000        ; 0.042      ; 0.438      ;
; 0.315  ; divisor_frecuencia:INST_DIVISOR|contador_ciclos[0]  ; divisor_frecuencia:INST_DIVISOR|contador_ciclos[0]  ; reloj_50mhz                                   ; reloj_50mhz ; 0.000        ; 0.035      ; 0.434      ;
; 0.315  ; divisor_frecuencia:INST_DIVISOR|contador_ciclos[7]  ; divisor_frecuencia:INST_DIVISOR|contador_ciclos[9]  ; reloj_50mhz                                   ; reloj_50mhz ; 0.000        ; 0.232      ; 0.631      ;
; 0.316  ; control_boton:INST_BOTON|contador_duracion[19]      ; control_boton:INST_BOTON|contador_duracion[19]      ; reloj_50mhz                                   ; reloj_50mhz ; 0.000        ; 0.034      ; 0.434      ;
; 0.318  ; divisor_frecuencia:INST_DIVISOR|contador_ciclos[7]  ; divisor_frecuencia:INST_DIVISOR|contador_ciclos[10] ; reloj_50mhz                                   ; reloj_50mhz ; 0.000        ; 0.232      ; 0.634      ;
; 0.320  ; control_boton:INST_BOTON|contador_duracion[21]      ; control_boton:INST_BOTON|contador_duracion[24]      ; reloj_50mhz                                   ; reloj_50mhz ; 0.000        ; 0.230      ; 0.634      ;
; 0.322  ; divisor_frecuencia:INST_DIVISOR|contador_ciclos[1]  ; divisor_frecuencia:INST_DIVISOR|contador_ciclos[3]  ; reloj_50mhz                                   ; reloj_50mhz ; 0.000        ; 0.232      ; 0.638      ;
; 0.324  ; control_boton:INST_BOTON|contador_duracion[17]      ; control_boton:INST_BOTON|contador_duracion[17]      ; reloj_50mhz                                   ; reloj_50mhz ; 0.000        ; 0.034      ; 0.442      ;
; 0.325  ; divisor_frecuencia:INST_DIVISOR|contador_ciclos[1]  ; divisor_frecuencia:INST_DIVISOR|contador_ciclos[4]  ; reloj_50mhz                                   ; reloj_50mhz ; 0.000        ; 0.232      ; 0.641      ;
; 0.325  ; control_boton:INST_BOTON|contador_duracion[23]      ; control_boton:INST_BOTON|contador_duracion[25]      ; reloj_50mhz                                   ; reloj_50mhz ; 0.000        ; 0.230      ; 0.639      ;
; 0.326  ; control_boton:INST_BOTON|contador_duracion[13]      ; control_boton:INST_BOTON|contador_duracion[16]      ; reloj_50mhz                                   ; reloj_50mhz ; 0.000        ; 0.230      ; 0.640      ;
; 0.328  ; control_boton:INST_BOTON|contador_antirrebote[16]   ; control_boton:INST_BOTON|contador_antirrebote[19]   ; reloj_50mhz                                   ; reloj_50mhz ; 0.000        ; 0.232      ; 0.644      ;
; 0.328  ; control_boton:INST_BOTON|contador_duracion[23]      ; control_boton:INST_BOTON|contador_duracion[26]      ; reloj_50mhz                                   ; reloj_50mhz ; 0.000        ; 0.230      ; 0.642      ;
; 0.329  ; control_boton:INST_BOTON|contador_antirrebote[10]   ; control_boton:INST_BOTON|contador_antirrebote[14]   ; reloj_50mhz                                   ; reloj_50mhz ; 0.000        ; 0.232      ; 0.645      ;
; 0.330  ; divisor_frecuencia:INST_DIVISOR|contador_ciclos[6]  ; divisor_frecuencia:INST_DIVISOR|contador_ciclos[9]  ; reloj_50mhz                                   ; reloj_50mhz ; 0.000        ; 0.232      ; 0.646      ;
; 0.333  ; divisor_frecuencia:INST_DIVISOR|contador_ciclos[6]  ; divisor_frecuencia:INST_DIVISOR|contador_ciclos[10] ; reloj_50mhz                                   ; reloj_50mhz ; 0.000        ; 0.232      ; 0.649      ;
; 0.333  ; control_boton:INST_BOTON|contador_duracion[20]      ; control_boton:INST_BOTON|contador_duracion[24]      ; reloj_50mhz                                   ; reloj_50mhz ; 0.000        ; 0.230      ; 0.647      ;
; 0.333  ; divisor_frecuencia:INST_DIVISOR|contador_ciclos[0]  ; divisor_frecuencia:INST_DIVISOR|contador_ciclos[3]  ; reloj_50mhz                                   ; reloj_50mhz ; 0.000        ; 0.232      ; 0.649      ;
; 0.335  ; control_boton:INST_BOTON|contador_duracion[19]      ; control_boton:INST_BOTON|contador_duracion[22]      ; reloj_50mhz                                   ; reloj_50mhz ; 0.000        ; 0.230      ; 0.649      ;
; 0.336  ; divisor_frecuencia:INST_DIVISOR|contador_ciclos[0]  ; divisor_frecuencia:INST_DIVISOR|contador_ciclos[4]  ; reloj_50mhz                                   ; reloj_50mhz ; 0.000        ; 0.232      ; 0.652      ;
; 0.338  ; control_boton:INST_BOTON|contador_duracion[8]       ; control_boton:INST_BOTON|contador_duracion[11]      ; reloj_50mhz                                   ; reloj_50mhz ; 0.000        ; 0.231      ; 0.653      ;
; 0.341  ; control_boton:INST_BOTON|contador_duracion[8]       ; control_boton:INST_BOTON|contador_duracion[12]      ; reloj_50mhz                                   ; reloj_50mhz ; 0.000        ; 0.231      ; 0.656      ;
; 0.358  ; control_boton:INST_BOTON|contador_antirrebote[19]   ; control_boton:INST_BOTON|contador_antirrebote[19]   ; reloj_50mhz                                   ; reloj_50mhz ; 0.000        ; 0.042      ; 0.484      ;
; 0.361  ; control_boton:INST_BOTON|boton_estable              ; control_boton:INST_BOTON|contador_duracion[9]       ; reloj_50mhz                                   ; reloj_50mhz ; 0.000        ; 0.235      ; 0.680      ;
; 0.361  ; control_boton:INST_BOTON|boton_estable              ; control_boton:INST_BOTON|contador_duracion[0]       ; reloj_50mhz                                   ; reloj_50mhz ; 0.000        ; 0.235      ; 0.680      ;
; 0.361  ; control_boton:INST_BOTON|boton_estable              ; control_boton:INST_BOTON|contador_duracion[1]       ; reloj_50mhz                                   ; reloj_50mhz ; 0.000        ; 0.235      ; 0.680      ;
; 0.361  ; control_boton:INST_BOTON|boton_estable              ; control_boton:INST_BOTON|contador_duracion[2]       ; reloj_50mhz                                   ; reloj_50mhz ; 0.000        ; 0.235      ; 0.680      ;
+--------+-----------------------------------------------------+-----------------------------------------------------+-----------------------------------------------+-------------+--------------+------------+------------+


+----------------------------------------------------------------------------------------------------------------------------------------------------------------------------------------------------------------------------------------+
; Fast 1200mV 0C Model Hold: 'divisor_frecuencia:INST_DIVISOR|reloj_interno'                                                                                                                                                             ;
+-------+-------------------------------------------+-------------------------------------------+-----------------------------------------------+-----------------------------------------------+--------------+------------+------------+
; Slack ; From Node                                 ; To Node                                   ; Launch Clock                                  ; Latch Clock                                   ; Relationship ; Clock Skew ; Data Delay ;
+-------+-------------------------------------------+-------------------------------------------+-----------------------------------------------+-----------------------------------------------+--------------+------------+------------+
; 0.185 ; contador_segundos:INST_SEGUNDOS|unidad[0] ; contador_segundos:INST_SEGUNDOS|unidad[0] ; divisor_frecuencia:INST_DIVISOR|reloj_interno ; divisor_frecuencia:INST_DIVISOR|reloj_interno ; 0.000        ; 0.038      ; 0.307      ;
; 0.185 ; contador_segundos:INST_SEGUNDOS|unidad[3] ; contador_segundos:INST_SEGUNDOS|unidad[3] ; divisor_frecuencia:INST_DIVISOR|reloj_interno ; divisor_frecuencia:INST_DIVISOR|reloj_interno ; 0.000        ; 0.038      ; 0.307      ;
; 0.185 ; contador_segundos:INST_SEGUNDOS|unidad[2] ; contador_segundos:INST_SEGUNDOS|unidad[2] ; divisor_frecuencia:INST_DIVISOR|reloj_interno ; divisor_frecuencia:INST_DIVISOR|reloj_interno ; 0.000        ; 0.038      ; 0.307      ;
; 0.185 ; contador_segundos:INST_SEGUNDOS|unidad[1] ; contador_segundos:INST_SEGUNDOS|unidad[1] ; divisor_frecuencia:INST_DIVISOR|reloj_interno ; divisor_frecuencia:INST_DIVISOR|reloj_interno ; 0.000        ; 0.038      ; 0.307      ;
; 0.186 ; contador_minutos:INST_MINUTOS|minutos[0]  ; contador_minutos:INST_MINUTOS|minutos[0]  ; divisor_frecuencia:INST_DIVISOR|reloj_interno ; divisor_frecuencia:INST_DIVISOR|reloj_interno ; 0.000        ; 0.037      ; 0.307      ;
; 0.186 ; contador_minutos:INST_MINUTOS|minutos[2]  ; contador_minutos:INST_MINUTOS|minutos[2]  ; divisor_frecuencia:INST_DIVISOR|reloj_interno ; divisor_frecuencia:INST_DIVISOR|reloj_interno ; 0.000        ; 0.037      ; 0.307      ;
; 0.186 ; contador_minutos:INST_MINUTOS|minutos[3]  ; contador_minutos:INST_MINUTOS|minutos[3]  ; divisor_frecuencia:INST_DIVISOR|reloj_interno ; divisor_frecuencia:INST_DIVISOR|reloj_interno ; 0.000        ; 0.037      ; 0.307      ;
; 0.186 ; contador_minutos:INST_MINUTOS|minutos[1]  ; contador_minutos:INST_MINUTOS|minutos[1]  ; divisor_frecuencia:INST_DIVISOR|reloj_interno ; divisor_frecuencia:INST_DIVISOR|reloj_interno ; 0.000        ; 0.037      ; 0.307      ;
; 0.186 ; contador_segundos:INST_SEGUNDOS|decena[3] ; contador_segundos:INST_SEGUNDOS|decena[3] ; divisor_frecuencia:INST_DIVISOR|reloj_interno ; divisor_frecuencia:INST_DIVISOR|reloj_interno ; 0.000        ; 0.037      ; 0.307      ;
; 0.186 ; contador_segundos:INST_SEGUNDOS|decena[1] ; contador_segundos:INST_SEGUNDOS|decena[1] ; divisor_frecuencia:INST_DIVISOR|reloj_interno ; divisor_frecuencia:INST_DIVISOR|reloj_interno ; 0.000        ; 0.037      ; 0.307      ;
; 0.186 ; contador_segundos:INST_SEGUNDOS|decena[0] ; contador_segundos:INST_SEGUNDOS|decena[0] ; divisor_frecuencia:INST_DIVISOR|reloj_interno ; divisor_frecuencia:INST_DIVISOR|reloj_interno ; 0.000        ; 0.037      ; 0.307      ;
; 0.186 ; contador_segundos:INST_SEGUNDOS|decena[2] ; contador_segundos:INST_SEGUNDOS|decena[2] ; divisor_frecuencia:INST_DIVISOR|reloj_interno ; divisor_frecuencia:INST_DIVISOR|reloj_interno ; 0.000        ; 0.037      ; 0.307      ;
; 0.315 ; contador_minutos:INST_MINUTOS|minutos[1]  ; contador_minutos:INST_MINUTOS|minutos[3]  ; divisor_frecuencia:INST_DIVISOR|reloj_interno ; divisor_frecuencia:INST_DIVISOR|reloj_interno ; 0.000        ; 0.037      ; 0.436      ;
; 0.332 ; contador_minutos:INST_MINUTOS|minutos[2]  ; contador_minutos:INST_MINUTOS|minutos[3]  ; divisor_frecuencia:INST_DIVISOR|reloj_interno ; divisor_frecuencia:INST_DIVISOR|reloj_interno ; 0.000        ; 0.037      ; 0.453      ;
; 0.430 ; contador_segundos:INST_SEGUNDOS|decena[2] ; contador_segundos:INST_SEGUNDOS|decena[3] ; divisor_frecuencia:INST_DIVISOR|reloj_interno ; divisor_frecuencia:INST_DIVISOR|reloj_interno ; 0.000        ; 0.037      ; 0.551      ;
; 0.432 ; control_boton:INST_BOTON|estado_marcha    ; contador_segundos:INST_SEGUNDOS|unidad[1] ; reloj_50mhz                                   ; divisor_frecuencia:INST_DIVISOR|reloj_interno ; -0.500       ; 0.539      ; 0.585      ;
; 0.433 ; control_boton:INST_BOTON|estado_marcha    ; contador_segundos:INST_SEGUNDOS|unidad[2] ; reloj_50mhz                                   ; divisor_frecuencia:INST_DIVISOR|reloj_interno ; -0.500       ; 0.539      ; 0.586      ;
; 0.494 ; contador_segundos:INST_SEGUNDOS|unidad[0] ; contador_segundos:INST_SEGUNDOS|unidad[1] ; divisor_frecuencia:INST_DIVISOR|reloj_interno ; divisor_frecuencia:INST_DIVISOR|reloj_interno ; 0.000        ; 0.038      ; 0.616      ;
; 0.499 ; contador_minutos:INST_MINUTOS|minutos[0]  ; contador_minutos:INST_MINUTOS|minutos[3]  ; divisor_frecuencia:INST_DIVISOR|reloj_interno ; divisor_frecuencia:INST_DIVISOR|reloj_interno ; 0.000        ; 0.037      ; 0.620      ;
; 0.502 ; contador_segundos:INST_SEGUNDOS|unidad[0] ; contador_segundos:INST_SEGUNDOS|unidad[3] ; divisor_frecuencia:INST_DIVISOR|reloj_interno ; divisor_frecuencia:INST_DIVISOR|reloj_interno ; 0.000        ; 0.038      ; 0.624      ;
; 0.506 ; contador_segundos:INST_SEGUNDOS|unidad[0] ; contador_segundos:INST_SEGUNDOS|unidad[2] ; divisor_frecuencia:INST_DIVISOR|reloj_interno ; divisor_frecuencia:INST_DIVISOR|reloj_interno ; 0.000        ; 0.038      ; 0.628      ;
; 0.510 ; contador_minutos:INST_MINUTOS|minutos[1]  ; contador_minutos:INST_MINUTOS|minutos[2]  ; divisor_frecuencia:INST_DIVISOR|reloj_interno ; divisor_frecuencia:INST_DIVISOR|reloj_interno ; 0.000        ; 0.037      ; 0.631      ;
; 0.517 ; contador_segundos:INST_SEGUNDOS|decena[0] ; contador_segundos:INST_SEGUNDOS|decena[1] ; divisor_frecuencia:INST_DIVISOR|reloj_interno ; divisor_frecuencia:INST_DIVISOR|reloj_interno ; 0.000        ; 0.037      ; 0.638      ;
; 0.533 ; contador_segundos:INST_SEGUNDOS|unidad[1] ; contador_segundos:INST_SEGUNDOS|unidad[2] ; divisor_frecuencia:INST_DIVISOR|reloj_interno ; divisor_frecuencia:INST_DIVISOR|reloj_interno ; 0.000        ; 0.038      ; 0.655      ;
; 0.544 ; contador_minutos:INST_MINUTOS|minutos[0]  ; contador_minutos:INST_MINUTOS|minutos[1]  ; divisor_frecuencia:INST_DIVISOR|reloj_interno ; divisor_frecuencia:INST_DIVISOR|reloj_interno ; 0.000        ; 0.037      ; 0.665      ;
; 0.546 ; contador_minutos:INST_MINUTOS|minutos[2]  ; contador_minutos:INST_MINUTOS|minutos[0]  ; divisor_frecuencia:INST_DIVISOR|reloj_interno ; divisor_frecuencia:INST_DIVISOR|reloj_interno ; 0.000        ; 0.037      ; 0.667      ;
; 0.551 ; contador_minutos:INST_MINUTOS|minutos[3]  ; contador_minutos:INST_MINUTOS|minutos[2]  ; divisor_frecuencia:INST_DIVISOR|reloj_interno ; divisor_frecuencia:INST_DIVISOR|reloj_interno ; 0.000        ; 0.037      ; 0.672      ;
; 0.569 ; contador_segundos:INST_SEGUNDOS|unidad[2] ; contador_segundos:INST_SEGUNDOS|unidad[3] ; divisor_frecuencia:INST_DIVISOR|reloj_interno ; divisor_frecuencia:INST_DIVISOR|reloj_interno ; 0.000        ; 0.038      ; 0.691      ;
; 0.586 ; contador_segundos:INST_SEGUNDOS|decena[1] ; contador_segundos:INST_SEGUNDOS|decena[3] ; divisor_frecuencia:INST_DIVISOR|reloj_interno ; divisor_frecuencia:INST_DIVISOR|reloj_interno ; 0.000        ; 0.037      ; 0.707      ;
; 0.592 ; contador_segundos:INST_SEGUNDOS|unidad[2] ; contador_segundos:INST_SEGUNDOS|unidad[1] ; divisor_frecuencia:INST_DIVISOR|reloj_interno ; divisor_frecuencia:INST_DIVISOR|reloj_interno ; 0.000        ; 0.038      ; 0.714      ;
; 0.597 ; contador_segundos:INST_SEGUNDOS|unidad[3] ; contador_segundos:INST_SEGUNDOS|unidad[1] ; divisor_frecuencia:INST_DIVISOR|reloj_interno ; divisor_frecuencia:INST_DIVISOR|reloj_interno ; 0.000        ; 0.038      ; 0.719      ;
; 0.609 ; contador_segundos:INST_SEGUNDOS|unidad[3] ; contador_segundos:INST_SEGUNDOS|unidad[2] ; divisor_frecuencia:INST_DIVISOR|reloj_interno ; divisor_frecuencia:INST_DIVISOR|reloj_interno ; 0.000        ; 0.038      ; 0.731      ;
; 0.633 ; contador_segundos:INST_SEGUNDOS|unidad[0] ; contador_minutos:INST_MINUTOS|minutos[1]  ; divisor_frecuencia:INST_DIVISOR|reloj_interno ; divisor_frecuencia:INST_DIVISOR|reloj_interno ; 0.000        ; 0.037      ; 0.754      ;
; 0.656 ; contador_minutos:INST_MINUTOS|minutos[0]  ; contador_minutos:INST_MINUTOS|minutos[2]  ; divisor_frecuencia:INST_DIVISOR|reloj_interno ; divisor_frecuencia:INST_DIVISOR|reloj_interno ; 0.000        ; 0.037      ; 0.777      ;
; 0.656 ; contador_minutos:INST_MINUTOS|minutos[3]  ; contador_minutos:INST_MINUTOS|minutos[0]  ; divisor_frecuencia:INST_DIVISOR|reloj_interno ; divisor_frecuencia:INST_DIVISOR|reloj_interno ; 0.000        ; 0.037      ; 0.777      ;
; 0.658 ; contador_segundos:INST_SEGUNDOS|unidad[1] ; contador_segundos:INST_SEGUNDOS|unidad[3] ; divisor_frecuencia:INST_DIVISOR|reloj_interno ; divisor_frecuencia:INST_DIVISOR|reloj_interno ; 0.000        ; 0.038      ; 0.780      ;
; 0.659 ; contador_segundos:INST_SEGUNDOS|decena[1] ; contador_segundos:INST_SEGUNDOS|decena[2] ; divisor_frecuencia:INST_DIVISOR|reloj_interno ; divisor_frecuencia:INST_DIVISOR|reloj_interno ; 0.000        ; 0.037      ; 0.780      ;
; 0.663 ; contador_segundos:INST_SEGUNDOS|unidad[0] ; contador_minutos:INST_MINUTOS|minutos[2]  ; divisor_frecuencia:INST_DIVISOR|reloj_interno ; divisor_frecuencia:INST_DIVISOR|reloj_interno ; 0.000        ; 0.037      ; 0.784      ;
; 0.665 ; contador_segundos:INST_SEGUNDOS|decena[0] ; contador_segundos:INST_SEGUNDOS|decena[3] ; divisor_frecuencia:INST_DIVISOR|reloj_interno ; divisor_frecuencia:INST_DIVISOR|reloj_interno ; 0.000        ; 0.037      ; 0.786      ;
; 0.667 ; contador_segundos:INST_SEGUNDOS|unidad[0] ; contador_minutos:INST_MINUTOS|minutos[0]  ; divisor_frecuencia:INST_DIVISOR|reloj_interno ; divisor_frecuencia:INST_DIVISOR|reloj_interno ; 0.000        ; 0.037      ; 0.788      ;
; 0.669 ; contador_minutos:INST_MINUTOS|minutos[1]  ; contador_minutos:INST_MINUTOS|minutos[0]  ; divisor_frecuencia:INST_DIVISOR|reloj_interno ; divisor_frecuencia:INST_DIVISOR|reloj_interno ; 0.000        ; 0.037      ; 0.790      ;
; 0.671 ; control_boton:INST_BOTON|estado_marcha    ; contador_minutos:INST_MINUTOS|minutos[2]  ; reloj_50mhz                                   ; divisor_frecuencia:INST_DIVISOR|reloj_interno ; -0.500       ; 0.538      ; 0.823      ;
; 0.672 ; control_boton:INST_BOTON|estado_marcha    ; contador_minutos:INST_MINUTOS|minutos[0]  ; reloj_50mhz                                   ; divisor_frecuencia:INST_DIVISOR|reloj_interno ; -0.500       ; 0.538      ; 0.824      ;
; 0.675 ; contador_segundos:INST_SEGUNDOS|decena[3] ; contador_minutos:INST_MINUTOS|minutos[1]  ; divisor_frecuencia:INST_DIVISOR|reloj_interno ; divisor_frecuencia:INST_DIVISOR|reloj_interno ; 0.000        ; 0.038      ; 0.797      ;
; 0.688 ; contador_segundos:INST_SEGUNDOS|decena[3] ; contador_segundos:INST_SEGUNDOS|decena[0] ; divisor_frecuencia:INST_DIVISOR|reloj_interno ; divisor_frecuencia:INST_DIVISOR|reloj_interno ; 0.000        ; 0.037      ; 0.809      ;
; 0.689 ; contador_segundos:INST_SEGUNDOS|decena[3] ; contador_segundos:INST_SEGUNDOS|decena[2] ; divisor_frecuencia:INST_DIVISOR|reloj_interno ; divisor_frecuencia:INST_DIVISOR|reloj_interno ; 0.000        ; 0.037      ; 0.810      ;
; 0.690 ; contador_segundos:INST_SEGUNDOS|decena[3] ; contador_segundos:INST_SEGUNDOS|decena[1] ; divisor_frecuencia:INST_DIVISOR|reloj_interno ; divisor_frecuencia:INST_DIVISOR|reloj_interno ; 0.000        ; 0.037      ; 0.811      ;
; 0.716 ; contador_segundos:INST_SEGUNDOS|unidad[2] ; contador_minutos:INST_MINUTOS|minutos[1]  ; divisor_frecuencia:INST_DIVISOR|reloj_interno ; divisor_frecuencia:INST_DIVISOR|reloj_interno ; 0.000        ; 0.037      ; 0.837      ;
; 0.720 ; contador_segundos:INST_SEGUNDOS|unidad[0] ; contador_segundos:INST_SEGUNDOS|decena[0] ; divisor_frecuencia:INST_DIVISOR|reloj_interno ; divisor_frecuencia:INST_DIVISOR|reloj_interno ; 0.000        ; 0.036      ; 0.840      ;
; 0.721 ; contador_segundos:INST_SEGUNDOS|unidad[0] ; contador_segundos:INST_SEGUNDOS|decena[3] ; divisor_frecuencia:INST_DIVISOR|reloj_interno ; divisor_frecuencia:INST_DIVISOR|reloj_interno ; 0.000        ; 0.036      ; 0.841      ;
; 0.721 ; contador_segundos:INST_SEGUNDOS|unidad[0] ; contador_segundos:INST_SEGUNDOS|decena[2] ; divisor_frecuencia:INST_DIVISOR|reloj_interno ; divisor_frecuencia:INST_DIVISOR|reloj_interno ; 0.000        ; 0.036      ; 0.841      ;
; 0.722 ; contador_segundos:INST_SEGUNDOS|unidad[0] ; contador_segundos:INST_SEGUNDOS|decena[1] ; divisor_frecuencia:INST_DIVISOR|reloj_interno ; divisor_frecuencia:INST_DIVISOR|reloj_interno ; 0.000        ; 0.036      ; 0.842      ;
; 0.734 ; control_boton:INST_BOTON|estado_marcha    ; contador_segundos:INST_SEGUNDOS|unidad[0] ; reloj_50mhz                                   ; divisor_frecuencia:INST_DIVISOR|reloj_interno ; -0.500       ; 0.539      ; 0.887      ;
; 0.734 ; control_boton:INST_BOTON|estado_marcha    ; contador_segundos:INST_SEGUNDOS|unidad[3] ; reloj_50mhz                                   ; divisor_frecuencia:INST_DIVISOR|reloj_interno ; -0.500       ; 0.539      ; 0.887      ;
; 0.736 ; contador_segundos:INST_SEGUNDOS|unidad[3] ; contador_minutos:INST_MINUTOS|minutos[1]  ; divisor_frecuencia:INST_DIVISOR|reloj_interno ; divisor_frecuencia:INST_DIVISOR|reloj_interno ; 0.000        ; 0.037      ; 0.857      ;
; 0.738 ; contador_segundos:INST_SEGUNDOS|decena[0] ; contador_segundos:INST_SEGUNDOS|decena[2] ; divisor_frecuencia:INST_DIVISOR|reloj_interno ; divisor_frecuencia:INST_DIVISOR|reloj_interno ; 0.000        ; 0.037      ; 0.859      ;
; 0.742 ; contador_segundos:INST_SEGUNDOS|decena[0] ; contador_minutos:INST_MINUTOS|minutos[1]  ; divisor_frecuencia:INST_DIVISOR|reloj_interno ; divisor_frecuencia:INST_DIVISOR|reloj_interno ; 0.000        ; 0.038      ; 0.864      ;
; 0.743 ; contador_segundos:INST_SEGUNDOS|unidad[2] ; contador_minutos:INST_MINUTOS|minutos[2]  ; divisor_frecuencia:INST_DIVISOR|reloj_interno ; divisor_frecuencia:INST_DIVISOR|reloj_interno ; 0.000        ; 0.037      ; 0.864      ;
; 0.744 ; contador_segundos:INST_SEGUNDOS|unidad[2] ; contador_minutos:INST_MINUTOS|minutos[0]  ; divisor_frecuencia:INST_DIVISOR|reloj_interno ; divisor_frecuencia:INST_DIVISOR|reloj_interno ; 0.000        ; 0.037      ; 0.865      ;
; 0.762 ; control_boton:INST_BOTON|estado_marcha    ; contador_segundos:INST_SEGUNDOS|decena[0] ; reloj_50mhz                                   ; divisor_frecuencia:INST_DIVISOR|reloj_interno ; -0.500       ; 0.537      ; 0.913      ;
; 0.763 ; control_boton:INST_BOTON|estado_marcha    ; contador_segundos:INST_SEGUNDOS|decena[3] ; reloj_50mhz                                   ; divisor_frecuencia:INST_DIVISOR|reloj_interno ; -0.500       ; 0.537      ; 0.914      ;
; 0.763 ; control_boton:INST_BOTON|estado_marcha    ; contador_segundos:INST_SEGUNDOS|decena[2] ; reloj_50mhz                                   ; divisor_frecuencia:INST_DIVISOR|reloj_interno ; -0.500       ; 0.537      ; 0.914      ;
; 0.764 ; control_boton:INST_BOTON|estado_marcha    ; contador_segundos:INST_SEGUNDOS|decena[1] ; reloj_50mhz                                   ; divisor_frecuencia:INST_DIVISOR|reloj_interno ; -0.500       ; 0.537      ; 0.915      ;
; 0.766 ; contador_segundos:INST_SEGUNDOS|unidad[3] ; contador_minutos:INST_MINUTOS|minutos[2]  ; divisor_frecuencia:INST_DIVISOR|reloj_interno ; divisor_frecuencia:INST_DIVISOR|reloj_interno ; 0.000        ; 0.037      ; 0.887      ;
; 0.767 ; contador_segundos:INST_SEGUNDOS|unidad[1] ; contador_minutos:INST_MINUTOS|minutos[1]  ; divisor_frecuencia:INST_DIVISOR|reloj_interno ; divisor_frecuencia:INST_DIVISOR|reloj_interno ; 0.000        ; 0.037      ; 0.888      ;
; 0.770 ; contador_segundos:INST_SEGUNDOS|unidad[3] ; contador_minutos:INST_MINUTOS|minutos[0]  ; divisor_frecuencia:INST_DIVISOR|reloj_interno ; divisor_frecuencia:INST_DIVISOR|reloj_interno ; 0.000        ; 0.037      ; 0.891      ;
; 0.774 ; contador_minutos:INST_MINUTOS|minutos[1]  ; contador_segundos:INST_SEGUNDOS|unidad[0] ; divisor_frecuencia:INST_DIVISOR|reloj_interno ; divisor_frecuencia:INST_DIVISOR|reloj_interno ; 0.000        ; 0.038      ; 0.896      ;
; 0.774 ; contador_minutos:INST_MINUTOS|minutos[1]  ; contador_segundos:INST_SEGUNDOS|unidad[3] ; divisor_frecuencia:INST_DIVISOR|reloj_interno ; divisor_frecuencia:INST_DIVISOR|reloj_interno ; 0.000        ; 0.038      ; 0.896      ;
; 0.782 ; contador_minutos:INST_MINUTOS|minutos[2]  ; contador_minutos:INST_MINUTOS|minutos[1]  ; divisor_frecuencia:INST_DIVISOR|reloj_interno ; divisor_frecuencia:INST_DIVISOR|reloj_interno ; 0.000        ; 0.037      ; 0.903      ;
; 0.790 ; contador_segundos:INST_SEGUNDOS|decena[3] ; contador_minutos:INST_MINUTOS|minutos[2]  ; divisor_frecuencia:INST_DIVISOR|reloj_interno ; divisor_frecuencia:INST_DIVISOR|reloj_interno ; 0.000        ; 0.038      ; 0.912      ;
; 0.791 ; contador_minutos:INST_MINUTOS|minutos[1]  ; contador_segundos:INST_SEGUNDOS|decena[0] ; divisor_frecuencia:INST_DIVISOR|reloj_interno ; divisor_frecuencia:INST_DIVISOR|reloj_interno ; 0.000        ; 0.036      ; 0.911      ;
; 0.791 ; contador_segundos:INST_SEGUNDOS|decena[3] ; contador_minutos:INST_MINUTOS|minutos[0]  ; divisor_frecuencia:INST_DIVISOR|reloj_interno ; divisor_frecuencia:INST_DIVISOR|reloj_interno ; 0.000        ; 0.038      ; 0.913      ;
; 0.792 ; contador_minutos:INST_MINUTOS|minutos[1]  ; contador_segundos:INST_SEGUNDOS|decena[3] ; divisor_frecuencia:INST_DIVISOR|reloj_interno ; divisor_frecuencia:INST_DIVISOR|reloj_interno ; 0.000        ; 0.036      ; 0.912      ;
; 0.792 ; contador_minutos:INST_MINUTOS|minutos[1]  ; contador_segundos:INST_SEGUNDOS|decena[2] ; divisor_frecuencia:INST_DIVISOR|reloj_interno ; divisor_frecuencia:INST_DIVISOR|reloj_interno ; 0.000        ; 0.036      ; 0.912      ;
; 0.793 ; contador_minutos:INST_MINUTOS|minutos[1]  ; contador_segundos:INST_SEGUNDOS|decena[1] ; divisor_frecuencia:INST_DIVISOR|reloj_interno ; divisor_frecuencia:INST_DIVISOR|reloj_interno ; 0.000        ; 0.036      ; 0.913      ;
; 0.794 ; contador_segundos:INST_SEGUNDOS|unidad[1] ; contador_minutos:INST_MINUTOS|minutos[2]  ; divisor_frecuencia:INST_DIVISOR|reloj_interno ; divisor_frecuencia:INST_DIVISOR|reloj_interno ; 0.000        ; 0.037      ; 0.915      ;
; 0.795 ; contador_segundos:INST_SEGUNDOS|unidad[1] ; contador_minutos:INST_MINUTOS|minutos[0]  ; divisor_frecuencia:INST_DIVISOR|reloj_interno ; divisor_frecuencia:INST_DIVISOR|reloj_interno ; 0.000        ; 0.037      ; 0.916      ;
; 0.798 ; control_boton:INST_BOTON|estado_marcha    ; contador_minutos:INST_MINUTOS|minutos[1]  ; reloj_50mhz                                   ; divisor_frecuencia:INST_DIVISOR|reloj_interno ; -0.500       ; 0.538      ; 0.950      ;
; 0.799 ; contador_segundos:INST_SEGUNDOS|decena[2] ; contador_minutos:INST_MINUTOS|minutos[1]  ; divisor_frecuencia:INST_DIVISOR|reloj_interno ; divisor_frecuencia:INST_DIVISOR|reloj_interno ; 0.000        ; 0.038      ; 0.921      ;
; 0.801 ; contador_segundos:INST_SEGUNDOS|decena[2] ; contador_segundos:INST_SEGUNDOS|decena[0] ; divisor_frecuencia:INST_DIVISOR|reloj_interno ; divisor_frecuencia:INST_DIVISOR|reloj_interno ; 0.000        ; 0.037      ; 0.922      ;
; 0.802 ; contador_segundos:INST_SEGUNDOS|decena[2] ; contador_segundos:INST_SEGUNDOS|decena[1] ; divisor_frecuencia:INST_DIVISOR|reloj_interno ; divisor_frecuencia:INST_DIVISOR|reloj_interno ; 0.000        ; 0.037      ; 0.923      ;
; 0.806 ; contador_segundos:INST_SEGUNDOS|unidad[2] ; contador_segundos:INST_SEGUNDOS|unidad[0] ; divisor_frecuencia:INST_DIVISOR|reloj_interno ; divisor_frecuencia:INST_DIVISOR|reloj_interno ; 0.000        ; 0.038      ; 0.928      ;
; 0.818 ; contador_segundos:INST_SEGUNDOS|unidad[2] ; contador_segundos:INST_SEGUNDOS|decena[0] ; divisor_frecuencia:INST_DIVISOR|reloj_interno ; divisor_frecuencia:INST_DIVISOR|reloj_interno ; 0.000        ; 0.036      ; 0.938      ;
; 0.819 ; contador_segundos:INST_SEGUNDOS|unidad[2] ; contador_segundos:INST_SEGUNDOS|decena[3] ; divisor_frecuencia:INST_DIVISOR|reloj_interno ; divisor_frecuencia:INST_DIVISOR|reloj_interno ; 0.000        ; 0.036      ; 0.939      ;
; 0.819 ; contador_segundos:INST_SEGUNDOS|unidad[2] ; contador_segundos:INST_SEGUNDOS|decena[2] ; divisor_frecuencia:INST_DIVISOR|reloj_interno ; divisor_frecuencia:INST_DIVISOR|reloj_interno ; 0.000        ; 0.036      ; 0.939      ;
; 0.820 ; contador_segundos:INST_SEGUNDOS|decena[1] ; contador_minutos:INST_MINUTOS|minutos[1]  ; divisor_frecuencia:INST_DIVISOR|reloj_interno ; divisor_frecuencia:INST_DIVISOR|reloj_interno ; 0.000        ; 0.038      ; 0.942      ;
; 0.820 ; contador_segundos:INST_SEGUNDOS|unidad[2] ; contador_segundos:INST_SEGUNDOS|decena[1] ; divisor_frecuencia:INST_DIVISOR|reloj_interno ; divisor_frecuencia:INST_DIVISOR|reloj_interno ; 0.000        ; 0.036      ; 0.940      ;
; 0.823 ; contador_segundos:INST_SEGUNDOS|unidad[3] ; contador_segundos:INST_SEGUNDOS|decena[0] ; divisor_frecuencia:INST_DIVISOR|reloj_interno ; divisor_frecuencia:INST_DIVISOR|reloj_interno ; 0.000        ; 0.036      ; 0.943      ;
; 0.824 ; contador_segundos:INST_SEGUNDOS|unidad[3] ; contador_segundos:INST_SEGUNDOS|decena[3] ; divisor_frecuencia:INST_DIVISOR|reloj_interno ; divisor_frecuencia:INST_DIVISOR|reloj_interno ; 0.000        ; 0.036      ; 0.944      ;
; 0.824 ; contador_segundos:INST_SEGUNDOS|unidad[3] ; contador_segundos:INST_SEGUNDOS|decena[2] ; divisor_frecuencia:INST_DIVISOR|reloj_interno ; divisor_frecuencia:INST_DIVISOR|reloj_interno ; 0.000        ; 0.036      ; 0.944      ;
; 0.825 ; contador_segundos:INST_SEGUNDOS|unidad[3] ; contador_segundos:INST_SEGUNDOS|decena[1] ; divisor_frecuencia:INST_DIVISOR|reloj_interno ; divisor_frecuencia:INST_DIVISOR|reloj_interno ; 0.000        ; 0.036      ; 0.945      ;
; 0.827 ; control_boton:INST_BOTON|estado_marcha    ; contador_minutos:INST_MINUTOS|minutos[3]  ; reloj_50mhz                                   ; divisor_frecuencia:INST_DIVISOR|reloj_interno ; -0.500       ; 0.538      ; 0.979      ;
; 0.833 ; contador_segundos:INST_SEGUNDOS|decena[1] ; contador_segundos:INST_SEGUNDOS|decena[0] ; divisor_frecuencia:INST_DIVISOR|reloj_interno ; divisor_frecuencia:INST_DIVISOR|reloj_interno ; 0.000        ; 0.037      ; 0.954      ;
; 0.835 ; contador_segundos:INST_SEGUNDOS|unidad[0] ; contador_minutos:INST_MINUTOS|minutos[3]  ; divisor_frecuencia:INST_DIVISOR|reloj_interno ; divisor_frecuencia:INST_DIVISOR|reloj_interno ; 0.000        ; 0.037      ; 0.956      ;
; 0.837 ; contador_segundos:INST_SEGUNDOS|unidad[3] ; contador_segundos:INST_SEGUNDOS|unidad[0] ; divisor_frecuencia:INST_DIVISOR|reloj_interno ; divisor_frecuencia:INST_DIVISOR|reloj_interno ; 0.000        ; 0.038      ; 0.959      ;
; 0.838 ; contador_segundos:INST_SEGUNDOS|decena[0] ; contador_minutos:INST_MINUTOS|minutos[2]  ; divisor_frecuencia:INST_DIVISOR|reloj_interno ; divisor_frecuencia:INST_DIVISOR|reloj_interno ; 0.000        ; 0.038      ; 0.960      ;
; 0.842 ; contador_segundos:INST_SEGUNDOS|decena[0] ; contador_minutos:INST_MINUTOS|minutos[0]  ; divisor_frecuencia:INST_DIVISOR|reloj_interno ; divisor_frecuencia:INST_DIVISOR|reloj_interno ; 0.000        ; 0.038      ; 0.964      ;
; 0.843 ; contador_minutos:INST_MINUTOS|minutos[3]  ; contador_segundos:INST_SEGUNDOS|decena[0] ; divisor_frecuencia:INST_DIVISOR|reloj_interno ; divisor_frecuencia:INST_DIVISOR|reloj_interno ; 0.000        ; 0.036      ; 0.963      ;
; 0.843 ; contador_minutos:INST_MINUTOS|minutos[3]  ; contador_segundos:INST_SEGUNDOS|decena[2] ; divisor_frecuencia:INST_DIVISOR|reloj_interno ; divisor_frecuencia:INST_DIVISOR|reloj_interno ; 0.000        ; 0.036      ; 0.963      ;
; 0.844 ; contador_minutos:INST_MINUTOS|minutos[3]  ; contador_segundos:INST_SEGUNDOS|decena[3] ; divisor_frecuencia:INST_DIVISOR|reloj_interno ; divisor_frecuencia:INST_DIVISOR|reloj_interno ; 0.000        ; 0.036      ; 0.964      ;
+-------+-------------------------------------------+-------------------------------------------+-----------------------------------------------+-----------------------------------------------+--------------+------------+------------+


+-------------------------------------------------------------------------------------------------------------------------------------------------------------------------------------------------------------+
; Fast 1200mV 0C Model Recovery: 'divisor_frecuencia:INST_DIVISOR|reloj_interno'                                                                                                                              ;
+--------+------------------------------------------------+-------------------------------------------+--------------+-----------------------------------------------+--------------+------------+------------+
; Slack  ; From Node                                      ; To Node                                   ; Launch Clock ; Latch Clock                                   ; Relationship ; Clock Skew ; Data Delay ;
+--------+------------------------------------------------+-------------------------------------------+--------------+-----------------------------------------------+--------------+------------+------------+
; -0.101 ; control_boton:INST_BOTON|reinicio_temporizador ; contador_segundos:INST_SEGUNDOS|decena[3] ; reloj_50mhz  ; divisor_frecuencia:INST_DIVISOR|reloj_interno ; 0.500        ; 0.404      ; 0.982      ;
; -0.101 ; control_boton:INST_BOTON|reinicio_temporizador ; contador_segundos:INST_SEGUNDOS|decena[2] ; reloj_50mhz  ; divisor_frecuencia:INST_DIVISOR|reloj_interno ; 0.500        ; 0.404      ; 0.982      ;
; -0.101 ; control_boton:INST_BOTON|reinicio_temporizador ; contador_segundos:INST_SEGUNDOS|decena[1] ; reloj_50mhz  ; divisor_frecuencia:INST_DIVISOR|reloj_interno ; 0.500        ; 0.404      ; 0.982      ;
; -0.101 ; control_boton:INST_BOTON|reinicio_temporizador ; contador_segundos:INST_SEGUNDOS|decena[0] ; reloj_50mhz  ; divisor_frecuencia:INST_DIVISOR|reloj_interno ; 0.500        ; 0.404      ; 0.982      ;
; -0.101 ; control_boton:INST_BOTON|reinicio_temporizador ; contador_minutos:INST_MINUTOS|minutos[1]  ; reloj_50mhz  ; divisor_frecuencia:INST_DIVISOR|reloj_interno ; 0.500        ; 0.405      ; 0.983      ;
; -0.101 ; control_boton:INST_BOTON|reinicio_temporizador ; contador_minutos:INST_MINUTOS|minutos[0]  ; reloj_50mhz  ; divisor_frecuencia:INST_DIVISOR|reloj_interno ; 0.500        ; 0.405      ; 0.983      ;
; -0.101 ; control_boton:INST_BOTON|reinicio_temporizador ; contador_minutos:INST_MINUTOS|minutos[2]  ; reloj_50mhz  ; divisor_frecuencia:INST_DIVISOR|reloj_interno ; 0.500        ; 0.405      ; 0.983      ;
; -0.101 ; control_boton:INST_BOTON|reinicio_temporizador ; contador_minutos:INST_MINUTOS|minutos[3]  ; reloj_50mhz  ; divisor_frecuencia:INST_DIVISOR|reloj_interno ; 0.500        ; 0.405      ; 0.983      ;
; -0.077 ; control_boton:INST_BOTON|reinicio_temporizador ; contador_segundos:INST_SEGUNDOS|unidad[0] ; reloj_50mhz  ; divisor_frecuencia:INST_DIVISOR|reloj_interno ; 0.500        ; 0.405      ; 0.959      ;
; -0.077 ; control_boton:INST_BOTON|reinicio_temporizador ; contador_segundos:INST_SEGUNDOS|unidad[3] ; reloj_50mhz  ; divisor_frecuencia:INST_DIVISOR|reloj_interno ; 0.500        ; 0.405      ; 0.959      ;
; -0.077 ; control_boton:INST_BOTON|reinicio_temporizador ; contador_segundos:INST_SEGUNDOS|unidad[2] ; reloj_50mhz  ; divisor_frecuencia:INST_DIVISOR|reloj_interno ; 0.500        ; 0.405      ; 0.959      ;
; -0.077 ; control_boton:INST_BOTON|reinicio_temporizador ; contador_segundos:INST_SEGUNDOS|unidad[1] ; reloj_50mhz  ; divisor_frecuencia:INST_DIVISOR|reloj_interno ; 0.500        ; 0.405      ; 0.959      ;
+--------+------------------------------------------------+-------------------------------------------+--------------+-----------------------------------------------+--------------+------------+------------+


+------------------------------------------------------------------------------------------------------------------------------------------------------------------------------------+
; Fast 1200mV 0C Model Recovery: 'reloj_50mhz'                                                                                                                                       ;
+-------+------------------------------------------------+-----------------------------------------------------+--------------+-------------+--------------+------------+------------+
; Slack ; From Node                                      ; To Node                                             ; Launch Clock ; Latch Clock ; Relationship ; Clock Skew ; Data Delay ;
+-------+------------------------------------------------+-----------------------------------------------------+--------------+-------------+--------------+------------+------------+
; 0.074 ; control_boton:INST_BOTON|reinicio_temporizador ; divisor_frecuencia:INST_DIVISOR|contador_ciclos[6]  ; reloj_50mhz  ; reloj_50mhz ; 1.000        ; -0.034     ; 0.879      ;
; 0.074 ; control_boton:INST_BOTON|reinicio_temporizador ; divisor_frecuencia:INST_DIVISOR|contador_ciclos[8]  ; reloj_50mhz  ; reloj_50mhz ; 1.000        ; -0.034     ; 0.879      ;
; 0.074 ; control_boton:INST_BOTON|reinicio_temporizador ; divisor_frecuencia:INST_DIVISOR|contador_ciclos[7]  ; reloj_50mhz  ; reloj_50mhz ; 1.000        ; -0.034     ; 0.879      ;
; 0.074 ; control_boton:INST_BOTON|reinicio_temporizador ; divisor_frecuencia:INST_DIVISOR|contador_ciclos[5]  ; reloj_50mhz  ; reloj_50mhz ; 1.000        ; -0.034     ; 0.879      ;
; 0.074 ; control_boton:INST_BOTON|reinicio_temporizador ; divisor_frecuencia:INST_DIVISOR|contador_ciclos[2]  ; reloj_50mhz  ; reloj_50mhz ; 1.000        ; -0.034     ; 0.879      ;
; 0.074 ; control_boton:INST_BOTON|reinicio_temporizador ; divisor_frecuencia:INST_DIVISOR|contador_ciclos[1]  ; reloj_50mhz  ; reloj_50mhz ; 1.000        ; -0.034     ; 0.879      ;
; 0.074 ; control_boton:INST_BOTON|reinicio_temporizador ; divisor_frecuencia:INST_DIVISOR|contador_ciclos[0]  ; reloj_50mhz  ; reloj_50mhz ; 1.000        ; -0.034     ; 0.879      ;
; 0.177 ; control_boton:INST_BOTON|reinicio_temporizador ; divisor_frecuencia:INST_DIVISOR|contador_ciclos[13] ; reloj_50mhz  ; reloj_50mhz ; 1.000        ; -0.035     ; 0.775      ;
; 0.177 ; control_boton:INST_BOTON|reinicio_temporizador ; divisor_frecuencia:INST_DIVISOR|contador_ciclos[16] ; reloj_50mhz  ; reloj_50mhz ; 1.000        ; -0.035     ; 0.775      ;
; 0.177 ; control_boton:INST_BOTON|reinicio_temporizador ; divisor_frecuencia:INST_DIVISOR|contador_ciclos[24] ; reloj_50mhz  ; reloj_50mhz ; 1.000        ; -0.035     ; 0.775      ;
; 0.177 ; control_boton:INST_BOTON|reinicio_temporizador ; divisor_frecuencia:INST_DIVISOR|contador_ciclos[17] ; reloj_50mhz  ; reloj_50mhz ; 1.000        ; -0.035     ; 0.775      ;
; 0.177 ; control_boton:INST_BOTON|reinicio_temporizador ; divisor_frecuencia:INST_DIVISOR|contador_ciclos[25] ; reloj_50mhz  ; reloj_50mhz ; 1.000        ; -0.035     ; 0.775      ;
; 0.177 ; control_boton:INST_BOTON|reinicio_temporizador ; divisor_frecuencia:INST_DIVISOR|contador_ciclos[23] ; reloj_50mhz  ; reloj_50mhz ; 1.000        ; -0.035     ; 0.775      ;
; 0.177 ; control_boton:INST_BOTON|reinicio_temporizador ; divisor_frecuencia:INST_DIVISOR|contador_ciclos[15] ; reloj_50mhz  ; reloj_50mhz ; 1.000        ; -0.035     ; 0.775      ;
; 0.180 ; control_boton:INST_BOTON|reinicio_temporizador ; divisor_frecuencia:INST_DIVISOR|reloj_interno       ; reloj_50mhz  ; reloj_50mhz ; 1.000        ; -0.035     ; 0.772      ;
; 0.180 ; control_boton:INST_BOTON|reinicio_temporizador ; divisor_frecuencia:INST_DIVISOR|contador_ciclos[11] ; reloj_50mhz  ; reloj_50mhz ; 1.000        ; -0.035     ; 0.772      ;
; 0.180 ; control_boton:INST_BOTON|reinicio_temporizador ; divisor_frecuencia:INST_DIVISOR|contador_ciclos[12] ; reloj_50mhz  ; reloj_50mhz ; 1.000        ; -0.035     ; 0.772      ;
; 0.180 ; control_boton:INST_BOTON|reinicio_temporizador ; divisor_frecuencia:INST_DIVISOR|contador_ciclos[14] ; reloj_50mhz  ; reloj_50mhz ; 1.000        ; -0.035     ; 0.772      ;
; 0.180 ; control_boton:INST_BOTON|reinicio_temporizador ; divisor_frecuencia:INST_DIVISOR|contador_ciclos[18] ; reloj_50mhz  ; reloj_50mhz ; 1.000        ; -0.035     ; 0.772      ;
; 0.180 ; control_boton:INST_BOTON|reinicio_temporizador ; divisor_frecuencia:INST_DIVISOR|contador_ciclos[19] ; reloj_50mhz  ; reloj_50mhz ; 1.000        ; -0.035     ; 0.772      ;
; 0.180 ; control_boton:INST_BOTON|reinicio_temporizador ; divisor_frecuencia:INST_DIVISOR|contador_ciclos[20] ; reloj_50mhz  ; reloj_50mhz ; 1.000        ; -0.035     ; 0.772      ;
; 0.180 ; control_boton:INST_BOTON|reinicio_temporizador ; divisor_frecuencia:INST_DIVISOR|contador_ciclos[21] ; reloj_50mhz  ; reloj_50mhz ; 1.000        ; -0.035     ; 0.772      ;
; 0.180 ; control_boton:INST_BOTON|reinicio_temporizador ; divisor_frecuencia:INST_DIVISOR|contador_ciclos[22] ; reloj_50mhz  ; reloj_50mhz ; 1.000        ; -0.035     ; 0.772      ;
; 0.263 ; control_boton:INST_BOTON|reinicio_temporizador ; divisor_frecuencia:INST_DIVISOR|contador_ciclos[10] ; reloj_50mhz  ; reloj_50mhz ; 1.000        ; 0.155      ; 0.879      ;
; 0.263 ; control_boton:INST_BOTON|reinicio_temporizador ; divisor_frecuencia:INST_DIVISOR|contador_ciclos[9]  ; reloj_50mhz  ; reloj_50mhz ; 1.000        ; 0.155      ; 0.879      ;
; 0.263 ; control_boton:INST_BOTON|reinicio_temporizador ; divisor_frecuencia:INST_DIVISOR|contador_ciclos[4]  ; reloj_50mhz  ; reloj_50mhz ; 1.000        ; 0.155      ; 0.879      ;
; 0.263 ; control_boton:INST_BOTON|reinicio_temporizador ; divisor_frecuencia:INST_DIVISOR|contador_ciclos[3]  ; reloj_50mhz  ; reloj_50mhz ; 1.000        ; 0.155      ; 0.879      ;
+-------+------------------------------------------------+-----------------------------------------------------+--------------+-------------+--------------+------------+------------+


+------------------------------------------------------------------------------------------------------------------------------------------------------------------------------------+
; Fast 1200mV 0C Model Removal: 'reloj_50mhz'                                                                                                                                        ;
+-------+------------------------------------------------+-----------------------------------------------------+--------------+-------------+--------------+------------+------------+
; Slack ; From Node                                      ; To Node                                             ; Launch Clock ; Latch Clock ; Relationship ; Clock Skew ; Data Delay ;
+-------+------------------------------------------------+-----------------------------------------------------+--------------+-------------+--------------+------------+------------+
; 0.463 ; control_boton:INST_BOTON|reinicio_temporizador ; divisor_frecuencia:INST_DIVISOR|contador_ciclos[10] ; reloj_50mhz  ; reloj_50mhz ; 0.000        ; 0.233      ; 0.780      ;
; 0.463 ; control_boton:INST_BOTON|reinicio_temporizador ; divisor_frecuencia:INST_DIVISOR|contador_ciclos[9]  ; reloj_50mhz  ; reloj_50mhz ; 0.000        ; 0.233      ; 0.780      ;
; 0.463 ; control_boton:INST_BOTON|reinicio_temporizador ; divisor_frecuencia:INST_DIVISOR|contador_ciclos[4]  ; reloj_50mhz  ; reloj_50mhz ; 0.000        ; 0.233      ; 0.780      ;
; 0.463 ; control_boton:INST_BOTON|reinicio_temporizador ; divisor_frecuencia:INST_DIVISOR|contador_ciclos[3]  ; reloj_50mhz  ; reloj_50mhz ; 0.000        ; 0.233      ; 0.780      ;
; 0.569 ; control_boton:INST_BOTON|reinicio_temporizador ; divisor_frecuencia:INST_DIVISOR|reloj_interno       ; reloj_50mhz  ; reloj_50mhz ; 0.000        ; 0.035      ; 0.688      ;
; 0.569 ; control_boton:INST_BOTON|reinicio_temporizador ; divisor_frecuencia:INST_DIVISOR|contador_ciclos[11] ; reloj_50mhz  ; reloj_50mhz ; 0.000        ; 0.035      ; 0.688      ;
; 0.569 ; control_boton:INST_BOTON|reinicio_temporizador ; divisor_frecuencia:INST_DIVISOR|contador_ciclos[12] ; reloj_50mhz  ; reloj_50mhz ; 0.000        ; 0.035      ; 0.688      ;
; 0.569 ; control_boton:INST_BOTON|reinicio_temporizador ; divisor_frecuencia:INST_DIVISOR|contador_ciclos[14] ; reloj_50mhz  ; reloj_50mhz ; 0.000        ; 0.035      ; 0.688      ;
; 0.569 ; control_boton:INST_BOTON|reinicio_temporizador ; divisor_frecuencia:INST_DIVISOR|contador_ciclos[18] ; reloj_50mhz  ; reloj_50mhz ; 0.000        ; 0.035      ; 0.688      ;
; 0.569 ; control_boton:INST_BOTON|reinicio_temporizador ; divisor_frecuencia:INST_DIVISOR|contador_ciclos[19] ; reloj_50mhz  ; reloj_50mhz ; 0.000        ; 0.035      ; 0.688      ;
; 0.569 ; control_boton:INST_BOTON|reinicio_temporizador ; divisor_frecuencia:INST_DIVISOR|contador_ciclos[20] ; reloj_50mhz  ; reloj_50mhz ; 0.000        ; 0.035      ; 0.688      ;
; 0.569 ; control_boton:INST_BOTON|reinicio_temporizador ; divisor_frecuencia:INST_DIVISOR|contador_ciclos[21] ; reloj_50mhz  ; reloj_50mhz ; 0.000        ; 0.035      ; 0.688      ;
; 0.569 ; control_boton:INST_BOTON|reinicio_temporizador ; divisor_frecuencia:INST_DIVISOR|contador_ciclos[22] ; reloj_50mhz  ; reloj_50mhz ; 0.000        ; 0.035      ; 0.688      ;
; 0.571 ; control_boton:INST_BOTON|reinicio_temporizador ; divisor_frecuencia:INST_DIVISOR|contador_ciclos[13] ; reloj_50mhz  ; reloj_50mhz ; 0.000        ; 0.035      ; 0.690      ;
; 0.571 ; control_boton:INST_BOTON|reinicio_temporizador ; divisor_frecuencia:INST_DIVISOR|contador_ciclos[16] ; reloj_50mhz  ; reloj_50mhz ; 0.000        ; 0.035      ; 0.690      ;
; 0.571 ; control_boton:INST_BOTON|reinicio_temporizador ; divisor_frecuencia:INST_DIVISOR|contador_ciclos[24] ; reloj_50mhz  ; reloj_50mhz ; 0.000        ; 0.035      ; 0.690      ;
; 0.571 ; control_boton:INST_BOTON|reinicio_temporizador ; divisor_frecuencia:INST_DIVISOR|contador_ciclos[17] ; reloj_50mhz  ; reloj_50mhz ; 0.000        ; 0.035      ; 0.690      ;
; 0.571 ; control_boton:INST_BOTON|reinicio_temporizador ; divisor_frecuencia:INST_DIVISOR|contador_ciclos[25] ; reloj_50mhz  ; reloj_50mhz ; 0.000        ; 0.035      ; 0.690      ;
; 0.571 ; control_boton:INST_BOTON|reinicio_temporizador ; divisor_frecuencia:INST_DIVISOR|contador_ciclos[23] ; reloj_50mhz  ; reloj_50mhz ; 0.000        ; 0.035      ; 0.690      ;
; 0.571 ; control_boton:INST_BOTON|reinicio_temporizador ; divisor_frecuencia:INST_DIVISOR|contador_ciclos[15] ; reloj_50mhz  ; reloj_50mhz ; 0.000        ; 0.035      ; 0.690      ;
; 0.660 ; control_boton:INST_BOTON|reinicio_temporizador ; divisor_frecuencia:INST_DIVISOR|contador_ciclos[6]  ; reloj_50mhz  ; reloj_50mhz ; 0.000        ; 0.036      ; 0.780      ;
; 0.660 ; control_boton:INST_BOTON|reinicio_temporizador ; divisor_frecuencia:INST_DIVISOR|contador_ciclos[8]  ; reloj_50mhz  ; reloj_50mhz ; 0.000        ; 0.036      ; 0.780      ;
; 0.660 ; control_boton:INST_BOTON|reinicio_temporizador ; divisor_frecuencia:INST_DIVISOR|contador_ciclos[7]  ; reloj_50mhz  ; reloj_50mhz ; 0.000        ; 0.036      ; 0.780      ;
; 0.660 ; control_boton:INST_BOTON|reinicio_temporizador ; divisor_frecuencia:INST_DIVISOR|contador_ciclos[5]  ; reloj_50mhz  ; reloj_50mhz ; 0.000        ; 0.036      ; 0.780      ;
; 0.660 ; control_boton:INST_BOTON|reinicio_temporizador ; divisor_frecuencia:INST_DIVISOR|contador_ciclos[2]  ; reloj_50mhz  ; reloj_50mhz ; 0.000        ; 0.036      ; 0.780      ;
; 0.660 ; control_boton:INST_BOTON|reinicio_temporizador ; divisor_frecuencia:INST_DIVISOR|contador_ciclos[1]  ; reloj_50mhz  ; reloj_50mhz ; 0.000        ; 0.036      ; 0.780      ;
; 0.660 ; control_boton:INST_BOTON|reinicio_temporizador ; divisor_frecuencia:INST_DIVISOR|contador_ciclos[0]  ; reloj_50mhz  ; reloj_50mhz ; 0.000        ; 0.036      ; 0.780      ;
+-------+------------------------------------------------+-----------------------------------------------------+--------------+-------------+--------------+------------+------------+


+------------------------------------------------------------------------------------------------------------------------------------------------------------------------------------------------------------+
; Fast 1200mV 0C Model Removal: 'divisor_frecuencia:INST_DIVISOR|reloj_interno'                                                                                                                              ;
+-------+------------------------------------------------+-------------------------------------------+--------------+-----------------------------------------------+--------------+------------+------------+
; Slack ; From Node                                      ; To Node                                   ; Launch Clock ; Latch Clock                                   ; Relationship ; Clock Skew ; Data Delay ;
+-------+------------------------------------------------+-------------------------------------------+--------------+-----------------------------------------------+--------------+------------+------------+
; 0.680 ; control_boton:INST_BOTON|reinicio_temporizador ; contador_segundos:INST_SEGUNDOS|unidad[0] ; reloj_50mhz  ; divisor_frecuencia:INST_DIVISOR|reloj_interno ; -0.500       ; 0.539      ; 0.833      ;
; 0.680 ; control_boton:INST_BOTON|reinicio_temporizador ; contador_segundos:INST_SEGUNDOS|unidad[3] ; reloj_50mhz  ; divisor_frecuencia:INST_DIVISOR|reloj_interno ; -0.500       ; 0.539      ; 0.833      ;
; 0.680 ; control_boton:INST_BOTON|reinicio_temporizador ; contador_segundos:INST_SEGUNDOS|unidad[2] ; reloj_50mhz  ; divisor_frecuencia:INST_DIVISOR|reloj_interno ; -0.500       ; 0.539      ; 0.833      ;
; 0.680 ; control_boton:INST_BOTON|reinicio_temporizador ; contador_segundos:INST_SEGUNDOS|unidad[1] ; reloj_50mhz  ; divisor_frecuencia:INST_DIVISOR|reloj_interno ; -0.500       ; 0.539      ; 0.833      ;
; 0.702 ; control_boton:INST_BOTON|reinicio_temporizador ; contador_minutos:INST_MINUTOS|minutos[1]  ; reloj_50mhz  ; divisor_frecuencia:INST_DIVISOR|reloj_interno ; -0.500       ; 0.538      ; 0.854      ;
; 0.702 ; control_boton:INST_BOTON|reinicio_temporizador ; contador_minutos:INST_MINUTOS|minutos[0]  ; reloj_50mhz  ; divisor_frecuencia:INST_DIVISOR|reloj_interno ; -0.500       ; 0.538      ; 0.854      ;
; 0.702 ; control_boton:INST_BOTON|reinicio_temporizador ; contador_minutos:INST_MINUTOS|minutos[2]  ; reloj_50mhz  ; divisor_frecuencia:INST_DIVISOR|reloj_interno ; -0.500       ; 0.538      ; 0.854      ;
; 0.702 ; control_boton:INST_BOTON|reinicio_temporizador ; contador_minutos:INST_MINUTOS|minutos[3]  ; reloj_50mhz  ; divisor_frecuencia:INST_DIVISOR|reloj_interno ; -0.500       ; 0.538      ; 0.854      ;
; 0.705 ; control_boton:INST_BOTON|reinicio_temporizador ; contador_segundos:INST_SEGUNDOS|decena[3] ; reloj_50mhz  ; divisor_frecuencia:INST_DIVISOR|reloj_interno ; -0.500       ; 0.537      ; 0.856      ;
; 0.705 ; control_boton:INST_BOTON|reinicio_temporizador ; contador_segundos:INST_SEGUNDOS|decena[2] ; reloj_50mhz  ; divisor_frecuencia:INST_DIVISOR|reloj_interno ; -0.500       ; 0.537      ; 0.856      ;
; 0.705 ; control_boton:INST_BOTON|reinicio_temporizador ; contador_segundos:INST_SEGUNDOS|decena[1] ; reloj_50mhz  ; divisor_frecuencia:INST_DIVISOR|reloj_interno ; -0.500       ; 0.537      ; 0.856      ;
; 0.705 ; control_boton:INST_BOTON|reinicio_temporizador ; contador_segundos:INST_SEGUNDOS|decena[0] ; reloj_50mhz  ; divisor_frecuencia:INST_DIVISOR|reloj_interno ; -0.500       ; 0.537      ; 0.856      ;
+-------+------------------------------------------------+-------------------------------------------+--------------+-----------------------------------------------+--------------+------------+------------+


+-------------------------------------------------------------------------------------------------------------------------------------------+
; Fast 1200mV 0C Model Minimum Pulse Width: 'reloj_50mhz'                                                                                   ;
+--------+--------------+----------------+-----------------+-------------+------------+-----------------------------------------------------+
; Slack  ; Actual Width ; Required Width ; Type            ; Clock       ; Clock Edge ; Target                                              ;
+--------+--------------+----------------+-----------------+-------------+------------+-----------------------------------------------------+
; -3.000 ; 1.000        ; 4.000          ; Port Rate       ; reloj_50mhz ; Rise       ; reloj_50mhz                                         ;
; -1.000 ; 1.000        ; 2.000          ; Min Period      ; reloj_50mhz ; Rise       ; control_boton:INST_BOTON|boton_anterior             ;
; -1.000 ; 1.000        ; 2.000          ; Min Period      ; reloj_50mhz ; Rise       ; control_boton:INST_BOTON|boton_estable              ;
; -1.000 ; 1.000        ; 2.000          ; Min Period      ; reloj_50mhz ; Rise       ; control_boton:INST_BOTON|contador_antirrebote[0]    ;
; -1.000 ; 1.000        ; 2.000          ; Min Period      ; reloj_50mhz ; Rise       ; control_boton:INST_BOTON|contador_antirrebote[10]   ;
; -1.000 ; 1.000        ; 2.000          ; Min Period      ; reloj_50mhz ; Rise       ; control_boton:INST_BOTON|contador_antirrebote[11]   ;
; -1.000 ; 1.000        ; 2.000          ; Min Period      ; reloj_50mhz ; Rise       ; control_boton:INST_BOTON|contador_antirrebote[12]   ;
; -1.000 ; 1.000        ; 2.000          ; Min Period      ; reloj_50mhz ; Rise       ; control_boton:INST_BOTON|contador_antirrebote[13]   ;
; -1.000 ; 1.000        ; 2.000          ; Min Period      ; reloj_50mhz ; Rise       ; control_boton:INST_BOTON|contador_antirrebote[14]   ;
; -1.000 ; 1.000        ; 2.000          ; Min Period      ; reloj_50mhz ; Rise       ; control_boton:INST_BOTON|contador_antirrebote[15]   ;
; -1.000 ; 1.000        ; 2.000          ; Min Period      ; reloj_50mhz ; Rise       ; control_boton:INST_BOTON|contador_antirrebote[16]   ;
; -1.000 ; 1.000        ; 2.000          ; Min Period      ; reloj_50mhz ; Rise       ; control_boton:INST_BOTON|contador_antirrebote[17]   ;
; -1.000 ; 1.000        ; 2.000          ; Min Period      ; reloj_50mhz ; Rise       ; control_boton:INST_BOTON|contador_antirrebote[18]   ;
; -1.000 ; 1.000        ; 2.000          ; Min Period      ; reloj_50mhz ; Rise       ; control_boton:INST_BOTON|contador_antirrebote[19]   ;
; -1.000 ; 1.000        ; 2.000          ; Min Period      ; reloj_50mhz ; Rise       ; control_boton:INST_BOTON|contador_antirrebote[1]    ;
; -1.000 ; 1.000        ; 2.000          ; Min Period      ; reloj_50mhz ; Rise       ; control_boton:INST_BOTON|contador_antirrebote[2]    ;
; -1.000 ; 1.000        ; 2.000          ; Min Period      ; reloj_50mhz ; Rise       ; control_boton:INST_BOTON|contador_antirrebote[3]    ;
; -1.000 ; 1.000        ; 2.000          ; Min Period      ; reloj_50mhz ; Rise       ; control_boton:INST_BOTON|contador_antirrebote[4]    ;
; -1.000 ; 1.000        ; 2.000          ; Min Period      ; reloj_50mhz ; Rise       ; control_boton:INST_BOTON|contador_antirrebote[5]    ;
; -1.000 ; 1.000        ; 2.000          ; Min Period      ; reloj_50mhz ; Rise       ; control_boton:INST_BOTON|contador_antirrebote[6]    ;
; -1.000 ; 1.000        ; 2.000          ; Min Period      ; reloj_50mhz ; Rise       ; control_boton:INST_BOTON|contador_antirrebote[7]    ;
; -1.000 ; 1.000        ; 2.000          ; Min Period      ; reloj_50mhz ; Rise       ; control_boton:INST_BOTON|contador_antirrebote[8]    ;
; -1.000 ; 1.000        ; 2.000          ; Min Period      ; reloj_50mhz ; Rise       ; control_boton:INST_BOTON|contador_antirrebote[9]    ;
; -1.000 ; 1.000        ; 2.000          ; Min Period      ; reloj_50mhz ; Rise       ; control_boton:INST_BOTON|contador_duracion[0]       ;
; -1.000 ; 1.000        ; 2.000          ; Min Period      ; reloj_50mhz ; Rise       ; control_boton:INST_BOTON|contador_duracion[10]      ;
; -1.000 ; 1.000        ; 2.000          ; Min Period      ; reloj_50mhz ; Rise       ; control_boton:INST_BOTON|contador_duracion[11]      ;
; -1.000 ; 1.000        ; 2.000          ; Min Period      ; reloj_50mhz ; Rise       ; control_boton:INST_BOTON|contador_duracion[12]      ;
; -1.000 ; 1.000        ; 2.000          ; Min Period      ; reloj_50mhz ; Rise       ; control_boton:INST_BOTON|contador_duracion[13]      ;
; -1.000 ; 1.000        ; 2.000          ; Min Period      ; reloj_50mhz ; Rise       ; control_boton:INST_BOTON|contador_duracion[14]      ;
; -1.000 ; 1.000        ; 2.000          ; Min Period      ; reloj_50mhz ; Rise       ; control_boton:INST_BOTON|contador_duracion[15]      ;
; -1.000 ; 1.000        ; 2.000          ; Min Period      ; reloj_50mhz ; Rise       ; control_boton:INST_BOTON|contador_duracion[16]      ;
; -1.000 ; 1.000        ; 2.000          ; Min Period      ; reloj_50mhz ; Rise       ; control_boton:INST_BOTON|contador_duracion[17]      ;
; -1.000 ; 1.000        ; 2.000          ; Min Period      ; reloj_50mhz ; Rise       ; control_boton:INST_BOTON|contador_duracion[18]      ;
; -1.000 ; 1.000        ; 2.000          ; Min Period      ; reloj_50mhz ; Rise       ; control_boton:INST_BOTON|contador_duracion[19]      ;
; -1.000 ; 1.000        ; 2.000          ; Min Period      ; reloj_50mhz ; Rise       ; control_boton:INST_BOTON|contador_duracion[1]       ;
; -1.000 ; 1.000        ; 2.000          ; Min Period      ; reloj_50mhz ; Rise       ; control_boton:INST_BOTON|contador_duracion[20]      ;
; -1.000 ; 1.000        ; 2.000          ; Min Period      ; reloj_50mhz ; Rise       ; control_boton:INST_BOTON|contador_duracion[21]      ;
; -1.000 ; 1.000        ; 2.000          ; Min Period      ; reloj_50mhz ; Rise       ; control_boton:INST_BOTON|contador_duracion[22]      ;
; -1.000 ; 1.000        ; 2.000          ; Min Period      ; reloj_50mhz ; Rise       ; control_boton:INST_BOTON|contador_duracion[23]      ;
; -1.000 ; 1.000        ; 2.000          ; Min Period      ; reloj_50mhz ; Rise       ; control_boton:INST_BOTON|contador_duracion[24]      ;
; -1.000 ; 1.000        ; 2.000          ; Min Period      ; reloj_50mhz ; Rise       ; control_boton:INST_BOTON|contador_duracion[25]      ;
; -1.000 ; 1.000        ; 2.000          ; Min Period      ; reloj_50mhz ; Rise       ; control_boton:INST_BOTON|contador_duracion[26]      ;
; -1.000 ; 1.000        ; 2.000          ; Min Period      ; reloj_50mhz ; Rise       ; control_boton:INST_BOTON|contador_duracion[2]       ;
; -1.000 ; 1.000        ; 2.000          ; Min Period      ; reloj_50mhz ; Rise       ; control_boton:INST_BOTON|contador_duracion[3]       ;
; -1.000 ; 1.000        ; 2.000          ; Min Period      ; reloj_50mhz ; Rise       ; control_boton:INST_BOTON|contador_duracion[4]       ;
; -1.000 ; 1.000        ; 2.000          ; Min Period      ; reloj_50mhz ; Rise       ; control_boton:INST_BOTON|contador_duracion[5]       ;
; -1.000 ; 1.000        ; 2.000          ; Min Period      ; reloj_50mhz ; Rise       ; control_boton:INST_BOTON|contador_duracion[6]       ;
; -1.000 ; 1.000        ; 2.000          ; Min Period      ; reloj_50mhz ; Rise       ; control_boton:INST_BOTON|contador_duracion[7]       ;
; -1.000 ; 1.000        ; 2.000          ; Min Period      ; reloj_50mhz ; Rise       ; control_boton:INST_BOTON|contador_duracion[8]       ;
; -1.000 ; 1.000        ; 2.000          ; Min Period      ; reloj_50mhz ; Rise       ; control_boton:INST_BOTON|contador_duracion[9]       ;
; -1.000 ; 1.000        ; 2.000          ; Min Period      ; reloj_50mhz ; Rise       ; control_boton:INST_BOTON|estado_marcha              ;
; -1.000 ; 1.000        ; 2.000          ; Min Period      ; reloj_50mhz ; Rise       ; control_boton:INST_BOTON|pulsacion_larga            ;
; -1.000 ; 1.000        ; 2.000          ; Min Period      ; reloj_50mhz ; Rise       ; control_boton:INST_BOTON|reinicio_temporizador      ;
; -1.000 ; 1.000        ; 2.000          ; Min Period      ; reloj_50mhz ; Rise       ; divisor_frecuencia:INST_DIVISOR|contador_ciclos[0]  ;
; -1.000 ; 1.000        ; 2.000          ; Min Period      ; reloj_50mhz ; Rise       ; divisor_frecuencia:INST_DIVISOR|contador_ciclos[10] ;
; -1.000 ; 1.000        ; 2.000          ; Min Period      ; reloj_50mhz ; Rise       ; divisor_frecuencia:INST_DIVISOR|contador_ciclos[11] ;
; -1.000 ; 1.000        ; 2.000          ; Min Period      ; reloj_50mhz ; Rise       ; divisor_frecuencia:INST_DIVISOR|contador_ciclos[12] ;
; -1.000 ; 1.000        ; 2.000          ; Min Period      ; reloj_50mhz ; Rise       ; divisor_frecuencia:INST_DIVISOR|contador_ciclos[13] ;
; -1.000 ; 1.000        ; 2.000          ; Min Period      ; reloj_50mhz ; Rise       ; divisor_frecuencia:INST_DIVISOR|contador_ciclos[14] ;
; -1.000 ; 1.000        ; 2.000          ; Min Period      ; reloj_50mhz ; Rise       ; divisor_frecuencia:INST_DIVISOR|contador_ciclos[15] ;
; -1.000 ; 1.000        ; 2.000          ; Min Period      ; reloj_50mhz ; Rise       ; divisor_frecuencia:INST_DIVISOR|contador_ciclos[16] ;
; -1.000 ; 1.000        ; 2.000          ; Min Period      ; reloj_50mhz ; Rise       ; divisor_frecuencia:INST_DIVISOR|contador_ciclos[17] ;
; -1.000 ; 1.000        ; 2.000          ; Min Period      ; reloj_50mhz ; Rise       ; divisor_frecuencia:INST_DIVISOR|contador_ciclos[18] ;
; -1.000 ; 1.000        ; 2.000          ; Min Period      ; reloj_50mhz ; Rise       ; divisor_frecuencia:INST_DIVISOR|contador_ciclos[19] ;
; -1.000 ; 1.000        ; 2.000          ; Min Period      ; reloj_50mhz ; Rise       ; divisor_frecuencia:INST_DIVISOR|contador_ciclos[1]  ;
; -1.000 ; 1.000        ; 2.000          ; Min Period      ; reloj_50mhz ; Rise       ; divisor_frecuencia:INST_DIVISOR|contador_ciclos[20] ;
; -1.000 ; 1.000        ; 2.000          ; Min Period      ; reloj_50mhz ; Rise       ; divisor_frecuencia:INST_DIVISOR|contador_ciclos[21] ;
; -1.000 ; 1.000        ; 2.000          ; Min Period      ; reloj_50mhz ; Rise       ; divisor_frecuencia:INST_DIVISOR|contador_ciclos[22] ;
; -1.000 ; 1.000        ; 2.000          ; Min Period      ; reloj_50mhz ; Rise       ; divisor_frecuencia:INST_DIVISOR|contador_ciclos[23] ;
; -1.000 ; 1.000        ; 2.000          ; Min Period      ; reloj_50mhz ; Rise       ; divisor_frecuencia:INST_DIVISOR|contador_ciclos[24] ;
; -1.000 ; 1.000        ; 2.000          ; Min Period      ; reloj_50mhz ; Rise       ; divisor_frecuencia:INST_DIVISOR|contador_ciclos[25] ;
; -1.000 ; 1.000        ; 2.000          ; Min Period      ; reloj_50mhz ; Rise       ; divisor_frecuencia:INST_DIVISOR|contador_ciclos[2]  ;
; -1.000 ; 1.000        ; 2.000          ; Min Period      ; reloj_50mhz ; Rise       ; divisor_frecuencia:INST_DIVISOR|contador_ciclos[3]  ;
; -1.000 ; 1.000        ; 2.000          ; Min Period      ; reloj_50mhz ; Rise       ; divisor_frecuencia:INST_DIVISOR|contador_ciclos[4]  ;
; -1.000 ; 1.000        ; 2.000          ; Min Period      ; reloj_50mhz ; Rise       ; divisor_frecuencia:INST_DIVISOR|contador_ciclos[5]  ;
; -1.000 ; 1.000        ; 2.000          ; Min Period      ; reloj_50mhz ; Rise       ; divisor_frecuencia:INST_DIVISOR|contador_ciclos[6]  ;
; -1.000 ; 1.000        ; 2.000          ; Min Period      ; reloj_50mhz ; Rise       ; divisor_frecuencia:INST_DIVISOR|contador_ciclos[7]  ;
; -1.000 ; 1.000        ; 2.000          ; Min Period      ; reloj_50mhz ; Rise       ; divisor_frecuencia:INST_DIVISOR|contador_ciclos[8]  ;
; -1.000 ; 1.000        ; 2.000          ; Min Period      ; reloj_50mhz ; Rise       ; divisor_frecuencia:INST_DIVISOR|contador_ciclos[9]  ;
; -1.000 ; 1.000        ; 2.000          ; Min Period      ; reloj_50mhz ; Rise       ; divisor_frecuencia:INST_DIVISOR|reloj_interno       ;
; -0.085 ; 0.099        ; 0.184          ; Low Pulse Width ; reloj_50mhz ; Rise       ; control_boton:INST_BOTON|contador_antirrebote[0]    ;
; -0.085 ; 0.099        ; 0.184          ; Low Pulse Width ; reloj_50mhz ; Rise       ; control_boton:INST_BOTON|contador_antirrebote[1]    ;
; -0.085 ; 0.099        ; 0.184          ; Low Pulse Width ; reloj_50mhz ; Rise       ; control_boton:INST_BOTON|contador_antirrebote[2]    ;
; -0.085 ; 0.099        ; 0.184          ; Low Pulse Width ; reloj_50mhz ; Rise       ; control_boton:INST_BOTON|contador_antirrebote[3]    ;
; -0.085 ; 0.099        ; 0.184          ; Low Pulse Width ; reloj_50mhz ; Rise       ; control_boton:INST_BOTON|contador_antirrebote[4]    ;
; -0.085 ; 0.099        ; 0.184          ; Low Pulse Width ; reloj_50mhz ; Rise       ; control_boton:INST_BOTON|contador_antirrebote[5]    ;
; -0.084 ; 0.100        ; 0.184          ; Low Pulse Width ; reloj_50mhz ; Rise       ; control_boton:INST_BOTON|contador_antirrebote[14]   ;
; -0.084 ; 0.100        ; 0.184          ; Low Pulse Width ; reloj_50mhz ; Rise       ; control_boton:INST_BOTON|contador_antirrebote[17]   ;
; -0.084 ; 0.100        ; 0.184          ; Low Pulse Width ; reloj_50mhz ; Rise       ; control_boton:INST_BOTON|contador_antirrebote[18]   ;
; -0.084 ; 0.100        ; 0.184          ; Low Pulse Width ; reloj_50mhz ; Rise       ; control_boton:INST_BOTON|contador_antirrebote[19]   ;
; -0.084 ; 0.100        ; 0.184          ; Low Pulse Width ; reloj_50mhz ; Rise       ; divisor_frecuencia:INST_DIVISOR|contador_ciclos[10] ;
; -0.084 ; 0.100        ; 0.184          ; Low Pulse Width ; reloj_50mhz ; Rise       ; divisor_frecuencia:INST_DIVISOR|contador_ciclos[3]  ;
; -0.084 ; 0.100        ; 0.184          ; Low Pulse Width ; reloj_50mhz ; Rise       ; divisor_frecuencia:INST_DIVISOR|contador_ciclos[4]  ;
; -0.084 ; 0.100        ; 0.184          ; Low Pulse Width ; reloj_50mhz ; Rise       ; divisor_frecuencia:INST_DIVISOR|contador_ciclos[9]  ;
; -0.081 ; 0.103        ; 0.184          ; Low Pulse Width ; reloj_50mhz ; Rise       ; control_boton:INST_BOTON|contador_duracion[16]      ;
; -0.081 ; 0.103        ; 0.184          ; Low Pulse Width ; reloj_50mhz ; Rise       ; control_boton:INST_BOTON|contador_duracion[22]      ;
; -0.081 ; 0.103        ; 0.184          ; Low Pulse Width ; reloj_50mhz ; Rise       ; control_boton:INST_BOTON|contador_duracion[24]      ;
; -0.081 ; 0.103        ; 0.184          ; Low Pulse Width ; reloj_50mhz ; Rise       ; control_boton:INST_BOTON|contador_duracion[25]      ;
; -0.081 ; 0.103        ; 0.184          ; Low Pulse Width ; reloj_50mhz ; Rise       ; control_boton:INST_BOTON|contador_duracion[26]      ;
; -0.079 ; 0.105        ; 0.184          ; Low Pulse Width ; reloj_50mhz ; Rise       ; control_boton:INST_BOTON|contador_duracion[0]       ;
+--------+--------------+----------------+-----------------+-------------+------------+-----------------------------------------------------+


+----------------------------------------------------------------------------------------------------------------------------------------------------------------------+
; Fast 1200mV 0C Model Minimum Pulse Width: 'divisor_frecuencia:INST_DIVISOR|reloj_interno'                                                                            ;
+--------+--------------+----------------+------------------+-----------------------------------------------+------------+---------------------------------------------+
; Slack  ; Actual Width ; Required Width ; Type             ; Clock                                         ; Clock Edge ; Target                                      ;
+--------+--------------+----------------+------------------+-----------------------------------------------+------------+---------------------------------------------+
; -1.000 ; 1.000        ; 2.000          ; Min Period       ; divisor_frecuencia:INST_DIVISOR|reloj_interno ; Fall       ; contador_minutos:INST_MINUTOS|minutos[0]    ;
; -1.000 ; 1.000        ; 2.000          ; Min Period       ; divisor_frecuencia:INST_DIVISOR|reloj_interno ; Fall       ; contador_minutos:INST_MINUTOS|minutos[1]    ;
; -1.000 ; 1.000        ; 2.000          ; Min Period       ; divisor_frecuencia:INST_DIVISOR|reloj_interno ; Fall       ; contador_minutos:INST_MINUTOS|minutos[2]    ;
; -1.000 ; 1.000        ; 2.000          ; Min Period       ; divisor_frecuencia:INST_DIVISOR|reloj_interno ; Fall       ; contador_minutos:INST_MINUTOS|minutos[3]    ;
; -1.000 ; 1.000        ; 2.000          ; Min Period       ; divisor_frecuencia:INST_DIVISOR|reloj_interno ; Fall       ; contador_segundos:INST_SEGUNDOS|decena[0]   ;
; -1.000 ; 1.000        ; 2.000          ; Min Period       ; divisor_frecuencia:INST_DIVISOR|reloj_interno ; Fall       ; contador_segundos:INST_SEGUNDOS|decena[1]   ;
; -1.000 ; 1.000        ; 2.000          ; Min Period       ; divisor_frecuencia:INST_DIVISOR|reloj_interno ; Fall       ; contador_segundos:INST_SEGUNDOS|decena[2]   ;
; -1.000 ; 1.000        ; 2.000          ; Min Period       ; divisor_frecuencia:INST_DIVISOR|reloj_interno ; Fall       ; contador_segundos:INST_SEGUNDOS|decena[3]   ;
; -1.000 ; 1.000        ; 2.000          ; Min Period       ; divisor_frecuencia:INST_DIVISOR|reloj_interno ; Fall       ; contador_segundos:INST_SEGUNDOS|unidad[0]   ;
; -1.000 ; 1.000        ; 2.000          ; Min Period       ; divisor_frecuencia:INST_DIVISOR|reloj_interno ; Fall       ; contador_segundos:INST_SEGUNDOS|unidad[1]   ;
; -1.000 ; 1.000        ; 2.000          ; Min Period       ; divisor_frecuencia:INST_DIVISOR|reloj_interno ; Fall       ; contador_segundos:INST_SEGUNDOS|unidad[2]   ;
; -1.000 ; 1.000        ; 2.000          ; Min Period       ; divisor_frecuencia:INST_DIVISOR|reloj_interno ; Fall       ; contador_segundos:INST_SEGUNDOS|unidad[3]   ;
; 0.153  ; 0.369        ; 0.216          ; High Pulse Width ; divisor_frecuencia:INST_DIVISOR|reloj_interno ; Fall       ; contador_minutos:INST_MINUTOS|minutos[0]    ;
; 0.153  ; 0.369        ; 0.216          ; High Pulse Width ; divisor_frecuencia:INST_DIVISOR|reloj_interno ; Fall       ; contador_minutos:INST_MINUTOS|minutos[1]    ;
; 0.153  ; 0.369        ; 0.216          ; High Pulse Width ; divisor_frecuencia:INST_DIVISOR|reloj_interno ; Fall       ; contador_minutos:INST_MINUTOS|minutos[2]    ;
; 0.153  ; 0.369        ; 0.216          ; High Pulse Width ; divisor_frecuencia:INST_DIVISOR|reloj_interno ; Fall       ; contador_minutos:INST_MINUTOS|minutos[3]    ;
; 0.153  ; 0.369        ; 0.216          ; High Pulse Width ; divisor_frecuencia:INST_DIVISOR|reloj_interno ; Fall       ; contador_segundos:INST_SEGUNDOS|decena[0]   ;
; 0.153  ; 0.369        ; 0.216          ; High Pulse Width ; divisor_frecuencia:INST_DIVISOR|reloj_interno ; Fall       ; contador_segundos:INST_SEGUNDOS|decena[1]   ;
; 0.153  ; 0.369        ; 0.216          ; High Pulse Width ; divisor_frecuencia:INST_DIVISOR|reloj_interno ; Fall       ; contador_segundos:INST_SEGUNDOS|decena[2]   ;
; 0.153  ; 0.369        ; 0.216          ; High Pulse Width ; divisor_frecuencia:INST_DIVISOR|reloj_interno ; Fall       ; contador_segundos:INST_SEGUNDOS|decena[3]   ;
; 0.153  ; 0.369        ; 0.216          ; High Pulse Width ; divisor_frecuencia:INST_DIVISOR|reloj_interno ; Fall       ; contador_segundos:INST_SEGUNDOS|unidad[0]   ;
; 0.153  ; 0.369        ; 0.216          ; High Pulse Width ; divisor_frecuencia:INST_DIVISOR|reloj_interno ; Fall       ; contador_segundos:INST_SEGUNDOS|unidad[1]   ;
; 0.153  ; 0.369        ; 0.216          ; High Pulse Width ; divisor_frecuencia:INST_DIVISOR|reloj_interno ; Fall       ; contador_segundos:INST_SEGUNDOS|unidad[2]   ;
; 0.153  ; 0.369        ; 0.216          ; High Pulse Width ; divisor_frecuencia:INST_DIVISOR|reloj_interno ; Fall       ; contador_segundos:INST_SEGUNDOS|unidad[3]   ;
; 0.374  ; 0.374        ; 0.000          ; Low Pulse Width  ; divisor_frecuencia:INST_DIVISOR|reloj_interno ; Rise       ; INST_MINUTOS|minutos[0]|clk                 ;
; 0.374  ; 0.374        ; 0.000          ; Low Pulse Width  ; divisor_frecuencia:INST_DIVISOR|reloj_interno ; Rise       ; INST_MINUTOS|minutos[1]|clk                 ;
; 0.374  ; 0.374        ; 0.000          ; Low Pulse Width  ; divisor_frecuencia:INST_DIVISOR|reloj_interno ; Rise       ; INST_MINUTOS|minutos[2]|clk                 ;
; 0.374  ; 0.374        ; 0.000          ; Low Pulse Width  ; divisor_frecuencia:INST_DIVISOR|reloj_interno ; Rise       ; INST_MINUTOS|minutos[3]|clk                 ;
; 0.374  ; 0.374        ; 0.000          ; Low Pulse Width  ; divisor_frecuencia:INST_DIVISOR|reloj_interno ; Rise       ; INST_SEGUNDOS|decena[0]|clk                 ;
; 0.374  ; 0.374        ; 0.000          ; Low Pulse Width  ; divisor_frecuencia:INST_DIVISOR|reloj_interno ; Rise       ; INST_SEGUNDOS|decena[1]|clk                 ;
; 0.374  ; 0.374        ; 0.000          ; Low Pulse Width  ; divisor_frecuencia:INST_DIVISOR|reloj_interno ; Rise       ; INST_SEGUNDOS|decena[2]|clk                 ;
; 0.374  ; 0.374        ; 0.000          ; Low Pulse Width  ; divisor_frecuencia:INST_DIVISOR|reloj_interno ; Rise       ; INST_SEGUNDOS|decena[3]|clk                 ;
; 0.374  ; 0.374        ; 0.000          ; Low Pulse Width  ; divisor_frecuencia:INST_DIVISOR|reloj_interno ; Rise       ; INST_SEGUNDOS|unidad[0]|clk                 ;
; 0.374  ; 0.374        ; 0.000          ; Low Pulse Width  ; divisor_frecuencia:INST_DIVISOR|reloj_interno ; Rise       ; INST_SEGUNDOS|unidad[1]|clk                 ;
; 0.374  ; 0.374        ; 0.000          ; Low Pulse Width  ; divisor_frecuencia:INST_DIVISOR|reloj_interno ; Rise       ; INST_SEGUNDOS|unidad[2]|clk                 ;
; 0.374  ; 0.374        ; 0.000          ; Low Pulse Width  ; divisor_frecuencia:INST_DIVISOR|reloj_interno ; Rise       ; INST_SEGUNDOS|unidad[3]|clk                 ;
; 0.383  ; 0.383        ; 0.000          ; Low Pulse Width  ; divisor_frecuencia:INST_DIVISOR|reloj_interno ; Rise       ; INST_DIVISOR|reloj_interno~clkctrl|inclk[0] ;
; 0.383  ; 0.383        ; 0.000          ; Low Pulse Width  ; divisor_frecuencia:INST_DIVISOR|reloj_interno ; Rise       ; INST_DIVISOR|reloj_interno~clkctrl|outclk   ;
; 0.443  ; 0.627        ; 0.184          ; Low Pulse Width  ; divisor_frecuencia:INST_DIVISOR|reloj_interno ; Fall       ; contador_segundos:INST_SEGUNDOS|decena[0]   ;
; 0.443  ; 0.627        ; 0.184          ; Low Pulse Width  ; divisor_frecuencia:INST_DIVISOR|reloj_interno ; Fall       ; contador_segundos:INST_SEGUNDOS|decena[1]   ;
; 0.443  ; 0.627        ; 0.184          ; Low Pulse Width  ; divisor_frecuencia:INST_DIVISOR|reloj_interno ; Fall       ; contador_segundos:INST_SEGUNDOS|decena[2]   ;
; 0.443  ; 0.627        ; 0.184          ; Low Pulse Width  ; divisor_frecuencia:INST_DIVISOR|reloj_interno ; Fall       ; contador_segundos:INST_SEGUNDOS|decena[3]   ;
; 0.443  ; 0.627        ; 0.184          ; Low Pulse Width  ; divisor_frecuencia:INST_DIVISOR|reloj_interno ; Fall       ; contador_segundos:INST_SEGUNDOS|unidad[0]   ;
; 0.443  ; 0.627        ; 0.184          ; Low Pulse Width  ; divisor_frecuencia:INST_DIVISOR|reloj_interno ; Fall       ; contador_segundos:INST_SEGUNDOS|unidad[1]   ;
; 0.443  ; 0.627        ; 0.184          ; Low Pulse Width  ; divisor_frecuencia:INST_DIVISOR|reloj_interno ; Fall       ; contador_segundos:INST_SEGUNDOS|unidad[2]   ;
; 0.443  ; 0.627        ; 0.184          ; Low Pulse Width  ; divisor_frecuencia:INST_DIVISOR|reloj_interno ; Fall       ; contador_segundos:INST_SEGUNDOS|unidad[3]   ;
; 0.444  ; 0.628        ; 0.184          ; Low Pulse Width  ; divisor_frecuencia:INST_DIVISOR|reloj_interno ; Fall       ; contador_minutos:INST_MINUTOS|minutos[0]    ;
; 0.444  ; 0.628        ; 0.184          ; Low Pulse Width  ; divisor_frecuencia:INST_DIVISOR|reloj_interno ; Fall       ; contador_minutos:INST_MINUTOS|minutos[1]    ;
; 0.444  ; 0.628        ; 0.184          ; Low Pulse Width  ; divisor_frecuencia:INST_DIVISOR|reloj_interno ; Fall       ; contador_minutos:INST_MINUTOS|minutos[2]    ;
; 0.444  ; 0.628        ; 0.184          ; Low Pulse Width  ; divisor_frecuencia:INST_DIVISOR|reloj_interno ; Fall       ; contador_minutos:INST_MINUTOS|minutos[3]    ;
; 0.500  ; 0.500        ; 0.000          ; High Pulse Width ; divisor_frecuencia:INST_DIVISOR|reloj_interno ; Rise       ; INST_DIVISOR|reloj_interno|q                ;
; 0.500  ; 0.500        ; 0.000          ; Low Pulse Width  ; divisor_frecuencia:INST_DIVISOR|reloj_interno ; Rise       ; INST_DIVISOR|reloj_interno|q                ;
; 0.613  ; 0.613        ; 0.000          ; High Pulse Width ; divisor_frecuencia:INST_DIVISOR|reloj_interno ; Rise       ; INST_DIVISOR|reloj_interno~clkctrl|inclk[0] ;
; 0.613  ; 0.613        ; 0.000          ; High Pulse Width ; divisor_frecuencia:INST_DIVISOR|reloj_interno ; Rise       ; INST_DIVISOR|reloj_interno~clkctrl|outclk   ;
; 0.621  ; 0.621        ; 0.000          ; High Pulse Width ; divisor_frecuencia:INST_DIVISOR|reloj_interno ; Rise       ; INST_SEGUNDOS|decena[0]|clk                 ;
; 0.621  ; 0.621        ; 0.000          ; High Pulse Width ; divisor_frecuencia:INST_DIVISOR|reloj_interno ; Rise       ; INST_SEGUNDOS|decena[1]|clk                 ;
; 0.621  ; 0.621        ; 0.000          ; High Pulse Width ; divisor_frecuencia:INST_DIVISOR|reloj_interno ; Rise       ; INST_SEGUNDOS|decena[2]|clk                 ;
; 0.621  ; 0.621        ; 0.000          ; High Pulse Width ; divisor_frecuencia:INST_DIVISOR|reloj_interno ; Rise       ; INST_SEGUNDOS|decena[3]|clk                 ;
; 0.621  ; 0.621        ; 0.000          ; High Pulse Width ; divisor_frecuencia:INST_DIVISOR|reloj_interno ; Rise       ; INST_SEGUNDOS|unidad[0]|clk                 ;
; 0.621  ; 0.621        ; 0.000          ; High Pulse Width ; divisor_frecuencia:INST_DIVISOR|reloj_interno ; Rise       ; INST_SEGUNDOS|unidad[1]|clk                 ;
; 0.621  ; 0.621        ; 0.000          ; High Pulse Width ; divisor_frecuencia:INST_DIVISOR|reloj_interno ; Rise       ; INST_SEGUNDOS|unidad[2]|clk                 ;
; 0.621  ; 0.621        ; 0.000          ; High Pulse Width ; divisor_frecuencia:INST_DIVISOR|reloj_interno ; Rise       ; INST_SEGUNDOS|unidad[3]|clk                 ;
; 0.622  ; 0.622        ; 0.000          ; High Pulse Width ; divisor_frecuencia:INST_DIVISOR|reloj_interno ; Rise       ; INST_MINUTOS|minutos[0]|clk                 ;
; 0.622  ; 0.622        ; 0.000          ; High Pulse Width ; divisor_frecuencia:INST_DIVISOR|reloj_interno ; Rise       ; INST_MINUTOS|minutos[1]|clk                 ;
; 0.622  ; 0.622        ; 0.000          ; High Pulse Width ; divisor_frecuencia:INST_DIVISOR|reloj_interno ; Rise       ; INST_MINUTOS|minutos[2]|clk                 ;
; 0.622  ; 0.622        ; 0.000          ; High Pulse Width ; divisor_frecuencia:INST_DIVISOR|reloj_interno ; Rise       ; INST_MINUTOS|minutos[3]|clk                 ;
+--------+--------------+----------------+------------------+-----------------------------------------------+------------+---------------------------------------------+


+------------------------------------------------------------------------+
; Setup Times                                                            ;
+-----------+-------------+-------+-------+------------+-----------------+
; Data Port ; Clock Port  ; Rise  ; Fall  ; Clock Edge ; Clock Reference ;
+-----------+-------------+-------+-------+------------+-----------------+
; boton     ; reloj_50mhz ; 1.480 ; 2.067 ; Rise       ; reloj_50mhz     ;
+-----------+-------------+-------+-------+------------+-----------------+


+--------------------------------------------------------------------------+
; Hold Times                                                               ;
+-----------+-------------+--------+--------+------------+-----------------+
; Data Port ; Clock Port  ; Rise   ; Fall   ; Clock Edge ; Clock Reference ;
+-----------+-------------+--------+--------+------------+-----------------+
; boton     ; reloj_50mhz ; -0.819 ; -1.398 ; Rise       ; reloj_50mhz     ;
+-----------+-------------+--------+--------+------------+-----------------+


+----------------------------------------------------------------------------------------------------------------------------------------+
; Clock to Output Times                                                                                                                  ;
+-----------+-----------------------------------------------+-------+-------+------------+-----------------------------------------------+
; Data Port ; Clock Port                                    ; Rise  ; Fall  ; Clock Edge ; Clock Reference                               ;
+-----------+-----------------------------------------------+-------+-------+------------+-----------------------------------------------+
; HEX0[*]   ; divisor_frecuencia:INST_DIVISOR|reloj_interno ; 4.431 ; 4.536 ; Fall       ; divisor_frecuencia:INST_DIVISOR|reloj_interno ;
;  HEX0[0]  ; divisor_frecuencia:INST_DIVISOR|reloj_interno ; 4.431 ; 4.536 ; Fall       ; divisor_frecuencia:INST_DIVISOR|reloj_interno ;
;  HEX0[1]  ; divisor_frecuencia:INST_DIVISOR|reloj_interno ; 4.422 ; 4.476 ; Fall       ; divisor_frecuencia:INST_DIVISOR|reloj_interno ;
;  HEX0[2]  ; divisor_frecuencia:INST_DIVISOR|reloj_interno ; 4.247 ; 4.186 ; Fall       ; divisor_frecuencia:INST_DIVISOR|reloj_interno ;
;  HEX0[3]  ; divisor_frecuencia:INST_DIVISOR|reloj_interno ; 4.224 ; 4.272 ; Fall       ; divisor_frecuencia:INST_DIVISOR|reloj_interno ;
;  HEX0[4]  ; divisor_frecuencia:INST_DIVISOR|reloj_interno ; 4.182 ; 4.301 ; Fall       ; divisor_frecuencia:INST_DIVISOR|reloj_interno ;
;  HEX0[5]  ; divisor_frecuencia:INST_DIVISOR|reloj_interno ; 4.153 ; 4.260 ; Fall       ; divisor_frecuencia:INST_DIVISOR|reloj_interno ;
;  HEX0[6]  ; divisor_frecuencia:INST_DIVISOR|reloj_interno ; 4.318 ; 4.334 ; Fall       ; divisor_frecuencia:INST_DIVISOR|reloj_interno ;
; HEX1[*]   ; divisor_frecuencia:INST_DIVISOR|reloj_interno ; 4.497 ; 4.574 ; Fall       ; divisor_frecuencia:INST_DIVISOR|reloj_interno ;
;  HEX1[0]  ; divisor_frecuencia:INST_DIVISOR|reloj_interno ; 4.489 ; 4.545 ; Fall       ; divisor_frecuencia:INST_DIVISOR|reloj_interno ;
;  HEX1[1]  ; divisor_frecuencia:INST_DIVISOR|reloj_interno ; 4.394 ; 4.542 ; Fall       ; divisor_frecuencia:INST_DIVISOR|reloj_interno ;
;  HEX1[2]  ; divisor_frecuencia:INST_DIVISOR|reloj_interno ; 4.415 ; 4.574 ; Fall       ; divisor_frecuencia:INST_DIVISOR|reloj_interno ;
;  HEX1[3]  ; divisor_frecuencia:INST_DIVISOR|reloj_interno ; 4.497 ; 4.557 ; Fall       ; divisor_frecuencia:INST_DIVISOR|reloj_interno ;
;  HEX1[4]  ; divisor_frecuencia:INST_DIVISOR|reloj_interno ; 4.402 ; 4.551 ; Fall       ; divisor_frecuencia:INST_DIVISOR|reloj_interno ;
;  HEX1[5]  ; divisor_frecuencia:INST_DIVISOR|reloj_interno ; 4.343 ; 4.393 ; Fall       ; divisor_frecuencia:INST_DIVISOR|reloj_interno ;
;  HEX1[6]  ; divisor_frecuencia:INST_DIVISOR|reloj_interno ; 4.385 ; 4.374 ; Fall       ; divisor_frecuencia:INST_DIVISOR|reloj_interno ;
; HEX2[*]   ; divisor_frecuencia:INST_DIVISOR|reloj_interno ; 4.486 ; 4.542 ; Fall       ; divisor_frecuencia:INST_DIVISOR|reloj_interno ;
;  HEX2[0]  ; divisor_frecuencia:INST_DIVISOR|reloj_interno ; 4.311 ; 4.354 ; Fall       ; divisor_frecuencia:INST_DIVISOR|reloj_interno ;
;  HEX2[1]  ; divisor_frecuencia:INST_DIVISOR|reloj_interno ; 3.983 ; 4.002 ; Fall       ; divisor_frecuencia:INST_DIVISOR|reloj_interno ;
;  HEX2[2]  ; divisor_frecuencia:INST_DIVISOR|reloj_interno ; 4.070 ; 4.144 ; Fall       ; divisor_frecuencia:INST_DIVISOR|reloj_interno ;
;  HEX2[3]  ; divisor_frecuencia:INST_DIVISOR|reloj_interno ; 3.997 ; 3.990 ; Fall       ; divisor_frecuencia:INST_DIVISOR|reloj_interno ;
;  HEX2[4]  ; divisor_frecuencia:INST_DIVISOR|reloj_interno ; 3.985 ; 4.007 ; Fall       ; divisor_frecuencia:INST_DIVISOR|reloj_interno ;
;  HEX2[5]  ; divisor_frecuencia:INST_DIVISOR|reloj_interno ; 3.945 ; 4.027 ; Fall       ; divisor_frecuencia:INST_DIVISOR|reloj_interno ;
;  HEX2[6]  ; divisor_frecuencia:INST_DIVISOR|reloj_interno ; 4.486 ; 4.542 ; Fall       ; divisor_frecuencia:INST_DIVISOR|reloj_interno ;
+-----------+-----------------------------------------------+-------+-------+------------+-----------------------------------------------+


+----------------------------------------------------------------------------------------------------------------------------------------+
; Minimum Clock to Output Times                                                                                                          ;
+-----------+-----------------------------------------------+-------+-------+------------+-----------------------------------------------+
; Data Port ; Clock Port                                    ; Rise  ; Fall  ; Clock Edge ; Clock Reference                               ;
+-----------+-----------------------------------------------+-------+-------+------------+-----------------------------------------------+
; HEX0[*]   ; divisor_frecuencia:INST_DIVISOR|reloj_interno ; 3.799 ; 3.822 ; Fall       ; divisor_frecuencia:INST_DIVISOR|reloj_interno ;
;  HEX0[0]  ; divisor_frecuencia:INST_DIVISOR|reloj_interno ; 4.009 ; 4.086 ; Fall       ; divisor_frecuencia:INST_DIVISOR|reloj_interno ;
;  HEX0[1]  ; divisor_frecuencia:INST_DIVISOR|reloj_interno ; 3.999 ; 4.112 ; Fall       ; divisor_frecuencia:INST_DIVISOR|reloj_interno ;
;  HEX0[2]  ; divisor_frecuencia:INST_DIVISOR|reloj_interno ; 3.806 ; 3.835 ; Fall       ; divisor_frecuencia:INST_DIVISOR|reloj_interno ;
;  HEX0[3]  ; divisor_frecuencia:INST_DIVISOR|reloj_interno ; 3.799 ; 3.822 ; Fall       ; divisor_frecuencia:INST_DIVISOR|reloj_interno ;
;  HEX0[4]  ; divisor_frecuencia:INST_DIVISOR|reloj_interno ; 3.818 ; 3.891 ; Fall       ; divisor_frecuencia:INST_DIVISOR|reloj_interno ;
;  HEX0[5]  ; divisor_frecuencia:INST_DIVISOR|reloj_interno ; 3.800 ; 3.824 ; Fall       ; divisor_frecuencia:INST_DIVISOR|reloj_interno ;
;  HEX0[6]  ; divisor_frecuencia:INST_DIVISOR|reloj_interno ; 3.962 ; 3.917 ; Fall       ; divisor_frecuencia:INST_DIVISOR|reloj_interno ;
; HEX1[*]   ; divisor_frecuencia:INST_DIVISOR|reloj_interno ; 3.813 ; 3.819 ; Fall       ; divisor_frecuencia:INST_DIVISOR|reloj_interno ;
;  HEX1[0]  ; divisor_frecuencia:INST_DIVISOR|reloj_interno ; 3.957 ; 4.009 ; Fall       ; divisor_frecuencia:INST_DIVISOR|reloj_interno ;
;  HEX1[1]  ; divisor_frecuencia:INST_DIVISOR|reloj_interno ; 3.951 ; 4.000 ; Fall       ; divisor_frecuencia:INST_DIVISOR|reloj_interno ;
;  HEX1[2]  ; divisor_frecuencia:INST_DIVISOR|reloj_interno ; 3.960 ; 4.068 ; Fall       ; divisor_frecuencia:INST_DIVISOR|reloj_interno ;
;  HEX1[3]  ; divisor_frecuencia:INST_DIVISOR|reloj_interno ; 3.962 ; 4.015 ; Fall       ; divisor_frecuencia:INST_DIVISOR|reloj_interno ;
;  HEX1[4]  ; divisor_frecuencia:INST_DIVISOR|reloj_interno ; 3.973 ; 4.030 ; Fall       ; divisor_frecuencia:INST_DIVISOR|reloj_interno ;
;  HEX1[5]  ; divisor_frecuencia:INST_DIVISOR|reloj_interno ; 3.813 ; 3.894 ; Fall       ; divisor_frecuencia:INST_DIVISOR|reloj_interno ;
;  HEX1[6]  ; divisor_frecuencia:INST_DIVISOR|reloj_interno ; 3.854 ; 3.819 ; Fall       ; divisor_frecuencia:INST_DIVISOR|reloj_interno ;
; HEX2[*]   ; divisor_frecuencia:INST_DIVISOR|reloj_interno ; 3.588 ; 3.600 ; Fall       ; divisor_frecuencia:INST_DIVISOR|reloj_interno ;
;  HEX2[0]  ; divisor_frecuencia:INST_DIVISOR|reloj_interno ; 3.862 ; 3.873 ; Fall       ; divisor_frecuencia:INST_DIVISOR|reloj_interno ;
;  HEX2[1]  ; divisor_frecuencia:INST_DIVISOR|reloj_interno ; 3.605 ; 3.661 ; Fall       ; divisor_frecuencia:INST_DIVISOR|reloj_interno ;
;  HEX2[2]  ; divisor_frecuencia:INST_DIVISOR|reloj_interno ; 3.723 ; 3.749 ; Fall       ; divisor_frecuencia:INST_DIVISOR|reloj_interno ;
;  HEX2[3]  ; divisor_frecuencia:INST_DIVISOR|reloj_interno ; 3.588 ; 3.600 ; Fall       ; divisor_frecuencia:INST_DIVISOR|reloj_interno ;
;  HEX2[4]  ; divisor_frecuencia:INST_DIVISOR|reloj_interno ; 3.623 ; 3.677 ; Fall       ; divisor_frecuencia:INST_DIVISOR|reloj_interno ;
;  HEX2[5]  ; divisor_frecuencia:INST_DIVISOR|reloj_interno ; 3.626 ; 3.638 ; Fall       ; divisor_frecuencia:INST_DIVISOR|reloj_interno ;
;  HEX2[6]  ; divisor_frecuencia:INST_DIVISOR|reloj_interno ; 4.083 ; 4.058 ; Fall       ; divisor_frecuencia:INST_DIVISOR|reloj_interno ;
+-----------+-----------------------------------------------+-------+-------+------------+-----------------------------------------------+


---------------------------------------------
; Fast 1200mV 0C Model Metastability Report ;
---------------------------------------------
No synchronizer chains to report.


+---------------------------------------------------------------------------------------------------------------+
; Multicorner Timing Analysis Summary                                                                           ;
+------------------------------------------------+----------+--------+----------+---------+---------------------+
; Clock                                          ; Setup    ; Hold   ; Recovery ; Removal ; Minimum Pulse Width ;
+------------------------------------------------+----------+--------+----------+---------+---------------------+
; Worst-case Slack                               ; -2.861   ; -0.099 ; -0.657   ; 0.463   ; -3.000              ;
;  divisor_frecuencia:INST_DIVISOR|reloj_interno ; -1.460   ; 0.185  ; -0.657   ; 0.680   ; -1.000              ;
;  reloj_50mhz                                   ; -2.861   ; -0.099 ; -0.618   ; 0.463   ; -3.000              ;
; Design-wide TNS                                ; -176.726 ; -0.099 ; -20.25   ; 0.0     ; -99.203             ;
;  divisor_frecuencia:INST_DIVISOR|reloj_interno ; -14.302  ; 0.000  ; -7.736   ; 0.000   ; -12.000             ;
;  reloj_50mhz                                   ; -162.424 ; -0.099 ; -12.514  ; 0.000   ; -87.203             ;
+------------------------------------------------+----------+--------+----------+---------+---------------------+


+------------------------------------------------------------------------+
; Setup Times                                                            ;
+-----------+-------------+-------+-------+------------+-----------------+
; Data Port ; Clock Port  ; Rise  ; Fall  ; Clock Edge ; Clock Reference ;
+-----------+-------------+-------+-------+------------+-----------------+
; boton     ; reloj_50mhz ; 2.633 ; 3.074 ; Rise       ; reloj_50mhz     ;
+-----------+-------------+-------+-------+------------+-----------------+


+--------------------------------------------------------------------------+
; Hold Times                                                               ;
+-----------+-------------+--------+--------+------------+-----------------+
; Data Port ; Clock Port  ; Rise   ; Fall   ; Clock Edge ; Clock Reference ;
+-----------+-------------+--------+--------+------------+-----------------+
; boton     ; reloj_50mhz ; -0.819 ; -1.398 ; Rise       ; reloj_50mhz     ;
+-----------+-------------+--------+--------+------------+-----------------+


+----------------------------------------------------------------------------------------------------------------------------------------+
; Clock to Output Times                                                                                                                  ;
+-----------+-----------------------------------------------+-------+-------+------------+-----------------------------------------------+
; Data Port ; Clock Port                                    ; Rise  ; Fall  ; Clock Edge ; Clock Reference                               ;
+-----------+-----------------------------------------------+-------+-------+------------+-----------------------------------------------+
; HEX0[*]   ; divisor_frecuencia:INST_DIVISOR|reloj_interno ; 7.425 ; 7.446 ; Fall       ; divisor_frecuencia:INST_DIVISOR|reloj_interno ;
;  HEX0[0]  ; divisor_frecuencia:INST_DIVISOR|reloj_interno ; 7.425 ; 7.446 ; Fall       ; divisor_frecuencia:INST_DIVISOR|reloj_interno ;
;  HEX0[1]  ; divisor_frecuencia:INST_DIVISOR|reloj_interno ; 7.392 ; 7.361 ; Fall       ; divisor_frecuencia:INST_DIVISOR|reloj_interno ;
;  HEX0[2]  ; divisor_frecuencia:INST_DIVISOR|reloj_interno ; 7.081 ; 6.929 ; Fall       ; divisor_frecuencia:INST_DIVISOR|reloj_interno ;
;  HEX0[3]  ; divisor_frecuencia:INST_DIVISOR|reloj_interno ; 7.043 ; 7.015 ; Fall       ; divisor_frecuencia:INST_DIVISOR|reloj_interno ;
;  HEX0[4]  ; divisor_frecuencia:INST_DIVISOR|reloj_interno ; 7.036 ; 7.069 ; Fall       ; divisor_frecuencia:INST_DIVISOR|reloj_interno ;
;  HEX0[5]  ; divisor_frecuencia:INST_DIVISOR|reloj_interno ; 7.006 ; 7.007 ; Fall       ; divisor_frecuencia:INST_DIVISOR|reloj_interno ;
;  HEX0[6]  ; divisor_frecuencia:INST_DIVISOR|reloj_interno ; 7.108 ; 7.272 ; Fall       ; divisor_frecuencia:INST_DIVISOR|reloj_interno ;
; HEX1[*]   ; divisor_frecuencia:INST_DIVISOR|reloj_interno ; 7.527 ; 7.495 ; Fall       ; divisor_frecuencia:INST_DIVISOR|reloj_interno ;
;  HEX1[0]  ; divisor_frecuencia:INST_DIVISOR|reloj_interno ; 7.503 ; 7.446 ; Fall       ; divisor_frecuencia:INST_DIVISOR|reloj_interno ;
;  HEX1[1]  ; divisor_frecuencia:INST_DIVISOR|reloj_interno ; 7.425 ; 7.447 ; Fall       ; divisor_frecuencia:INST_DIVISOR|reloj_interno ;
;  HEX1[2]  ; divisor_frecuencia:INST_DIVISOR|reloj_interno ; 7.481 ; 7.495 ; Fall       ; divisor_frecuencia:INST_DIVISOR|reloj_interno ;
;  HEX1[3]  ; divisor_frecuencia:INST_DIVISOR|reloj_interno ; 7.527 ; 7.462 ; Fall       ; divisor_frecuencia:INST_DIVISOR|reloj_interno ;
;  HEX1[4]  ; divisor_frecuencia:INST_DIVISOR|reloj_interno ; 7.459 ; 7.459 ; Fall       ; divisor_frecuencia:INST_DIVISOR|reloj_interno ;
;  HEX1[5]  ; divisor_frecuencia:INST_DIVISOR|reloj_interno ; 7.257 ; 7.222 ; Fall       ; divisor_frecuencia:INST_DIVISOR|reloj_interno ;
;  HEX1[6]  ; divisor_frecuencia:INST_DIVISOR|reloj_interno ; 7.203 ; 7.299 ; Fall       ; divisor_frecuencia:INST_DIVISOR|reloj_interno ;
; HEX2[*]   ; divisor_frecuencia:INST_DIVISOR|reloj_interno ; 7.475 ; 7.617 ; Fall       ; divisor_frecuencia:INST_DIVISOR|reloj_interno ;
;  HEX2[0]  ; divisor_frecuencia:INST_DIVISOR|reloj_interno ; 7.206 ; 7.193 ; Fall       ; divisor_frecuencia:INST_DIVISOR|reloj_interno ;
;  HEX2[1]  ; divisor_frecuencia:INST_DIVISOR|reloj_interno ; 6.621 ; 6.578 ; Fall       ; divisor_frecuencia:INST_DIVISOR|reloj_interno ;
;  HEX2[2]  ; divisor_frecuencia:INST_DIVISOR|reloj_interno ; 6.782 ; 6.793 ; Fall       ; divisor_frecuencia:INST_DIVISOR|reloj_interno ;
;  HEX2[3]  ; divisor_frecuencia:INST_DIVISOR|reloj_interno ; 6.651 ; 6.563 ; Fall       ; divisor_frecuencia:INST_DIVISOR|reloj_interno ;
;  HEX2[4]  ; divisor_frecuencia:INST_DIVISOR|reloj_interno ; 6.621 ; 6.573 ; Fall       ; divisor_frecuencia:INST_DIVISOR|reloj_interno ;
;  HEX2[5]  ; divisor_frecuencia:INST_DIVISOR|reloj_interno ; 6.575 ; 6.600 ; Fall       ; divisor_frecuencia:INST_DIVISOR|reloj_interno ;
;  HEX2[6]  ; divisor_frecuencia:INST_DIVISOR|reloj_interno ; 7.475 ; 7.617 ; Fall       ; divisor_frecuencia:INST_DIVISOR|reloj_interno ;
+-----------+-----------------------------------------------+-------+-------+------------+-----------------------------------------------+


+----------------------------------------------------------------------------------------------------------------------------------------+
; Minimum Clock to Output Times                                                                                                          ;
+-----------+-----------------------------------------------+-------+-------+------------+-----------------------------------------------+
; Data Port ; Clock Port                                    ; Rise  ; Fall  ; Clock Edge ; Clock Reference                               ;
+-----------+-----------------------------------------------+-------+-------+------------+-----------------------------------------------+
; HEX0[*]   ; divisor_frecuencia:INST_DIVISOR|reloj_interno ; 3.799 ; 3.822 ; Fall       ; divisor_frecuencia:INST_DIVISOR|reloj_interno ;
;  HEX0[0]  ; divisor_frecuencia:INST_DIVISOR|reloj_interno ; 4.009 ; 4.086 ; Fall       ; divisor_frecuencia:INST_DIVISOR|reloj_interno ;
;  HEX0[1]  ; divisor_frecuencia:INST_DIVISOR|reloj_interno ; 3.999 ; 4.112 ; Fall       ; divisor_frecuencia:INST_DIVISOR|reloj_interno ;
;  HEX0[2]  ; divisor_frecuencia:INST_DIVISOR|reloj_interno ; 3.806 ; 3.835 ; Fall       ; divisor_frecuencia:INST_DIVISOR|reloj_interno ;
;  HEX0[3]  ; divisor_frecuencia:INST_DIVISOR|reloj_interno ; 3.799 ; 3.822 ; Fall       ; divisor_frecuencia:INST_DIVISOR|reloj_interno ;
;  HEX0[4]  ; divisor_frecuencia:INST_DIVISOR|reloj_interno ; 3.818 ; 3.891 ; Fall       ; divisor_frecuencia:INST_DIVISOR|reloj_interno ;
;  HEX0[5]  ; divisor_frecuencia:INST_DIVISOR|reloj_interno ; 3.800 ; 3.824 ; Fall       ; divisor_frecuencia:INST_DIVISOR|reloj_interno ;
;  HEX0[6]  ; divisor_frecuencia:INST_DIVISOR|reloj_interno ; 3.962 ; 3.917 ; Fall       ; divisor_frecuencia:INST_DIVISOR|reloj_interno ;
; HEX1[*]   ; divisor_frecuencia:INST_DIVISOR|reloj_interno ; 3.813 ; 3.819 ; Fall       ; divisor_frecuencia:INST_DIVISOR|reloj_interno ;
;  HEX1[0]  ; divisor_frecuencia:INST_DIVISOR|reloj_interno ; 3.957 ; 4.009 ; Fall       ; divisor_frecuencia:INST_DIVISOR|reloj_interno ;
;  HEX1[1]  ; divisor_frecuencia:INST_DIVISOR|reloj_interno ; 3.951 ; 4.000 ; Fall       ; divisor_frecuencia:INST_DIVISOR|reloj_interno ;
;  HEX1[2]  ; divisor_frecuencia:INST_DIVISOR|reloj_interno ; 3.960 ; 4.068 ; Fall       ; divisor_frecuencia:INST_DIVISOR|reloj_interno ;
;  HEX1[3]  ; divisor_frecuencia:INST_DIVISOR|reloj_interno ; 3.962 ; 4.015 ; Fall       ; divisor_frecuencia:INST_DIVISOR|reloj_interno ;
;  HEX1[4]  ; divisor_frecuencia:INST_DIVISOR|reloj_interno ; 3.973 ; 4.030 ; Fall       ; divisor_frecuencia:INST_DIVISOR|reloj_interno ;
;  HEX1[5]  ; divisor_frecuencia:INST_DIVISOR|reloj_interno ; 3.813 ; 3.894 ; Fall       ; divisor_frecuencia:INST_DIVISOR|reloj_interno ;
;  HEX1[6]  ; divisor_frecuencia:INST_DIVISOR|reloj_interno ; 3.854 ; 3.819 ; Fall       ; divisor_frecuencia:INST_DIVISOR|reloj_interno ;
; HEX2[*]   ; divisor_frecuencia:INST_DIVISOR|reloj_interno ; 3.588 ; 3.600 ; Fall       ; divisor_frecuencia:INST_DIVISOR|reloj_interno ;
;  HEX2[0]  ; divisor_frecuencia:INST_DIVISOR|reloj_interno ; 3.862 ; 3.873 ; Fall       ; divisor_frecuencia:INST_DIVISOR|reloj_interno ;
;  HEX2[1]  ; divisor_frecuencia:INST_DIVISOR|reloj_interno ; 3.605 ; 3.661 ; Fall       ; divisor_frecuencia:INST_DIVISOR|reloj_interno ;
;  HEX2[2]  ; divisor_frecuencia:INST_DIVISOR|reloj_interno ; 3.723 ; 3.749 ; Fall       ; divisor_frecuencia:INST_DIVISOR|reloj_interno ;
;  HEX2[3]  ; divisor_frecuencia:INST_DIVISOR|reloj_interno ; 3.588 ; 3.600 ; Fall       ; divisor_frecuencia:INST_DIVISOR|reloj_interno ;
;  HEX2[4]  ; divisor_frecuencia:INST_DIVISOR|reloj_interno ; 3.623 ; 3.677 ; Fall       ; divisor_frecuencia:INST_DIVISOR|reloj_interno ;
;  HEX2[5]  ; divisor_frecuencia:INST_DIVISOR|reloj_interno ; 3.626 ; 3.638 ; Fall       ; divisor_frecuencia:INST_DIVISOR|reloj_interno ;
;  HEX2[6]  ; divisor_frecuencia:INST_DIVISOR|reloj_interno ; 4.083 ; 4.058 ; Fall       ; divisor_frecuencia:INST_DIVISOR|reloj_interno ;
+-----------+-----------------------------------------------+-------+-------+------------+-----------------------------------------------+


+------------------------------------------------------------------------------------------------------------------------------------------------------------------------------------------------------------------------------------------------------------------------------------------------------------------------------------------------------------------------------------------------------------------+
; Board Trace Model Assignments                                                                                                                                                                                                                                                                                                                                                                                    ;
+---------------+--------------+-------------------+-------------------------+-------------------------+---------------+---------------------+----------------+------------------+--------+------------------+------------------------+------------------------+--------------+---------------+-----------------+-------+---------------------+--------------------+---------------+-----------------+-------------+
; Pin           ; I/O Standard ; Near Tline Length ; Near Tline L per Length ; Near Tline C per Length ; Near Series R ; Near Differential R ; Near Pull-up R ; Near Pull-down R ; Near C ; Far Tline Length ; Far Tline L per Length ; Far Tline C per Length ; Far Series R ; Far Pull-up R ; Far Pull-down R ; Far C ; Termination Voltage ; Far Differential R ; EBD File Name ; EBD Signal Name ; EBD Far-end ;
+---------------+--------------+-------------------+-------------------------+-------------------------+---------------+---------------------+----------------+------------------+--------+------------------+------------------------+------------------------+--------------+---------------+-----------------+-------+---------------------+--------------------+---------------+-----------------+-------------+
; HEX0[0]       ; 2.5 V        ; 0 in              ; 0 H/in                  ; 0 F/in                  ; short         ; -                   ; open           ; open             ; open   ; 0 in             ; 0 H/in                 ; 0 F/in                 ; short        ; open          ; open            ; open  ; 0 V                 ; -                  ; n/a           ; n/a             ; n/a         ;
; HEX0[1]       ; 2.5 V        ; 0 in              ; 0 H/in                  ; 0 F/in                  ; short         ; -                   ; open           ; open             ; open   ; 0 in             ; 0 H/in                 ; 0 F/in                 ; short        ; open          ; open            ; open  ; 0 V                 ; -                  ; n/a           ; n/a             ; n/a         ;
; HEX0[2]       ; 2.5 V        ; 0 in              ; 0 H/in                  ; 0 F/in                  ; short         ; -                   ; open           ; open             ; open   ; 0 in             ; 0 H/in                 ; 0 F/in                 ; short        ; open          ; open            ; open  ; 0 V                 ; -                  ; n/a           ; n/a             ; n/a         ;
; HEX0[3]       ; 2.5 V        ; 0 in              ; 0 H/in                  ; 0 F/in                  ; short         ; -                   ; open           ; open             ; open   ; 0 in             ; 0 H/in                 ; 0 F/in                 ; short        ; open          ; open            ; open  ; 0 V                 ; -                  ; n/a           ; n/a             ; n/a         ;
; HEX0[4]       ; 2.5 V        ; 0 in              ; 0 H/in                  ; 0 F/in                  ; short         ; -                   ; open           ; open             ; open   ; 0 in             ; 0 H/in                 ; 0 F/in                 ; short        ; open          ; open            ; open  ; 0 V                 ; -                  ; n/a           ; n/a             ; n/a         ;
; HEX0[5]       ; 2.5 V        ; 0 in              ; 0 H/in                  ; 0 F/in                  ; short         ; -                   ; open           ; open             ; open   ; 0 in             ; 0 H/in                 ; 0 F/in                 ; short        ; open          ; open            ; open  ; 0 V                 ; -                  ; n/a           ; n/a             ; n/a         ;
; HEX0[6]       ; 2.5 V        ; 0 in              ; 0 H/in                  ; 0 F/in                  ; short         ; -                   ; open           ; open             ; open   ; 0 in             ; 0 H/in                 ; 0 F/in                 ; short        ; open          ; open            ; open  ; 0 V                 ; -                  ; n/a           ; n/a             ; n/a         ;
; HEX1[0]       ; 2.5 V        ; 0 in              ; 0 H/in                  ; 0 F/in                  ; short         ; -                   ; open           ; open             ; open   ; 0 in             ; 0 H/in                 ; 0 F/in                 ; short        ; open          ; open            ; open  ; 0 V                 ; -                  ; n/a           ; n/a             ; n/a         ;
; HEX1[1]       ; 2.5 V        ; 0 in              ; 0 H/in                  ; 0 F/in                  ; short         ; -                   ; open           ; open             ; open   ; 0 in             ; 0 H/in                 ; 0 F/in                 ; short        ; open          ; open            ; open  ; 0 V                 ; -                  ; n/a           ; n/a             ; n/a         ;
; HEX1[2]       ; 2.5 V        ; 0 in              ; 0 H/in                  ; 0 F/in                  ; short         ; -                   ; open           ; open             ; open   ; 0 in             ; 0 H/in                 ; 0 F/in                 ; short        ; open          ; open            ; open  ; 0 V                 ; -                  ; n/a           ; n/a             ; n/a         ;
; HEX1[3]       ; 2.5 V        ; 0 in              ; 0 H/in                  ; 0 F/in                  ; short         ; -                   ; open           ; open             ; open   ; 0 in             ; 0 H/in                 ; 0 F/in                 ; short        ; open          ; open            ; open  ; 0 V                 ; -                  ; n/a           ; n/a             ; n/a         ;
; HEX1[4]       ; 2.5 V        ; 0 in              ; 0 H/in                  ; 0 F/in                  ; short         ; -                   ; open           ; open             ; open   ; 0 in             ; 0 H/in                 ; 0 F/in                 ; short        ; open          ; open            ; open  ; 0 V                 ; -                  ; n/a           ; n/a             ; n/a         ;
; HEX1[5]       ; 2.5 V        ; 0 in              ; 0 H/in                  ; 0 F/in                  ; short         ; -                   ; open           ; open             ; open   ; 0 in             ; 0 H/in                 ; 0 F/in                 ; short        ; open          ; open            ; open  ; 0 V                 ; -                  ; n/a           ; n/a             ; n/a         ;
; HEX1[6]       ; 2.5 V        ; 0 in              ; 0 H/in                  ; 0 F/in                  ; short         ; -                   ; open           ; open             ; open   ; 0 in             ; 0 H/in                 ; 0 F/in                 ; short        ; open          ; open            ; open  ; 0 V                 ; -                  ; n/a           ; n/a             ; n/a         ;
; HEX2[0]       ; 2.5 V        ; 0 in              ; 0 H/in                  ; 0 F/in                  ; short         ; -                   ; open           ; open             ; open   ; 0 in             ; 0 H/in                 ; 0 F/in                 ; short        ; open          ; open            ; open  ; 0 V                 ; -                  ; n/a           ; n/a             ; n/a         ;
; HEX2[1]       ; 2.5 V        ; 0 in              ; 0 H/in                  ; 0 F/in                  ; short         ; -                   ; open           ; open             ; open   ; 0 in             ; 0 H/in                 ; 0 F/in                 ; short        ; open          ; open            ; open  ; 0 V                 ; -                  ; n/a           ; n/a             ; n/a         ;
; HEX2[2]       ; 2.5 V        ; 0 in              ; 0 H/in                  ; 0 F/in                  ; short         ; -                   ; open           ; open             ; open   ; 0 in             ; 0 H/in                 ; 0 F/in                 ; short        ; open          ; open            ; open  ; 0 V                 ; -                  ; n/a           ; n/a             ; n/a         ;
; HEX2[3]       ; 2.5 V        ; 0 in              ; 0 H/in                  ; 0 F/in                  ; short         ; -                   ; open           ; open             ; open   ; 0 in             ; 0 H/in                 ; 0 F/in                 ; short        ; open          ; open            ; open  ; 0 V                 ; -                  ; n/a           ; n/a             ; n/a         ;
; HEX2[4]       ; 2.5 V        ; 0 in              ; 0 H/in                  ; 0 F/in                  ; short         ; -                   ; open           ; open             ; open   ; 0 in             ; 0 H/in                 ; 0 F/in                 ; short        ; open          ; open            ; open  ; 0 V                 ; -                  ; n/a           ; n/a             ; n/a         ;
; HEX2[5]       ; 2.5 V        ; 0 in              ; 0 H/in                  ; 0 F/in                  ; short         ; -                   ; open           ; open             ; open   ; 0 in             ; 0 H/in                 ; 0 F/in                 ; short        ; open          ; open            ; open  ; 0 V                 ; -                  ; n/a           ; n/a             ; n/a         ;
; HEX2[6]       ; 2.5 V        ; 0 in              ; 0 H/in                  ; 0 F/in                  ; short         ; -                   ; open           ; open             ; open   ; 0 in             ; 0 H/in                 ; 0 F/in                 ; short        ; open          ; open            ; open  ; 0 V                 ; -                  ; n/a           ; n/a             ; n/a         ;
; HEX3[0]       ; 2.5 V        ; 0 in              ; 0 H/in                  ; 0 F/in                  ; short         ; -                   ; open           ; open             ; open   ; 0 in             ; 0 H/in                 ; 0 F/in                 ; short        ; open          ; open            ; open  ; 0 V                 ; -                  ; n/a           ; n/a             ; n/a         ;
; HEX3[1]       ; 2.5 V        ; 0 in              ; 0 H/in                  ; 0 F/in                  ; short         ; -                   ; open           ; open             ; open   ; 0 in             ; 0 H/in                 ; 0 F/in                 ; short        ; open          ; open            ; open  ; 0 V                 ; -                  ; n/a           ; n/a             ; n/a         ;
; HEX3[2]       ; 2.5 V        ; 0 in              ; 0 H/in                  ; 0 F/in                  ; short         ; -                   ; open           ; open             ; open   ; 0 in             ; 0 H/in                 ; 0 F/in                 ; short        ; open          ; open            ; open  ; 0 V                 ; -                  ; n/a           ; n/a             ; n/a         ;
; HEX3[3]       ; 2.5 V        ; 0 in              ; 0 H/in                  ; 0 F/in                  ; short         ; -                   ; open           ; open             ; open   ; 0 in             ; 0 H/in                 ; 0 F/in                 ; short        ; open          ; open            ; open  ; 0 V                 ; -                  ; n/a           ; n/a             ; n/a         ;
; HEX3[4]       ; 2.5 V        ; 0 in              ; 0 H/in                  ; 0 F/in                  ; short         ; -                   ; open           ; open             ; open   ; 0 in             ; 0 H/in                 ; 0 F/in                 ; short        ; open          ; open            ; open  ; 0 V                 ; -                  ; n/a           ; n/a             ; n/a         ;
; HEX3[5]       ; 2.5 V        ; 0 in              ; 0 H/in                  ; 0 F/in                  ; short         ; -                   ; open           ; open             ; open   ; 0 in             ; 0 H/in                 ; 0 F/in                 ; short        ; open          ; open            ; open  ; 0 V                 ; -                  ; n/a           ; n/a             ; n/a         ;
; HEX3[6]       ; 2.5 V        ; 0 in              ; 0 H/in                  ; 0 F/in                  ; short         ; -                   ; open           ; open             ; open   ; 0 in             ; 0 H/in                 ; 0 F/in                 ; short        ; open          ; open            ; open  ; 0 V                 ; -                  ; n/a           ; n/a             ; n/a         ;
; ~ALTERA_DCLK~ ; 2.5 V        ; 0 in              ; 0 H/in                  ; 0 F/in                  ; short         ; -                   ; open           ; open             ; open   ; 0 in             ; 0 H/in                 ; 0 F/in                 ; short        ; open          ; open            ; open  ; 0 V                 ; -                  ; n/a           ; n/a             ; n/a         ;
; ~ALTERA_nCEO~ ; 2.5 V        ; 0 in              ; 0 H/in                  ; 0 F/in                  ; short         ; -                   ; open           ; open             ; open   ; 0 in             ; 0 H/in                 ; 0 F/in                 ; short        ; open          ; open            ; open  ; 0 V                 ; -                  ; n/a           ; n/a             ; n/a         ;
+---------------+--------------+-------------------+-------------------------+-------------------------+---------------+---------------------+----------------+------------------+--------+------------------+------------------------+------------------------+--------------+---------------+-----------------+-------+---------------------+--------------------+---------------+-----------------+-------------+


+----------------------------------------------------------------------------+
; Input Transition Times                                                     ;
+-------------------------+--------------+-----------------+-----------------+
; Pin                     ; I/O Standard ; 10-90 Rise Time ; 90-10 Fall Time ;
+-------------------------+--------------+-----------------+-----------------+
; reloj_50mhz             ; 2.5 V        ; 2000 ps         ; 2000 ps         ;
; boton                   ; 2.5 V        ; 2000 ps         ; 2000 ps         ;
; ~ALTERA_ASDO_DATA1~     ; 2.5 V        ; 2000 ps         ; 2000 ps         ;
; ~ALTERA_FLASH_nCE_nCSO~ ; 2.5 V        ; 2000 ps         ; 2000 ps         ;
; ~ALTERA_DATA0~          ; 2.5 V        ; 2000 ps         ; 2000 ps         ;
+-------------------------+--------------+-----------------+-----------------+


+--------------------------------------------------------------------------------------------------------------------------------------------------------------------------------------------------------------------------------------------------------------------------------------------------------------------------------------------------------------------------------------------------------------------------------------------------------------------------------------------------------------------------------------------------------------------------------------------------------------------------------------------------------------------------------------------+
; Slow Corner Signal Integrity Metrics                                                                                                                                                                                                                                                                                                                                                                                                                                                                                                                                                                                                                                                       ;
+---------------+--------------+---------------------+---------------------+------------------------------+------------------------------+---------------------+---------------------+--------------------------------------+--------------------------------------+-----------------------------+-----------------------------+----------------------------+----------------------------+-----------------------------+-----------------------------+--------------------+--------------------+-------------------------------------+-------------------------------------+----------------------------+----------------------------+---------------------------+---------------------------+
; Pin           ; I/O Standard ; Board Delay on Rise ; Board Delay on Fall ; Steady State Voh at FPGA Pin ; Steady State Vol at FPGA Pin ; Voh Max at FPGA Pin ; Vol Min at FPGA Pin ; Ringback Voltage on Rise at FPGA Pin ; Ringback Voltage on Fall at FPGA Pin ; 10-90 Rise Time at FPGA Pin ; 90-10 Fall Time at FPGA Pin ; Monotonic Rise at FPGA Pin ; Monotonic Fall at FPGA Pin ; Steady State Voh at Far-end ; Steady State Vol at Far-end ; Voh Max at Far-end ; Vol Min at Far-end ; Ringback Voltage on Rise at Far-end ; Ringback Voltage on Fall at Far-end ; 10-90 Rise Time at Far-end ; 90-10 Fall Time at Far-end ; Monotonic Rise at Far-end ; Monotonic Fall at Far-end ;
+---------------+--------------+---------------------+---------------------+------------------------------+------------------------------+---------------------+---------------------+--------------------------------------+--------------------------------------+-----------------------------+-----------------------------+----------------------------+----------------------------+-----------------------------+-----------------------------+--------------------+--------------------+-------------------------------------+-------------------------------------+----------------------------+----------------------------+---------------------------+---------------------------+
; HEX0[0]       ; 2.5 V        ; 0 s                 ; 0 s                 ; 2.32 V                       ; 1.08e-06 V                   ; 2.36 V              ; -0.0113 V           ; 0.122 V                              ; 0.022 V                              ; 4.5e-10 s                   ; 4.45e-10 s                  ; Yes                        ; Yes                        ; 2.32 V                      ; 1.08e-06 V                  ; 2.36 V             ; -0.0113 V          ; 0.122 V                             ; 0.022 V                             ; 4.5e-10 s                  ; 4.45e-10 s                 ; Yes                       ; Yes                       ;
; HEX0[1]       ; 2.5 V        ; 0 s                 ; 0 s                 ; 2.32 V                       ; 1.08e-06 V                   ; 2.36 V              ; -0.0113 V           ; 0.122 V                              ; 0.022 V                              ; 4.5e-10 s                   ; 4.45e-10 s                  ; Yes                        ; Yes                        ; 2.32 V                      ; 1.08e-06 V                  ; 2.36 V             ; -0.0113 V          ; 0.122 V                             ; 0.022 V                             ; 4.5e-10 s                  ; 4.45e-10 s                 ; Yes                       ; Yes                       ;
; HEX0[2]       ; 2.5 V        ; 0 s                 ; 0 s                 ; 2.32 V                       ; 1.08e-06 V                   ; 2.36 V              ; -0.0113 V           ; 0.122 V                              ; 0.022 V                              ; 4.5e-10 s                   ; 4.45e-10 s                  ; Yes                        ; Yes                        ; 2.32 V                      ; 1.08e-06 V                  ; 2.36 V             ; -0.0113 V          ; 0.122 V                             ; 0.022 V                             ; 4.5e-10 s                  ; 4.45e-10 s                 ; Yes                       ; Yes                       ;
; HEX0[3]       ; 2.5 V        ; 0 s                 ; 0 s                 ; 2.32 V                       ; 1.08e-06 V                   ; 2.36 V              ; -0.0113 V           ; 0.122 V                              ; 0.022 V                              ; 4.5e-10 s                   ; 4.45e-10 s                  ; Yes                        ; Yes                        ; 2.32 V                      ; 1.08e-06 V                  ; 2.36 V             ; -0.0113 V          ; 0.122 V                             ; 0.022 V                             ; 4.5e-10 s                  ; 4.45e-10 s                 ; Yes                       ; Yes                       ;
; HEX0[4]       ; 2.5 V        ; 0 s                 ; 0 s                 ; 2.32 V                       ; 1.08e-06 V                   ; 2.36 V              ; -0.0113 V           ; 0.122 V                              ; 0.022 V                              ; 4.5e-10 s                   ; 4.45e-10 s                  ; Yes                        ; Yes                        ; 2.32 V                      ; 1.08e-06 V                  ; 2.36 V             ; -0.0113 V          ; 0.122 V                             ; 0.022 V                             ; 4.5e-10 s                  ; 4.45e-10 s                 ; Yes                       ; Yes                       ;
; HEX0[5]       ; 2.5 V        ; 0 s                 ; 0 s                 ; 2.32 V                       ; 1.08e-06 V                   ; 2.36 V              ; -0.0113 V           ; 0.122 V                              ; 0.022 V                              ; 4.5e-10 s                   ; 4.45e-10 s                  ; Yes                        ; Yes                        ; 2.32 V                      ; 1.08e-06 V                  ; 2.36 V             ; -0.0113 V          ; 0.122 V                             ; 0.022 V                             ; 4.5e-10 s                  ; 4.45e-10 s                 ; Yes                       ; Yes                       ;
; HEX0[6]       ; 2.5 V        ; 0 s                 ; 0 s                 ; 2.32 V                       ; 1.08e-06 V                   ; 2.36 V              ; -0.0113 V           ; 0.122 V                              ; 0.022 V                              ; 4.5e-10 s                   ; 4.45e-10 s                  ; Yes                        ; Yes                        ; 2.32 V                      ; 1.08e-06 V                  ; 2.36 V             ; -0.0113 V          ; 0.122 V                             ; 0.022 V                             ; 4.5e-10 s                  ; 4.45e-10 s                 ; Yes                       ; Yes                       ;
; HEX1[0]       ; 2.5 V        ; 0 s                 ; 0 s                 ; 2.32 V                       ; 1.08e-06 V                   ; 2.36 V              ; -0.0113 V           ; 0.122 V                              ; 0.022 V                              ; 4.5e-10 s                   ; 4.45e-10 s                  ; Yes                        ; Yes                        ; 2.32 V                      ; 1.08e-06 V                  ; 2.36 V             ; -0.0113 V          ; 0.122 V                             ; 0.022 V                             ; 4.5e-10 s                  ; 4.45e-10 s                 ; Yes                       ; Yes                       ;
; HEX1[1]       ; 2.5 V        ; 0 s                 ; 0 s                 ; 2.32 V                       ; 1.08e-06 V                   ; 2.36 V              ; -0.0113 V           ; 0.122 V                              ; 0.022 V                              ; 4.5e-10 s                   ; 4.45e-10 s                  ; Yes                        ; Yes                        ; 2.32 V                      ; 1.08e-06 V                  ; 2.36 V             ; -0.0113 V          ; 0.122 V                             ; 0.022 V                             ; 4.5e-10 s                  ; 4.45e-10 s                 ; Yes                       ; Yes                       ;
; HEX1[2]       ; 2.5 V        ; 0 s                 ; 0 s                 ; 2.32 V                       ; 1.08e-06 V                   ; 2.36 V              ; -0.0113 V           ; 0.122 V                              ; 0.022 V                              ; 4.5e-10 s                   ; 4.45e-10 s                  ; Yes                        ; Yes                        ; 2.32 V                      ; 1.08e-06 V                  ; 2.36 V             ; -0.0113 V          ; 0.122 V                             ; 0.022 V                             ; 4.5e-10 s                  ; 4.45e-10 s                 ; Yes                       ; Yes                       ;
; HEX1[3]       ; 2.5 V        ; 0 s                 ; 0 s                 ; 2.32 V                       ; 1.08e-06 V                   ; 2.36 V              ; -0.0113 V           ; 0.122 V                              ; 0.022 V                              ; 4.5e-10 s                   ; 4.45e-10 s                  ; Yes                        ; Yes                        ; 2.32 V                      ; 1.08e-06 V                  ; 2.36 V             ; -0.0113 V          ; 0.122 V                             ; 0.022 V                             ; 4.5e-10 s                  ; 4.45e-10 s                 ; Yes                       ; Yes                       ;
; HEX1[4]       ; 2.5 V        ; 0 s                 ; 0 s                 ; 2.32 V                       ; 1.08e-06 V                   ; 2.36 V              ; -0.0113 V           ; 0.122 V                              ; 0.022 V                              ; 4.5e-10 s                   ; 4.45e-10 s                  ; Yes                        ; Yes                        ; 2.32 V                      ; 1.08e-06 V                  ; 2.36 V             ; -0.0113 V          ; 0.122 V                             ; 0.022 V                             ; 4.5e-10 s                  ; 4.45e-10 s                 ; Yes                       ; Yes                       ;
; HEX1[5]       ; 2.5 V        ; 0 s                 ; 0 s                 ; 2.32 V                       ; 1.08e-06 V                   ; 2.36 V              ; -0.0113 V           ; 0.122 V                              ; 0.022 V                              ; 4.5e-10 s                   ; 4.45e-10 s                  ; Yes                        ; Yes                        ; 2.32 V                      ; 1.08e-06 V                  ; 2.36 V             ; -0.0113 V          ; 0.122 V                             ; 0.022 V                             ; 4.5e-10 s                  ; 4.45e-10 s                 ; Yes                       ; Yes                       ;
; HEX1[6]       ; 2.5 V        ; 0 s                 ; 0 s                 ; 2.32 V                       ; 1.08e-06 V                   ; 2.36 V              ; -0.0113 V           ; 0.122 V                              ; 0.022 V                              ; 4.5e-10 s                   ; 4.45e-10 s                  ; Yes                        ; Yes                        ; 2.32 V                      ; 1.08e-06 V                  ; 2.36 V             ; -0.0113 V          ; 0.122 V                             ; 0.022 V                             ; 4.5e-10 s                  ; 4.45e-10 s                 ; Yes                       ; Yes                       ;
; HEX2[0]       ; 2.5 V        ; 0 s                 ; 0 s                 ; 2.32 V                       ; 1.08e-06 V                   ; 2.36 V              ; -0.0113 V           ; 0.122 V                              ; 0.022 V                              ; 4.5e-10 s                   ; 4.45e-10 s                  ; Yes                        ; Yes                        ; 2.32 V                      ; 1.08e-06 V                  ; 2.36 V             ; -0.0113 V          ; 0.122 V                             ; 0.022 V                             ; 4.5e-10 s                  ; 4.45e-10 s                 ; Yes                       ; Yes                       ;
; HEX2[1]       ; 2.5 V        ; 0 s                 ; 0 s                 ; 2.32 V                       ; 1.08e-06 V                   ; 2.36 V              ; -0.0113 V           ; 0.122 V                              ; 0.022 V                              ; 4.5e-10 s                   ; 4.45e-10 s                  ; Yes                        ; Yes                        ; 2.32 V                      ; 1.08e-06 V                  ; 2.36 V             ; -0.0113 V          ; 0.122 V                             ; 0.022 V                             ; 4.5e-10 s                  ; 4.45e-10 s                 ; Yes                       ; Yes                       ;
; HEX2[2]       ; 2.5 V        ; 0 s                 ; 0 s                 ; 2.32 V                       ; 1.08e-06 V                   ; 2.36 V              ; -0.0113 V           ; 0.122 V                              ; 0.022 V                              ; 4.5e-10 s                   ; 4.45e-10 s                  ; Yes                        ; Yes                        ; 2.32 V                      ; 1.08e-06 V                  ; 2.36 V             ; -0.0113 V          ; 0.122 V                             ; 0.022 V                             ; 4.5e-10 s                  ; 4.45e-10 s                 ; Yes                       ; Yes                       ;
; HEX2[3]       ; 2.5 V        ; 0 s                 ; 0 s                 ; 2.32 V                       ; 1.08e-06 V                   ; 2.36 V              ; -0.0113 V           ; 0.122 V                              ; 0.022 V                              ; 4.5e-10 s                   ; 4.45e-10 s                  ; Yes                        ; Yes                        ; 2.32 V                      ; 1.08e-06 V                  ; 2.36 V             ; -0.0113 V          ; 0.122 V                             ; 0.022 V                             ; 4.5e-10 s                  ; 4.45e-10 s                 ; Yes                       ; Yes                       ;
; HEX2[4]       ; 2.5 V        ; 0 s                 ; 0 s                 ; 2.32 V                       ; 1.08e-06 V                   ; 2.36 V              ; -0.0113 V           ; 0.122 V                              ; 0.022 V                              ; 4.5e-10 s                   ; 4.45e-10 s                  ; Yes                        ; Yes                        ; 2.32 V                      ; 1.08e-06 V                  ; 2.36 V             ; -0.0113 V          ; 0.122 V                             ; 0.022 V                             ; 4.5e-10 s                  ; 4.45e-10 s                 ; Yes                       ; Yes                       ;
; HEX2[5]       ; 2.5 V        ; 0 s                 ; 0 s                 ; 2.32 V                       ; 1.08e-06 V                   ; 2.36 V              ; -0.0113 V           ; 0.122 V                              ; 0.022 V                              ; 4.5e-10 s                   ; 4.45e-10 s                  ; Yes                        ; Yes                        ; 2.32 V                      ; 1.08e-06 V                  ; 2.36 V             ; -0.0113 V          ; 0.122 V                             ; 0.022 V                             ; 4.5e-10 s                  ; 4.45e-10 s                 ; Yes                       ; Yes                       ;
; HEX2[6]       ; 2.5 V        ; 0 s                 ; 0 s                 ; 2.32 V                       ; 1.08e-06 V                   ; 2.36 V              ; -0.0113 V           ; 0.122 V                              ; 0.022 V                              ; 4.5e-10 s                   ; 4.45e-10 s                  ; Yes                        ; Yes                        ; 2.32 V                      ; 1.08e-06 V                  ; 2.36 V             ; -0.0113 V          ; 0.122 V                             ; 0.022 V                             ; 4.5e-10 s                  ; 4.45e-10 s                 ; Yes                       ; Yes                       ;
; HEX3[0]       ; 2.5 V        ; 0 s                 ; 0 s                 ; 2.32 V                       ; 1.08e-06 V                   ; 2.36 V              ; -0.0113 V           ; 0.122 V                              ; 0.022 V                              ; 4.5e-10 s                   ; 4.45e-10 s                  ; Yes                        ; Yes                        ; 2.32 V                      ; 1.08e-06 V                  ; 2.36 V             ; -0.0113 V          ; 0.122 V                             ; 0.022 V                             ; 4.5e-10 s                  ; 4.45e-10 s                 ; Yes                       ; Yes                       ;
; HEX3[1]       ; 2.5 V        ; 0 s                 ; 0 s                 ; 2.32 V                       ; 1.08e-06 V                   ; 2.36 V              ; -0.0113 V           ; 0.122 V                              ; 0.022 V                              ; 4.5e-10 s                   ; 4.45e-10 s                  ; Yes                        ; Yes                        ; 2.32 V                      ; 1.08e-06 V                  ; 2.36 V             ; -0.0113 V          ; 0.122 V                             ; 0.022 V                             ; 4.5e-10 s                  ; 4.45e-10 s                 ; Yes                       ; Yes                       ;
; HEX3[2]       ; 2.5 V        ; 0 s                 ; 0 s                 ; 2.32 V                       ; 1.08e-06 V                   ; 2.36 V              ; -0.0113 V           ; 0.122 V                              ; 0.022 V                              ; 4.5e-10 s                   ; 4.45e-10 s                  ; Yes                        ; Yes                        ; 2.32 V                      ; 1.08e-06 V                  ; 2.36 V             ; -0.0113 V          ; 0.122 V                             ; 0.022 V                             ; 4.5e-10 s                  ; 4.45e-10 s                 ; Yes                       ; Yes                       ;
; HEX3[3]       ; 2.5 V        ; 0 s                 ; 0 s                 ; 2.32 V                       ; 1.08e-06 V                   ; 2.36 V              ; -0.0113 V           ; 0.122 V                              ; 0.022 V                              ; 4.5e-10 s                   ; 4.45e-10 s                  ; Yes                        ; Yes                        ; 2.32 V                      ; 1.08e-06 V                  ; 2.36 V             ; -0.0113 V          ; 0.122 V                             ; 0.022 V                             ; 4.5e-10 s                  ; 4.45e-10 s                 ; Yes                       ; Yes                       ;
; HEX3[4]       ; 2.5 V        ; 0 s                 ; 0 s                 ; 2.32 V                       ; 1.08e-06 V                   ; 2.36 V              ; -0.0113 V           ; 0.122 V                              ; 0.022 V                              ; 4.5e-10 s                   ; 4.45e-10 s                  ; Yes                        ; Yes                        ; 2.32 V                      ; 1.08e-06 V                  ; 2.36 V             ; -0.0113 V          ; 0.122 V                             ; 0.022 V                             ; 4.5e-10 s                  ; 4.45e-10 s                 ; Yes                       ; Yes                       ;
; HEX3[5]       ; 2.5 V        ; 0 s                 ; 0 s                 ; 2.32 V                       ; 1.08e-06 V                   ; 2.36 V              ; -0.0113 V           ; 0.122 V                              ; 0.022 V                              ; 4.5e-10 s                   ; 4.45e-10 s                  ; Yes                        ; Yes                        ; 2.32 V                      ; 1.08e-06 V                  ; 2.36 V             ; -0.0113 V          ; 0.122 V                             ; 0.022 V                             ; 4.5e-10 s                  ; 4.45e-10 s                 ; Yes                       ; Yes                       ;
; HEX3[6]       ; 2.5 V        ; 0 s                 ; 0 s                 ; 2.32 V                       ; 1.08e-06 V                   ; 2.36 V              ; -0.0113 V           ; 0.122 V                              ; 0.022 V                              ; 4.5e-10 s                   ; 4.45e-10 s                  ; Yes                        ; Yes                        ; 2.32 V                      ; 1.08e-06 V                  ; 2.36 V             ; -0.0113 V          ; 0.122 V                             ; 0.022 V                             ; 4.5e-10 s                  ; 4.45e-10 s                 ; Yes                       ; Yes                       ;
; ~ALTERA_DCLK~ ; 2.5 V        ; 0 s                 ; 0 s                 ; 2.32 V                       ; 5.68e-07 V                   ; 2.35 V              ; -0.0132 V           ; 0.2 V                                ; 0.027 V                              ; 5.26e-10 s                  ; 4.81e-10 s                  ; Yes                        ; Yes                        ; 2.32 V                      ; 5.68e-07 V                  ; 2.35 V             ; -0.0132 V          ; 0.2 V                               ; 0.027 V                             ; 5.26e-10 s                 ; 4.81e-10 s                 ; Yes                       ; Yes                       ;
; ~ALTERA_nCEO~ ; 2.5 V        ; 0 s                 ; 0 s                 ; 2.32 V                       ; 9.36e-07 V                   ; 2.35 V              ; -0.00444 V          ; 0.18 V                               ; 0.019 V                              ; 7.23e-10 s                  ; 9.82e-10 s                  ; Yes                        ; Yes                        ; 2.32 V                      ; 9.36e-07 V                  ; 2.35 V             ; -0.00444 V         ; 0.18 V                              ; 0.019 V                             ; 7.23e-10 s                 ; 9.82e-10 s                 ; Yes                       ; Yes                       ;
+---------------+--------------+---------------------+---------------------+------------------------------+------------------------------+---------------------+---------------------+--------------------------------------+--------------------------------------+-----------------------------+-----------------------------+----------------------------+----------------------------+-----------------------------+-----------------------------+--------------------+--------------------+-------------------------------------+-------------------------------------+----------------------------+----------------------------+---------------------------+---------------------------+


+--------------------------------------------------------------------------------------------------------------------------------------------------------------------------------------------------------------------------------------------------------------------------------------------------------------------------------------------------------------------------------------------------------------------------------------------------------------------------------------------------------------------------------------------------------------------------------------------------------------------------------------------------------------------------------------------+
; Fast Corner Signal Integrity Metrics                                                                                                                                                                                                                                                                                                                                                                                                                                                                                                                                                                                                                                                       ;
+---------------+--------------+---------------------+---------------------+------------------------------+------------------------------+---------------------+---------------------+--------------------------------------+--------------------------------------+-----------------------------+-----------------------------+----------------------------+----------------------------+-----------------------------+-----------------------------+--------------------+--------------------+-------------------------------------+-------------------------------------+----------------------------+----------------------------+---------------------------+---------------------------+
; Pin           ; I/O Standard ; Board Delay on Rise ; Board Delay on Fall ; Steady State Voh at FPGA Pin ; Steady State Vol at FPGA Pin ; Voh Max at FPGA Pin ; Vol Min at FPGA Pin ; Ringback Voltage on Rise at FPGA Pin ; Ringback Voltage on Fall at FPGA Pin ; 10-90 Rise Time at FPGA Pin ; 90-10 Fall Time at FPGA Pin ; Monotonic Rise at FPGA Pin ; Monotonic Fall at FPGA Pin ; Steady State Voh at Far-end ; Steady State Vol at Far-end ; Voh Max at Far-end ; Vol Min at Far-end ; Ringback Voltage on Rise at Far-end ; Ringback Voltage on Fall at Far-end ; 10-90 Rise Time at Far-end ; 90-10 Fall Time at Far-end ; Monotonic Rise at Far-end ; Monotonic Fall at Far-end ;
+---------------+--------------+---------------------+---------------------+------------------------------+------------------------------+---------------------+---------------------+--------------------------------------+--------------------------------------+-----------------------------+-----------------------------+----------------------------+----------------------------+-----------------------------+-----------------------------+--------------------+--------------------+-------------------------------------+-------------------------------------+----------------------------+----------------------------+---------------------------+---------------------------+
; HEX0[0]       ; 2.5 V        ; 0 s                 ; 0 s                 ; 2.62 V                       ; 4.11e-08 V                   ; 2.73 V              ; -0.0566 V           ; 0.191 V                              ; 0.12 V                               ; 2.69e-10 s                  ; 2.76e-10 s                  ; Yes                        ; Yes                        ; 2.62 V                      ; 4.11e-08 V                  ; 2.73 V             ; -0.0566 V          ; 0.191 V                             ; 0.12 V                              ; 2.69e-10 s                 ; 2.76e-10 s                 ; Yes                       ; Yes                       ;
; HEX0[1]       ; 2.5 V        ; 0 s                 ; 0 s                 ; 2.62 V                       ; 4.11e-08 V                   ; 2.73 V              ; -0.0566 V           ; 0.191 V                              ; 0.12 V                               ; 2.69e-10 s                  ; 2.76e-10 s                  ; Yes                        ; Yes                        ; 2.62 V                      ; 4.11e-08 V                  ; 2.73 V             ; -0.0566 V          ; 0.191 V                             ; 0.12 V                              ; 2.69e-10 s                 ; 2.76e-10 s                 ; Yes                       ; Yes                       ;
; HEX0[2]       ; 2.5 V        ; 0 s                 ; 0 s                 ; 2.62 V                       ; 4.11e-08 V                   ; 2.73 V              ; -0.0566 V           ; 0.191 V                              ; 0.12 V                               ; 2.69e-10 s                  ; 2.76e-10 s                  ; Yes                        ; Yes                        ; 2.62 V                      ; 4.11e-08 V                  ; 2.73 V             ; -0.0566 V          ; 0.191 V                             ; 0.12 V                              ; 2.69e-10 s                 ; 2.76e-10 s                 ; Yes                       ; Yes                       ;
; HEX0[3]       ; 2.5 V        ; 0 s                 ; 0 s                 ; 2.62 V                       ; 4.11e-08 V                   ; 2.73 V              ; -0.0566 V           ; 0.191 V                              ; 0.12 V                               ; 2.69e-10 s                  ; 2.76e-10 s                  ; Yes                        ; Yes                        ; 2.62 V                      ; 4.11e-08 V                  ; 2.73 V             ; -0.0566 V          ; 0.191 V                             ; 0.12 V                              ; 2.69e-10 s                 ; 2.76e-10 s                 ; Yes                       ; Yes                       ;
; HEX0[4]       ; 2.5 V        ; 0 s                 ; 0 s                 ; 2.62 V                       ; 4.11e-08 V                   ; 2.73 V              ; -0.0566 V           ; 0.191 V                              ; 0.12 V                               ; 2.69e-10 s                  ; 2.76e-10 s                  ; Yes                        ; Yes                        ; 2.62 V                      ; 4.11e-08 V                  ; 2.73 V             ; -0.0566 V          ; 0.191 V                             ; 0.12 V                              ; 2.69e-10 s                 ; 2.76e-10 s                 ; Yes                       ; Yes                       ;
; HEX0[5]       ; 2.5 V        ; 0 s                 ; 0 s                 ; 2.62 V                       ; 4.11e-08 V                   ; 2.73 V              ; -0.0566 V           ; 0.191 V                              ; 0.12 V                               ; 2.69e-10 s                  ; 2.76e-10 s                  ; Yes                        ; Yes                        ; 2.62 V                      ; 4.11e-08 V                  ; 2.73 V             ; -0.0566 V          ; 0.191 V                             ; 0.12 V                              ; 2.69e-10 s                 ; 2.76e-10 s                 ; Yes                       ; Yes                       ;
; HEX0[6]       ; 2.5 V        ; 0 s                 ; 0 s                 ; 2.62 V                       ; 4.11e-08 V                   ; 2.73 V              ; -0.0566 V           ; 0.191 V                              ; 0.12 V                               ; 2.69e-10 s                  ; 2.76e-10 s                  ; Yes                        ; Yes                        ; 2.62 V                      ; 4.11e-08 V                  ; 2.73 V             ; -0.0566 V          ; 0.191 V                             ; 0.12 V                              ; 2.69e-10 s                 ; 2.76e-10 s                 ; Yes                       ; Yes                       ;
; HEX1[0]       ; 2.5 V        ; 0 s                 ; 0 s                 ; 2.62 V                       ; 4.11e-08 V                   ; 2.73 V              ; -0.0566 V           ; 0.191 V                              ; 0.12 V                               ; 2.69e-10 s                  ; 2.76e-10 s                  ; Yes                        ; Yes                        ; 2.62 V                      ; 4.11e-08 V                  ; 2.73 V             ; -0.0566 V          ; 0.191 V                             ; 0.12 V                              ; 2.69e-10 s                 ; 2.76e-10 s                 ; Yes                       ; Yes                       ;
; HEX1[1]       ; 2.5 V        ; 0 s                 ; 0 s                 ; 2.62 V                       ; 4.11e-08 V                   ; 2.73 V              ; -0.0566 V           ; 0.191 V                              ; 0.12 V                               ; 2.69e-10 s                  ; 2.76e-10 s                  ; Yes                        ; Yes                        ; 2.62 V                      ; 4.11e-08 V                  ; 2.73 V             ; -0.0566 V          ; 0.191 V                             ; 0.12 V                              ; 2.69e-10 s                 ; 2.76e-10 s                 ; Yes                       ; Yes                       ;
; HEX1[2]       ; 2.5 V        ; 0 s                 ; 0 s                 ; 2.62 V                       ; 4.11e-08 V                   ; 2.73 V              ; -0.0566 V           ; 0.191 V                              ; 0.12 V                               ; 2.69e-10 s                  ; 2.76e-10 s                  ; Yes                        ; Yes                        ; 2.62 V                      ; 4.11e-08 V                  ; 2.73 V             ; -0.0566 V          ; 0.191 V                             ; 0.12 V                              ; 2.69e-10 s                 ; 2.76e-10 s                 ; Yes                       ; Yes                       ;
; HEX1[3]       ; 2.5 V        ; 0 s                 ; 0 s                 ; 2.62 V                       ; 4.11e-08 V                   ; 2.73 V              ; -0.0566 V           ; 0.191 V                              ; 0.12 V                               ; 2.69e-10 s                  ; 2.76e-10 s                  ; Yes                        ; Yes                        ; 2.62 V                      ; 4.11e-08 V                  ; 2.73 V             ; -0.0566 V          ; 0.191 V                             ; 0.12 V                              ; 2.69e-10 s                 ; 2.76e-10 s                 ; Yes                       ; Yes                       ;
; HEX1[4]       ; 2.5 V        ; 0 s                 ; 0 s                 ; 2.62 V                       ; 4.11e-08 V                   ; 2.73 V              ; -0.0566 V           ; 0.191 V                              ; 0.12 V                               ; 2.69e-10 s                  ; 2.76e-10 s                  ; Yes                        ; Yes                        ; 2.62 V                      ; 4.11e-08 V                  ; 2.73 V             ; -0.0566 V          ; 0.191 V                             ; 0.12 V                              ; 2.69e-10 s                 ; 2.76e-10 s                 ; Yes                       ; Yes                       ;
; HEX1[5]       ; 2.5 V        ; 0 s                 ; 0 s                 ; 2.62 V                       ; 4.11e-08 V                   ; 2.73 V              ; -0.0566 V           ; 0.191 V                              ; 0.12 V                               ; 2.69e-10 s                  ; 2.76e-10 s                  ; Yes                        ; Yes                        ; 2.62 V                      ; 4.11e-08 V                  ; 2.73 V             ; -0.0566 V          ; 0.191 V                             ; 0.12 V                              ; 2.69e-10 s                 ; 2.76e-10 s                 ; Yes                       ; Yes                       ;
; HEX1[6]       ; 2.5 V        ; 0 s                 ; 0 s                 ; 2.62 V                       ; 4.11e-08 V                   ; 2.73 V              ; -0.0566 V           ; 0.191 V                              ; 0.12 V                               ; 2.69e-10 s                  ; 2.76e-10 s                  ; Yes                        ; Yes                        ; 2.62 V                      ; 4.11e-08 V                  ; 2.73 V             ; -0.0566 V          ; 0.191 V                             ; 0.12 V                              ; 2.69e-10 s                 ; 2.76e-10 s                 ; Yes                       ; Yes                       ;
; HEX2[0]       ; 2.5 V        ; 0 s                 ; 0 s                 ; 2.62 V                       ; 4.11e-08 V                   ; 2.73 V              ; -0.0566 V           ; 0.191 V                              ; 0.12 V                               ; 2.69e-10 s                  ; 2.76e-10 s                  ; Yes                        ; Yes                        ; 2.62 V                      ; 4.11e-08 V                  ; 2.73 V             ; -0.0566 V          ; 0.191 V                             ; 0.12 V                              ; 2.69e-10 s                 ; 2.76e-10 s                 ; Yes                       ; Yes                       ;
; HEX2[1]       ; 2.5 V        ; 0 s                 ; 0 s                 ; 2.62 V                       ; 4.11e-08 V                   ; 2.73 V              ; -0.0566 V           ; 0.191 V                              ; 0.12 V                               ; 2.69e-10 s                  ; 2.76e-10 s                  ; Yes                        ; Yes                        ; 2.62 V                      ; 4.11e-08 V                  ; 2.73 V             ; -0.0566 V          ; 0.191 V                             ; 0.12 V                              ; 2.69e-10 s                 ; 2.76e-10 s                 ; Yes                       ; Yes                       ;
; HEX2[2]       ; 2.5 V        ; 0 s                 ; 0 s                 ; 2.62 V                       ; 4.11e-08 V                   ; 2.73 V              ; -0.0566 V           ; 0.191 V                              ; 0.12 V                               ; 2.69e-10 s                  ; 2.76e-10 s                  ; Yes                        ; Yes                        ; 2.62 V                      ; 4.11e-08 V                  ; 2.73 V             ; -0.0566 V          ; 0.191 V                             ; 0.12 V                              ; 2.69e-10 s                 ; 2.76e-10 s                 ; Yes                       ; Yes                       ;
; HEX2[3]       ; 2.5 V        ; 0 s                 ; 0 s                 ; 2.62 V                       ; 4.11e-08 V                   ; 2.73 V              ; -0.0566 V           ; 0.191 V                              ; 0.12 V                               ; 2.69e-10 s                  ; 2.76e-10 s                  ; Yes                        ; Yes                        ; 2.62 V                      ; 4.11e-08 V                  ; 2.73 V             ; -0.0566 V          ; 0.191 V                             ; 0.12 V                              ; 2.69e-10 s                 ; 2.76e-10 s                 ; Yes                       ; Yes                       ;
; HEX2[4]       ; 2.5 V        ; 0 s                 ; 0 s                 ; 2.62 V                       ; 4.11e-08 V                   ; 2.73 V              ; -0.0566 V           ; 0.191 V                              ; 0.12 V                               ; 2.69e-10 s                  ; 2.76e-10 s                  ; Yes                        ; Yes                        ; 2.62 V                      ; 4.11e-08 V                  ; 2.73 V             ; -0.0566 V          ; 0.191 V                             ; 0.12 V                              ; 2.69e-10 s                 ; 2.76e-10 s                 ; Yes                       ; Yes                       ;
; HEX2[5]       ; 2.5 V        ; 0 s                 ; 0 s                 ; 2.62 V                       ; 4.11e-08 V                   ; 2.73 V              ; -0.0566 V           ; 0.191 V                              ; 0.12 V                               ; 2.69e-10 s                  ; 2.76e-10 s                  ; Yes                        ; Yes                        ; 2.62 V                      ; 4.11e-08 V                  ; 2.73 V             ; -0.0566 V          ; 0.191 V                             ; 0.12 V                              ; 2.69e-10 s                 ; 2.76e-10 s                 ; Yes                       ; Yes                       ;
; HEX2[6]       ; 2.5 V        ; 0 s                 ; 0 s                 ; 2.62 V                       ; 4.11e-08 V                   ; 2.73 V              ; -0.0566 V           ; 0.191 V                              ; 0.12 V                               ; 2.69e-10 s                  ; 2.76e-10 s                  ; Yes                        ; Yes                        ; 2.62 V                      ; 4.11e-08 V                  ; 2.73 V             ; -0.0566 V          ; 0.191 V                             ; 0.12 V                              ; 2.69e-10 s                 ; 2.76e-10 s                 ; Yes                       ; Yes                       ;
; HEX3[0]       ; 2.5 V        ; 0 s                 ; 0 s                 ; 2.62 V                       ; 4.11e-08 V                   ; 2.73 V              ; -0.0566 V           ; 0.191 V                              ; 0.12 V                               ; 2.69e-10 s                  ; 2.76e-10 s                  ; Yes                        ; Yes                        ; 2.62 V                      ; 4.11e-08 V                  ; 2.73 V             ; -0.0566 V          ; 0.191 V                             ; 0.12 V                              ; 2.69e-10 s                 ; 2.76e-10 s                 ; Yes                       ; Yes                       ;
; HEX3[1]       ; 2.5 V        ; 0 s                 ; 0 s                 ; 2.62 V                       ; 4.11e-08 V                   ; 2.73 V              ; -0.0566 V           ; 0.191 V                              ; 0.12 V                               ; 2.69e-10 s                  ; 2.76e-10 s                  ; Yes                        ; Yes                        ; 2.62 V                      ; 4.11e-08 V                  ; 2.73 V             ; -0.0566 V          ; 0.191 V                             ; 0.12 V                              ; 2.69e-10 s                 ; 2.76e-10 s                 ; Yes                       ; Yes                       ;
; HEX3[2]       ; 2.5 V        ; 0 s                 ; 0 s                 ; 2.62 V                       ; 4.11e-08 V                   ; 2.73 V              ; -0.0566 V           ; 0.191 V                              ; 0.12 V                               ; 2.69e-10 s                  ; 2.76e-10 s                  ; Yes                        ; Yes                        ; 2.62 V                      ; 4.11e-08 V                  ; 2.73 V             ; -0.0566 V          ; 0.191 V                             ; 0.12 V                              ; 2.69e-10 s                 ; 2.76e-10 s                 ; Yes                       ; Yes                       ;
; HEX3[3]       ; 2.5 V        ; 0 s                 ; 0 s                 ; 2.62 V                       ; 4.11e-08 V                   ; 2.73 V              ; -0.0566 V           ; 0.191 V                              ; 0.12 V                               ; 2.69e-10 s                  ; 2.76e-10 s                  ; Yes                        ; Yes                        ; 2.62 V                      ; 4.11e-08 V                  ; 2.73 V             ; -0.0566 V          ; 0.191 V                             ; 0.12 V                              ; 2.69e-10 s                 ; 2.76e-10 s                 ; Yes                       ; Yes                       ;
; HEX3[4]       ; 2.5 V        ; 0 s                 ; 0 s                 ; 2.62 V                       ; 4.11e-08 V                   ; 2.73 V              ; -0.0566 V           ; 0.191 V                              ; 0.12 V                               ; 2.69e-10 s                  ; 2.76e-10 s                  ; Yes                        ; Yes                        ; 2.62 V                      ; 4.11e-08 V                  ; 2.73 V             ; -0.0566 V          ; 0.191 V                             ; 0.12 V                              ; 2.69e-10 s                 ; 2.76e-10 s                 ; Yes                       ; Yes                       ;
; HEX3[5]       ; 2.5 V        ; 0 s                 ; 0 s                 ; 2.62 V                       ; 4.11e-08 V                   ; 2.73 V              ; -0.0566 V           ; 0.191 V                              ; 0.12 V                               ; 2.69e-10 s                  ; 2.76e-10 s                  ; Yes                        ; Yes                        ; 2.62 V                      ; 4.11e-08 V                  ; 2.73 V             ; -0.0566 V          ; 0.191 V                             ; 0.12 V                              ; 2.69e-10 s                 ; 2.76e-10 s                 ; Yes                       ; Yes                       ;
; HEX3[6]       ; 2.5 V        ; 0 s                 ; 0 s                 ; 2.62 V                       ; 4.11e-08 V                   ; 2.73 V              ; -0.0566 V           ; 0.191 V                              ; 0.12 V                               ; 2.69e-10 s                  ; 2.76e-10 s                  ; Yes                        ; Yes                        ; 2.62 V                      ; 4.11e-08 V                  ; 2.73 V             ; -0.0566 V          ; 0.191 V                             ; 0.12 V                              ; 2.69e-10 s                 ; 2.76e-10 s                 ; Yes                       ; Yes                       ;
; ~ALTERA_DCLK~ ; 2.5 V        ; 0 s                 ; 0 s                 ; 2.62 V                       ; 2.22e-08 V                   ; 2.72 V              ; -0.0747 V           ; 0.28 V                               ; 0.169 V                              ; 3.1e-10 s                   ; 3.01e-10 s                  ; No                         ; Yes                        ; 2.62 V                      ; 2.22e-08 V                  ; 2.72 V             ; -0.0747 V          ; 0.28 V                              ; 0.169 V                             ; 3.1e-10 s                  ; 3.01e-10 s                 ; No                        ; Yes                       ;
; ~ALTERA_nCEO~ ; 2.5 V        ; 0 s                 ; 0 s                 ; 2.62 V                       ; 3.53e-08 V                   ; 2.7 V               ; -0.0212 V           ; 0.204 V                              ; 0.049 V                              ; 4.85e-10 s                  ; 6.73e-10 s                  ; No                         ; Yes                        ; 2.62 V                      ; 3.53e-08 V                  ; 2.7 V              ; -0.0212 V          ; 0.204 V                             ; 0.049 V                             ; 4.85e-10 s                 ; 6.73e-10 s                 ; No                        ; Yes                       ;
+---------------+--------------+---------------------+---------------------+------------------------------+------------------------------+---------------------+---------------------+--------------------------------------+--------------------------------------+-----------------------------+-----------------------------+----------------------------+----------------------------+-----------------------------+-----------------------------+--------------------+--------------------+-------------------------------------+-------------------------------------+----------------------------+----------------------------+---------------------------+---------------------------+


+-------------------------------------------------------------------------------------------------------------------------------------------+
; Setup Transfers                                                                                                                           ;
+-----------------------------------------------+-----------------------------------------------+----------+----------+----------+----------+
; From Clock                                    ; To Clock                                      ; RR Paths ; FR Paths ; RF Paths ; FF Paths ;
+-----------------------------------------------+-----------------------------------------------+----------+----------+----------+----------+
; divisor_frecuencia:INST_DIVISOR|reloj_interno ; divisor_frecuencia:INST_DIVISOR|reloj_interno ; 0        ; 0        ; 0        ; 225      ;
; reloj_50mhz                                   ; divisor_frecuencia:INST_DIVISOR|reloj_interno ; 0        ; 0        ; 12       ; 0        ;
; divisor_frecuencia:INST_DIVISOR|reloj_interno ; reloj_50mhz                                   ; 1        ; 1        ; 0        ; 0        ;
; reloj_50mhz                                   ; reloj_50mhz                                   ; 2481     ; 0        ; 0        ; 0        ;
+-----------------------------------------------+-----------------------------------------------+----------+----------+----------+----------+
Entries labeled "false path" only account for clock-to-clock false paths and not path-based false paths. As a result, actual path counts may be lower than reported.


+-------------------------------------------------------------------------------------------------------------------------------------------+
; Hold Transfers                                                                                                                            ;
+-----------------------------------------------+-----------------------------------------------+----------+----------+----------+----------+
; From Clock                                    ; To Clock                                      ; RR Paths ; FR Paths ; RF Paths ; FF Paths ;
+-----------------------------------------------+-----------------------------------------------+----------+----------+----------+----------+
; divisor_frecuencia:INST_DIVISOR|reloj_interno ; divisor_frecuencia:INST_DIVISOR|reloj_interno ; 0        ; 0        ; 0        ; 225      ;
; reloj_50mhz                                   ; divisor_frecuencia:INST_DIVISOR|reloj_interno ; 0        ; 0        ; 12       ; 0        ;
; divisor_frecuencia:INST_DIVISOR|reloj_interno ; reloj_50mhz                                   ; 1        ; 1        ; 0        ; 0        ;
; reloj_50mhz                                   ; reloj_50mhz                                   ; 2481     ; 0        ; 0        ; 0        ;
+-----------------------------------------------+-----------------------------------------------+----------+----------+----------+----------+
Entries labeled "false path" only account for clock-to-clock false paths and not path-based false paths. As a result, actual path counts may be lower than reported.


+---------------------------------------------------------------------------------------------------------+
; Recovery Transfers                                                                                      ;
+-------------+-----------------------------------------------+----------+----------+----------+----------+
; From Clock  ; To Clock                                      ; RR Paths ; FR Paths ; RF Paths ; FF Paths ;
+-------------+-----------------------------------------------+----------+----------+----------+----------+
; reloj_50mhz ; divisor_frecuencia:INST_DIVISOR|reloj_interno ; 0        ; 0        ; 12       ; 0        ;
; reloj_50mhz ; reloj_50mhz                                   ; 27       ; 0        ; 0        ; 0        ;
+-------------+-----------------------------------------------+----------+----------+----------+----------+
Entries labeled "false path" only account for clock-to-clock false paths and not path-based false paths. As a result, actual path counts may be lower than reported.


+---------------------------------------------------------------------------------------------------------+
; Removal Transfers                                                                                       ;
+-------------+-----------------------------------------------+----------+----------+----------+----------+
; From Clock  ; To Clock                                      ; RR Paths ; FR Paths ; RF Paths ; FF Paths ;
+-------------+-----------------------------------------------+----------+----------+----------+----------+
; reloj_50mhz ; divisor_frecuencia:INST_DIVISOR|reloj_interno ; 0        ; 0        ; 12       ; 0        ;
; reloj_50mhz ; reloj_50mhz                                   ; 27       ; 0        ; 0        ; 0        ;
+-------------+-----------------------------------------------+----------+----------+----------+----------+
Entries labeled "false path" only account for clock-to-clock false paths and not path-based false paths. As a result, actual path counts may be lower than reported.


---------------
; Report TCCS ;
---------------
No dedicated SERDES Transmitter circuitry present in device or used in design


---------------
; Report RSKM ;
---------------
No non-DPA dedicated SERDES Receiver circuitry present in device or used in design


+------------------------------------------------+
; Unconstrained Paths                            ;
+---------------------------------+-------+------+
; Property                        ; Setup ; Hold ;
+---------------------------------+-------+------+
; Illegal Clocks                  ; 0     ; 0    ;
; Unconstrained Clocks            ; 0     ; 0    ;
; Unconstrained Input Ports       ; 1     ; 1    ;
; Unconstrained Input Port Paths  ; 21    ; 21   ;
; Unconstrained Output Ports      ; 21    ; 21   ;
; Unconstrained Output Port Paths ; 84    ; 84   ;
+---------------------------------+-------+------+


+------------------------------------+
; TimeQuest Timing Analyzer Messages ;
+------------------------------------+
Info: *******************************************************************
Info: Running Quartus II 64-Bit TimeQuest Timing Analyzer
    Info: Version 13.1.0 Build 162 10/23/2013 SJ Web Edition
    Info: Processing started: Wed Sep 23 06:30:35 2026
Info: Command: quartus_sta temporizador -c temporizador
Info: qsta_default_script.tcl version: #1
Warning (20028): Parallel compilation is not licensed and has been disabled
Info (21077): Core supply voltage is 1.2V
Info (21077): Low junction temperature is 0 degrees C
Info (21077): High junction temperature is 85 degrees C
Critical Warning (332012): Synopsys Design Constraints File file not found: 'temporizador.sdc'. A Synopsys Design Constraints File is required by the TimeQuest Timing Analyzer to get proper timing constraints. Without it, the Compiler will not properly optimize the design.
Info (332142): No user constrained base clocks found in the design. Calling "derive_clocks -period 1.0"
Info (332105): Deriving Clocks
    Info (332105): create_clock -period 1.000 -name reloj_50mhz reloj_50mhz
    Info (332105): create_clock -period 1.000 -name divisor_frecuencia:INST_DIVISOR|reloj_interno divisor_frecuencia:INST_DIVISOR|reloj_interno
Info (332143): No user constrained clock uncertainty found in the design. Calling "derive_clock_uncertainty"
Info (332123): Deriving Clock Uncertainty. Please refer to report_sdc in TimeQuest to see clock uncertainties.
Info: Found TIMEQUEST_REPORT_SCRIPT_INCLUDE_DEFAULT_ANALYSIS = ON
Info: Analyzing Slow 1200mV 85C Model
Critical Warning (332148): Timing requirements not met
    Info (11105): For recommendations on closing timing, run Report Timing Closure Recommendations in the TimeQuest Timing Analyzer.
Info (332146): Worst-case setup slack is -2.861
    Info (332119):     Slack       End Point TNS Clock 
    Info (332119): ========= =================== =====================
    Info (332119):    -2.861            -162.424 reloj_50mhz 
    Info (332119):    -1.460             -14.302 divisor_frecuencia:INST_DIVISOR|reloj_interno 
Info (332146): Worst-case hold slack is -0.064
    Info (332119):     Slack       End Point TNS Clock 
    Info (332119): ========= =================== =====================
    Info (332119):    -0.064              -0.064 reloj_50mhz 
    Info (332119):     0.358               0.000 divisor_frecuencia:INST_DIVISOR|reloj_interno 
Info (332146): Worst-case recovery slack is -0.657
    Info (332119):     Slack       End Point TNS Clock 
    Info (332119): ========= =================== =====================
    Info (332119):    -0.657              -7.736 divisor_frecuencia:INST_DIVISOR|reloj_interno 
    Info (332119):    -0.618             -12.514 reloj_50mhz 
Info (332146): Worst-case removal slack is 0.848
    Info (332119):     Slack       End Point TNS Clock 
    Info (332119): ========= =================== =====================
    Info (332119):     0.848               0.000 reloj_50mhz 
    Info (332119):     1.057               0.000 divisor_frecuencia:INST_DIVISOR|reloj_interno 
Info (332146): Worst-case minimum pulse width slack is -3.000
    Info (332119):     Slack       End Point TNS Clock 
    Info (332119): ========= =================== =====================
    Info (332119):    -3.000             -82.000 reloj_50mhz 
    Info (332119):    -1.000             -12.000 divisor_frecuencia:INST_DIVISOR|reloj_interno 
Info: Analyzing Slow 1200mV 0C Model
Info (334003): Started post-fitting delay annotation
Info (334004): Delay annotation completed successfully
Info (332123): Deriving Clock Uncertainty. Please refer to report_sdc in TimeQuest to see clock uncertainties.
Critical Warning (332148): Timing requirements not met
    Info (11105): For recommendations on closing timing, run Report Timing Closure Recommendations in the TimeQuest Timing Analyzer.
Info (332146): Worst-case setup slack is -2.451
    Info (332119):     Slack       End Point TNS Clock 
    Info (332119): ========= =================== =====================
    Info (332119):    -2.451            -139.349 reloj_50mhz 
    Info (332119):    -1.216             -11.654 divisor_frecuencia:INST_DIVISOR|reloj_interno 
Info (332146): Worst-case hold slack is -0.057
    Info (332119):     Slack       End Point TNS Clock 
    Info (332119): ========= =================== =====================
    Info (332119):    -0.057              -0.057 reloj_50mhz 
    Info (332119):     0.313               0.000 divisor_frecuencia:INST_DIVISOR|reloj_interno 
Info (332146): Worst-case recovery slack is -0.607
    Info (332119):     Slack       End Point TNS Clock 
    Info (332119): ========= =================== =====================
    Info (332119):    -0.607              -7.152 divisor_frecuencia:INST_DIVISOR|reloj_interno 
    Info (332119):    -0.445              -8.282 reloj_50mhz 
Info (332146): Worst-case removal slack is 0.770
    Info (332119):     Slack       End Point TNS Clock 
    Info (332119): ========= =================== =====================
    Info (332119):     0.770               0.000 reloj_50mhz 
    Info (332119):     1.070               0.000 divisor_frecuencia:INST_DIVISOR|reloj_interno 
Info (332146): Worst-case minimum pulse width slack is -3.000
    Info (332119):     Slack       End Point TNS Clock 
    Info (332119): ========= =================== =====================
    Info (332119):    -3.000             -82.000 reloj_50mhz 
    Info (332119):    -1.000             -12.000 divisor_frecuencia:INST_DIVISOR|reloj_interno 
Info: Analyzing Fast 1200mV 0C Model
Info (332123): Deriving Clock Uncertainty. Please refer to report_sdc in TimeQuest to see clock uncertainties.
Critical Warning (332148): Timing requirements not met
    Info (11105): For recommendations on closing timing, run Report Timing Closure Recommendations in the TimeQuest Timing Analyzer.
Info (332146): Worst-case setup slack is -1.191
    Info (332119):     Slack       End Point TNS Clock 
    Info (332119): ========= =================== =====================
    Info (332119):    -1.191             -55.348 reloj_50mhz 
    Info (332119):    -0.364              -2.894 divisor_frecuencia:INST_DIVISOR|reloj_interno 
Info (332146): Worst-case hold slack is -0.099
    Info (332119):     Slack       End Point TNS Clock 
    Info (332119): ========= =================== =====================
    Info (332119):    -0.099              -0.099 reloj_50mhz 
    Info (332119):     0.185               0.000 divisor_frecuencia:INST_DIVISOR|reloj_interno 
Info (332146): Worst-case recovery slack is -0.101
    Info (332119):     Slack       End Point TNS Clock 
    Info (332119): ========= =================== =====================
    Info (332119):    -0.101              -1.116 divisor_frecuencia:INST_DIVISOR|reloj_interno 
    Info (332119):     0.074               0.000 reloj_50mhz 
Info (332146): Worst-case removal slack is 0.463
    Info (332119):     Slack       End Point TNS Clock 
    Info (332119): ========= =================== =====================
    Info (332119):     0.463               0.000 reloj_50mhz 
    Info (332119):     0.680               0.000 divisor_frecuencia:INST_DIVISOR|reloj_interno 
Info (332146): Worst-case minimum pulse width slack is -3.000
    Info (332119):     Slack       End Point TNS Clock 
    Info (332119): ========= =================== =====================
    Info (332119):    -3.000             -87.203 reloj_50mhz 
    Info (332119):    -1.000             -12.000 divisor_frecuencia:INST_DIVISOR|reloj_interno 
Info (332102): Design is not fully constrained for setup requirements
Info (332102): Design is not fully constrained for hold requirements
Info: Quartus II 64-Bit TimeQuest Timing Analyzer was successful. 0 errors, 5 warnings
    Info: Peak virtual memory: 4618 megabytes
    Info: Processing ended: Wed Sep 23 06:30:38 2026
    Info: Elapsed time: 00:00:03
    Info: Total CPU time (on all processors): 00:00:02


